video,track_id,frame_ts_ms,x_min_orig,y_min_orig,x_max_orig,y_max_orig,ocr_angle,ocr_text,ocr_items_json,barcode_raw,qr_raw,crop_path,hires_crop,bottom_extra_text
26_12-20.mp4,0,1051,941,1182,1170,1343,0,,[],,,ml/output/tracks/best_frames/26_12-20/track_0000_r0.jpg,ml/output/tracks/best_frames_hires/26_12-20/track_0000_r0.jpg,
26_12-20.mp4,0,1201,909,1227,1187,1407,0,13 ,"[[""13 "", 0.1594221449440714, 52.0]]",,,ml/output/tracks/best_frames/26_12-20/track_0000_r1.jpg,ml/output/tracks/best_frames_hires/26_12-20/track_0000_r1.jpg,
26_12-20.mp4,6,1802,2544,0,2888,86,0,,[],,,ml/output/tracks/best_frames/26_12-20/track_0006_r2.jpg,ml/output/tracks/best_frames_hires/26_12-20/track_0006_r2.jpg,
26_12-20.mp4,6,1952,2554,0,2890,161,0,,[],,,ml/output/tracks/best_frames/26_12-20/track_0006_r1.jpg,ml/output/tracks/best_frames_hires/26_12-20/track_0006_r1.jpg,
26_12-20.mp4,6,2102,2569,13,2896,235,0,,[],,,ml/output/tracks/best_frames/26_12-20/track_0006_r0.jpg,ml/output/tracks/best_frames_hires/26_12-20/track_0006_r0.jpg,
26_12-20.mp4,19,2553,702,21,896,258,270,"4399
4399","[[""4399"", 0.8854076266288757, 53.81741091138241], [""4399"", 0.9485595226287842, 44.5]]",,,ml/output/tracks/best_frames/26_12-20/track_0019_r0.jpg,ml/output/tracks/best_frames_hires/26_12-20/track_0019_r0.jpg,8
26_12-20.mp4,19,2703,714,0,904,197,0,,[],,,ml/output/tracks/best_frames/26_12-20/track_0019_r1.jpg,ml/output/tracks/best_frames_hires/26_12-20/track_0019_r1.jpg,
26_12-20.mp4,20,3003,2071,318,2304,624,270,"ва
FATE
==
=ез
=
а1=","[[""ва"", 0.3021630249395723, 14.0], [""FATE"", 0.46343580150861685, 16.0], [""=="", 0.25647878422589065, 16.0], [""=ез"", 0.08489115766170573, 20.0], [""="", 0.9557256085035739, 20.0], [""а1="", 0.3964168144349163, 18.0]]",,,ml/output/tracks/best_frames/26_12-20/track_0020_r0.jpg,ml/output/tracks/best_frames_hires/26_12-20/track_0020_r0.jpg,13  5
26_12-20.mp4,25,3153,2094,4,2335,280,180,"Ili
p
8
#
6
'li
1
;","[[""Ili"", 0.5575904368456792, 54.0], [""p"", 0.23609028054353587, 28.0], [""8"", 0.977397284606699, 134.0], [""#"", 0.6988070496291243, 108.0], [""6"", 0.7390770600907217, 28.0], [""'li"", 0.44908960697939376, 78.0], [""1"", 0.2913733454712464, 42.0], ["";"", 0.9970821000985133, 44.0]]",,,ml/output/tracks/best_frames/26_12-20/track_0025_r1.jpg,ml/output/tracks/best_frames_hires/26_12-20/track_0025_r1.jpg,8 7 8 4
26_12-20.mp4,20,3303,2068,439,2304,720,90,"[22
аtа
€а
7
5
7: :
26:
25
61","[[""[22"", 0.769644848634741, 28.0], [""аtа"", 0.21426227633640677, 21.496629104486146], [""€а"", 0.8420043081165188, 17.695996608010205], [""7"", 0.7935922841538492, 10.0], [""5"", 0.5850295633192424, 10.0], [""7: :"", 0.39050230383872986, 20.5], [""26:"", 0.166112010111389, 20.890553728889824], [""25"", 0.13435911181619759, 16.313246282171107], [""61"", 0.8681152118994948, 16.82522573478451]]",,,ml/output/tracks/best_frames/26_12-20/track_0020_r1.jpg,ml/output/tracks/best_frames_hires/26_12-20/track_0020_r1.jpg,1 7
26_12-20.mp4,25,3303,2081,39,2339,357,0,"""
?
!
8
;l
'
'
#
""
'
3
0
:
8
138
4","[[""\"""", 0.3406463401918245, 90.0], [""?"", 0.25774146259040265, 30.0], [""!"", 0.1308947437961061, 102.0], [""8"", 0.964686683776165, 114.0], ["";l"", 0.36192273341080544, 28.0], [""'"", 0.19238515241151166, 78.0], [""'"", 0.25173965685189614, 30.0], [""#"", 0.6100666110583575, 22.0], [""\"""", 0.9940858566749036, 56.93064661499386], [""'"", 0.9993000063831268, 58.93547964039965], [""3"", 0.4474246757038145, 19.0], [""0"", 0.5612310481294038, 10.5], ["":"", 0.9456570666450013, 42.5], [""8"", 0.15100634031847449, 115.0], [""138"", 0.12883771075932804, 98.5], [""4"", 0.5818588055320539, 45.0]]",,,ml/output/tracks/best_frames/26_12-20/track_0025_r0.jpg,ml/output/tracks/best_frames_hires/26_12-20/track_0025_r0.jpg,6 8 7
26_12-20.mp4,20,3453,2074,488,2304,800,0,"5
8
8
#я
;
#IE
{
""
₽
Е
1
3
75
7
4
2
8
5
:
5","[[""5"", 0.6667880961876769, 37.0], [""8"", 0.995010773389712, 58.0], [""8"", 0.8851994320568934, 32.0], [""#я"", 0.05622561020301093, 50.0], ["";"", 0.20186515277242822, 36.0], [""#IE"", 0.6414213713165408, 56.0], [""{"", 0.8433053828071593, 76.96298958171178], [""\"""", 0.9930910506521219, 54.925254998708624], [""₽"", 0.12007163309333269, 37.92703581925991], [""Е"", 0.4505326938220975, 41.940285000290714], [""1"", 0.9976671250670144, 18.0], [""3"", 0.9433851444815708, 63.0], [""75"", 0.6211667337849017, 45.5], [""7"", 0.8949020912081416, 19.0], [""4"", 0.4062235611394307, 12.0], [""2"", 0.253880422361874, 51.484183778462864], [""8"", 0.26323463446766837, 31.95638034723305], [""5"", 0.9237162693511927, 42.47625041806248], ["":"", 0.2298246257197576, 51.98450242759378], [""5"", 0.9825278360864651, 41.47501622057575]]",,,ml/output/tracks/best_frames/26_12-20/track_0020_r2.jpg,ml/output/tracks/best_frames_hires/26_12-20/track_0020_r2.jpg,8 2 2 1 5 6 7 : 9
26_12-20.mp4,27,3604,2873,1350,3075,1642,270,"хстпт
Аиан
89
3","[[""хстпт"", 0.2127482271216494, 25.0], [""Аиан"", 0.28892388939857483, 16.0], [""89"", 0.9749605947717662, 64.0], [""3"", 0.9177133030129916, 39.5]]",,,ml/output/tracks/best_frames/26_12-20/track_0027_r1.jpg,ml/output/tracks/best_frames_hires/26_12-20/track_0027_r1.jpg,8
26_12-20.mp4,32,3754,705,0,893,264,180,"8
3","[[""8"", 0.983558371790437, 108.96107411703854], [""3"", 0.6040253612738979, 72.98045301021165]]",,,ml/output/tracks/best_frames/26_12-20/track_0032_r0.jpg,ml/output/tracks/best_frames_hires/26_12-20/track_0032_r0.jpg,10 0 1
26_12-20.mp4,27,3904,2858,1499,3054,1779,270,"Fосэn
Ашe
89
83","[[""Fосэn"", 0.16067009691621648, 21.0], [""Ашe"", 0.18930259545915432, 18.0], [""89"", 0.9999998314126101, 68.0], [""83"", 0.2473711603142327, 49.5]]",,,ml/output/tracks/best_frames/26_12-20/track_0027_r2.jpg,ml/output/tracks/best_frames_hires/26_12-20/track_0027_r2.jpg,8
26_12-20.mp4,32,3904,709,0,902,201,270,"119
оо
е
119","[[""119"", 0.9380987229248172, 38.0], [""оо"", 0.17756384966809055, 24.611442075295713], [""е"", 0.09880474263035044, 18.723868430315548], [""119"", 0.7025198936462402, 40.5]]",,,ml/output/tracks/best_frames/26_12-20/track_0032_r1.jpg,ml/output/tracks/best_frames_hires/26_12-20/track_0032_r1.jpg,491 2
26_12-20.mp4,27,4054,2838,1571,3041,1848,270,"я
89
83","[[""я"", 0.27726588197482727, 16.0], [""89"", 0.9999967125473989, 69.0], [""83"", 0.3531100370452894, 49.5]]",,,ml/output/tracks/best_frames/26_12-20/track_0027_r0.jpg,ml/output/tracks/best_frames_hires/26_12-20/track_0027_r0.jpg,8 1
26_12-20.mp4,38,4054,2093,27,2339,323,0,"""clliff""]","[[""\""clliff\""]"", 0.09627731279688038, 28.0]]",,,ml/output/tracks/best_frames/26_12-20/track_0038_r1.jpg,ml/output/tracks/best_frames_hires/26_12-20/track_0038_r1.jpg,
26_12-20.mp4,37,4054,2830,1675,3098,1967,270,"Fаэ
89
89","[[""Fаэ"", 0.11859585248792445, 18.0], [""89"", 0.9999981455391691, 69.0], [""89"", 0.999999915706304, 73.0]]",,,ml/output/tracks/best_frames/26_12-20/track_0037_r0.jpg,ml/output/tracks/best_frames_hires/26_12-20/track_0037_r0.jpg,
26_12-20.mp4,32,4054,698,9,892,174,270,zез:,"[[""zез:"", 0.21097895503044128, 26.66828022501295]]",,,ml/output/tracks/best_frames/26_12-20/track_0032_r2.jpg,ml/output/tracks/best_frames_hires/26_12-20/track_0032_r2.jpg,
26_12-20.mp4,40,4054,653,864,825,1016,270,"19
19","[[""19"", 0.4522870361349455, 32.0], [""19"", 0.8718824124695501, 30.0]]",,,ml/output/tracks/best_frames/26_12-20/track_0040_r1.jpg,ml/output/tracks/best_frames_hires/26_12-20/track_0040_r1.jpg,
26_12-20.mp4,40,4204,644,870,822,972,0,"6
[П4
1","[[""6"", 0.8140682773854593, 76.0], [""[П4"", 0.25622327315003696, 26.0], [""1"", 0.8301509457379588, 17.5]]",,,ml/output/tracks/best_frames/26_12-20/track_0040_r0.jpg,ml/output/tracks/best_frames_hires/26_12-20/track_0040_r0.jpg,
26_12-20.mp4,38,4204,2090,7,2304,315,270,"=
31
151","[[""="", 0.05171133826273455, 20.0], [""31"", 0.9998910942804529, 52.0], [""151"", 0.34595248103141785, 35.0]]",,,ml/output/tracks/best_frames/26_12-20/track_0038_r0.jpg,ml/output/tracks/best_frames_hires/26_12-20/track_0038_r0.jpg,
26_12-20.mp4,37,4204,2826,1647,3045,1934,90,68,"[[""68"", 0.9999850800482271, 74.0]]",,,ml/output/tracks/best_frames/26_12-20/track_0037_r1.jpg,ml/output/tracks/best_frames_hires/26_12-20/track_0037_r1.jpg,8
26_12-20.mp4,41,4204,2816,1759,3064,2012,270,"89
89","[[""89"", 0.9999989884757856, 64.0], [""89"", 0.999930624202883, 77.45222917804188]]",,,ml/output/tracks/best_frames/26_12-20/track_0041_r0.jpg,ml/output/tracks/best_frames_hires/26_12-20/track_0041_r0.jpg,
26_12-20.mp4,40,4354,634,865,836,941,0,"6
6","[[""6"", 0.9984066877565034, 76.0], [""6"", 0.6780650419536052, 54.0]]",,,ml/output/tracks/best_frames/26_12-20/track_0040_r2.jpg,ml/output/tracks/best_frames_hires/26_12-20/track_0040_r2.jpg,0
26_12-20.mp4,41,4354,2806,1722,3011,2006,270,"nal
89
89","[[""nal"", 0.014209556183144885, 14.0], [""89"", 0.9999993256504904, 64.0], [""89"", 0.9998548493393633, 74.95320529725237]]",,,ml/output/tracks/best_frames/26_12-20/track_0041_r1.jpg,ml/output/tracks/best_frames_hires/26_12-20/track_0041_r1.jpg,8
26_12-20.mp4,46,4354,2790,1816,3067,2086,270,"Ratз
5
89
89","[[""Ratз"", 0.003220133949071169, 18.0], [""5"", 0.9505740226188983, 16.0], [""89"", 0.9999976397772992, 69.0], [""89"", 0.9999978926582248, 79.45513270638463]]",,,ml/output/tracks/best_frames/26_12-20/track_0046_r0.jpg,ml/output/tracks/best_frames_hires/26_12-20/track_0046_r0.jpg,
26_12-20.mp4,10,4504,2061,656,2305,924,0,"1
;
""","[[""1"", 0.9511259434767716, 81.0], ["";"", 0.639051083655179, 54.0], [""\"""", 0.28883156901480334, 72.95864239600144]]",,,ml/output/tracks/best_frames/26_12-20/track_0010_r2.jpg,ml/output/tracks/best_frames_hires/26_12-20/track_0010_r2.jpg,7
26_12-20.mp4,46,4504,2779,1792,3033,2091,270,"<=
89
89","[[""<="", 0.8948917775143704, 38.0], [""89"", 0.9999870187953367, 66.0], [""89"", 0.9999975554836615, 77.45222917804188]]",,,ml/output/tracks/best_frames/26_12-20/track_0046_r1.jpg,ml/output/tracks/best_frames_hires/26_12-20/track_0046_r1.jpg,8
26_12-20.mp4,46,4655,2760,1862,2995,2156,90,68,"[[""68"", 0.9999978083645809, 66.0]]",,,ml/output/tracks/best_frames/26_12-20/track_0046_r2.jpg,ml/output/tracks/best_frames_hires/26_12-20/track_0046_r2.jpg,8
26_12-20.mp4,10,4655,2056,720,2307,995,180,"'4
i4л1
8
[
6'
4
6
3
m
@
6","[[""'4"", 0.2613596772378354, 54.0], [""i4л1"", 0.09107755869626999, 104.0], [""8"", 0.6663465248468725, 124.0], [""["", 0.7236708517050374, 38.0], [""6'"", 0.7834522103707978, 32.0], [""4"", 0.6942846800726876, 24.0], [""6"", 0.43892894804020344, 43.0], [""3"", 0.5658861841035936, 57.93312801993784], [""m"", 0.18939440180085754, 59.937710302033906], [""@"", 0.2728294861073586, 50.912423715939326], [""6"", 0.7712340788671668, 62.0]]",,,ml/output/tracks/best_frames/26_12-20/track_0010_r0.jpg,ml/output/tracks/best_frames_hires/26_12-20/track_0010_r0.jpg,.
26_12-20.mp4,10,4805,2054,792,2302,1072,270,"=тзCi
==€: ==s
"" =
~x
5
5: =
Cre
шi
z.1
899
2
1899 :","[[""=тзCi"", 0.0992949238528264, 20.0], [""==€: ==s"", 0.09830599356500502, 33.0], [""\"" ="", 0.1580486281196028, 14.0], [""~x"", 0.32506664571845084, 14.0], [""5"", 0.9747112281331738, 12.0], [""5: ="", 0.42544402648120583, 21.0], [""Cre"", 0.45563548156704764, 24.0], [""шi"", 0.4814371397649565, 16.0], [""z.1"", 0.6474926605180688, 48.0], [""899"", 0.9984788359011332, 55.0], [""2"", 0.43885360607419344, 21.0], [""1899 :"", 0.9114596360505328, 51.5]]",,,ml/output/tracks/best_frames/26_12-20/track_0010_r1.jpg,ml/output/tracks/best_frames_hires/26_12-20/track_0010_r1.jpg,1
26_12-20.mp4,57,4955,703,0,895,296,180,"g
8
8
8
'
5","[[""g"", 0.3068697945667651, 37.0], [""8"", 0.5176705654606764, 54.925254998708624], [""8"", 0.9629533092733631, 111.96327223280227], [""8"", 0.6116328027250262, 78.96491160273055], [""'"", 0.8922256686587957, 60.97187711526894], [""5"", 0.6051420115456416, 14.0]]",,,ml/output/tracks/best_frames/26_12-20/track_0057_r0.jpg,ml/output/tracks/best_frames_hires/26_12-20/track_0057_r0.jpg,0 5 6
26_12-20.mp4,58,4955,2048,988,2290,1257,0,"9
а
$
!
;
8
#5
4
8
$
9","[[""9"", 0.9297305290739963, 36.0], [""а"", 0.4301435919005634, 37.0], [""$"", 0.23907642958830877, 140.0], [""!"", 0.9972136383789945, 90.0], ["";"", 0.18431014161024795, 32.0], [""8"", 0.5177949398384953, 85.0], [""#5"", 0.7129386995528612, 28.0], [""4"", 0.9426123180396964, 40.0], [""8"", 0.18451078900922369, 50.91242371593934], [""$"", 0.22811773824657067, 62.94375423053785], [""9"", 0.7126184170819592, 69.95486201689906]]",,,ml/output/tracks/best_frames/26_12-20/track_0058_r0.jpg,ml/output/tracks/best_frames_hires/26_12-20/track_0058_r0.jpg,
26_12-20.mp4,35,4955,2084,191,2325,446,0,"""1
1
[
[
8
9
7","[[""\""1"", 0.2575332787964008, 32.0], [""1"", 0.9271200177497718, 101.0], [""["", 0.8783033034501955, 52.0], [""["", 0.3304305517554127, 121.0], [""8"", 0.23641959923924905, 201.0], [""9"", 0.7619494312175448, 26.0], [""7"", 0.3610400452899398, 66.0]]",,,ml/output/tracks/best_frames/26_12-20/track_0035_r1.jpg,ml/output/tracks/best_frames_hires/26_12-20/track_0035_r1.jpg,0
26_12-20.mp4,56,4955,644,864,817,993,270,"ценс
C :
 3","[[""ценс"", 0.94112229347229, 18.0], [""C :"", 0.1922835474280674, 20.0], ["" 3"", 0.5430642547679416, 12.0]]",,,ml/output/tracks/best_frames/26_12-20/track_0056_r1.jpg,ml/output/tracks/best_frames_hires/26_12-20/track_0056_r1.jpg,
26_12-20.mp4,56,5105,653,864,815,1018,0,"1
Ё
5","[[""1"", 0.9857678220726029, 100.0], [""Ё"", 0.8280973357222052, 111.0], [""5"", 0.9994877041020942, 44.0]]",,,ml/output/tracks/best_frames/26_12-20/track_0056_r2.jpg,ml/output/tracks/best_frames_hires/26_12-20/track_0056_r2.jpg,
26_12-20.mp4,35,5105,2081,241,2304,504,270,"Ес=ет
'ать_
5
с
5a-
=:=
~21
631
53
-323.
1631","[[""Ес=ет"", 0.12813314186477387, 18.0], [""'ать_"", 0.45062913030349294, 19.0], [""5"", 0.8993917130454498, 14.0], [""с"", 0.7106712003782292, 12.0], [""5a-"", 0.42814043212929964, 17.0], [""=:="", 0.5462626430934765, 18.0], [""~21"", 0.6681960680369513, 28.0], [""631"", 0.9999595307066488, 63.0], [""53"", 0.17361289913053995, 15.0], [""-323."", 0.1908738866143285, 26.0], [""1631"", 0.9927811900856718, 48.0]]",,,ml/output/tracks/best_frames/26_12-20/track_0035_r0.jpg,ml/output/tracks/best_frames_hires/26_12-20/track_0035_r0.jpg,
26_12-20.mp4,57,5105,705,0,895,290,180,"8
3
'
5
3
5","[[""8"", 0.9315940245174694, 110.96256063316146], [""3"", 0.34712063215681965, 78.96491160273052], [""'"", 0.8985075118624906, 53.922322702763665], [""5"", 0.6597021630710778, 64.97527105692893], [""3"", 0.289347472139557, 34.5], [""5"", 0.9968053623652509, 20.0]]",,,ml/output/tracks/best_frames/26_12-20/track_0057_r1.jpg,ml/output/tracks/best_frames_hires/26_12-20/track_0057_r1.jpg,0
26_12-20.mp4,58,5105,2045,1042,2285,1314,270,"Е#+а
СпRi ;
IEza
Сутеъср
5
0IL
Сухоe
2631
53
91899
Евawa)
2
918995","[[""Е#+а"", 0.42442622780799866, 16.0], [""СпRi ;"", 0.37007752792233584, 26.0], [""IEza"", 0.45230817794799805, 16.0], [""Сутеъср"", 0.47674423953945166, 28.0], [""5"", 0.5466972426035142, 16.0], [""0IL"", 0.4225007658772164, 16.0], [""Сухоe"", 0.735203433057202, 24.0], [""2631"", 0.6875151991844177, 16.0], [""53"", 0.9790430697810693, 20.0], [""91899"", 0.5407585055174404, 52.0], [""Евawa)"", 0.17505475048445704, 26.66828022501295], [""2"", 0.9580293683650929, 19.0], [""918995"", 0.4486726836459641, 47.0]]",,,ml/output/tracks/best_frames/26_12-20/track_0058_r1.jpg,ml/output/tracks/best_frames_hires/26_12-20/track_0058_r1.jpg,
26_12-20.mp4,63,5255,2081,390,2303,670,0,"i
{
I1
!
""
IIl
8","[[""i"", 0.16958625760210655, 74.0], [""{"", 0.99305148217708, 56.0], [""I1"", 0.3104888313588681, 101.0], [""!"", 0.20532809947104624, 28.0], [""\"""", 0.7349969874786986, 56.0], [""IIl"", 0.28534547412988776, 22.0], [""8"", 0.9880593785371872, 174.0]]",,,ml/output/tracks/best_frames/26_12-20/track_0063_r2.jpg,ml/output/tracks/best_frames_hires/26_12-20/track_0063_r2.jpg,
26_12-20.mp4,35,5255,2077,289,2304,556,180,"я
""
#
8
1
""
f
'
9","[[""я"", 0.7643901771275843, 26.0], [""\"""", 0.9999926090377045, 63.0], [""#"", 0.770818517469607, 28.0], [""8"", 0.9910858145099191, 122.0], [""1"", 0.24795413084029239, 56.0], [""\"""", 0.9244186160538135, 34.0], [""f"", 0.34070026403685816, 57.0], [""'"", 0.15143688253992682, 99.97847363556309], [""9"", 0.6794483661094688, 49.0]]",,,ml/output/tracks/best_frames/26_12-20/track_0035_r2.jpg,ml/output/tracks/best_frames_hires/26_12-20/track_0035_r2.jpg,
26_12-20.mp4,56,5255,652,864,819,1064,0,"IJЫ
1
&
'3
5","[[""IJЫ"", 0.5327907698322476, 24.0], [""1"", 0.964257613014329, 24.0], [""&"", 0.4367366513235993, 51.0], [""'3"", 0.44884781349415986, 88.0], [""5"", 0.5765782086044204, 42.0]]",,,ml/output/tracks/best_frames/26_12-20/track_0056_r0.jpg,ml/output/tracks/best_frames_hires/26_12-20/track_0056_r0.jpg,
26_12-20.mp4,63,5405,2070,353,2306,611,270,"5
=ал=щ
'аг= =
=t
""
= €а-
=тыi-=
(3231
1631
5 
323
1631","[[""5"", 0.6653686203918916, 14.0], [""=ал=щ"", 0.18381059876543565, 20.0], [""'аг= ="", 0.18635425701896138, 20.0], [""=t"", 0.2400467108157518, 12.0], [""\"""", 0.7041933491196382, 14.0], [""= €а-"", 0.45839739318523287, 16.0], [""=тыi-="", 0.1506335996104062, 20.0], [""(3231"", 0.4111348114631509, 42.0], [""1631"", 0.9947984218597412, 63.0], [""5 "", 0.7000212372312788, 18.5], [""323"", 0.9191995489770776, 25.0], [""1631"", 1.0, 51.0]]",,,ml/output/tracks/best_frames/26_12-20/track_0063_r0.jpg,ml/output/tracks/best_frames_hires/26_12-20/track_0063_r0.jpg,
26_12-20.mp4,63,5556,2073,399,2306,670,270,"Еа
=ез==
""r_=
3
=
2 = =
=са: =
""2 
16315
5
632.
1631","[[""Еа"", 0.3125350032719807, 14.0], [""=ез=="", 0.287980778987862, 20.0], [""\""r_="", 0.3470745384693146, 25.0], [""3"", 0.4537454960566869, 14.0], [""="", 0.5454313738192127, 14.0], [""2 = ="", 0.14633450379564739, 14.0], [""=са: ="", 0.2103141060059548, 20.0], [""\""2 "", 0.13996671751639497, 28.0], [""16315"", 0.7024392853687967, 63.0], [""5"", 0.8265679282031932, 22.0], [""632."", 0.2284325234408126, 26.0], [""1631"", 0.9999980807672427, 58.5]]",999627,,ml/output/tracks/best_frames/26_12-20/track_0063_r1.jpg,ml/output/tracks/best_frames_hires/26_12-20/track_0063_r1.jpg,
26_12-20.mp4,69,5856,709,0,904,217,0,,[],,,ml/output/tracks/best_frames/26_12-20/track_0069_r1.jpg,ml/output/tracks/best_frames_hires/26_12-20/track_0069_r1.jpg,
26_12-20.mp4,70,5856,2526,1177,2849,1294,270,"CITR
0.","[[""CITR"", 0.9999139308929443, 54.0], [""0."", 0.8368395676156469, 22.0]]",,,ml/output/tracks/best_frames/26_12-20/track_0070_r0.jpg,ml/output/tracks/best_frames_hires/26_12-20/track_0070_r0.jpg,9
26_12-20.mp4,69,6006,713,5,894,127,0,,[],,,ml/output/tracks/best_frames/26_12-20/track_0069_r0.jpg,ml/output/tracks/best_frames_hires/26_12-20/track_0069_r0.jpg,
26_12-20.mp4,70,6006,2518,1245,2847,1296,0,,[],,,ml/output/tracks/best_frames/26_12-20/track_0070_r1.jpg,ml/output/tracks/best_frames_hires/26_12-20/track_0070_r1.jpg,
26_12-20.mp4,55,6006,0,268,78,465,0,,[],,,ml/output/tracks/best_frames/26_12-20/track_0055_r0.jpg,ml/output/tracks/best_frames_hires/26_12-20/track_0055_r0.jpg,
26_12-20.mp4,65,6006,2064,614,2302,880,0,"1
1
[
8
747
21","[[""1"", 0.44252632172430495, 34.0], [""1"", 0.8838255801152286, 30.0], [""["", 0.9983549928269078, 56.0], [""8"", 0.9480147090007449, 176.737768055828], [""747"", 0.09924984283845512, 9.5], [""21"", 0.4477018726430747, 62.0]]",,,ml/output/tracks/best_frames/26_12-20/track_0065_r2.jpg,ml/output/tracks/best_frames_hires/26_12-20/track_0065_r2.jpg,5
26_12-20.mp4,65,6156,2063,689,2309,952,0,"""
I
[
""
8
3","[[""\"""", 0.7194122378577958, 44.0], [""I"", 0.804173128967264, 34.0], [""["", 0.9929667835733689, 58.0], [""\"""", 0.7822128247210038, 101.0], [""8"", 0.6156552750291588, 159.0], [""3"", 0.20704481008949305, 70.5]]",,,ml/output/tracks/best_frames/26_12-20/track_0065_r1.jpg,ml/output/tracks/best_frames_hires/26_12-20/track_0065_r1.jpg,155
26_12-20.mp4,55,6156,0,315,73,504,0,,[],,,ml/output/tracks/best_frames/26_12-20/track_0055_r1.jpg,ml/output/tracks/best_frames_hires/26_12-20/track_0055_r1.jpg,
26_12-20.mp4,65,6306,2061,748,2317,1017,0,"{
Il
{
[
'
₽
""
:","[[""{"", 0.6546688074537066, 52.0], [""Il"", 0.3105043010816424, 26.0], [""{"", 0.6497494693842363, 38.0], [""["", 0.9968141697701327, 60.0], [""'"", 0.18760316830152135, 117.0], [""₽"", 0.23725715344549148, 214.0], [""\"""", 0.43802566573880597, 28.0], ["":"", 0.16900120083909176, 74.5]]",,,ml/output/tracks/best_frames/26_12-20/track_0065_r0.jpg,ml/output/tracks/best_frames_hires/26_12-20/track_0065_r0.jpg,905
26_12-20.mp4,55,6306,0,359,59,552,0,,[],,,ml/output/tracks/best_frames/26_12-20/track_0055_r2.jpg,ml/output/tracks/best_frames_hires/26_12-20/track_0055_r2.jpg,
26_12-20.mp4,87,7357,2065,1033,2303,1310,270,"EJii 7
2421
сет 
99
31
arOLI
99
31
7
19 9-0.:","[[""EJii 7"", 0.0955796122183987, 24.0], [""2421"", 0.759897914485098, 16.0], [""сет "", 0.10785055160522461, 13.0], [""99"", 0.9937216089301507, 20.0], [""31"", 0.9363253525862052, 48.0], [""arOLI"", 0.28392303840309346, 14.0], [""99"", 0.981899102451923, 20.5], [""31"", 0.9999645125379857, 47.0], [""7"", 0.32000582894074014, 19.0], [""19 9-0.:"", 0.20869004469626568, 13.0]]",,,ml/output/tracks/best_frames/26_12-20/track_0087_r2.jpg,ml/output/tracks/best_frames_hires/26_12-20/track_0087_r2.jpg,
26_12-20.mp4,87,7507,2064,1031,2304,1310,270,"ШЗ
2421
(.
99
31
g-rOLi
99
31
 
4 9-0.:","[[""ШЗ"", 0.1604983889456312, 24.0], [""2421"", 0.98918646494194, 16.0], [""(."", 0.4060388325441525, 6.0], [""99"", 0.9561054353646723, 24.0], [""31"", 0.9999799381590507, 48.0], [""g-rOLi"", 0.15423742959381986, 14.0], [""99"", 0.9999997471189183, 20.5], [""31"", 0.9999946895012176, 48.0], ["" "", 0.31219480580170966, 26.5], [""4 9-0.:"", 0.5005927966866399, 13.0]]",,,ml/output/tracks/best_frames/26_12-20/track_0087_r1.jpg,ml/output/tracks/best_frames_hires/26_12-20/track_0087_r1.jpg,
26_12-20.mp4,87,7658,2065,1031,2304,1308,270,"EJrs
Пкzs
озтм.
24215
са
99
31
лв 9uCOCi
99
31
 
49 90.:","[[""EJrs"", 0.17415527999401093, 24.0], [""Пкzs"", 0.1186765730381012, 16.0], [""озтм."", 0.05494651733141046, 8.0], [""24215"", 0.5133045607786678, 18.0], [""са"", 0.12916563043149495, 8.0], [""99"", 0.9986349680257585, 24.0], [""31"", 0.9999738690539219, 50.0], [""лв 9uCOCi"", 0.09558452297402428, 16.0], [""99"", 0.9687584039269486, 21.5], [""31"", 0.9999957853177504, 49.0], ["" "", 0.7668003775179386, 26.0], [""49 90.:"", 0.3819768802762521, 13.0]]",,,ml/output/tracks/best_frames/26_12-20/track_0087_r0.jpg,ml/output/tracks/best_frames_hires/26_12-20/track_0087_r0.jpg,
26_12-20.mp4,77,8258,645,864,815,1063,270,"2 по цоно
от цоны боз
карты
67 40. 692
::7.","[[""2 по цоно"", 0.6520656698334687, 24.0], [""от цоны боз"", 0.6467044975457205, 24.0], [""карты"", 0.9951075811549107, 20.0], [""67 40. 692"", 0.14504046169599386, 21.0], [""::7."", 0.6386788487434387, 18.0]]",,,ml/output/tracks/best_frames/26_12-20/track_0077_r2.jpg,ml/output/tracks/best_frames_hires/26_12-20/track_0077_r2.jpg,899
26_12-20.mp4,71,8559,0,136,98,313,90,696,"[[""696"", 0.9461121422424015, 37.726879868210176]]",,,ml/output/tracks/best_frames/26_12-20/track_0071_r2.jpg,ml/output/tracks/best_frames_hires/26_12-20/track_0071_r2.jpg,
26_12-20.mp4,73,8559,689,49,880,268,180,"'#j
5
!
6
g
а
8
:
j
{
2
1
9
5
2
8
:
1
:
1
:
2","[[""'#j"", 0.112095579190014, 49.0], [""5"", 0.44523128229858244, 130.0], [""!"", 0.04672187281363449, 22.0], [""6"", 0.4393167376207572, 26.0], [""g"", 0.9711676792003345, 41.86829814905059], [""а"", 0.14140366968487061, 28.875497521447414], [""8"", 0.8501951069093252, 56.967739820199824], ["":"", 0.5512730687842691, 40.86145357211308], [""j"", 0.07754908166420194, 82.98493046644285], [""{"", 0.5359812464440097, 41.94028500029066], [""2"", 0.7747105390908615, 38.93072678605654], [""1"", 0.6501193765769955, 15.0], [""9"", 0.2786338363885079, 10.0], [""5"", 0.42456889322353675, 25.0], [""2"", 0.999695920221999, 16.0], [""8"", 0.19859973567071254, 18.0], ["":"", 0.6980700139587412, 59.48386569739185], [""1"", 0.48983827733468743, 72.99237609949222], ["":"", 0.3082587334644735, 42.47625041806249], [""1"", 0.3028632216556879, 40.47368370204791], ["":"", 0.5269280327461026, 40.47368370204791], [""2"", 0.3273631841978819, 31.45487107393894]]",,,ml/output/tracks/best_frames/26_12-20/track_0073_r2.jpg,ml/output/tracks/best_frames_hires/26_12-20/track_0073_r2.jpg,
26_12-20.mp4,74,8559,2068,796,2305,1055,270,"Пuна
PREIGHES LE
EirTE
VIEUX Пэя пОт Лсэ
Этанан КяCLEuC
шртн соpт AP
cyz
@paнu) 0. 75L
24213
a
99
32%
CTr LE 9
1631
219
в1а
@ШШП
aiоis -ajiuta
G-CCUZ
5529Ag
99
632991631
9714
4 35
.0754
6.
9
99055-01 90
58-948 9 .07","[[""Пuна"", 0.5539914965629578, 14.0], [""PREIGHES LE"", 0.6771526552896447, 20.0], [""EirTE"", 0.29090355528490996, 24.0], [""VIEUX Пэя пОт Лсэ"", 0.5052677859988314, 18.0], [""Этанан КяCLEuC"", 0.15275624261871504, 20.0], [""шртн соpт AP"", 0.22496456015736363, 16.0], [""cyz"", 0.48181840686907296, 14.0], [""@paнu) 0. 75L"", 0.39593546835223364, 18.0], [""24213"", 0.29217201095950296, 18.0], [""a"", 0.4777211281948759, 8.0], [""99"", 0.9976576923814423, 24.0], [""32%"", 0.9922893423122465, 28.0], [""CTr LE 9"", 0.10392768084367814, 8.0], [""1631"", 0.991450846195221, 60.0], [""219"", 0.013460727294677984, 8.0], [""в1а"", 0.026062327726434676, 8.0], [""@ШШП"", 0.5742982029914856, 24.0], [""aiоis -ajiuta"", 0.035029316275500585, 12.0], [""G-CCUZ"", 0.4443610585708934, 14.0], [""5529Ag"", 0.42078689944862707, 18.772276176252262], [""99"", 0.9999987355947788, 22.0], [""632991631"", 0.43512875553869657, 57.5], [""9714"", 0.4387262463569641, 10.0], [""4 35"", 0.10034935921430588, 10.0], ["".0754"", 0.0552524975144123, 13.5], [""6."", 0.4086391930639628, 13.0], [""9"", 0.07734856896560416, 30.0], [""99055-01 90"", 0.16407592779369368, 14.0], [""58-948 9 .07"", 0.2411869062796291, 15.5]]",,,ml/output/tracks/best_frames/26_12-20/track_0074_r0.jpg,ml/output/tracks/best_frames_hires/26_12-20/track_0074_r0.jpg,
26_12-20.mp4,80,8559,2090,0,2319,158,0,{яigia,"[[""{яigia"", 0.1414406676008093, 30.0]]",,,ml/output/tracks/best_frames/26_12-20/track_0080_r2.jpg,ml/output/tracks/best_frames_hires/26_12-20/track_0080_r2.jpg,
26_12-20.mp4,77,8559,645,864,816,1063,270,"2 по цено
от
цоны боа
карты
67 4618
93
::-7.","[[""2 по цено"", 0.5014908459031965, 26.0], [""от"", 0.9996698375547782, 14.0], [""цоны боа"", 0.6882534379234432, 20.0], [""карты"", 0.994603369119687, 18.0], [""67 4618"", 0.1515185228505353, 15.0], [""93"", 0.6500829209271428, 21.0], [""::-7."", 0.2725517701034028, 18.0]]",,,ml/output/tracks/best_frames/26_12-20/track_0077_r1.jpg,ml/output/tracks/best_frames_hires/26_12-20/track_0077_r1.jpg,6 99
26_12-20.mp4,42,8559,639,615,822,1065,270,"CLOCE DU giiisa
Пukо CLOCE
CNдRME
CHARME Кaб
ЕYA
Cou
{арлнЦчю)
75L
Imпа
1JJa ~
2 по цено
10%
199
ng
от цонм боз
10""
карты
!пцдu
Вмна
Mapno
-0901 19939
67 46-8
93
71092
:--7.
5
0","[[""CLOCE DU giiisa"", 0.5509487150490785, 27.0], [""Пukо CLOCE"", 0.2637377996651464, 16.0], [""CNдRME"", 0.46223255820988457, 20.0], [""CHARME Кaб"", 0.3098715260228811, 17.0], [""ЕYA"", 0.15271117756244268, 14.0], [""Cou"", 0.8973980613199753, 12.0], [""{арлнЦчю)"", 0.23247718331838926, 18.0], [""75L"", 0.9002639354132105, 16.0], [""Imпа"", 0.24188472627121624, 8.0], [""1JJa ~"", 0.3991390329953598, 16.0], [""2 по цено"", 0.9692257602389726, 26.0], [""10%"", 0.6535259470748066, 20.0], [""199"", 0.9999973846308725, 41.0], [""ng"", 0.7847380011353664, 14.0], [""от цонм боз"", 0.7364062137219903, 18.0], [""10\"""", 0.5908443902613998, 16.0], [""карты"", 0.999472034662097, 16.0], [""!пцдu"", 0.1614768792670207, 21.0], [""Вмна"", 0.5643701553344727, 22.539672889527935], [""Mapno"", 0.8112830457141201, 20.769836444763968], [""-0901 19939"", 0.4957756041871187, 35.0], [""67 46-8"", 0.10851039927965976, 15.0], [""93"", 0.6524106124525246, 20.0], [""71092"", 0.2262688920482446, 23.5], ["":--7."", 0.29688545259453347, 19.5], [""5"", 0.3113433443977556, 12.0], [""0"", 0.24307356726115703, 14.0]]",,,ml/output/tracks/best_frames/26_12-20/track_0042_r2.jpg,ml/output/tracks/best_frames_hires/26_12-20/track_0042_r2.jpg,9 5 8
26_12-20.mp4,11,8559,698,1568,878,1784,90,"[(oc
т= =
бб8
roul
Бтдшти
плпэп
5
757: 
63
1","[[""[(oc"", 0.7104840874671936, 26.0], [""т= ="", 0.08548391610383987, 25.0], [""бб8"", 0.7957816149587479, 45.268026648590435], [""roul"", 0.16721680760383606, 18.06562653937226], [""Бтдшти"", 0.08616517458437159, 13.604487721467876], [""плпэп"", 0.39238402268552847, 14.570953173200337], [""5"", 0.19853593759820232, 5.5], [""757: "", 0.07651846107807155, 16.0], [""63"", 0.41024741334447423, 19.63748609204778], [""1"", 0.9014393741543678, 11.287838597158341]]",,,ml/output/tracks/best_frames/26_12-20/track_0011_r2.jpg,ml/output/tracks/best_frames_hires/26_12-20/track_0011_r2.jpg,
26_12-20.mp4,23,8559,648,1086,844,1512,180,"!4;
6
g
₽
e
2
1
:
8
'
F
g
1
'
1
!
'
9
1
:
:
:
8
:
1
8","[[""!4;"", 0.24471141637357835, 37.0], [""6"", 0.9974357851620539, 28.0], [""g"", 0.22983768444408614, 54.0], [""₽"", 0.24328331508827095, 42.0], [""e"", 0.45940031568876805, 24.0], [""2"", 0.9628294311245469, 24.0], [""1"", 0.3913203738574147, 58.0], ["":"", 0.9172815660786569, 46.0], [""8"", 0.9999830723525207, 85.0], [""'"", 0.4457478263390193, 55.0], [""F"", 0.31051290728956715, 24.0], [""g"", 0.9997263141997337, 38.0], [""1"", 0.8178896428021041, 74.0], [""'"", 0.6426871408621082, 100.9789117046171], [""1"", 0.13053770547085808, 87.97195309677977], [""!"", 0.7355457019571965, 64.94731066042212], [""'"", 0.3567298295160448, 68.97808873418603], [""9"", 0.7328656111464547, 14.0], [""1"", 0.985716218683649, 30.5], ["":"", 0.9964735657833899, 77.5], ["":"", 0.9998024799617191, 47.0], ["":"", 0.8018062506886316, 42.5], [""8"", 0.9798976298378683, 110.5], ["":"", 0.6231666346515254, 39.0], [""1"", 0.4504650833964128, 130.5], [""8"", 0.9538761912564411, 48.0]]",,,ml/output/tracks/best_frames/26_12-20/track_0023_r2.jpg,ml/output/tracks/best_frames_hires/26_12-20/track_0023_r2.jpg,6
26_12-20.mp4,26,8559,2011,1926,2234,2117,180,"Л
8
'
8
1
1
!
!
i
!
!
3
3
1
:
1
8
:","[[""Л"", 0.3355064383811488, 34.0], [""8"", 0.9428026012124668, 106.0], [""'"", 0.589515883999411, 34.0], [""8"", 0.9468211953158203, 42.0], [""1"", 0.86561878717308, 52.919216235121624], [""1"", 0.3976382126319358, 100.98987437804499], [""!"", 0.18509876891073507, 32.90341723552109], [""!"", 0.9940720693969674, 37.92703581925987], [""i"", 0.7825478181368908, 81.9675266587434], [""!"", 0.10893059692691409, 58.96991404929264], [""!"", 0.9319241601989603, 40.93732773208808], [""3"", 0.34131585466879244, 11.5], [""3"", 0.8613513360393235, 32.5], [""1"", 0.44073972838066666, 13.0], ["":"", 0.10706876946200339, 49.98316673953734], [""1"", 0.8611874904820525, 48.98243338920837], [""8"", 0.12076370417057891, 49.482805910664865], ["":"", 0.3569134066512767, 40.97436288662763]]",,,ml/output/tracks/best_frames/26_12-20/track_0026_r2.jpg,ml/output/tracks/best_frames_hires/26_12-20/track_0026_r2.jpg,33
26_12-20.mp4,51,8559,2037,1463,2267,1705,90,"66
668
(%zz-
clfgZ
эах)
75/
(ннпн-d@]
хэ dx
daqdauf)
МVЧLЭ
oudog
анне
752  0
/:90--.6/
8   
99 19
.  .- 9
95- 9
99-9","[[""66"", 0.9997368452205402, 24.0], [""668"", 0.9999673767769884, 50.0], [""(%zz-"", 0.5736281068214997, 30.0], [""clfgZ"", 0.16974934121599494, 16.0], [""эах)"", 0.9220782518386841, 20.0], [""75/"", 0.45921145132147784, 20.0], [""(ннпн-d@]"", 0.4737800221209303, 24.0], [""хэ dx"", 0.590500030791816, 16.0], [""daqdauf)"", 0.5114922555226886, 27.0], [""МVЧLЭ"", 0.6432831324151674, 25.0], [""oudog"", 0.9969906948830927, 25.64146590985044], [""анне"", 0.8419463038444519, 21.496629104486146], [""752  0"", 0.6647371656005222, 18.0], [""/:90--.6/"", 0.05479048558042258, 27.0], [""8   "", 0.34607669285590925, 19.0], [""99 19"", 0.051452133168212906, 22.0], ["".  .- 9"", 0.14278896900562482, 28.419216235121624], [""95- 9"", 0.26085752878460355, 26.908705455691205], [""99-9"", 0.5214285850524902, 22.868298149050588]]",,,ml/output/tracks/best_frames/26_12-20/track_0051_r2.jpg,ml/output/tracks/best_frames_hires/26_12-20/track_0051_r2.jpg,
26_12-20.mp4,89,8559,2065,1030,2304,1310,270,"~1iи
24213
a
99
31
[ШШ
4g GICCUZ
99
31
 
42 9 .02","[[""~1iи"", 0.04342777654528618, 8.0], [""24213"", 0.9287670516965681, 18.0], [""a"", 0.7960853886825738, 8.0], [""99"", 0.9997190606678041, 24.0], [""31"", 0.99999527955623, 50.0], [""[ШШ"", 0.5104941129684448, 24.0], [""4g GICCUZ"", 0.19443371066821932, 16.0], [""99"", 0.999999915706304, 21.5], [""31"", 0.9999997471189183, 49.0], ["" "", 0.22878178550208705, 30.5], [""42 9 .02"", 0.2836779677694497, 13.0]]",,,ml/output/tracks/best_frames/26_12-20/track_0089_r2.jpg,ml/output/tracks/best_frames_hires/26_12-20/track_0089_r2.jpg,
26_12-20.mp4,53,8559,0,1512,116,1694,270,"37а99
207499","[[""37а99"", 0.3264023740229943, 38.628636921578845], [""207499"", 0.19920446140988257, 38.0782861510569]]",,,ml/output/tracks/best_frames/26_12-20/track_0053_r1.jpg,ml/output/tracks/best_frames_hires/26_12-20/track_0053_r1.jpg,
26_12-20.mp4,79,8559,652,1085,830,1296,180,"6
#
1
?
g
1
ё
8
1
1
5
:
1","[[""6"", 0.9998545699546071, 26.0], [""#"", 0.8743511825075281, 42.0], [""1"", 0.2959883034582731, 86.0], [""?"", 0.09635725002731821, 26.0], [""g"", 0.9985029344165106, 38.0], [""1"", 0.10594482515222126, 64.0], [""ё"", 0.27805189044144996, 26.0], [""8"", 0.9996439535500237, 108.81671175661535], [""1"", 0.5101622132697372, 72.98045301021165], [""1"", 0.18717005997575953, 68.97808873418603], [""5"", 0.5788898388117367, 28.0], ["":"", 0.6970835253487309, 39.0], [""1"", 0.6983077795396788, 69.5]]",,,ml/output/tracks/best_frames/26_12-20/track_0079_r2.jpg,ml/output/tracks/best_frames_hires/26_12-20/track_0079_r2.jpg,8 9 .
26_12-20.mp4,52,8559,2085,433,2317,684,180,"p
8
3
;
3]
5
#
j
6
а
@il
d
ё
й1
e
8
8
2
49
6
9
9
:
1
.
5
1
3
3
64
3
5
:
8","[[""p"", 0.1775074964962755, 32.0], [""8"", 0.883260944378069, 26.0], [""3"", 0.9986663737771018, 22.0], ["";"", 0.9140801137167252, 26.0], [""3]"", 0.019672632898433018, 154.0], [""5"", 0.9717396471710913, 56.0], [""#"", 0.9751442662249623, 65.0], [""j"", 0.7243578643846469, 85.0], [""6"", 0.04481298151025137, 40.0], [""а"", 0.7061092383470537, 37.0], [""@il"", 0.09918245923817567, 63.0], [""d"", 0.26655795837769247, 28.0], [""ё"", 0.7085707008336648, 46.0], [""й1"", 0.46963565422395687, 20.0], [""e"", 0.28365722098216395, 40.93732773208808], [""8"", 0.8869171808533025, 44.94801605407838], [""8"", 0.45620238345533437, 42.94304067756627], [""2"", 0.964791361083158, 9.5], [""49"", 0.32830341334742796, 51.0], [""6"", 0.6848386966010054, 35.0], [""9"", 0.37709294327550325, 24.0], [""9"", 0.26883282430232214, 37.5], ["":"", 0.5435241601592367, 56.5], [""1"", 0.9998062942858645, 88.5], [""."", 0.7525922509326541, 66.0], [""5"", 0.24263787161004657, 41.0], [""1"", 0.8972728675808526, 47.5], [""3"", 0.9999608997352425, 22.0], [""3"", 0.2629317251552301, 34.0], [""64"", 0.13297326302566254, 20.0], [""3"", 0.7471405259325117, 34.9640361012533], [""5"", 0.9996707710446486, 31.972787847664286], ["":"", 0.6096240439639047, 59.48832135087173], [""8"", 0.6623557768239294, 44.478460376204424]]",,,ml/output/tracks/best_frames/26_12-20/track_0052_r2.jpg,ml/output/tracks/best_frames_hires/26_12-20/track_0052_r2.jpg,5848
26_12-20.mp4,11,8709,698,1568,878,1784,90,"[(oc
бб8
roUl
7
Бтдытиг
пяпэп
7
857: 
77-
69","[[""[(oc"", 0.9422200918197632, 26.0], [""бб8"", 0.7796917310968333, 45.268026648590435], [""roUl"", 0.2773565649986267, 18.06562653937226], [""7"", 0.166677653384256, 16.793822301370938], [""Бтдытиг"", 0.037882835359157645, 13.604487721467876], [""пяпэп"", 0.279976907688274, 14.570953173200337], [""7"", 0.19637554254183787, 5.5], [""857: "", 0.13255382539611024, 16.0], [""77-"", 0.2999920348536505, 12.5], [""69"", 0.24442952318593691, 18.09173479221124]]",,,ml/output/tracks/best_frames/26_12-20/track_0011_r1.jpg,ml/output/tracks/best_frames_hires/26_12-20/track_0011_r1.jpg,
26_12-20.mp4,79,8709,652,1085,830,1296,180,"6
I
1
?
g
1
ё
8
1
1
5
:
1","[[""6"", 0.9998469411294195, 26.0], [""I"", 0.5942388570373538, 46.0], [""1"", 0.3290644096801465, 86.0], [""?"", 0.4458087938318478, 26.0], [""g"", 0.9943244154919881, 38.0], [""1"", 0.35373768591875887, 65.0], [""ё"", 0.928409365525912, 24.0], [""8"", 0.9996623085963883, 108.81671175661535], [""1"", 0.5663336644642101, 74.98149479085589], [""1"", 0.1945573801337197, 68.97808873418603], [""5"", 0.6866643748913361, 27.0], ["":"", 0.7797551344456366, 39.0], [""1"", 0.7417042040993351, 70.0]]",(01)88720735824150,,ml/output/tracks/best_frames/26_12-20/track_0079_r0.jpg,ml/output/tracks/best_frames_hires/26_12-20/track_0079_r0.jpg,8 9 .
26_12-20.mp4,51,8709,2037,1463,2267,1705,0,"5
8
!
?
а
8
#
8
ё
#ga
а
5
8
7
8
8
8","[[""5"", 0.5670475412633245, 24.0], [""8"", 0.3134857247525282, 52.0], [""!"", 0.8493211525923563, 89.0], [""?"", 0.9993429071649338, 28.0], [""а"", 0.6396115511172731, 40.0], [""8"", 0.45436449984856964, 59.0], [""#"", 0.9734941990209336, 28.0], [""8"", 0.983326663986773, 103.0], [""ё"", 0.57610697307679, 44.0], [""#ga"", 0.07493616518749727, 56.0], [""а"", 0.26826003730151626, 54.925254998708624], [""5"", 0.8303964331206295, 84.93337658820194], [""8"", 0.9206900349108906, 78.96491160273052], [""7"", 0.8669733144479643, 19.0], [""8"", 0.22658835234692365, 23.0], [""8"", 0.9999967813517721, 71.5], [""8"", 0.10119297924644854, 43.0]]",,,ml/output/tracks/best_frames/26_12-20/track_0051_r1.jpg,ml/output/tracks/best_frames_hires/26_12-20/track_0051_r1.jpg,
26_12-20.mp4,77,8709,645,864,816,1063,270,"2по цено
от
цоны боа
карты
67 4.88 693
::-7.","[[""2по цено"", 0.6765477132486908, 26.0], [""от"", 0.9992251759922004, 14.0], [""цоны боа"", 0.7519484582617526, 20.0], [""карты"", 0.9976732505667524, 18.0], [""67 4.88 693"", 0.14438172056518206, 21.0], [""::-7."", 0.2482039697376567, 19.0]]",,,ml/output/tracks/best_frames/26_12-20/track_0077_r0.jpg,ml/output/tracks/best_frames_hires/26_12-20/track_0077_r0.jpg,7 99
26_12-20.mp4,74,8709,2071,797,2314,1057,270,"Пнна
PREIGMES LE
EirSE
VIEUX Пэй лОт Лса
Этанаан КябсРиО
арJн сoоpт <P
cz
@paмuмл) 0.75L
24215
99
32%
631
9u#
еm
ШШШШШШШШ
ппшнеат
s5-mAA SICCuZ
gъ(ш
9:
99
32961631
71-4
22  0
5.

019015 -0190
552940 9-.02","[[""Пнна"", 0.5717580914497375, 14.0], [""PREIGMES LE"", 0.8370327784241541, 20.0], [""EirSE"", 0.1427536105315204, 24.0], [""VIEUX Пэй лОт Лса"", 0.4688605208645622, 18.0], [""Этанаан КябсРиО"", 0.1416962628351234, 20.0], [""арJн сoоpт <P"", 0.1305006290937658, 16.0], [""cz"", 0.3647136147000553, 14.0], [""@paмuмл) 0.75L"", 0.31264833731320685, 18.0], [""24215"", 0.6251171505158576, 18.0], [""99"", 0.42151858930516994, 24.0], [""32%"", 0.9831634667291863, 28.0], [""631"", 0.9999645549437236, 52.0], [""9u#"", 0.24679186988231464, 20.0], [""еm"", 0.0495296168355992, 8.0], [""ШШШШШШШШ"", 0.6402447290484732, 24.0], [""ппшнеат"", 0.030985407310691274, 8.0], [""s5-mAA SICCuZ"", 0.068999604568553, 16.0], [""gъ(ш"", 0.352323979139328, 25.287170646752656], [""9:"", 0.7169395506887615, 8.5], [""99"", 0.9999997471189183, 21.0], [""32961631"", 0.5158460590809464, 54.0], [""71-4"", 0.7856316566467285, 10.0], [""22  0"", 0.027709739513255626, 9.0], [""5."", 0.20395720930551928, 12.0], ["""", 0.0, 26.0], [""019015 -0190"", 0.3679187385781155, 14.0], [""552940 9-.02"", 0.12783717452641344, 16.5]]",,,ml/output/tracks/best_frames/26_12-20/track_0074_r2.jpg,ml/output/tracks/best_frames_hires/26_12-20/track_0074_r2.jpg,889/
26_12-20.mp4,52,8709,2085,433,2316,685,270,"Внно ALBERT
НICHOT Chatzяu Da
Бупгонь
cyz
0-75L
Cyхоu
5578~
4690 
'""
)29999
Тгtn
Izъu
Dnd
Пнна
Нуар
mincp -
Тарл
ншнu)
€_ло;
3
129999
2 1559
8425 

29:3
0559:
-469
67","[[""Внно ALBERT"", 0.6578190850325076, 20.0], [""НICHOT Chatzяu Da"", 0.2959038933703506, 24.0], [""Бупгонь"", 0.6643554197196393, 18.0], [""cyz"", 0.5519754313254859, 14.0], [""0-75L"", 0.9921090705870802, 14.0], [""Cyхоu"", 0.3745123666596835, 18.0], [""5578~"", 0.994657621905182, 26.0], [""4690 "", 0.34245647678662244, 38.0], [""'\"""", 0.19658679539235563, 16.0], ["")29999"", 0.9842673809843747, 63.0], [""Тгtn"", 0.08151432126760483, 14.0], [""Izъu"", 0.03248555585741997, 8.0], [""Dnd"", 0.13423191270514137, 23.577708763999667], [""Пнна"", 0.9935715198516846, 20.447736860631082], [""Нуар"", 0.7431185245513916, 21.496629104486146], [""mincp -"", 0.4289405764486179, 21.78885438199984], [""Тарл"", 0.3377920985221863, 18.72386843031552], [""ншнu)"", 0.8022893916793041, 17.695996608010148], [""€_ло;"", 0.1579876187058055, 15.627466942413491], [""3"", 0.2996386006541094, 20.5], [""129999"", 0.777303783622988, 61.5], [""2 1559"", 0.1475214349875442, 16.5], [""8425 "", 0.2344189510317888, 13.0], ["""", 0.0, 26.0], [""29:3"", 0.37419000267982483, 12.0], [""0559:"", 0.07713141153520738, 15.375497521447407], [""-469"", 0.9998967051506042, 35.41563134580679], [""67"", 0.3645179982221414, 13.84615384615384]]",,,ml/output/tracks/best_frames/26_12-20/track_0052_r1.jpg,ml/output/tracks/best_frames_hires/26_12-20/track_0052_r1.jpg,58159
26_12-20.mp4,89,8709,2065,1030,2304,1311,270,"1аы
24215
ам
99
31
ЮПШШ
4g GICCUZ
99
31
1.
42 9 .02","[[""1аы"", 0.11022957144543247, 8.0], [""24215"", 0.8841669347955288, 18.0], [""ам"", 0.23849295709131374, 12.0], [""99"", 0.9983360267257649, 24.0], [""31"", 0.99999452091409, 50.0], [""ЮПШШ"", 0.3310268521308899, 24.0], [""4g GICCUZ"", 0.08557803128553988, 16.0], [""99"", 0.999999915706304, 21.5], [""31"", 0.9999997471189183, 49.0], [""1."", 0.41512237810501645, 24.0], [""42 9 .02"", 0.510492844735318, 13.0]]",,,ml/output/tracks/best_frames/26_12-20/track_0089_r1.jpg,ml/output/tracks/best_frames_hires/26_12-20/track_0089_r1.jpg,
26_12-20.mp4,53,8709,0,1513,116,1694,270,"97а99
1499","[[""97а99"", 0.1302361738056143, 37.78885438199984], [""1499"", 0.26054856181144714, 35.642462965898545]]",,,ml/output/tracks/best_frames/26_12-20/track_0053_r2.jpg,ml/output/tracks/best_frames_hires/26_12-20/track_0053_r2.jpg,
26_12-20.mp4,42,8709,639,615,822,1065,180,"1 !
:
g
I
8
Il
6
{9EI
j
3
;
8
1
;
[
'
F g
'
8
9
1:
3
:
8
5
8
:
3
5
2
1
8","[[""1 !"", 0.430675745010376, 30.0], ["":"", 0.6118071551682647, 52.0], [""g"", 0.9991424730786527, 36.0], [""I"", 0.0831758116277479, 74.0], [""8"", 0.127998516997466, 28.0], [""Il"", 0.8396951449482855, 140.0], [""6"", 0.9994596972919432, 26.0], [""{9EI"", 0.030386481434106827, 37.0], [""j"", 0.7637070374223676, 50.0], [""3"", 0.5809436577179703, 26.0], ["";"", 0.3297515422883066, 28.0], [""8"", 0.5171539284801021, 173.0], [""1"", 0.950751972861795, 101.0], ["";"", 0.8604625973687376, 32.0], [""["", 0.9474438497194946, 65.0], [""'"", 0.19347997990693333, 40.0], [""F g"", 0.7880918120470075, 24.0], [""'"", 0.2657430861582135, 70.97932119800072], [""8"", 0.5528665176911005, 53.96401289396124], [""9"", 0.23666647066453184, 31.5], [""1:"", 0.7648071215335112, 49.5], [""3"", 0.3923185604760562, 25.0], ["":"", 0.274772728119288, 30.0], [""8"", 0.24747914998806664, 86.5], [""5"", 0.9999852181027222, 16.0], [""8"", 0.7988897704035622, 172.5], ["":"", 0.5324639589003368, 44.5], [""3"", 0.4505440560720331, 73.5], [""5"", 0.441648813798011, 21.0], [""2"", 0.4172100777937118, 32.0], [""1"", 0.9398220865741713, 83.5], [""8"", 0.6373933303853505, 36.45348679060247]]",,,ml/output/tracks/best_frames/26_12-20/track_0042_r1.jpg,ml/output/tracks/best_frames_hires/26_12-20/track_0042_r1.jpg,5 8
26_12-20.mp4,71,8709,0,136,98,313,90,96,"[[""96"", 0.9999967125473989, 37.726879868210176]]",,,ml/output/tracks/best_frames/26_12-20/track_0071_r1.jpg,ml/output/tracks/best_frames_hires/26_12-20/track_0071_r1.jpg,
26_12-20.mp4,26,8709,2011,1926,2234,2117,180,"Л
8
3
8
[
1
[
!
i
i
!
9
9:
3
2
:
9
:
2","[[""Л"", 0.3683657825504838, 34.0], [""8"", 0.9569699661015285, 106.0], [""3"", 0.9290989007604402, 22.0], [""8"", 0.9958716412136006, 44.0], [""["", 0.15006063523586377, 76.96298958171177], [""1"", 0.613916920899019, 100.98987437804499], [""["", 0.8175710964423075, 32.90341723552109], [""!"", 0.9945281699952488, 37.92703581925987], [""i"", 0.6042926813320584, 80.96668829410096], [""i"", 0.1086647112451864, 58.96991404929264], [""!"", 0.972078348480764, 40.93732773208808], [""9"", 0.39625978377672766, 18.0], [""9:"", 0.39555951382231797, 12.0], [""3"", 0.991136371460076, 21.0], [""2"", 0.458705788171617, 13.0], ["":"", 0.08106235788605787, 49.98316673953734], [""9"", 0.25221771902042533, 49.98316673953734], ["":"", 0.5997261873321946, 40.97436288662763], [""2"", 0.17934748039817894, 31.454871073938946]]",,,ml/output/tracks/best_frames/26_12-20/track_0026_r1.jpg,ml/output/tracks/best_frames_hires/26_12-20/track_0026_r1.jpg,3 3
26_12-20.mp4,23,8709,648,1086,843,1512,270,"Пwко CLOCE UU
CHARME Клбunu
Соnчн
Еуz
Сmie
Фрлщнэ} D- /5L
щене
1JJ4
от Цанц боз
nn
5оз
10%6
1199
карты
пыпчаш
ло
за
0706
593
40991
1999
41070
5","[[""Пwко CLOCE UU"", 0.43675872879576144, 18.0], [""CHARME Клбunu"", 0.36190580392078114, 20.0], [""Соnчн"", 0.5773345504195249, 14.0], [""Еуz"", 0.6881930139524564, 12.0], [""Сmie"", 0.12500718235969543, 8.0], [""Фрлщнэ} D- /5L"", 0.25456611279799946, 19.0], [""щене"", 0.6163874864578247, 27.0], [""1JJ4"", 0.844252263000137, 14.0], [""от Цанц боз"", 0.6182559233740467, 30.0], [""nn"", 0.4191071635209393, 14.0], [""5оз"", 0.7466257579197834, 20.0], [""10%6"", 0.5865489840507507, 18.0], [""1199"", 0.9972563856638595, 41.0], [""карты"", 0.9860862469330439, 21.0], [""пыпчаш"", 0.10797362573635032, 27.0], [""ло"", 0.34731091163013456, 21.301973624698462], [""за"", 0.6856447750505836, 18.258396457335948], [""0706"", 0.23188140988349915, 12.0], [""593"", 0.7296284318093986, 22.0], [""40991"", 0.40545059672501477, 28.0], [""1999"", 0.4370172929511049, 43.5], [""41070"", 0.11211720585539087, 22.81053562654627], [""5"", 0.8824226716986381, 50.40496552587216]]",,,ml/output/tracks/best_frames/26_12-20/track_0023_r1.jpg,ml/output/tracks/best_frames_hires/26_12-20/track_0023_r1.jpg,8 8 8
26_12-20.mp4,73,8709,689,49,880,268,180,"'
@
1
6
g
8
:
'
{
2
1
9
5
2
2
2
:
1
:
1
:","[[""'"", 0.5598694217106903, 40.0], [""@"", 0.6724555123342135, 126.0], [""1"", 0.36644922105188016, 22.0], [""6"", 0.6238962551015312, 26.0], [""g"", 0.541659152756754, 40.86145357211308], [""8"", 0.546612453162254, 56.967739820199824], ["":"", 0.21957278149307147, 40.86145357211308], [""'"", 0.2928087178237462, 80.98416694537502], [""{"", 0.569792628705045, 41.94028500029066], [""2"", 0.7619274752540015, 38.93072678605654], [""1"", 0.4790155123718165, 15.0], [""9"", 0.33948943366353035, 10.0], [""5"", 0.6524990394908095, 25.0], [""2"", 0.9491111850207403, 16.0], [""2"", 0.07767342091541707, 18.0], [""2"", 0.9209163011657893, 26.0], ["":"", 0.9922839810929531, 58.48327192403006], [""1"", 0.49003369627707016, 72.99237609949222], ["":"", 0.46858722333951164, 42.47625041806249], [""1"", 0.8971662738991313, 40.47368370204791], ["":"", 0.43347038784362724, 40.47368370204791]]",,,ml/output/tracks/best_frames/26_12-20/track_0073_r1.jpg,ml/output/tracks/best_frames_hires/26_12-20/track_0073_r1.jpg,
26_12-20.mp4,80,8709,2090,0,2319,158,270,"IIl
9","[[""IIl"", 0.36085441981103805, 22.0], [""9"", 0.9999997615814351, 18.0]]",,,ml/output/tracks/best_frames/26_12-20/track_0080_r0.jpg,ml/output/tracks/best_frames_hires/26_12-20/track_0080_r0.jpg,
26_12-20.mp4,89,8859,2065,1030,2304,1311,270,"злм
24215
ямe
99
31
ШШШШ
4e girCU?
99
31
1
22 9 .02","[[""злм"", 0.08894040529157596, 8.0], [""24215"", 0.758817155645848, 18.0], [""ямe"", 0.4221649510827554, 12.0], [""99"", 0.998879836317974, 24.0], [""31"", 0.9999949423819248, 50.0], [""ШШШШ"", 0.7330037355422974, 18.0], [""4e girCU?"", 0.07031188886271714, 18.0], [""99"", 1.0, 21.5], [""31"", 0.9999997471189183, 49.0], [""1"", 0.3945400571828941, 25.0], [""22 9 .02"", 0.4853940941118261, 13.0]]",,,ml/output/tracks/best_frames/26_12-20/track_0089_r0.jpg,ml/output/tracks/best_frames_hires/26_12-20/track_0089_r0.jpg,
26_12-20.mp4,80,8859,2090,0,2319,158,270,"za
9","[[""za"", 0.42299248070336815, 20.0], [""9"", 0.9999735318817311, 18.0]]",,,ml/output/tracks/best_frames/26_12-20/track_0080_r1.jpg,ml/output/tracks/best_frames_hires/26_12-20/track_0080_r1.jpg,
26_12-20.mp4,51,8859,2037,1463,2267,1705,0,"а
8
[
?
а
8
#
ё
@ia
'
5
8
8
7
8
8
8
4","[[""а"", 0.7380507345466327, 22.0], [""8"", 0.6109812057306421, 52.0], [""["", 0.8927146550440881, 89.0], [""?"", 0.9990329697245812, 28.0], [""а"", 0.7161138384715606, 40.0], [""8"", 0.4425103030307618, 59.0], [""#"", 0.9609491938618362, 28.0], [""ё"", 0.5309530212851001, 44.0], [""@ia"", 0.06851007049192154, 56.0], [""'"", 0.11086076045892757, 54.925254998708624], [""5"", 0.9997322738573899, 82.92982320546109], [""8"", 0.977645501651697, 78.96491160273052], [""8"", 0.8940725137137839, 58.34568970296985], [""7"", 0.9147172201564899, 19.0], [""8"", 0.7558806545365684, 23.0], [""8"", 0.9658986653121246, 50.5], [""8"", 0.9999507671693983, 26.0], [""4"", 0.49686127506774724, 44.0]]",,,ml/output/tracks/best_frames/26_12-20/track_0051_r0.jpg,ml/output/tracks/best_frames_hires/26_12-20/track_0051_r0.jpg,69
26_12-20.mp4,74,8859,2071,797,2314,1057,270,"Пина
PREIGHES LE
E_gE
VIEUX Пэй лОт Лса
Этанан КяGсPuC
шран сарт Ap
cyz
@pамuил) 0.75L
24215
99
32%
631
9чы
еi
ШШШШШШШ
пъшнеаг
55 -I49 SICCuZ
Еъ(ш
09:.
99
632961631
97 1-4
3 69
-4

019013 -01320
552940 9- .02","[[""Пина"", 0.2650895118713379, 14.0], [""PREIGHES LE"", 0.994534144970204, 20.0], [""E_gE"", 0.1941981315612793, 26.0], [""VIEUX Пэй лОт Лса"", 0.7789898123992338, 18.0], [""Этанан КяGсPuC"", 0.11623393291129488, 20.0], [""шран сарт Ap"", 0.13487388097365405, 16.0], [""cyz"", 0.8047291003427545, 14.0], [""@pамuил) 0.75L"", 0.3672533207211303, 18.0], [""24215"", 0.42400940288823874, 18.0], [""99"", 0.6056266844657254, 24.0], [""32%"", 0.9969660315239733, 28.0], [""631"", 0.9999869231635269, 50.0], [""9чы"", 0.42466582400837394, 20.0], [""еi"", 0.11308408015121608, 8.0], [""ШШШШШШШ"", 0.43965486498702894, 24.0], [""пъшнеаг"", 0.04896197281754673, 8.0], [""55 -I49 SICCuZ"", 0.06323064429989154, 16.0], [""Еъ(ш"", 0.2709352374076843, 25.287170646752656], [""09:."", 0.11863923817873001, 8.5], [""99"", 1.0, 21.0], [""632961631"", 0.6684449086698013, 54.5], [""97 1-4"", 0.25893098407777937, 10.0], [""3 69"", 0.09349595979996796, 9.0], [""-4"", 0.1537037456293517, 12.0], ["""", 0.0, 26.0], [""019013 -01320"", 0.1571891156315994, 13.0], [""552940 9- .02"", 0.13485682855044256, 16.5]]",,,ml/output/tracks/best_frames/26_12-20/track_0074_r1.jpg,ml/output/tracks/best_frames_hires/26_12-20/track_0074_r1.jpg,568 
26_12-20.mp4,73,8859,689,49,880,268,180,"1
@
1
6
g
8
:
i
{
{
2
1
9
8
:
1
2
:
:
1
:","[[""1"", 0.5853869518251855, 44.0], [""@"", 0.5344803131073519, 126.0], [""1"", 0.7077730713906618, 22.0], [""6"", 0.32762705964006855, 26.0], [""g"", 0.5815901311567728, 40.86145357211308], [""8"", 0.6457657007850948, 56.967739820199824], ["":"", 0.2520018796450394, 43.880570000581315], [""i"", 0.6090689676456442, 41.94028500029066], [""{"", 0.5043399484952857, 41.94028500029066], [""{"", 0.2204382585308764, 44.94801605407838], [""2"", 0.7884898220365812, 38.93072678605654], [""1"", 0.6541462267350653, 15.0], [""9"", 0.22096286717847935, 10.0], [""8"", 0.17686938699128607, 19.0], ["":"", 0.7595794954940551, 59.48386569739185], [""1"", 0.40827003886357716, 75.99298769552033], [""2"", 0.45331815911373496, 42.47625041806249], ["":"", 0.9999300253711887, 44.97896482258483], ["":"", 0.39681017725889944, 42.97683363014101], [""1"", 0.4633490874670123, 40.97436288662763], ["":"", 0.6860499831341293, 40.47368370204791]]",,,ml/output/tracks/best_frames/26_12-20/track_0073_r0.jpg,ml/output/tracks/best_frames_hires/26_12-20/track_0073_r0.jpg,
26_12-20.mp4,71,8859,0,137,98,313,90,696,"[[""696"", 0.9676451086997986, 37.726879868210176]]",,,ml/output/tracks/best_frames/26_12-20/track_0071_r0.jpg,ml/output/tracks/best_frames_hires/26_12-20/track_0071_r0.jpg,
26_12-20.mp4,11,8859,698,1568,878,1784,270,"шЕшЧ
az
N2
Cra
307)
аrшана
)1399
01399
3302","[[""шЕшЧ"", 0.09555672109127045, 14.0], [""az"", 0.650612403382952, 16.0], [""N2"", 0.2843593612003515, 14.0], [""Cra"", 0.2698397436853513, 12.0], [""307)"", 0.48172617682862645, 20.0], [""аrшана"", 0.03522939603732688, 15.526234811584231], ["")1399"", 0.9122275753463497, 46.645368870978984], [""01399"", 0.5952662904722883, 41.933407242232235], [""3302"", 0.607016384601593, 20.973360422431185]]",,,ml/output/tracks/best_frames/26_12-20/track_0011_r0.jpg,ml/output/tracks/best_frames_hires/26_12-20/track_0011_r0.jpg,
26_12-20.mp4,23,8859,648,1087,843,1512,270,"Пvко CLOCE UU
CHARME Клuнu
Сошчнцон
ЕVi
@пэ#нч} D I5L
1JJ4
2 по
30
боз
от
nn
jоз
10""
11199
карты
лоштпшащ
[тi-
ценс
цанм
006
109
:07.
144
19999
593
:.7","[[""Пvко CLOCE UU"", 0.6306590420596084, 18.0], [""CHARME Клuнu"", 0.5731306408760155, 16.0], [""Сошчнцон"", 0.3700224533424249, 12.0], [""ЕVi"", 0.04896169117539053, 8.0], [""@пэ#нч} D I5L"", 0.25043335251007337, 17.0], [""1JJ4"", 0.875382661819458, 14.0], [""2 по"", 0.770313821810321, 18.0], [""30"", 0.9991699766005947, 16.0], [""боз"", 0.9270551709654716, 20.0], [""от"", 0.9999895475975691, 16.0], [""nn"", 0.4644306022691252, 14.0], [""jоз"", 0.9528243576732767, 18.0], [""10\"""", 0.7396257914052928, 18.0], [""11199"", 0.9719406675252693, 41.0], [""карты"", 0.993340732885489, 21.0], [""лоштпшащ"", 0.10319177698103546, 31.0], [""[тi-"", 0.15106192231178284, 11.75459377462704], [""ценс"", 0.7781421542167664, 25.70318814531953], [""цанм"", 0.44883498549461365, 21.460350115273798], [""006"", 0.2129555207170828, 12.0], [""109"", 0.9991095197918842, 20.0], ["":07."", 0.2785702645778656, 24.5], [""144"", 0.22016135370859344, 14.0], [""19999"", 0.6601493824221135, 41.02596184062743], [""593"", 0.6991809551483666, 23.374655464176183], ["":.7"", 0.21587866445834944, 51.14582064128871]]",(01)33725096401811,,ml/output/tracks/best_frames/26_12-20/track_0023_r0.jpg,ml/output/tracks/best_frames_hires/26_12-20/track_0023_r0.jpg,8 58 8
26_12-20.mp4,79,8859,653,1085,830,1296,0,"9
[l
;
#!
1
g
Ё
g
[
8
: 2
18 ","[[""9"", 0.6561227921081105, 63.0], [""[l"", 0.7015808964915472, 76.0], ["";"", 0.20987911199671672, 52.0], [""#!"", 0.24970094487898992, 34.0], [""1"", 0.7075707008780228, 58.0], [""g"", 0.9521876904750037, 24.0], [""Ё"", 0.47280042227635377, 44.0], [""g"", 0.7575223049348132, 42.0], [""["", 0.8791595134768073, 72.98045301021166], [""8"", 0.7540025817924203, 105.94205048004596], ["": 2"", 0.4306533634662628, 25.0], [""18 "", 0.41970282793045044, 82.5]]",,,ml/output/tracks/best_frames/26_12-20/track_0079_r1.jpg,ml/output/tracks/best_frames_hires/26_12-20/track_0079_r1.jpg,3 9 .
26_12-20.mp4,26,8859,2011,1926,2234,2117,180,"л
8
3
8
!
1
g
!
i
i
!
5:
3
9
2
1
4
:","[[""л"", 0.2338462086956703, 34.0], [""8"", 0.9463148232512708, 106.0], [""3"", 0.9388466097043988, 22.0], [""8"", 0.9677091517727519, 44.0], [""!"", 0.503131069737961, 74.96090602042335], [""1"", 0.6174417977374027, 100.98987437804499], [""g"", 0.23087891606380495, 32.90341723552109], [""!"", 0.9997522984372296, 37.92703581925987], [""i"", 0.738604583106369, 80.96668829410096], [""i"", 0.17410488053585116, 58.96991404929264], [""!"", 0.8931200679568327, 40.93732773208808], [""5:"", 0.13265494355839025, 12.0], [""3"", 0.9954936127898897, 21.0], [""9"", 0.702781450025455, 46.0], [""2"", 0.7027718562401475, 13.0], [""1"", 0.44555341086839917, 48.98243338920837], [""4"", 0.13994206903248685, 49.98316673953734], ["":"", 0.9164756854536336, 39.972977291230976]]",,,ml/output/tracks/best_frames/26_12-20/track_0026_r0.jpg,ml/output/tracks/best_frames_hires/26_12-20/track_0026_r0.jpg,34
26_12-20.mp4,42,8859,639,615,822,1065,0,"[
?
'
8
8
#
g
=
9
6
#1
9
[I
Fа
8
8
2
:
;
!
4
1
3
9
 
3
2
:","[[""["", 0.9816102762261494, 79.0], [""?"", 0.6573699893461118, 28.0], [""'"", 0.49809440422530216, 71.0], [""8"", 0.9511913988012708, 59.0], [""8"", 0.8754569672949088, 169.0], [""#"", 0.7662012021632201, 22.0], [""g"", 0.9005000930194598, 46.0], [""="", 0.3270376478967343, 46.0], [""9"", 0.21212764180006705, 28.0], [""6"", 0.7487300609260252, 53.0], [""#1"", 0.7123317918079154, 93.0], [""9"", 0.7163435585671465, 42.0], [""[I"", 0.4797791797196498, 76.0], [""Fа"", 0.25200499668805476, 20.0], [""8"", 0.5221642599093776, 27.0], [""8"", 0.3735380143302933, 52.0], [""2"", 0.07904103997653866, 44.94801605407838], ["":"", 0.2505337461519872, 53.96401289396127], ["";"", 0.10052711522588709, 50.912423715939326], [""!"", 0.7118134832146552, 72.9804530102117], [""4"", 0.6940408472022597, 12.0], [""1"", 0.8838064160721082, 76.0], [""3"", 0.17264843526981455, 97.5], [""9"", 0.9647776613810812, 43.0], ["" "", 0.5904353746547173, 80.5], [""3"", 0.9540273203222114, 15.0], [""2"", 0.9195911288703087, 26.0], ["":"", 0.9587727694124091, 51.5]]",,,ml/output/tracks/best_frames/26_12-20/track_0042_r0.jpg,ml/output/tracks/best_frames_hires/26_12-20/track_0042_r0.jpg,8 0 5 8
26_12-20.mp4,53,8859,0,1513,116,1693,90,62,"[[""62"", 0.17249311839720438, 22.16850747928837]]",,,ml/output/tracks/best_frames/26_12-20/track_0053_r0.jpg,ml/output/tracks/best_frames_hires/26_12-20/track_0053_r0.jpg,
26_12-20.mp4,52,8859,2084,433,2317,684,270,"4ЦЕПТ
НIсHОТ
gis
Пнна Hyap
Бургонь шыадсря
cyz
[аданшия} 0- 75L
Cyтоu
,
5578 ~
сэле
469
1л
)29999
Ф(Ш)
5-J
Цмма
Chatzau
Dna
Тыат:т
:: 2
-469
129999
5
55
63
23 0

6
281 1","[[""4ЦЕПТ"", 0.29282539267652324, 16.0], [""НIсHОТ"", 0.15640794444613937, 20.0], [""gis"", 0.19272325462248718, 27.0], [""Пнна Hyap"", 0.4620175234861574, 20.0], [""Бургонь шыадсря"", 0.341288848436779, 26.0], [""cyz"", 0.21946735840283468, 14.0], [""[аданшия} 0- 75L"", 0.49880290680506695, 24.0], [""Cyтоu"", 0.8688759462392136, 16.0], ["","", 0.14052307218222015, 6.0], [""5578 ~"", 0.6859532866068238, 20.0], [""сэле"", 0.24421918392181396, 13.0], [""469"", 0.9981584565387012, 32.0], [""1л"", 0.18572103696689166, 6.0], ["")29999"", 0.9493033524723801, 64.0], [""Ф(Ш)"", 0.37260615825653076, 16.0], [""5-J"", 0.13104115018781476, 14.0], [""Цмма"", 0.20260965824127197, 18.723868430315548], [""Chatzau"", 0.5571118993207888, 20.769836444763968], [""Dna"", 0.8342189617862293, 17.695996608010162], [""Тыат:т"", 0.06380551397181022, 15.627466942413434], ["":: 2"", 0.31731692464863703, 14.5], [""-469"", 0.9994250535964966, 34.0], [""129999"", 0.6562928253555371, 61.5], [""5"", 0.18288646369558936, 8.0], [""55"", 0.434397686989726, 12.0], [""63"", 0.750189751632151, 10.0], [""23 0"", 0.6044355695607239, 14.0], ["""", 0.0, 22.0], [""6"", 0.16904724572037821, 12.820732954925205], [""281 1"", 0.13636219191660326, 14.866691212406124]]",,,ml/output/tracks/best_frames/26_12-20/track_0052_r0.jpg,ml/output/tracks/best_frames_hires/26_12-20/track_0052_r0.jpg,5 
26_12-20.mp4,92,9009,115,394,221,594,270,1mmт,"[[""1mmт"", 0.7657672762870789, 21.0]]",,,ml/output/tracks/best_frames/26_12-20/track_0092_r0.jpg,ml/output/tracks/best_frames_hires/26_12-20/track_0092_r0.jpg,
26_12-20.mp4,92,9159,123,364,223,560,270,Arnc,"[[""Arnc"", 0.348700612783432, 20.0]]",,,ml/output/tracks/best_frames/26_12-20/track_0092_r1.jpg,ml/output/tracks/best_frames_hires/26_12-20/track_0092_r1.jpg,
26_12-20.mp4,95,9159,2072,864,2304,1008,180,"[lufp;
8
1
щ !
6#
8
1 & L""
=
7
16
16:
8","[[""[lufp;"", 0.19443096754658556, 42.0], [""8"", 0.9639567935832396, 30.0], [""1"", 0.8990292995997642, 52.0], [""щ !"", 0.9362731575965881, 30.0], [""6#"", 0.3524205270006324, 38.0], [""8"", 0.999942422741956, 112.0], [""1 & L\"""", 0.1503009327562576, 32.0], [""="", 0.8024783470339116, 22.0], [""7"", 0.950339957984486, 34.0], [""16"", 0.18446629285167623, 51.5], [""16:"", 0.14331854945478997, 50.0], [""8"", 0.9999855757279796, 104.0]]",,,ml/output/tracks/best_frames/26_12-20/track_0095_r0.jpg,ml/output/tracks/best_frames_hires/26_12-20/track_0095_r0.jpg,
26_12-20.mp4,96,9159,2077,254,2334,549,0,";
?
{g
3
Ili
Fd
8
g
@
{
5
$
5
81
4
1
8
3 9
9","[["";"", 0.9599104857662191, 40.0], [""?"", 0.8279828929821385, 28.0], [""{g"", 0.14977855960255118, 62.0], [""3"", 0.7614595034710625, 182.0], [""Ili"", 0.46897807542562475, 85.0], [""Fd"", 0.1688858856549526, 28.0], [""8"", 0.999274028024022, 30.0], [""g"", 0.9244277853395175, 42.94304067756627], [""@"", 0.9865448767005205, 38.93072678605654], [""{"", 0.15925386358482374, 73.98098454635553], [""5"", 0.22620245103923153, 40.86145357211308], [""$"", 0.25861060220012533, 42.87465546417616], [""5"", 0.5107428186427434, 58.0], [""81"", 0.4789046605417012, 147.5], [""4"", 0.33932192126725624, 84.0], [""1"", 0.1380922317481117, 18.0], [""8"", 0.999946952569676, 21.0], [""3 9"", 0.8458918333053589, 60.5], [""9"", 0.1992660036646834, 22.945612429370733]]",,,ml/output/tracks/best_frames/26_12-20/track_0096_r2.jpg,ml/output/tracks/best_frames_hires/26_12-20/track_0096_r2.jpg,2 95 8 8 8 1
26_12-20.mp4,95,9309,2065,864,2303,1024,270,"92
31
92
31","[[""92"", 0.2599551406208884, 20.0], [""31"", 0.9999920764016744, 48.0], [""92"", 0.4149409273083899, 18.5], [""31"", 0.999999915706304, 46.0]]",,,ml/output/tracks/best_frames/26_12-20/track_0095_r1.jpg,ml/output/tracks/best_frames_hires/26_12-20/track_0095_r1.jpg,
26_12-20.mp4,99,9610,0,525,66,705,0,,[],,,ml/output/tracks/best_frames/26_12-20/track_0099_r0.jpg,ml/output/tracks/best_frames_hires/26_12-20/track_0099_r0.jpg,
26_12-20.mp4,104,9760,2085,0,2304,269,180,"8
#
8
Е
#I
ШBfp
@
1
3
5
6
4
8
8
6
9","[[""8"", 0.5808578881799384, 28.0], [""#"", 0.9124098043700748, 24.0], [""8"", 0.9618201037942562, 95.0], [""Е"", 0.6554835196200806, 34.0], [""#I"", 0.09858247632704785, 79.0], [""ШBfp"", 0.11017122119665146, 64.0], [""@"", 0.4913434737105149, 30.0], [""1"", 0.9988008758189295, 54.96532330749693], [""3"", 0.10139527758794031, 55.96656400996892], [""5"", 0.9945992631177347, 40.93732773208808], [""6"", 0.5763516620845763, 15.0], [""4"", 0.11627377833039887, 20.5], [""8"", 0.22421620492380967, 16.0], [""8"", 0.14110033080214635, 17.0], [""6"", 0.8742542074020356, 33.0], [""9"", 0.2671430974430997, 37.468981797001064]]",,,ml/output/tracks/best_frames/26_12-20/track_0104_r0.jpg,ml/output/tracks/best_frames_hires/26_12-20/track_0104_r0.jpg,751 8 8
26_12-20.mp4,96,9760,2085,100,2333,353,0,"7
2
{
{
#
[
g
Ei
a
I4
[
[
5
8
9","[[""7"", 0.954119074778248, 26.0], [""2"", 0.3194120646739975, 54.0], [""{"", 0.9860862306542373, 79.0], [""{"", 0.9897219758436826, 68.0], [""#"", 0.6089606804737322, 34.0], [""["", 0.8512789152722213, 55.0], [""g"", 0.12761743044900076, 150.0], [""Ei"", 0.40417439151453677, 48.0], [""a"", 0.7995170468967103, 22.0], [""I4"", 0.1867755794170666, 22.0], [""["", 0.7438665833396705, 69.9787182707297], [""["", 0.9716967554836096, 54.96532330749693], [""5"", 0.2855460788541144, 42.87465546417616], [""8"", 0.2079388812775287, 65.5], [""9"", 0.48313063016394153, 39.5]]",,,ml/output/tracks/best_frames/26_12-20/track_0096_r0.jpg,ml/output/tracks/best_frames_hires/26_12-20/track_0096_r0.jpg,8. 
26_12-20.mp4,99,9760,0,476,73,649,0,,[],,,ml/output/tracks/best_frames/26_12-20/track_0099_r1.jpg,ml/output/tracks/best_frames_hires/26_12-20/track_0099_r1.jpg,
26_12-20.mp4,104,9910,2090,0,2304,278,180,"81
5
5
1
#
6
8
f
1
""
5
5","[[""81"", 0.47760591043044, 28.0], [""5"", 0.1777764015337766, 38.0], [""5"", 0.4790437297975245, 57.0], [""1"", 0.30710136387119746, 58.0], [""#"", 0.9170373673998746, 50.0], [""6"", 0.13079388408017056, 28.0], [""8"", 0.9696599624754221, 131.95854909893853], [""f"", 0.7841334978238912, 36.923047895281655], [""1"", 0.974574474466877, 54.96532330749693], [""\"""", 0.2656736491248104, 40.93732773208808], [""5"", 0.6498912114539621, 52.96262749935431], [""5"", 0.951657556985058, 40.93732773208808]]",,,ml/output/tracks/best_frames/26_12-20/track_0104_r1.jpg,ml/output/tracks/best_frames_hires/26_12-20/track_0104_r1.jpg,8 14 8
26_12-20.mp4,99,9910,0,502,74,694,0,,[],,,ml/output/tracks/best_frames/26_12-20/track_0099_r2.jpg,ml/output/tracks/best_frames_hires/26_12-20/track_0099_r2.jpg,
26_12-20.mp4,94,10060,3,919,135,1251,0,,[],,,ml/output/tracks/best_frames/26_12-20/track_0094_r2.jpg,ml/output/tracks/best_frames_hires/26_12-20/track_0094_r2.jpg,
26_12-20.mp4,107,10060,0,3,97,187,0,0,"[[""0"", 0.7181925460159277, 70.0]]",,,ml/output/tracks/best_frames/26_12-20/track_0107_r0.jpg,ml/output/tracks/best_frames_hires/26_12-20/track_0107_r0.jpg,
26_12-20.mp4,112,10210,2071,864,2311,1098,0,$,"[[""$"", 0.9963782499342564, 98.0]]",,,ml/output/tracks/best_frames/26_12-20/track_0112_r2.jpg,ml/output/tracks/best_frames_hires/26_12-20/track_0112_r2.jpg,
26_12-20.mp4,113,10360,700,865,870,984,0,;,"[["";"", 0.9724140524131286, 57.93312801993784]]",,,ml/output/tracks/best_frames/26_12-20/track_0113_r2.jpg,ml/output/tracks/best_frames_hires/26_12-20/track_0113_r2.jpg,
26_12-20.mp4,96,10360,2095,358,2337,619,0,"9
;
а
#
!
'
$
""
8
g
[
E
[
8
","[[""9"", 0.870649998561035, 30.0], ["";"", 0.9846280096549584, 26.0], [""а"", 0.39721308022889446, 212.0], [""#"", 0.9662774776907135, 26.0], [""!"", 0.9767147913216867, 89.0], [""'"", 0.10293209124853409, 58.0], [""$"", 0.2498337902805794, 57.0], [""\"""", 0.9888457521548766, 62.94375423053786], [""8"", 0.6722317682602466, 80.96668829410096], [""g"", 0.7560876422219884, 55.96656400996892], [""["", 0.18869328129363794, 37.92703581925987], [""E"", 0.20312118173082183, 56.967739820199824], [""["", 0.29687229555656813, 59.97092023148872], [""8"", 0.9494399958589703, 72.0], ["""", 0.0, 12.0]]",,,ml/output/tracks/best_frames/26_12-20/track_0096_r1.jpg,ml/output/tracks/best_frames_hires/26_12-20/track_0096_r1.jpg,-4
26_12-20.mp4,107,10360,0,84,78,267,0,,[],,,ml/output/tracks/best_frames/26_12-20/track_0107_r2.jpg,ml/output/tracks/best_frames_hires/26_12-20/track_0107_r2.jpg,
26_12-20.mp4,112,10360,2078,864,2303,989,270,"зт
УЛа
Fjx
2421
63159
99
631","[[""зт"", 0.23540942765597267, 14.0], [""УЛа"", 0.21277041121148293, 14.0], [""Fjx"", 0.22687232545105254, 12.0], [""2421"", 0.8210925038768606, 16.0], [""63159"", 0.40736791355053387, 56.0], [""99"", 0.9999994099441718, 19.5], [""631"", 0.9999998623489704, 47.0]]",,,ml/output/tracks/best_frames/26_12-20/track_0112_r1.jpg,ml/output/tracks/best_frames_hires/26_12-20/track_0112_r1.jpg,
26_12-20.mp4,112,10510,2071,882,2310,1137,90,"65
[g9 [
-le-z
152 U
5 = -э
аdsez
Fui=E =u
5geia
1
75. 015 -
1
2
5
24  
6 15 -12
513 ","[[""65"", 0.8665227607457994, 24.0], [""[g9 ["", 0.5835118284323411, 54.0], [""-le-z"", 0.3477557329257894, 16.0], [""152 U"", 0.551875667122716, 14.0], [""5 = -э"", 0.06360933769871516, 14.0], [""аdsez"", 0.024228389728645244, 14.0], [""Fui=E =u"", 0.43018051983150657, 18.0], [""5geia"", 0.29365160437676024, 14.0], [""1"", 0.5285811709365049, 15.827605888602363], [""75. 015 -"", 0.6748850032495667, 15.0], [""1"", 0.4299809849469547, 12.0], [""2"", 0.2427135975410346, 8.0], [""5"", 0.43689926985484817, 14.0], [""24  "", 0.16218773691340524, 19.0], [""6 15 -12"", 0.18560118385689667, 14.0], [""513 "", 0.13831670582294464, 13.0]]",,,ml/output/tracks/best_frames/26_12-20/track_0112_r0.jpg,ml/output/tracks/best_frames_hires/26_12-20/track_0112_r0.jpg,
26_12-20.mp4,113,10510,698,864,872,1023,0,"3
;","[[""3"", 0.7308062182827122, 30.0], ["";"", 0.9280507981145867, 56.967739820199824]]",,,ml/output/tracks/best_frames/26_12-20/track_0113_r1.jpg,ml/output/tracks/best_frames_hires/26_12-20/track_0113_r1.jpg,
26_12-20.mp4,107,10661,0,155,65,341,0,,[],,,ml/output/tracks/best_frames/26_12-20/track_0107_r1.jpg,ml/output/tracks/best_frames_hires/26_12-20/track_0107_r1.jpg,
26_12-20.mp4,113,10661,696,864,874,1068,0,"3
9
n9л
'","[[""3"", 0.21507285705854784, 28.0], [""9"", 0.7478493088367486, 40.0], [""n9л"", 0.2550462785149461, 24.0], [""'"", 0.2890264287374613, 54.96532330749693]]",,,ml/output/tracks/best_frames/26_12-20/track_0113_r0.jpg,ml/output/tracks/best_frames_hires/26_12-20/track_0113_r0.jpg,
26_12-20.mp4,117,10811,728,1131,897,1296,180,"8
1
8
'
1
!
6
1
2","[[""8"", 0.9385169823349457, 24.0], [""1"", 0.3991571507703071, 28.0], [""8"", 0.9759684694586248, 104.86571777267136], [""'"", 0.9728758575346461, 50.95960811756082], [""1"", 0.3213939412405331, 60.97187711526891], [""!"", 0.7593837689919134, 28.875497521447414], [""6"", 0.48623304915794563, 13.0], [""1"", 0.7502306251063864, 50.980497818919005], [""2"", 0.6937334106755912, 24.452374120367907]]",,,ml/output/tracks/best_frames/26_12-20/track_0117_r0.jpg,ml/output/tracks/best_frames_hires/26_12-20/track_0117_r0.jpg,
26_12-20.mp4,121,10961,12,1162,130,1296,0,,[],,,ml/output/tracks/best_frames/26_12-20/track_0121_r0.jpg,ml/output/tracks/best_frames_hires/26_12-20/track_0121_r0.jpg,
26_12-20.mp4,117,10961,729,1183,904,1295,0,"о {
#;
ni
'
1
₽
5
{
6  
1
5
8","[[""о {"", 0.68873530626297, 16.0], [""#;"", 0.25061545936909085, 28.0], [""ni"", 0.837347108235269, 18.0], [""'"", 0.3858601468043368, 58.96991404929263], [""1"", 0.6359505633623144, 60.97187711526893], [""₽"", 0.22463521164923694, 70.95617746837212], [""5"", 0.9998903304606301, 102.91452000682985], [""{"", 0.7373477374144954, 48.95621185796966], [""6  "", 0.22179311513900757, 18.0], [""1"", 0.6051566635981978, 55.0], [""5"", 0.9918403863280787, 92.38773292480101], [""8"", 0.7497494347199449, 55.48648641778186]]",,,ml/output/tracks/best_frames/26_12-20/track_0117_r1.jpg,ml/output/tracks/best_frames_hires/26_12-20/track_0117_r1.jpg,3 9 2 9
26_12-20.mp4,121,11111,16,1191,125,1296,0,,[],,,ml/output/tracks/best_frames/26_12-20/track_0121_r1.jpg,ml/output/tracks/best_frames_hires/26_12-20/track_0121_r1.jpg,
26_12-20.mp4,94,11111,37,1186,182,1498,0,,[],,,ml/output/tracks/best_frames/26_12-20/track_0094_r0.jpg,ml/output/tracks/best_frames_hires/26_12-20/track_0094_r0.jpg,
26_12-20.mp4,94,11261,34,1237,183,1545,0,,[],,,ml/output/tracks/best_frames/26_12-20/track_0094_r1.jpg,ml/output/tracks/best_frames_hires/26_12-20/track_0094_r1.jpg,
26_12-20.mp4,133,11862,680,1100,856,1296,0,"n
{
""
""
8
6
9","[[""n"", 0.45105862802131824, 22.0], [""{"", 0.7852256993492688, 66.95054211385786], [""\"""", 0.20710038558934585, 34.91404880886694], [""\"""", 0.9127940384346722, 52.96262749935431], [""8"", 0.9509874832403966, 78.64156293979812], [""6"", 0.8315802451141308, 61.61633143827622], [""9"", 0.9883977119643284, 71.95048364419121]]",,,ml/output/tracks/best_frames/26_12-20/track_0133_r0.jpg,ml/output/tracks/best_frames_hires/26_12-20/track_0133_r0.jpg,9
26_12-20.mp4,131,11862,2037,993,2275,1235,270,"45
2999
255
2999 ","[[""45"", 0.9973027411341947, 26.0], [""2999"", 0.6212004256699881, 61.0], [""255"", 0.5964102149009705, 23.0], [""2999 "", 0.8672763250635338, 58.5]]",,,ml/output/tracks/best_frames/26_12-20/track_0131_r1.jpg,ml/output/tracks/best_frames_hires/26_12-20/track_0131_r1.jpg,-
26_12-20.mp4,131,12012,2032,1058,2270,1296,270,"45
2999 
26
29995","[[""45"", 0.9989876142736703, 24.0], [""2999 "", 0.5795895676670716, 67.0], [""26"", 0.7640576709174877, 20.5], [""29995"", 0.9394568694540393, 59.0]]",,,ml/output/tracks/best_frames/26_12-20/track_0131_r0.jpg,ml/output/tracks/best_frames_hires/26_12-20/track_0131_r0.jpg,
26_12-20.mp4,133,12012,676,1155,852,1296,0,"'
{
""
8
8","[[""'"", 0.9850011300764585, 22.0], [""{"", 0.8623635189310086, 62.97365533021106], [""\"""", 0.8014178551153606, 54.925254998708624], [""8"", 0.97810312391724, 105.9079041220812], [""8"", 0.9176506086433278, 96.40371224980348]]",,,ml/output/tracks/best_frames/26_12-20/track_0133_r1.jpg,ml/output/tracks/best_frames_hires/26_12-20/track_0133_r1.jpg,8
26_12-20.mp4,130,12012,0,1120,93,1295,0,,[],,,ml/output/tracks/best_frames/26_12-20/track_0130_r0.jpg,ml/output/tracks/best_frames_hires/26_12-20/track_0130_r0.jpg,
26_12-20.mp4,131,12162,2035,1128,2276,1367,180,3,"[[""3"", 0.558412702299794, 143.9657122563354]]",,,ml/output/tracks/best_frames/26_12-20/track_0131_r2.jpg,ml/output/tracks/best_frames_hires/26_12-20/track_0131_r2.jpg,-.
26_12-20.mp4,136,12162,635,864,819,1052,270,"9
9","[[""9"", 0.9998890192307819, 32.0], [""9"", 0.9856160139837903, 31.0]]",,,ml/output/tracks/best_frames/26_12-20/track_0136_r1.jpg,ml/output/tracks/best_frames_hires/26_12-20/track_0136_r1.jpg,
26_12-20.mp4,138,12162,2012,1509,2234,1772,0,"11
!
""f
""
8","[[""11"", 0.13717266739922124, 30.0], [""!"", 0.45757438048369536, 46.0], [""\""f"", 0.6737860563134386, 69.0], [""\"""", 0.7114809181202055, 26.0], [""8"", 0.878174271164486, 138.0]]",,,ml/output/tracks/best_frames/26_12-20/track_0138_r1.jpg,ml/output/tracks/best_frames_hires/26_12-20/track_0138_r1.jpg,
26_12-20.mp4,137,12162,1979,1996,2170,2159,0,8,"[[""8"", 0.997160902985744, 56.0]]",,,ml/output/tracks/best_frames/26_12-20/track_0137_r2.jpg,ml/output/tracks/best_frames_hires/26_12-20/track_0137_r2.jpg,
26_12-20.mp4,133,12162,673,1159,852,1296,180,"V
{
6","[[""V"", 0.2646925475777131, 22.0], [""{"", 0.9883482915261652, 53.92232270276368], [""6"", 0.7105125276297919, 46.89603210815679]]",,,ml/output/tracks/best_frames/26_12-20/track_0133_r2.jpg,ml/output/tracks/best_frames_hires/26_12-20/track_0133_r2.jpg,6 6
26_12-20.mp4,130,12312,0,1217,106,1393,0,,[],,,ml/output/tracks/best_frames/26_12-20/track_0130_r1.jpg,ml/output/tracks/best_frames_hires/26_12-20/track_0130_r1.jpg,
26_12-20.mp4,138,12312,2020,1512,2236,1712,270,"~
{
5 :
1631 
1631","[[""~"", 0.5195911963552504, 8.0], [""{"", 0.2872287994623548, 14.0], [""5 :"", 0.14510592830309466, 12.0], [""1631 "", 0.41750158134280607, 50.0], [""1631"", 0.8229859926205159, 46.0]]",,,ml/output/tracks/best_frames/26_12-20/track_0138_r0.jpg,ml/output/tracks/best_frames_hires/26_12-20/track_0138_r0.jpg,.
26_12-20.mp4,137,12312,1983,1972,2184,2130,270,"Z
I859
1849","[[""Z"", 0.12351603150381507, 16.0], [""I859"", 0.6118721961975098, 42.0], [""1849"", 0.35953815886325374, 40.5]]",,,ml/output/tracks/best_frames/26_12-20/track_0137_r0.jpg,ml/output/tracks/best_frames_hires/26_12-20/track_0137_r0.jpg,
26_12-20.mp4,136,12312,628,872,817,1110,270,"=vxs
n =
а =
1119
1119","[[""=vxs"", 0.09349984675645828, 20.0], [""n ="", 0.36333778500556946, 16.0], [""а ="", 0.18301012973013447, 18.0], [""1119"", 0.9563088360138843, 45.0], [""1119"", 0.9994274377822876, 44.0]]",,,ml/output/tracks/best_frames/26_12-20/track_0136_r0.jpg,ml/output/tracks/best_frames_hires/26_12-20/track_0136_r0.jpg,
26_12-20.mp4,139,12312,2041,1052,2301,1274,270,"46
'29
065
299","[[""46"", 0.9999931722173684, 24.0], [""'29"", 0.983554547810138, 50.0], [""065"", 0.14058588847196038, 30.0], [""299"", 0.9822592187644332, 54.0]]",,,ml/output/tracks/best_frames/26_12-20/track_0139_r0.jpg,ml/output/tracks/best_frames_hires/26_12-20/track_0139_r0.jpg,8
26_12-20.mp4,141,12462,2020,1578,2235,1769,0,"1
Il
[
8
5
91 ","[[""1"", 0.5912144161129618, 26.0], [""Il"", 0.9850264939092718, 24.0], [""["", 0.7659235589637916, 42.0], [""8"", 0.9656565127117211, 127.0], [""5"", 0.5568359155461167, 57.5], [""91 "", 0.3485316885971357, 56.0]]",,,ml/output/tracks/best_frames/26_12-20/track_0141_r0.jpg,ml/output/tracks/best_frames_hires/26_12-20/track_0141_r0.jpg,16
26_12-20.mp4,137,12462,1985,2022,2177,2159,270,"Г
1859
189","[[""Г"", 0.9679256421055129, 16.0], [""1859"", 0.6633164174726447, 38.0], [""189"", 0.7626907229423523, 39.0]]",,,ml/output/tracks/best_frames/26_12-20/track_0137_r1.jpg,ml/output/tracks/best_frames_hires/26_12-20/track_0137_r1.jpg,
26_12-20.mp4,139,12462,2043,1074,2309,1284,270,"46
462","[[""46"", 0.9999979769518709, 24.0], [""462"", 0.5654803341272938, 32.89969202990676]]",,,ml/output/tracks/best_frames/26_12-20/track_0139_r1.jpg,ml/output/tracks/best_frames_hires/26_12-20/track_0139_r1.jpg,
26_12-20.mp4,141,12613,2021,1635,2234,1822,0,"[
ШM
2
[
2","[[""["", 0.3311038116390961, 48.0], [""ШM"", 0.09232921787576807, 32.0], [""2"", 0.21242857075382293, 149.0], [""["", 0.6721990259639234, 44.94801605407838], [""2"", 0.7644054981292356, 56.5]]",,,ml/output/tracks/best_frames/26_12-20/track_0141_r1.jpg,ml/output/tracks/best_frames_hires/26_12-20/track_0141_r1.jpg,84
26_12-20.mp4,130,12613,0,1308,112,1478,0,,[],,,ml/output/tracks/best_frames/26_12-20/track_0130_r2.jpg,ml/output/tracks/best_frames_hires/26_12-20/track_0130_r2.jpg,
26_12-20.mp4,134,12613,2087,0,2343,256,0,"['
al
!
{
IXl
{Y","[[""['"", 0.6319098711687803, 40.0], [""al"", 0.9114810314215163, 224.0], [""!"", 0.562904639270446, 64.0], [""{"", 0.6849288671546674, 138.0], [""IXl"", 0.1832998930275435, 38.0], [""{Y"", 0.6936770791266865, 91.0]]",,,ml/output/tracks/best_frames/26_12-20/track_0134_r1.jpg,ml/output/tracks/best_frames_hires/26_12-20/track_0134_r1.jpg,
26_12-20.mp4,141,12763,2010,1692,2227,1881,0,"#l
[
8
5","[[""#l"", 0.6002657931216604, 26.0], [""["", 0.558407446500965, 42.0], [""8"", 0.17579021419351548, 143.0], [""5"", 0.897460551081636, 56.0]]",,,ml/output/tracks/best_frames/26_12-20/track_0141_r2.jpg,ml/output/tracks/best_frames_hires/26_12-20/track_0141_r2.jpg,2.
26_12-20.mp4,134,13063,2080,208,2346,484,270,"Е-aa
к=
Гx
=- +
Cъ
~аzalt =
s7=
27495
= -
37-
27495","[[""Е-aa"", 0.38084766268730164, 21.0], [""к="", 0.15417896362121802, 18.0], [""Гx"", 0.3252423118554551, 20.0], [""=- +"", 0.355098732785694, 16.0], [""Cъ"", 0.33845937995881814, 16.0], [""~аzalt ="", 0.16513744768587552, 25.0], [""s7="", 0.13169710284215455, 28.0], [""27495"", 0.7269920890686714, 60.0], [""= -"", 0.42441776394844055, 24.611442075295713], [""37-"", 0.8971060401331994, 30.0], [""27495"", 0.9997877622097177, 61.5]]",,,ml/output/tracks/best_frames/26_12-20/track_0134_r0.jpg,ml/output/tracks/best_frames_hires/26_12-20/track_0134_r0.jpg,
26_12-20.mp4,134,13213,2084,291,2339,571,0,"ф
2
I
{
[Il}
81","[[""ф"", 0.3455530167758667, 42.0], [""2"", 0.15297731519512414, 229.0], [""I"", 0.1734256577634028, 142.0], [""{"", 0.9986423097079786, 152.0], [""[Il}"", 0.3489648997783661, 42.0], [""81"", 0.6131757546443928, 81.0]]",,,ml/output/tracks/best_frames/26_12-20/track_0134_r2.jpg,ml/output/tracks/best_frames_hires/26_12-20/track_0134_r2.jpg,
26_12-20.mp4,152,13513,2088,1,2369,194,0,,[],,,ml/output/tracks/best_frames/26_12-20/track_0152_r2.jpg,ml/output/tracks/best_frames_hires/26_12-20/track_0152_r2.jpg,
26_12-20.mp4,151,13513,567,869,748,953,270,"19
19","[[""19"", 0.9992373115507281, 36.0], [""19"", 0.9997620471861908, 33.0]]",,,ml/output/tracks/best_frames/26_12-20/track_0151_r1.jpg,ml/output/tracks/best_frames_hires/26_12-20/track_0151_r1.jpg,
26_12-20.mp4,153,13664,2055,1097,2298,1295,0,"41
{""
I
1'
""
[Ш IП
8
8","[[""41"", 0.752735405644532, 26.0], [""{\"""", 0.12324280795598856, 34.0], [""I"", 0.41243361616603025, 60.0], [""1'"", 0.5433404352539289, 36.0], [""\"""", 0.7897654574009181, 69.0], [""[Ш IП"", 0.24393027176713697, 48.0], [""8"", 0.4126823120531107, 136.96178334243348], [""8"", 0.3712792699079195, 122.5]]",,,ml/output/tracks/best_frames/26_12-20/track_0153_r0.jpg,ml/output/tracks/best_frames_hires/26_12-20/track_0153_r0.jpg,8
26_12-20.mp4,152,13664,2081,0,2355,196,180,[iunet,"[[""[iunet"", 0.32908709853276, 39.0]]",,,ml/output/tracks/best_frames/26_12-20/track_0152_r1.jpg,ml/output/tracks/best_frames_hires/26_12-20/track_0152_r1.jpg,
26_12-20.mp4,151,13664,571,864,755,979,270,"1 19
119","[[""1 19"", 0.5783957242965698, 43.0], [""119"", 0.9949918052732105, 43.5]]",,,ml/output/tracks/best_frames/26_12-20/track_0151_r0.jpg,ml/output/tracks/best_frames_hires/26_12-20/track_0151_r0.jpg,
26_12-20.mp4,153,13814,2041,1057,2328,1277,270,"=iы
=2s
=.,
2
2
4","[[""=iы"", 0.1589969267629727, 24.0], [""=2s"", 0.10545783730447897, 14.0], [""=.,"", 0.19220209764344082, 16.0], [""2"", 1.0, 50.0], [""2"", 1.0, 50.0], [""4"", 0.17414768540149694, 15.0]]",,,ml/output/tracks/best_frames/26_12-20/track_0153_r1.jpg,ml/output/tracks/best_frames_hires/26_12-20/track_0153_r1.jpg,
26_12-20.mp4,152,13814,2079,8,2354,136,90,6€,"[[""6€"", 0.9783160043579124, 60.0]]",,,ml/output/tracks/best_frames/26_12-20/track_0152_r0.jpg,ml/output/tracks/best_frames_hires/26_12-20/track_0152_r0.jpg,
26_12-20.mp4,161,14414,2019,1891,2252,2096,270,"299
299","[[""299"", 0.999136633857864, 60.757648705364886], [""299"", 0.9962508470621417, 51.5]]",,,ml/output/tracks/best_frames/26_12-20/track_0161_r1.jpg,ml/output/tracks/best_frames_hires/26_12-20/track_0161_r1.jpg,5
26_12-20.mp4,161,14565,2018,1924,2265,2144,0,,[],,,ml/output/tracks/best_frames/26_12-20/track_0161_r0.jpg,ml/output/tracks/best_frames_hires/26_12-20/track_0161_r0.jpg,
26_12-20.mp4,166,15015,2348,2128,2428,2159,0,,[],,,ml/output/tracks/best_frames/26_12-20/track_0166_r0.jpg,ml/output/tracks/best_frames_hires/26_12-20/track_0166_r0.jpg,
26_12-20.mp4,164,15015,2351,2092,2424,2159,0,,[],,,ml/output/tracks/best_frames/26_12-20/track_0164_r0.jpg,ml/output/tracks/best_frames_hires/26_12-20/track_0164_r0.jpg,
26_12-20.mp4,164,15165,2365,2092,2419,2159,0,,[],,,ml/output/tracks/best_frames/26_12-20/track_0164_r2.jpg,ml/output/tracks/best_frames_hires/26_12-20/track_0164_r2.jpg,
26_12-20.mp4,166,15165,2362,2140,2463,2159,0,,[],,,ml/output/tracks/best_frames/26_12-20/track_0166_r1.jpg,ml/output/tracks/best_frames_hires/26_12-20/track_0166_r1.jpg,
26_12-20.mp4,166,15315,2359,2137,2425,2159,0,,[],,,ml/output/tracks/best_frames/26_12-20/track_0166_r2.jpg,ml/output/tracks/best_frames_hires/26_12-20/track_0166_r2.jpg,
26_12-20.mp4,164,15315,2362,2092,2419,2159,0,,[],,,ml/output/tracks/best_frames/26_12-20/track_0164_r1.jpg,ml/output/tracks/best_frames_hires/26_12-20/track_0164_r1.jpg,
26_12-20.mp4,168,15315,487,20,672,318,0,"#
{
а
[
;
'
93
6
g
I
[
9
5:2
6
5","[[""#"", 0.9914423515966497, 46.0], [""{"", 0.9898753252337542, 61.0], [""а"", 0.6640665448287564, 24.0], [""["", 0.6019318433573062, 72.0], ["";"", 0.6691807843105302, 28.0], [""'"", 0.4461984156232326, 47.0], [""93"", 0.2686759171448754, 16.0], [""6"", 0.8764183643271259, 87.0], [""g"", 0.29343540891665043, 40.0], [""I"", 0.8290160929387049, 62.909742147877864], [""["", 0.6843607142545807, 40.93732773208808], [""9"", 0.5147617329208174, 43.5], [""5:2"", 0.7937744820572564, 20.0], [""6"", 0.9112538322041388, 85.5], [""5"", 0.3671889802382253, 38.0]]",,,ml/output/tracks/best_frames/26_12-20/track_0168_r2.jpg,ml/output/tracks/best_frames_hires/26_12-20/track_0168_r2.jpg,998  6 5
26_12-20.mp4,168,15465,487,18,672,318,0,"#
[
[
а
Ii
8
2
1
1
'
5
8
7
6
5
1","[[""#"", 0.9992978613682091, 44.0], [""["", 0.45994562796537153, 36.0], [""["", 0.14058208792994265, 59.0], [""а"", 0.8387188532486931, 24.0], [""Ii"", 0.43508104651462837, 94.0], [""8"", 0.6061743020527643, 127.0], [""2"", 0.5459045154375453, 40.0], [""1"", 0.09773833538733712, 62.909742147877864], [""1"", 0.9600267006340459, 57.96885515101698], [""'"", 0.3751145738017527, 36.923047895281655], [""5"", 0.7784719406743967, 36.0], [""8"", 0.45715531899094586, 53.5], [""7"", 0.9940188228764022, 19.0], [""6"", 0.946782916928214, 89.5], [""5"", 0.39859647624681216, 40.0], [""1"", 0.9720130010936288, 31.471877115268924]]",,,ml/output/tracks/best_frames/26_12-20/track_0168_r1.jpg,ml/output/tracks/best_frames_hires/26_12-20/track_0168_r1.jpg,99 6 5
26_12-20.mp4,168,15616,487,21,672,319,0,"#
{
а
II
8
д
g
[
f
7
5
52
597
:
6
2","[[""#"", 0.9999201313708141, 40.0], [""{"", 0.32997713922444305, 58.0], [""а"", 0.3150704475507524, 22.0], [""II"", 0.40462590927078873, 94.0], [""8"", 0.5441533419913789, 129.0], [""д"", 0.6500051928998261, 64.0], [""g"", 0.23238223178549422, 34.0], [""["", 0.948561474560293, 62.909742147877864], [""f"", 0.21442298259174564, 34.91404880886694], [""7"", 0.12598100531272394, 15.5], [""5"", 0.2592682880856536, 38.0], [""52"", 0.15221911059197704, 53.5], [""597"", 0.3889400914429348, 20.0], ["":"", 0.4410975180089203, 31.0], [""6"", 0.8929139142967166, 86.5], [""2"", 0.4082082673446088, 40.0]]",,,ml/output/tracks/best_frames/26_12-20/track_0168_r0.jpg,ml/output/tracks/best_frames_hires/26_12-20/track_0168_r0.jpg,99 6 8
26_12-20.mp4,106,16667,704,1799,911,2006,0,"1 =
# =
Et
;
$
;
0
2","[[""1 ="", 0.31640636920928955, 20.0], [""# ="", 0.9352175235615952, 30.0], [""Et"", 0.675239542373068, 34.0], ["";"", 0.5473967859007303, 30.89074596325254], [""$"", 0.9554023526183961, 92.94520483458302], ["";"", 0.10728525008460466, 65.94896448285061], [""0"", 0.6896027507114155, 23.0], [""2"", 0.4369858702694138, 54.5]]",,,ml/output/tracks/best_frames/26_12-20/track_0106_r2.jpg,ml/output/tracks/best_frames_hires/26_12-20/track_0106_r2.jpg,5
26_12-20.mp4,160,16667,2138,94,2423,386,0,"{ 2
'lag 
5
@
Е
[
3
1
g
2
#
g
₽
8
Ё
!
₽
8
5
8
11","[[""{ 2"", 0.2717316248480617, 24.0], [""'lag "", 0.33826022948933193, 66.0], [""5"", 0.9280891553173412, 42.0], [""@"", 0.9309769462094017, 72.0], [""Е"", 0.7770034849486116, 30.0], [""["", 0.4794632938612722, 88.0], [""3"", 0.9418985800951738, 38.0], [""1"", 0.8920472028583823, 150.0], [""g"", 0.9976984407643528, 38.0], [""2"", 0.4537475035622265, 216.0], [""#"", 0.9919778711015539, 30.0], [""g"", 0.09421865190324752, 52.0], [""₽"", 0.11057407472448233, 130.0], [""8"", 0.9999587540111321, 34.0], [""Ё"", 0.7078936249609455, 64.0], [""!"", 0.842030517707272, 30.0], [""₽"", 0.42245650045785865, 65.94896448285061], [""8"", 0.9129168190658596, 37.0], [""5"", 0.95287284895916, 61.0], [""8"", 0.9999723436360455, 32.0], [""11"", 0.19169135049365352, 77.0]]",11524144.0,barcode=3770001048277&price1=2526.31&price2=2399.99&price4=2184.99&aP=,ml/output/tracks/best_frames/26_12-20/track_0160_r2.jpg,ml/output/tracks/best_frames_hires/26_12-20/track_0160_r2.jpg,5:
26_12-20.mp4,165,16667,2082,1115,2348,1286,270,"Вино GUIGAL
Кот дю Рон ₽
выд- кр
сух
[Франция) 0.
Судсс
37%
шu
dm
2a
/-379
3
27
0
26: :5","[[""Вино GUIGAL"", 0.7118108205529303, 28.0], [""Кот дю Рон ₽"", 0.7949698611191803, 28.0], [""выд- кр"", 0.8698710959565292, 21.0], [""сух"", 0.9041700698276701, 16.0], [""[Франция) 0."", 0.9909880305323606, 26.0], [""Судсс"", 0.6567084916548013, 18.0], [""37%"", 0.8267625959735001, 32.0], [""шu"", 0.11189889334557535, 8.0], [""dm"", 0.21309155219289969, 8.0], [""2a"", 0.21386892900858848, 12.0], [""/-379"", 0.5508850980962358, 34.5], [""3"", 0.9526004547010167, 12.0], [""27"", 0.9599316965290264, 50.0], [""0"", 0.6865667807223872, 12.0], [""26: :5"", 0.09188379081921201, 13.5]]",,,ml/output/tracks/best_frames/26_12-20/track_0165_r1.jpg,ml/output/tracks/best_frames_hires/26_12-20/track_0165_r1.jpg,25 0 5 5 3 5/ 6 3 : 50 8
26_12-20.mp4,157,16667,484,149,660,417,0,"#
@f
?
1
а
[g
3
#зD
3
;
i
8 ","[[""#"", 0.9996760153967585, 42.0], [""@f"", 0.09572035729633925, 59.0], [""?"", 0.32167155909918677, 36.0], [""1"", 0.8534787785080802, 61.0], [""а"", 0.25816104001984286, 24.0], [""[g"", 0.10895092429778368, 81.0], [""3"", 0.5510489836487977, 201.0], [""#зD"", 0.054953971326094336, 52.0], [""3"", 0.35383489751044195, 48.0], ["";"", 0.34593026710041386, 30.890745963252527], [""i"", 0.501025182027778, 34.91404880886694], [""8 "", 0.5771092444133339, 80.0]]",,,ml/output/tracks/best_frames/26_12-20/track_0157_r2.jpg,ml/output/tracks/best_frames_hires/26_12-20/track_0157_r2.jpg,86.
26_12-20.mp4,156,16667,2072,1206,2338,1459,270,"GUIGAL
Кот дю Ран Рух
выд- кр
сух .
(Франция) 0.75L
Судсс
44217
)274939
2ш-н
Внна
37% 
7936
-379
5:2
22749
99
26: :1
05","[[""GUIGAL"", 0.9999652516344069, 24.0], [""Кот дю Ран Рух"", 0.6169011210297367, 30.0], [""выд- кр"", 0.6653560012974173, 20.0], [""сух ."", 0.573750212750596, 16.0], [""(Франция) 0.75L"", 0.8330093665860338, 29.0], [""Судсс"", 0.4699597856223472, 18.0], [""44217"", 0.8716917746897302, 18.0], ["")274939"", 0.7482929587735466, 60.0], [""2ш-н"", 0.041349366307258606, 12.0], [""Внна"", 0.5319786071777344, 26.66828022501295], [""37% "", 0.6523103053631265, 43.70814327703954], [""7936"", 0.11074859648942947, 15.5], [""-379"", 0.9243113994598389, 32.0], [""5:2"", 0.0992914603554015, 12.5], [""22749"", 0.7695528035121268, 61.5], [""99"", 1.0, 22.0], [""26: :1"", 0.09548543738273323, 13.5], [""05"", 0.25144242512346093, 13.334140112506475]]",11111108,,ml/output/tracks/best_frames/26_12-20/track_0156_r2.jpg,ml/output/tracks/best_frames_hires/26_12-20/track_0156_r2.jpg,29 6
26_12-20.mp4,127,16667,586,1348,797,1581,0,"[аив 
;
5
[
'
:
{
1
9
8
0","[[""[аив "", 0.040017826754198994, 60.0], ["";"", 0.2913319068368061, 24.0], [""5"", 0.4143331200668996, 53.87129002715308], [""["", 0.2995997756172528, 66.97674339530124], [""'"", 0.14125551019176985, 28.875497521447414], ["":"", 0.1830733280650101, 34.91404880886694], [""{"", 0.7830842521485835, 60.971877115268924], [""1"", 0.44187137787961106, 49.95796083947522], [""9"", 0.521020665928873, 133.9749231406107], [""8"", 0.8654808197633237, 46.95237412036789], [""0"", 0.9099301744758037, 52.472527264607024]]",,,ml/output/tracks/best_frames/26_12-20/track_0127_r2.jpg,ml/output/tracks/best_frames_hires/26_12-20/track_0127_r2.jpg,
26_12-20.mp4,173,16667,486,15,671,321,180,"1
8
;
Ш
Ё
I
#
5
!
:13: :","[[""1"", 0.6754484963772143, 52.0], [""8"", 0.9235642382475504, 116.0], ["";"", 0.7349723573725555, 34.0], [""Ш"", 0.943670230206525, 74.0], [""Ё"", 0.19731793728865998, 22.0], [""I"", 0.6675319054688913, 79.0], [""#"", 0.8706352046944552, 40.0], [""5"", 0.981917853783898, 88.95692075240885], [""!"", 0.11205097598599423, 36.92304789528163], ["":13: :"", 0.38642416585802347, 22.0]]",,,ml/output/tracks/best_frames/26_12-20/track_0173_r2.jpg,ml/output/tracks/best_frames_hires/26_12-20/track_0173_r2.jpg,4 3 8 1
26_12-20.mp4,115,16667,2038,1793,2272,1982,0,"g
5
g
5
[iiNE
₽
₽
Ё
8
!
'
f
=
5
8
9","[[""g"", 0.8171532534093764, 26.0], [""5"", 0.7495279387586748, 48.0], [""g"", 0.14896970941562415, 160.0], [""5"", 0.8212991096386624, 38.0], [""[iiNE"", 0.16883752112604528, 64.0], [""₽"", 0.20579015453097682, 22.0], [""₽"", 0.470047581520717, 48.95621185796966], [""Ё"", 0.12694696907887248, 66.97674339530124], [""8"", 0.18447422972536742, 40.86145357211308], [""!"", 0.6593053402426108, 84.96986093288575], [""'"", 0.9587690341811062, 42.94304067756627], [""f"", 0.43626496104892354, 44.88608135513253], [""="", 0.2509786508757408, 107.96029752167992], [""5"", 0.7439313583704497, 46.95237412036789], [""8"", 0.5408249383755539, 59.5], [""9"", 0.6987012225494169, 30.0]]",,,ml/output/tracks/best_frames/26_12-20/track_0115_r2.jpg,ml/output/tracks/best_frames_hires/26_12-20/track_0115_r2.jpg,
26_12-20.mp4,154,16667,2106,492,2391,791,270,"Вино BOURGOGNE
PINOT NOIR PIERRE
9Jz
NEROL пылспх
сарт дОр n
сут
(Франция) 0. 75L
Сухос
3157""
27%
шыm
1229999
Lctta
7сIгттат
1
аizar
-279
67 .
229999
5:7
77016191 0
019:
07
:","[[""Вино BOURGOGNE"", 0.7700060433167163, 27.0], [""PINOT NOIR PIERRE"", 0.9835517891113598, 28.0], [""9Jz"", 0.06363100471283921, 26.0], [""NEROL пылспх"", 0.673519526956576, 26.0], [""сарт дОр n"", 0.4495941752856005, 20.0], [""сут"", 0.6425613796285831, 16.0], [""(Франция) 0. 75L"", 0.6329450973127377, 20.0], [""Сухос"", 0.998152163873253, 24.0], [""3157\"""", 0.742266302041653, 24.0], [""27%"", 0.9693465820498225, 37.0], [""шыm"", 0.17402828378828947, 8.0], [""1229999"", 0.6497813826643951, 66.0], [""Lctta"", 0.3045993147006113, 12.0], [""7сIгттат"", 0.10257802239741641, 14.0], [""1"", 0.45003089739461544, 8.0], [""аizar"", 0.07789153584407793, 12.0], [""-279"", 0.9785970449447632, 36.5], [""67 ."", 0.1805848479270935, 12.0], [""229999"", 0.6933602381755632, 63.5], [""5:7"", 0.24582474523079093, 12.0], [""77016191 0"", 0.1934869081354893, 16.5], [""019:"", 0.6194319128990173, 10.0], [""07"", 0.720773020559265, 10.0], ["":"", 0.7311104473763095, 24.0]]",barcode=3298660031398&price1=3157.89&price2=2999.99&price4=2299.99&aP=,barcode=3298660031398&price1=3157.89&price2=2999.99&price4=2299.99&aP=,ml/output/tracks/best_frames/26_12-20/track_0154_r2.jpg,ml/output/tracks/best_frames_hires/26_12-20/track_0154_r2.jpg,482
26_12-20.mp4,146,16667,499,667,679,925,270,"Duka CAнORS
Шшто Брм)
пищ
Ly
Топаиинн} U. 7AL
z105
9з
227a/)
1
529
unmr
6715299","[[""Duka CAнORS"", 0.12965503200708942, 20.0], [""Шшто Брм)"", 0.4975143306285019, 14.0], [""пищ"", 0.3942142920962735, 8.0], [""Ly"", 0.2536148262730695, 8.0], [""Топаиинн} U. 7AL"", 0.20393195053570903, 19.0], [""z105"", 0.28154864557562775, 16.0], [""9з"", 0.6209079271623645, 16.0], [""227a/)"", 0.42530283058120033, 18.0], [""1"", 0.9984196712555473, 26.0], [""529"", 0.9997020959854126, 43.0], [""unmr"", 0.30259042978286743, 14.675729507213532], [""6715299"", 0.5858800071816614, 52.0]]",,,ml/output/tracks/best_frames/26_12-20/track_0146_r2.jpg,ml/output/tracks/best_frames_hires/26_12-20/track_0146_r2.jpg,0
26_12-20.mp4,165,16817,2082,1115,2347,1285,270,"Вино GUIGAL
Кот дю
выд- кp сух
(Франция) 0
Сутсс
37%
ЧъгиIn
2u-
Рон
-379
673
27
9
20 :3","[[""Вино GUIGAL"", 0.8693642791602237, 26.0], [""Кот дю"", 0.9706437560373848, 26.0], [""выд- кp сух"", 0.4798758451396399, 20.0], [""(Франция) 0"", 0.9712083340153621, 27.0], [""Сутсс"", 0.39118766581180864, 18.0], [""37%"", 0.9901062378910138, 30.0], [""ЧъгиIn"", 0.045563583588939346, 6.0], [""2u-"", 0.05625655953518464, 12.0], [""Рон"", 0.5402268171310425, 25.64146590985041], [""-379"", 0.9995818734169006, 32.0], [""673"", 0.5110038099488643, 12.0], [""27"", 0.8112354260674167, 52.0], [""9"", 0.1223366412115503, 9.0], [""20 :3"", 0.04192412948308516, 14.0]]",,,ml/output/tracks/best_frames/26_12-20/track_0165_r2.jpg,ml/output/tracks/best_frames_hires/26_12-20/track_0165_r2.jpg,0 5: 1 0 3 : 8
26_12-20.mp4,173,16817,486,16,671,321,180,"1
8
1
;
I
6
Ё
I
6
6
'
!
::3: ","[[""1"", 0.8362199829580277, 52.0], [""8"", 0.6762756412131807, 115.0], [""1"", 0.7683983480802112, 48.0], ["";"", 0.6373704890648355, 34.0], [""I"", 0.1368692403192151, 73.0], [""6"", 0.5687305851099609, 46.0], [""Ё"", 0.22467448091668363, 22.0], [""I"", 0.726827324840599, 79.0], [""6"", 0.7921740314614567, 22.0], [""6"", 0.9432129791239419, 40.0], [""'"", 0.6398994103858655, 24.0], [""!"", 0.9938052568575273, 36.92304789528163], [""::3: "", 0.2897334777941176, 22.0]]",,,ml/output/tracks/best_frames/26_12-20/track_0173_r1.jpg,ml/output/tracks/best_frames_hires/26_12-20/track_0173_r1.jpg,1 25 8 8
26_12-20.mp4,157,16817,485,148,660,417,180,"a
ig
8
1
;:
Ш
€
ё
I
6
6
!
58
1
:
2
2
2","[[""a"", 0.8331185574117264, 57.0], [""ig"", 0.21200711276313666, 52.0], [""8"", 0.9453551062461116, 114.0], [""1"", 0.58028110721526, 48.0], ["";:"", 0.1273217561955976, 34.0], [""Ш"", 0.5399600941760951, 72.0], [""€"", 0.46035253950137545, 46.0], [""ё"", 0.11467109822234889, 24.0], [""I"", 0.7955633391137695, 77.0], [""6"", 0.846595697841682, 26.0], [""6"", 0.3861534405162139, 38.0], [""!"", 0.46249607356281786, 38.0], [""58"", 0.4335503148194259, 39.0], [""1"", 0.7225363163743168, 86.5], ["":"", 0.6754968958853311, 17.0], [""2"", 0.9999299061660736, 15.0], [""2"", 0.23502134152018872, 45.97992214090377], [""2"", 0.5314639893719608, 17.40341723552109]]",,,ml/output/tracks/best_frames/26_12-20/track_0157_r0.jpg,ml/output/tracks/best_frames_hires/26_12-20/track_0157_r0.jpg,38..
26_12-20.mp4,127,16817,586,1348,797,1581,180,"внg
'
'
8
{
!
{
8
5
9
8
:
1
1
2
:","[[""внg"", 0.23740366513895905, 76.0], [""'"", 0.9330690987258663, 28.0], [""'"", 0.8160479989140903, 174.98569588327905], [""8"", 0.9653336898011879, 47.95435272784562], [""{"", 0.6728928444494073, 39.934149074525294], [""!"", 0.9990999340661801, 30.890745963252556], [""{"", 0.23478410963562713, 34.91404880886694], [""8"", 0.9365537005136595, 26.856953381770495], [""5"", 0.9928946797545137, 13.5], [""9"", 0.20743076473625255, 37.0], [""8"", 0.47968990509616916, 33.5], ["":"", 0.6217781384461638, 44.97896482258483], [""1"", 0.9845491121396321, 43.48564025080296], [""1"", 0.99935828016919, 65.49382866956302], [""2"", 0.10240670939944962, 36.46713310127908], ["":"", 0.4102423231542076, 32.963559701180564]]",,,ml/output/tracks/best_frames/26_12-20/track_0127_r1.jpg,ml/output/tracks/best_frames_hires/26_12-20/track_0127_r1.jpg,
26_12-20.mp4,160,16817,2138,94,2423,386,270,"Вино CHATEAII LE
@agE
VIEUX FORT Барда
Мепот Крю Буржуа
АОП цыдцря
сyx. {Франция} 0 75L
зпч
Сухос
2526 ""
тr
13%]
2184'
99
аT Lы&
inm
а9ла1:s1
IШШМI
LEU1;
nшtah
т509;
Сявт
-139
221849
99
91 .9
6560
27 101 2501
.:
670 017
0.6
2091
0 83","[[""Вино CHATEAII LE"", 0.8317152205072706, 24.0], [""@agE"", 0.24143609404563904, 26.0], [""VIEUX FORT Барда"", 0.9147692936212307, 20.0], [""Мепот Крю Буржуа"", 0.6156137148911838, 20.0], [""АОП цыдцря"", 0.20573819936222026, 20.0], [""сyx. {Франция} 0 75L"", 0.6049315968604232, 26.0], [""зпч"", 0.5257620972908679, 12.0], [""Сухос"", 0.9885641856367218, 24.0], [""2526 \"""", 0.8155183261992738, 24.0], [""тr"", 0.09812748962906727, 8.0], [""13%]"", 0.8572681546211243, 32.0], [""2184'"", 0.998762591045346, 64.0], [""99"", 0.9999987355947788, 30.0], [""аT Lы&"", 0.37127222354013395, 14.0], [""inm"", 0.2566410426494816, 8.0], [""а9ла1:s1"", 0.08666798814886521, 12.0], [""IШШМI"", 0.11004066822485925, 20.0], [""LEU1;"", 0.5509564247471779, 14.0], [""nшtah"", 0.3938844427396782, 12.0], [""т509;"", 0.24361088591135246, 14.0], [""Сявт"", 0.48375317454338074, 16.0], [""-139"", 0.9999005198478699, 33.0], [""221849"", 0.5676119914513043, 61.0], [""99"", 1.0, 24.0], [""91 .9"", 0.40224566156284614, 12.0], [""6560"", 0.46285876631736755, 13.0], [""27 101 2501"", 0.11288091238121101, 14.0], ["".:"", 0.43625974942510026, 24.0], [""670 017"", 0.3002740540657201, 12.0], [""0.6"", 0.1496582536405409, 10.0], [""2091"", 0.5039497017860413, 16.0], [""0 83"", 0.5667963624000549, 16.0]]",barcode=3770001048277&price1=2526.31&price2=2399.99&price4=2184.99&aP=,barcode=3770001048277&price1=2526.31&price2=2399.99&price4=2184.99&aP=,ml/output/tracks/best_frames/26_12-20/track_0160_r1.jpg,ml/output/tracks/best_frames_hires/26_12-20/track_0160_r1.jpg,9:
26_12-20.mp4,156,16817,2072,1206,2338,1459,180,"5
;
'
#
1
3
g 5
3
8
3 :
6
:
16
53
3
8","[[""5"", 0.9888280893893011, 46.0], ["";"", 0.9916725206046664, 34.0], [""'"", 0.11004736875023369, 77.0], [""#"", 0.7787582659125611, 80.0], [""1"", 0.9315371858652419, 115.0], [""3"", 0.9369737938701661, 215.0], [""g 5"", 0.24324917117846587, 51.0], [""3"", 0.9998033143445042, 74.96090602042332], [""8"", 0.8512244719908182, 48.904748240735785], [""3 :"", 0.39018676748146586, 47.5], [""6"", 0.9681253835327972, 18.0], ["":"", 0.3401491895957065, 78.5], [""16"", 0.4659816048905838, 100.5], [""53"", 0.6796567634440183, 20.0], [""3"", 0.8620046605362894, 32.0], [""8"", 0.4506162337094253, 50.477074547553144]]",,,ml/output/tracks/best_frames/26_12-20/track_0156_r1.jpg,ml/output/tracks/best_frames_hires/26_12-20/track_0156_r1.jpg,2 6
26_12-20.mp4,154,16817,2106,492,2391,791,270,"Вино BOURGOGNE
PINOT NOIR PIERRE
NEROL пылспх
сарт дОР n
сут
(Франция) 0. 75L
Сухос
3157""
27%
шue
2229999
Liftte
70101aity;
ПiJmz -6Iз5rJ
-279
1  
2299
99
87
770101 1 4:
01397
072073
1.","[[""Вино BOURGOGNE"", 0.8884445820970565, 27.0], [""PINOT NOIR PIERRE"", 0.9892104522901144, 28.0], [""NEROL пылспх"", 0.4586505351748818, 26.0], [""сарт дОР n"", 0.6138342125786374, 20.0], [""сут"", 0.9299173852912654, 14.0], [""(Франция) 0. 75L"", 0.6116573916584421, 20.0], [""Сухос"", 0.9984937483075729, 24.0], [""3157\"""", 0.9734285256092043, 24.0], [""27%"", 0.928711473941803, 39.0], [""шue"", 0.06752931928813125, 8.0], [""2229999"", 0.7500586841998296, 66.0], [""Liftte"", 0.13047930019766138, 12.0], [""70101aity;"", 0.038354600852380946, 13.0], [""ПiJmz -6Iз5rJ"", 0.06295966846748466, 12.0], [""-279"", 0.9838858842849731, 36.5], [""1  "", 0.32718324661254883, 12.0], [""2299"", 0.698064686773758, 62.5], [""99"", 1.0, 25.0], [""87"", 0.25670985602190205, 12.0], [""770101 1 4:"", 0.22920903138314647, 15.5], [""01397"", 0.1903251412498683, 10.0], [""072073"", 0.25091892750278655, 12.0], [""1."", 0.40631871537800346, 26.0]]",barcode=3298660031398&price1=3157.89&price2=2999.99&price4=2299.99&aP=,barcode=3298660031398&price1=3157.89&price2=2999.99&price4=2299.99&aP=,ml/output/tracks/best_frames/26_12-20/track_0154_r1.jpg,ml/output/tracks/best_frames_hires/26_12-20/track_0154_r1.jpg,69:
26_12-20.mp4,115,16817,2038,1793,2272,1982,0,"g
5
g
5
[iiNE
₽
Ё
;
!
'
f
2
;
8
9","[[""g"", 0.9875673282678896, 26.0], [""5"", 0.7334215947601166, 48.0], [""g"", 0.4914706615090978, 162.0], [""5"", 0.7293387572003809, 38.0], [""[iiNE"", 0.07191737564902118, 64.0], [""₽"", 0.5102819355670363, 48.95621185796966], [""Ё"", 0.260207611626484, 66.97674339530124], ["";"", 0.34330836512323515, 36.923047895281655], [""!"", 0.7647766884881015, 84.96986093288575], [""'"", 0.9752639895632456, 42.94304067756627], [""f"", 0.18721557653286514, 44.88608135513253], [""2"", 0.390834091264324, 107.96029752167992], ["";"", 0.24187097287403336, 48.9047482407358], [""8"", 0.5710848204309968, 59.5], [""9"", 0.7140436838657003, 30.0]]",,,ml/output/tracks/best_frames/26_12-20/track_0115_r1.jpg,ml/output/tracks/best_frames_hires/26_12-20/track_0115_r1.jpg,
26_12-20.mp4,106,16817,705,1799,911,2005,0,"2 =
# =
$
?
$
;
$
Ё
2
9","[[""2 ="", 0.1864382028579712, 24.0], [""# ="", 0.33754246994592924, 30.0], [""$"", 0.3773696316024058, 32.0], [""?"", 0.9937805383992924, 42.0], [""$"", 0.21124300972645305, 42.94304067756627], ["";"", 0.9221807234723691, 33.90895995607006], [""$"", 0.9868984644700873, 85.95366726028202], [""Ё"", 0.12499335768103492, 62.973655330211045], [""2"", 0.994465519801313, 52.0], [""9"", 0.303998913477713, 54.911712722746614]]",,,ml/output/tracks/best_frames/26_12-20/track_0106_r1.jpg,ml/output/tracks/best_frames_hires/26_12-20/track_0106_r1.jpg,8
26_12-20.mp4,146,16817,498,667,679,926,180,"{g
8
F
1
:
6
Il
1
:
3
4
1","[[""{g"", 0.13801788578515978, 55.0], [""8"", 0.9988186274292197, 116.0], [""F"", 0.8826582976671524, 24.0], [""1"", 0.9328198138712231, 67.0], ["":"", 0.3882948145980123, 42.0], [""6"", 0.9777981483878193, 73.0], [""Il"", 0.3596475601881858, 50.0], [""1"", 0.21896042705906726, 64.97527105692893], ["":"", 0.46653968301243154, 15.5], [""3"", 0.9525522865092775, 55.5], [""4"", 0.8912637409818878, 65.0], [""1"", 0.9975516303563303, 90.0]]",,,ml/output/tracks/best_frames/26_12-20/track_0146_r1.jpg,ml/output/tracks/best_frames_hires/26_12-20/track_0146_r1.jpg,
26_12-20.mp4,165,16967,2082,1116,2347,1286,0,"Jg
g
8
в
[
5 ;
3
3
я
8
?
1
6
8
53 :
5
1
82
2
0
7
8","[[""Jg"", 0.29701387650916805, 20.0], [""g"", 0.9523080901900016, 66.0], [""8"", 0.9998681588715641, 44.0], [""в"", 0.29679111065776453, 41.0], [""["", 0.39938930565455166, 107.0], [""5 ;"", 0.5032804608345032, 48.0], [""3"", 0.6621756252195645, 52.0], [""3"", 0.6089279357333943, 36.828097617733874], [""я"", 0.5153796940008171, 50.912423715939326], [""8"", 0.8203535435885811, 73.95979797464466], [""?"", 0.40294888923659755, 36.828097617733874], [""1"", 0.9999901056534419, 54.5], [""6"", 0.7106845662761749, 28.0], [""8"", 0.2939580555239587, 14.0], [""53 :"", 0.2931296229362488, 54.5], [""5"", 0.438891118299253, 117.0], [""1"", 0.20365374403104397, 93.5], [""82"", 0.283563322498417, 78.0], [""2"", 0.5368684043930649, 71.0], [""0"", 0.6661800368040396, 13.0], [""7"", 0.2115819669274197, 15.0], [""8"", 0.9999364624579563, 50.477074547553144]]",,,ml/output/tracks/best_frames/26_12-20/track_0165_r0.jpg,ml/output/tracks/best_frames_hires/26_12-20/track_0165_r0.jpg,8 5 0 5 5 : 6 3 3 8 37
26_12-20.mp4,173,16967,486,17,670,321,180,"a
a
I
8
[
 :
#I
ё
1
;
3
'
5
[
:18: :","[[""a"", 0.6943897748157077, 22.0], [""a"", 0.26402250025956064, 61.0], [""I"", 0.22115264695159542, 52.0], [""8"", 0.8845483618597996, 116.0], [""["", 0.3022652700101389, 46.0], ["" :"", 0.1941383865867329, 36.0], [""#I"", 0.4287556691601416, 71.0], [""ё"", 0.1853697431511172, 24.0], [""1"", 0.8756007472187299, 59.0], ["";"", 0.8257116225065744, 24.0], [""3"", 0.19470297957618588, 38.0], [""'"", 0.3378786694480027, 24.0], [""5"", 0.9451641020730364, 86.9547913993286], [""["", 0.9608041779328893, 65.91836354299284], ["":18: :"", 0.15610715497256378, 22.0]]",,,ml/output/tracks/best_frames/26_12-20/track_0173_r0.jpg,ml/output/tracks/best_frames_hires/26_12-20/track_0173_r0.jpg,23 0 8
26_12-20.mp4,115,16967,2038,1793,2272,1982,180,"5
;
j
1
я
5
[
'
1
5
&
6
1
8
3
1
1
2","[[""5"", 0.22412107299950268, 36.0], ["";"", 0.7664680416210103, 38.0], [""j"", 0.48479372364353424, 85.0], [""1"", 0.6779388108056459, 110.0], [""я"", 0.23198229643938717, 24.0], [""5"", 0.6810153781685244, 166.97510370762149], [""["", 0.671047786403026, 96.97707454755317], [""'"", 0.7945228351526659, 58.96991404929264], [""1"", 0.580253138353104, 70.97932119800072], [""5"", 0.9847088030401352, 38.84609579056331], [""&"", 0.23741363730099252, 32.90341723552109], [""6"", 0.852869977188675, 20.0], [""1"", 0.24484668368636253, 63.5], [""8"", 0.3345178265079518, 43.0], [""3"", 0.8211570509676136, 63.98997256369694], [""1"", 0.4986625474459885, 63.98997256369694], [""1"", 0.253304421485101, 64.99029186503553], [""2"", 0.7585873060514956, 43.977937632651575]]",,,ml/output/tracks/best_frames/26_12-20/track_0115_r0.jpg,ml/output/tracks/best_frames_hires/26_12-20/track_0115_r0.jpg,1
26_12-20.mp4,106,16967,704,1799,912,2005,0,"2 =
[t
?
$
$
;
!
1
2
6","[[""2 ="", 0.39795986390676913, 24.0], [""[t"", 0.17801486623572085, 36.0], [""?"", 0.9972175668049523, 42.0], [""$"", 0.15279133596044492, 33.90895995607006], [""$"", 0.9970829333453821, 83.9512899881151], ["";"", 0.124101758930383, 66.95054211385786], [""!"", 0.7287422941545998, 36.828097617733874], [""1"", 0.22495192136604203, 32.90341723552109], [""2"", 0.4326932584104384, 52.5], [""6"", 0.3868642507365081, 56.4708055877789]]",,,ml/output/tracks/best_frames/26_12-20/track_0106_r0.jpg,ml/output/tracks/best_frames_hires/26_12-20/track_0106_r0.jpg,8:2 8
26_12-20.mp4,127,16967,587,1348,796,1581,0,"#;
са{
5
{
'
8
1
'
9
g
1","[[""#;"", 0.949654491532874, 26.0], [""са{"", 0.268102645624786, 24.0], [""5"", 0.6295480491602667, 49.90870545569119], [""{"", 0.8464401713369263, 66.97674339530124], [""'"", 0.45489925816470134, 28.875497521447414], [""8"", 0.2806759748028895, 34.91404880886694], [""1"", 0.9294331911210207, 60.971877115268924], [""'"", 0.5346466115202162, 46.95237412036789], [""9"", 0.9175379012008342, 108.96107411703852], [""g"", 0.22596945876011265, 56.84050301000147], [""1"", 0.7371415911906212, 30.890745963252527]]",,,ml/output/tracks/best_frames/26_12-20/track_0127_r0.jpg,ml/output/tracks/best_frames_hires/26_12-20/track_0127_r0.jpg,
26_12-20.mp4,154,16967,2106,492,2391,791,270,"Вино BOURGOGNE
PINOT NOIR PIERRE
NEROL нылспэ
сарт дОР n
сух
(Франция] 0. 75L
Сухос
3157""
27%
шг
2229999
LEtta
770101 патт0:
€3ат-аiz 911
7ъг9
279
67 .6
2299
99
9:7
770101 91 0:
239:
073 073
03-","[[""Вино BOURGOGNE"", 0.8992665506056224, 27.0], [""PINOT NOIR PIERRE"", 0.9998518676559947, 26.0], [""NEROL нылспэ"", 0.4905836069662373, 27.0], [""сарт дОР n"", 0.47779451189667005, 20.0], [""сух"", 0.4465120862784952, 16.0], [""(Франция] 0. 75L"", 0.8080018157199812, 24.0], [""Сухос"", 0.8914868595314024, 20.0], [""3157\"""", 0.9863449156220482, 24.0], [""27%"", 0.9657699465751648, 39.0], [""шг"", 0.10783739000390889, 8.0], [""2229999"", 0.6307052892986761, 66.0], [""LEtta"", 0.4953874700833054, 12.0], [""770101 патт0:"", 0.055610797959418014, 14.0], [""€3ат-аiz 911"", 0.0704721934348041, 14.0], [""7ъг9"", 0.020288897678256035, 8.0], [""279"", 0.9998262175967556, 35.0], [""67 .6"", 0.3195358611709604, 12.0], [""2299"", 0.9744187658019056, 62.5], [""99"", 1.0, 25.0], [""9:7"", 0.4226652984403208, 12.0], [""770101 91 0:"", 0.4188083428877123, 15.5], [""239:"", 0.6710763573646545, 10.0], [""073 073"", 0.30607436448395353, 12.0], [""03-"", 0.2270918454650267, 13.84615384615384]]",barcode=3770001048277&price1=2526.31&price2=2399.99&price4=2184.99&aP=,barcode=3770001048277&price1=2526.31&price2=2399.99&price4=2184.99&aP=,ml/output/tracks/best_frames/26_12-20/track_0154_r0.jpg,ml/output/tracks/best_frames_hires/26_12-20/track_0154_r0.jpg,68.7
26_12-20.mp4,156,16967,2072,1206,2337,1459,270,"Вчно
GUIGAL
Кот дю
Руж
выдкр
сух .
(Франция) 0.75L
Судос
44217
(37%
27499
Тuiнв
Рон
7:-5 0
-3798
9.
2274999
10
26:3
7:
55","[[""Вчно"", 0.8382378816604614, 18.0], [""GUIGAL"", 0.9999766397841181, 28.0], [""Кот дю"", 0.999461658706609, 28.0], [""Руж"", 0.8435951908274809, 24.0], [""выдкр"", 0.9965911297039773, 18.0], [""сух ."", 0.7933561978497783, 18.0], [""(Франция) 0.75L"", 0.874654349841328, 24.0], [""Судос"", 0.4507521820919345, 18.0], [""44217"", 0.8751556604620474, 24.0], [""(37%"", 0.5064217908562524, 36.0], [""27499"", 0.7056800601312869, 56.0], [""Тuiнв"", 0.11067459656378098, 13.0], [""Рон"", 0.989930556148673, 26.66828022501295], [""7:-5 0"", 0.19352620407192178, 14.5], [""-3798"", 0.8135851463724256, 34.5], [""9."", 0.32170558528934856, 12.0], [""2274999"", 0.49924483461058383, 60.5], [""10"", 0.16260464793034357, 8.0], [""26:3"", 0.14501355588436127, 14.0], [""7:"", 0.6701675661471489, 10.0], [""55"", 0.336841996815254, 13.334140112506475]]",,barcode=4690491121887&price1=4421.09&price2=4199.99&price4=2749.99&aP=,ml/output/tracks/best_frames/26_12-20/track_0156_r0.jpg,ml/output/tracks/best_frames_hires/26_12-20/track_0156_r0.jpg,2 9
26_12-20.mp4,157,16967,485,148,659,415,180,"2
1
 :
{
8
1
!
!
#
'
!
:
2
1
2
1
2
:","[[""2"", 0.6563841127344325, 50.0], [""1"", 0.12102887565248466, 48.0], ["" :"", 0.2176213019000749, 36.0], [""{"", 0.7410659659939398, 57.0], [""8"", 0.6644777217879891, 197.0], [""1"", 0.3657006198099886, 93.0], [""!"", 0.7425195939160858, 34.0], [""!"", 0.40780439226910303, 37.0], [""#"", 0.8132720092444892, 59.0], [""'"", 0.07390638691998763, 28.0], [""!"", 0.9938556454359428, 36.92304789528163], ["":"", 0.8122012911826602, 20.0], [""2"", 0.6514013626997759, 42.0], [""1"", 0.5532458650013758, 95.0], [""2"", 0.9999083301572718, 15.0], [""1"", 0.7564308875477224, 61.0], [""2"", 0.30044790789563436, 25.5], ["":"", 0.7438801550173402, 18.0]]",,,ml/output/tracks/best_frames/26_12-20/track_0157_r1.jpg,ml/output/tracks/best_frames_hires/26_12-20/track_0157_r1.jpg,3
26_12-20.mp4,160,16967,2138,94,2423,386,270,"Вимо CHATEAII LE
VIEUX FORT Бардо
Мелот Крю Буржуа
АОП цыдвря
сyx. /Франция} 0. 75L
зпч
Сухос
2526 ""
 тna
13%]
12184'
99
1 *n 1
mlpm
275101 -57
[ШПIIII
auui
nitut
7zоа;
Сзвзт
@wzn
-139
221849
99
91 .5
65 0
270101 2 507
 
670 01:
626 61
72001
6383","[[""Вимо CHATEAII LE"", 0.7308133348695285, 24.0], [""VIEUX FORT Бардо"", 0.8948033843597276, 21.0], [""Мелот Крю Буржуа"", 0.6849006342749253, 20.0], [""АОП цыдвря"", 0.5451051553894614, 20.0], [""сyx. /Франция} 0. 75L"", 0.4975931060043843, 26.0], [""зпч"", 0.17134287485275335, 12.0], [""Сухос"", 0.9966942227431196, 24.0], [""2526 \"""", 0.8398197739788066, 24.0], ["" тna"", 0.0842101126909256, 8.0], [""13%]"", 0.9069679975509644, 32.0], [""12184'"", 0.5266062398961756, 66.0], [""99"", 0.9999988198884456, 30.0], [""1 *n 1"", 0.13280132302077083, 8.0], [""mlpm"", 0.19547444581985474, 8.0], [""275101 -57"", 0.07862867991352378, 12.0], [""[ШПIIII"", 0.42373398714943555, 20.0], [""auui"", 0.1264123171567917, 14.0], [""nitut"", 0.35004934339763144, 12.0], [""7zоа;"", 0.10729827949479095, 14.0], [""Сзвзт"", 0.6084683718683226, 16.0], [""@wzn"", 0.05955569073557854, 28.713906763541047], [""-139"", 0.9931582808494568, 33.0], [""221849"", 0.6418703670870163, 61.0], [""99"", 1.0, 24.0], [""91 .5"", 0.3193688462293097, 13.5], [""65 0"", 0.4272204862915107, 12.0], [""270101 2 507"", 0.1658604357452321, 13.0], ["" "", 0.40677733156062246, 21.0], [""670 01:"", 0.21328332202542388, 12.0], [""626 61"", 0.3237247238244791, 12.0], [""72001"", 0.70738149217432, 16.0], [""6383"", 0.4473316967487335, 16.0]]",11110422.0,barcode=3770001048277&price1=2526.31&price2=2399.99&price4=2184.99&aP=,ml/output/tracks/best_frames/26_12-20/track_0160_r0.jpg,ml/output/tracks/best_frames_hires/26_12-20/track_0160_r0.jpg,5:
26_12-20.mp4,146,16967,497,667,679,928,0,"[ЕE
;
g
r
'
3
Ё
а
[Aad
[
1
6 3","[[""[ЕE"", 0.07051998082283303, 46.0], ["";"", 0.4062644387832428, 22.0], [""g"", 0.7041926488682293, 36.0], [""r"", 0.2264941367902793, 24.0], [""'"", 0.8382141097041682, 67.0], [""3"", 0.23314468396560617, 188.0], [""Ё"", 0.8074859987414698, 26.0], [""а"", 0.44693011250961945, 48.0], [""[Aad"", 0.24964086711406708, 90.0], [""["", 0.9677633307219935, 76.98245580136528], [""1"", 0.5978918477667072, 62.973655330211045], [""6 3"", 0.30605193972587585, 67.0]]",,,ml/output/tracks/best_frames/26_12-20/track_0146_r0.jpg,ml/output/tracks/best_frames_hires/26_12-20/track_0146_r0.jpg,0
26_12-20.mp4,167,17117,2021,1989,2248,2158,180,5,"[[""5"", 0.9200342715359966, 110.0]]",,,ml/output/tracks/best_frames/26_12-20/track_0167_r2.jpg,ml/output/tracks/best_frames_hires/26_12-20/track_0167_r2.jpg,
26_12-20.mp4,179,17117,607,1553,812,1778,0,,[],,,ml/output/tracks/best_frames/26_12-20/track_0179_r2.jpg,ml/output/tracks/best_frames_hires/26_12-20/track_0179_r2.jpg,
26_12-20.mp4,174,17417,2099,773,2396,1076,180,8,"[[""8"", 0.7264060242452075, 150.0]]",,,ml/output/tracks/best_frames/26_12-20/track_0174_r1.jpg,ml/output/tracks/best_frames_hires/26_12-20/track_0174_r1.jpg,0
26_12-20.mp4,179,17568,607,1552,811,1778,0,,[],,,ml/output/tracks/best_frames/26_12-20/track_0179_r1.jpg,ml/output/tracks/best_frames_hires/26_12-20/track_0179_r1.jpg,
26_12-20.mp4,167,17568,2021,1993,2252,2158,180,5,"[[""5"", 0.9713309807348338, 108.0]]",,,ml/output/tracks/best_frames/26_12-20/track_0167_r0.jpg,ml/output/tracks/best_frames_hires/26_12-20/track_0167_r0.jpg,
26_12-20.mp4,178,17568,497,911,681,1173,0,,[],,,ml/output/tracks/best_frames/26_12-20/track_0178_r2.jpg,ml/output/tracks/best_frames_hires/26_12-20/track_0178_r2.jpg,
26_12-20.mp4,174,17568,2099,773,2396,1076,180,8,"[[""8"", 0.7337797732862015, 149.0]]",,,ml/output/tracks/best_frames/26_12-20/track_0174_r2.jpg,ml/output/tracks/best_frames_hires/26_12-20/track_0174_r2.jpg,1 1
26_12-20.mp4,176,17568,2060,1466,2319,1700,270,"Ee
=
щ
e
2749 =
2749 ","[[""Ee"", 0.16911296483364194, 26.0], [""="", 0.3395809162131833, 18.0], [""щ"", 0.17340155643837196, 16.0], [""e"", 0.667427597228798, 16.0], [""2749 ="", 0.5589473535655309, 52.0], [""2749 "", 0.9987545834081938, 62.5]]",,,ml/output/tracks/best_frames/26_12-20/track_0176_r2.jpg,ml/output/tracks/best_frames_hires/26_12-20/track_0176_r2.jpg,30
26_12-20.mp4,176,17718,2060,1466,2319,1700,270,"Eur
=
5
e
2749 =
2749 ","[[""Eur"", 0.1657073772910308, 27.0], [""="", 0.18074852461776292, 18.0], [""5"", 0.1475021258600231, 16.0], [""e"", 0.14882899584955922, 16.0], [""2749 ="", 0.4436113676412906, 52.0], [""2749 "", 0.7515961747260362, 57.0]]",,,ml/output/tracks/best_frames/26_12-20/track_0176_r1.jpg,ml/output/tracks/best_frames_hires/26_12-20/track_0176_r1.jpg,
26_12-20.mp4,167,17718,2021,1990,2247,2158,180,5,"[[""5"", 0.9449510995509627, 104.0]]",,,ml/output/tracks/best_frames/26_12-20/track_0167_r1.jpg,ml/output/tracks/best_frames_hires/26_12-20/track_0167_r1.jpg,
26_12-20.mp4,177,17868,461,395,644,650,0,,[],,,ml/output/tracks/best_frames/26_12-20/track_0177_r2.jpg,ml/output/tracks/best_frames_hires/26_12-20/track_0177_r2.jpg,
26_12-20.mp4,176,17868,2060,1466,2319,1699,270,"5
7
=
e
2749 
е
2749 ","[[""5"", 0.12733747586688438, 16.0], [""7"", 0.9262347920603133, 16.0], [""="", 0.026956122967082052, 16.0], [""e"", 0.38367928043898303, 16.0], [""2749 "", 0.5921748090423117, 52.0], [""е"", 0.16082876915312827, 26.66828022501295], [""2749 "", 0.9923845735101696, 60.5]]",,,ml/output/tracks/best_frames/26_12-20/track_0176_r0.jpg,ml/output/tracks/best_frames_hires/26_12-20/track_0176_r0.jpg,
26_12-20.mp4,178,18018,495,929,688,1194,0,,[],,,ml/output/tracks/best_frames/26_12-20/track_0178_r1.jpg,ml/output/tracks/best_frames_hires/26_12-20/track_0178_r1.jpg,
26_12-20.mp4,177,18168,441,485,642,759,0,,[],,,ml/output/tracks/best_frames/26_12-20/track_0177_r0.jpg,ml/output/tracks/best_frames_hires/26_12-20/track_0177_r0.jpg,
26_12-20.mp4,178,18168,499,1004,700,1267,90,1,"[[""1"", 0.11228571517085673, 36.652035802724996]]",,,ml/output/tracks/best_frames/26_12-20/track_0178_r0.jpg,ml/output/tracks/best_frames_hires/26_12-20/track_0178_r0.jpg,5
26_12-20.mp4,174,18168,2094,881,2376,1183,180,8,"[[""8"", 0.9944249824920917, 177.0]]",,,ml/output/tracks/best_frames/26_12-20/track_0174_r0.jpg,ml/output/tracks/best_frames_hires/26_12-20/track_0174_r0.jpg,9
26_12-20.mp4,179,18168,621,1625,834,1849,90,64},"[[""64}"", 0.6557213068008423, 56.32185924692635]]",,,ml/output/tracks/best_frames/26_12-20/track_0179_r0.jpg,ml/output/tracks/best_frames_hires/26_12-20/track_0179_r0.jpg,
26_12-20.mp4,181,18168,437,361,639,665,0,,[],,,ml/output/tracks/best_frames/26_12-20/track_0181_r1.jpg,ml/output/tracks/best_frames_hires/26_12-20/track_0181_r1.jpg,1
26_12-20.mp4,182,18318,2037,1671,2295,1908,90,FI,"[[""FI"", 0.6234275372773704, 53.0]]",,,ml/output/tracks/best_frames/26_12-20/track_0182_r0.jpg,ml/output/tracks/best_frames_hires/26_12-20/track_0182_r0.jpg,
26_12-20.mp4,183,18318,2123,0,2423,233,0,IIMI,"[[""IIMI"", 0.25613799691200256, 36.0]]",,,ml/output/tracks/best_frames/26_12-20/track_0183_r1.jpg,ml/output/tracks/best_frames_hires/26_12-20/track_0183_r1.jpg,
26_12-20.mp4,181,18318,427,461,634,753,0,,[],,,ml/output/tracks/best_frames/26_12-20/track_0181_r2.jpg,ml/output/tracks/best_frames_hires/26_12-20/track_0181_r2.jpg,
26_12-20.mp4,177,18318,433,579,635,877,0,,[],,,ml/output/tracks/best_frames/26_12-20/track_0177_r1.jpg,ml/output/tracks/best_frames_hires/26_12-20/track_0177_r1.jpg,
26_12-20.mp4,182,18468,2031,1787,2288,1994,270,24,"[[""24"", 0.708854862686273, 64.0]]",,,ml/output/tracks/best_frames/26_12-20/track_0182_r1.jpg,ml/output/tracks/best_frames_hires/26_12-20/track_0182_r1.jpg,
26_12-20.mp4,183,18468,2124,0,2422,189,270,"4рэ
4.9-","[[""4рэ"", 0.6100355733865118, 66.0], [""4.9-"", 0.2350740134716034, 60.0]]",,,ml/output/tracks/best_frames/26_12-20/track_0183_r0.jpg,ml/output/tracks/best_frames_hires/26_12-20/track_0183_r0.jpg,
26_12-20.mp4,195,18619,2111,239,2422,584,0,8,"[[""8"", 0.9612294409780731, 131.0]]",,,ml/output/tracks/best_frames/26_12-20/track_0195_r1.jpg,ml/output/tracks/best_frames_hires/26_12-20/track_0195_r1.jpg,
26_12-20.mp4,185,18619,419,864,611,1124,0,,[],,,ml/output/tracks/best_frames/26_12-20/track_0185_r2.jpg,ml/output/tracks/best_frames_hires/26_12-20/track_0185_r2.jpg,
26_12-20.mp4,181,18619,412,498,592,723,180,"3
0","[[""3"", 0.5974141910832174, 122.0], [""0"", 0.3414982089521459, 76.0]]",,,ml/output/tracks/best_frames/26_12-20/track_0181_r0.jpg,ml/output/tracks/best_frames_hires/26_12-20/track_0181_r0.jpg,
26_12-20.mp4,194,18619,408,596,600,882,270,"20-9
20-9","[[""20-9"", 0.5597915053367615, 32.0], [""20-9"", 0.6648871898651123, 36.0]]",,,ml/output/tracks/best_frames/26_12-20/track_0194_r1.jpg,ml/output/tracks/best_frames_hires/26_12-20/track_0194_r1.jpg,
26_12-20.mp4,191,18619,2022,1925,2288,2142,270,"#4
4-","[[""#4"", 0.5420082912261586, 60.0], [""4-"", 0.871695202142517, 49.0]]",,,ml/output/tracks/best_frames/26_12-20/track_0191_r1.jpg,ml/output/tracks/best_frames_hires/26_12-20/track_0191_r1.jpg,
26_12-20.mp4,195,18769,2108,333,2421,671,270,"FE
Е Пмо
5у
jja =
==
1499 
1499 ","[[""FE"", 0.435392549329492, 20.0], [""Е Пмо"", 0.3912815387178937, 24.0], [""5у"", 0.23128472134331107, 20.0], [""jja ="", 0.6540599218469458, 26.0], [""=="", 0.4656779276155898, 14.0], [""1499 "", 0.49353954515102655, 64.0], [""1499 "", 0.8009617880869643, 61.0]]",,,ml/output/tracks/best_frames/26_12-20/track_0195_r0.jpg,ml/output/tracks/best_frames_hires/26_12-20/track_0195_r0.jpg,
26_12-20.mp4,185,18769,418,933,611,1197,0,,[],,,ml/output/tracks/best_frames/26_12-20/track_0185_r1.jpg,ml/output/tracks/best_frames_hires/26_12-20/track_0185_r1.jpg,
26_12-20.mp4,194,18769,405,599,577,807,0,6,"[[""6"", 0.8592741637595545, 110.0]]",,,ml/output/tracks/best_frames/26_12-20/track_0194_r0.jpg,ml/output/tracks/best_frames_hires/26_12-20/track_0194_r0.jpg,
26_12-20.mp4,187,18769,2112,122,2422,443,180,"i
|
;
8
3
 ","[[""i"", 0.9937464321851941, 177.0], [""|"", 0.19563439726845022, 48.0], ["";"", 0.6541953996391072, 114.0], [""8"", 0.9725160915627526, 189.0], [""3"", 0.7084166775166665, 47.5], ["" "", 0.5206628563910023, 121.5]]",,,ml/output/tracks/best_frames/26_12-20/track_0187_r1.jpg,ml/output/tracks/best_frames_hires/26_12-20/track_0187_r1.jpg,
26_12-20.mp4,191,18769,2021,1971,2284,2159,180,"4;
1;
U
€","[[""4;"", 0.42366005113631605, 71.0], [""1;"", 0.20914838986450757, 24.0], [""U"", 0.6940496860164593, 24.0], [""€"", 0.5387537649120624, 157.9663638935475]]",,,ml/output/tracks/best_frames/26_12-20/track_0191_r0.jpg,ml/output/tracks/best_frames_hires/26_12-20/track_0191_r0.jpg,7
26_12-20.mp4,190,18769,483,1430,690,1686,0,,[],,,ml/output/tracks/best_frames/26_12-20/track_0190_r1.jpg,ml/output/tracks/best_frames_hires/26_12-20/track_0190_r1.jpg,1 1.
26_12-20.mp4,191,18919,2025,1908,2302,2143,90,7 4:,"[[""7 4:"", 0.18817289173603058, 48.0]]",,,ml/output/tracks/best_frames/26_12-20/track_0191_r2.jpg,ml/output/tracks/best_frames_hires/26_12-20/track_0191_r2.jpg,
26_12-20.mp4,190,18919,495,1494,698,1754,0,,[],,,ml/output/tracks/best_frames/26_12-20/track_0190_r2.jpg,ml/output/tracks/best_frames_hires/26_12-20/track_0190_r2.jpg,98
26_12-20.mp4,198,18919,2097,1094,2304,1286,270,"2184
5- ","[[""2184"", 0.9999767541885376, 68.0], [""5- "", 0.24683175575700206, 19.5]]",,,ml/output/tracks/best_frames/26_12-20/track_0198_r2.jpg,ml/output/tracks/best_frames_hires/26_12-20/track_0198_r2.jpg,
26_12-20.mp4,185,18919,421,1011,613,1278,0,,[],,,ml/output/tracks/best_frames/26_12-20/track_0185_r0.jpg,ml/output/tracks/best_frames_hires/26_12-20/track_0185_r0.jpg,1
26_12-20.mp4,197,18919,2100,913,2426,1309,0,"₽
5","[[""₽"", 0.9546014404173917, 170.0], [""5"", 0.4241918623009475, 171.5]]",,,ml/output/tracks/best_frames/26_12-20/track_0197_r1.jpg,ml/output/tracks/best_frames_hires/26_12-20/track_0197_r1.jpg,69
26_12-20.mp4,189,19069,2047,1598,2326,1854,180,8,"[[""8"", 0.9906198256087464, 135.0]]",,,ml/output/tracks/best_frames/26_12-20/track_0189_r2.jpg,ml/output/tracks/best_frames_hires/26_12-20/track_0189_r2.jpg,0
26_12-20.mp4,198,19069,2097,1084,2304,1428,270,"2184
7 6 ","[[""2184"", 0.9966349005699158, 72.0], [""7 6 "", 0.15884508807687364, 27.5]]",,,ml/output/tracks/best_frames/26_12-20/track_0198_r1.jpg,ml/output/tracks/best_frames_hires/26_12-20/track_0198_r1.jpg,9
26_12-20.mp4,187,19069,2105,319,2418,659,90,"665L :
I5 U=
~
вен
~часшт
=l
5
2е
751 7 -.:
7 5
5-:7
:-: :
27","[[""665L :"", 0.1772130807035812, 76.0], [""I5 U="", 0.33368815997563966, 26.0], [""~"", 0.37719580178787737, 20.0], [""вен"", 0.570271831107863, 31.0], [""~часшт"", 0.1738263659024916, 32.0], [""=l"", 0.5247630734772526, 24.0], [""5"", 0.13547623162834554, 14.0], [""2е"", 0.12955960172241254, 33.7947331922021], [""751 7 -.:"", 0.2173579614200713, 24.0], [""7 5"", 0.2995907401459936, 21.0], [""5-:7"", 0.3236468732357025, 30.0], ["":-: :"", 0.19646562018608915, 25.5], [""27"", 0.2062285957739816, 31.9164100249223]]",,,ml/output/tracks/best_frames/26_12-20/track_0187_r2.jpg,ml/output/tracks/best_frames_hires/26_12-20/track_0187_r2.jpg,1
26_12-20.mp4,201,19069,411,1004,603,1281,0,[NilI,"[[""[NilI"", 0.07198450399334662, 26.0]]",,,ml/output/tracks/best_frames/26_12-20/track_0201_r1.jpg,ml/output/tracks/best_frames_hires/26_12-20/track_0201_r1.jpg,4
26_12-20.mp4,204,19069,388,583,583,766,0,==,"[[""=="", 0.8416074175079312, 48.0]]",,,ml/output/tracks/best_frames/26_12-20/track_0204_r1.jpg,ml/output/tracks/best_frames_hires/26_12-20/track_0204_r1.jpg,
26_12-20.mp4,190,19069,495,1581,706,1844,0,,[],,,ml/output/tracks/best_frames/26_12-20/track_0190_r0.jpg,ml/output/tracks/best_frames_hires/26_12-20/track_0190_r0.jpg,
26_12-20.mp4,198,19219,2071,1090,2407,1471,180,8,"[[""8"", 0.9400300026665178, 242.0]]",,,ml/output/tracks/best_frames/26_12-20/track_0198_r0.jpg,ml/output/tracks/best_frames_hires/26_12-20/track_0198_r0.jpg,6
26_12-20.mp4,200,19219,424,1148,625,1413,0,,[],,,ml/output/tracks/best_frames/26_12-20/track_0200_r0.jpg,ml/output/tracks/best_frames_hires/26_12-20/track_0200_r0.jpg,
26_12-20.mp4,201,19219,402,1014,605,1332,180,"[III
.1","[[""[III"", 0.7825140357017517, 45.0], ["".1"", 0.36628559098367147, 34.0]]",,,ml/output/tracks/best_frames/26_12-20/track_0201_r0.jpg,ml/output/tracks/best_frames_hires/26_12-20/track_0201_r0.jpg,
26_12-20.mp4,204,19219,382,614,583,849,180,~ze<,"[[""~ze<"", 0.19877947866916656, 66.0]]",,,ml/output/tracks/best_frames/26_12-20/track_0204_r0.jpg,ml/output/tracks/best_frames_hires/26_12-20/track_0204_r0.jpg,
26_12-20.mp4,189,19219,2042,1638,2320,1895,270,"2299""
7 .
2
2299 :","[[""2299\"""", 0.914119643250613, 69.0], [""7 ."", 0.11139272898435593, 23.57770876399968], [""2"", 0.44319659101292075, 25.0], [""2299 :"", 0.9439003012187749, 60.0]]",,,ml/output/tracks/best_frames/26_12-20/track_0189_r1.jpg,ml/output/tracks/best_frames_hires/26_12-20/track_0189_r1.jpg,
26_12-20.mp4,187,19219,2102,377,2414,719,270,"Етои=
#muzE Г€
Фzz =
е _ : 
35
499 
1499","[[""Етои="", 0.22249006659069334, 26.0], [""#muzE Г€"", 0.5855983139046208, 32.0], [""Фzz ="", 0.3926899991700498, 32.0], [""е _ : "", 0.15240107149709134, 27.0], [""35"", 0.5828505202274717, 36.0], [""499 "", 0.9681249856948853, 68.0], [""1499"", 0.9999954700469971, 68.5]]",,,ml/output/tracks/best_frames/26_12-20/track_0187_r0.jpg,ml/output/tracks/best_frames_hires/26_12-20/track_0187_r0.jpg,
26_12-20.mp4,200,19369,429,1249,641,1528,0,,[],,,ml/output/tracks/best_frames/26_12-20/track_0200_r2.jpg,ml/output/tracks/best_frames_hires/26_12-20/track_0200_r2.jpg,
26_12-20.mp4,202,19369,2095,495,2412,836,270,"Е= ==
Аппе=
Фz с = 
1
35
499 
Г,.
1499","[[""Е= =="", 0.6174983959472247, 29.0], [""Аппе="", 0.36716494036521824, 30.0], [""Фz с = "", 0.1234004669833279, 32.0], [""1"", 0.22341353759252858, 20.0], [""35"", 0.3696674991836748, 32.0], [""499 "", 0.6029803943544565, 66.0], [""Г,."", 0.119955649567335, 28.713906763541047], [""1499"", 0.9999984502792358, 64.5]]",,,ml/output/tracks/best_frames/26_12-20/track_0202_r1.jpg,ml/output/tracks/best_frames_hires/26_12-20/track_0202_r1.jpg,
26_12-20.mp4,197,19670,2079,867,2402,1243,270,"PURE
[ss-E
JDE Пино
p cyх
4ил) 0. 75L
23157
1149953
4995","[[""PURE"", 0.7650352120399475, 26.0], [""[ss-E"", 0.03135638816114393, 31.0], [""JDE Пино"", 0.9994747212138589, 29.0], [""p cyх"", 0.5540364058292135, 24.0], [""4ил) 0. 75L"", 0.5051809174753231, 26.0], [""23157"", 0.6380121616808987, 29.0], [""1149953"", 0.8849325794853823, 68.0], [""4995"", 0.9973306059837341, 69.5]]",,,ml/output/tracks/best_frames/26_12-20/track_0197_r0.jpg,ml/output/tracks/best_frames_hires/26_12-20/track_0197_r0.jpg,
26_12-20.mp4,189,19670,2022,1854,2295,2071,180,";
@
;
8
""
[
6
1
1
[
8
5
9
4
1:
2
8
2
5
:","[["";"", 0.3134321266624019, 42.0], [""@"", 0.9207658733336963, 39.0], ["";"", 0.8185462272058572, 26.0], [""8"", 0.9091235521204943, 142.0], [""\"""", 0.41823395058324664, 28.0], [""["", 0.6100620486516597, 28.0], [""6"", 0.39930847314511553, 62.0], [""1"", 0.8790496422716707, 100.97891170461713], [""1"", 0.2629908380839794, 97.97755565271643], [""["", 0.4362522842971117, 94.97606488802629], [""8"", 0.5364284444035015, 74.96090602042332], [""5"", 0.9623618307725792, 42.87465546417616], [""9"", 0.8186519264302348, 36.0], [""4"", 0.35055964048101274, 27.0], [""1:"", 0.9982065329534813, 74.5], [""2"", 0.6199761500600722, 83.0], [""8"", 0.9933061937093868, 46.47260241729151], [""2"", 0.7020455171243611, 49.482805910664865], [""5"", 0.9827750492129361, 45.97195309677977], ["":"", 0.41374133268934443, 37.46898179700107]]",,,ml/output/tracks/best_frames/26_12-20/track_0189_r0.jpg,ml/output/tracks/best_frames_hires/26_12-20/track_0189_r0.jpg,1 199
26_12-20.mp4,200,19670,442,1369,666,1656,0,"F
р","[[""F"", 0.5014495348308721, 22.0], [""р"", 0.22235672087146074, 45.950265711582915]]",,,ml/output/tracks/best_frames/26_12-20/track_0200_r1.jpg,ml/output/tracks/best_frames_hires/26_12-20/track_0200_r1.jpg,
26_12-20.mp4,202,19670,2091,665,2397,997,270,"Вмно PURE
Ез
ALTITUDE Пино
Нуzр Ю сух
(Фрзнция) 0. 75L
2315""
35'
14995з
9573
14995","[[""Вмно PURE"", 0.9098998643372834, 29.0], [""Ез"", 0.1656324186526773, 30.0], [""ALTITUDE Пино"", 0.9899531065395055, 36.0], [""Нуzр Ю сух"", 0.13854128878409716, 38.0], [""(Фрзнция) 0. 75L"", 0.852579162625033, 33.0], [""2315\"""", 0.3422612790986828, 29.0], [""35'"", 0.5110952750307365, 36.0], [""14995з"", 0.4311588899189775, 73.0], [""9573"", 0.3804056540402072, 38.0], [""14995"", 0.9936943562726829, 69.5]]",,,ml/output/tracks/best_frames/26_12-20/track_0202_r0.jpg,ml/output/tracks/best_frames_hires/26_12-20/track_0202_r0.jpg,
26_12-20.mp4,209,19670,2087,864,2382,998,270,"тна
75L
23157
Е3
99
19953","[[""тна"", 0.39298697703615787, 18.0], [""75L"", 0.9998443871318706, 26.0], [""23157"", 0.521216037803032, 24.0], [""Е3"", 0.21994618882618136, 26.0], [""99"", 0.9999935936850367, 68.0], [""19953"", 0.7932600429339444, 66.0]]",,,ml/output/tracks/best_frames/26_12-20/track_0209_r1.jpg,ml/output/tracks/best_frames_hires/26_12-20/track_0209_r1.jpg,
26_12-20.mp4,197,19820,2073,944,2390,1275,90,"5-
667
I51 0
25
з
ен
э- 1
751 0  
25
30
:1
3-1","[[""5-"", 0.48802400297437926, 24.0], [""667"", 0.7744933811727289, 67.0], [""I51 0"", 0.6285858426393629, 26.0], [""25"", 0.42612151929429654, 18.0], [""з"", 0.7624363938005594, 22.0], [""ен"", 0.21878769376385462, 20.0], [""э- 1"", 0.606343150138855, 30.75099504289483], [""751 0  "", 0.6070759803687601, 26.0], [""25"", 0.6912599347624903, 18.0], [""30"", 0.7467416210857658, 25.5], ["":1"", 0.9270986873950274, 21.0], [""3-1"", 0.7986819227612225, 26.908705455691205]]",,,ml/output/tracks/best_frames/26_12-20/track_0197_r2.jpg,ml/output/tracks/best_frames_hires/26_12-20/track_0197_r2.jpg,
26_12-20.mp4,211,19820,463,864,556,939,0,,[],,,ml/output/tracks/best_frames/26_12-20/track_0211_r1.jpg,ml/output/tracks/best_frames_hires/26_12-20/track_0211_r1.jpg,
26_12-20.mp4,202,19820,2086,730,2392,1066,0,"'ау
[
₽
II
ч
8
I3
8","[[""'ау"", 0.024867746187298336, 32.0], [""["", 0.6898287729048356, 145.0], [""₽"", 0.18176024216643683, 46.0], [""II"", 0.6604407441942592, 179.0], [""ч"", 0.6215091395650099, 40.0], [""8"", 0.999230771230387, 156.0], [""I3"", 0.2084718123073711, 94.0], [""8"", 0.9947226715942179, 99.5]]",,,ml/output/tracks/best_frames/26_12-20/track_0202_r2.jpg,ml/output/tracks/best_frames_hires/26_12-20/track_0202_r2.jpg,-:
26_12-20.mp4,213,19970,369,90,583,400,180,"8
+","[[""8"", 0.9165201936969112, 100.0], [""+"", 0.5719865830879058, 36.0]]",,,ml/output/tracks/best_frames/26_12-20/track_0213_r0.jpg,ml/output/tracks/best_frames_hires/26_12-20/track_0213_r0.jpg,8
26_12-20.mp4,211,19970,387,864,554,994,0,,[],,,ml/output/tracks/best_frames/26_12-20/track_0211_r0.jpg,ml/output/tracks/best_frames_hires/26_12-20/track_0211_r0.jpg,
26_12-20.mp4,209,19970,2083,864,2387,1137,90,"665 !
55
I52
Erze)
и€
Ф
е#
аашт
анПа 
ouu
75 2
/
6 6
5-1: .7
:1/: -
2 ","[[""665 !"", 0.3594064194284754, 75.0], [""55"", 0.6958698867316407, 36.0], [""I52"", 0.596378561678833, 26.0], [""Erze)"", 0.06177622967900584, 33.0], [""и€"", 0.056297792430398605, 18.0], [""Ф"", 0.3753600060364626, 20.0], [""е#"", 0.7340529983796245, 33.0], [""аашт"", 0.6959812045097351, 31.0], [""анПа "", 0.70943228507494, 28.0], [""ouu"", 0.17399927494376397, 32.62649256434224], [""75 2"", 0.38477281659865964, 20.5], [""/"", 0.5887150959106293, 18.0], [""6 6"", 0.17034083604812622, 21.0], [""5-1: .7"", 0.23293385157194485, 37.5], ["":1/: -"", 0.32886824627289346, 26.5], [""2 "", 0.7139991474722508, 35.41563134580679]]",,,ml/output/tracks/best_frames/26_12-20/track_0209_r0.jpg,ml/output/tracks/best_frames_hires/26_12-20/track_0209_r0.jpg,1
26_12-20.mp4,209,20120,2085,885,2387,1218,180,"8
'
""","[[""8"", 0.8639049569292787, 158.0], [""'"", 0.8640101101332363, 36.0], [""\"""", 0.7539084910598071, 114.0]]",,,ml/output/tracks/best_frames/26_12-20/track_0209_r2.jpg,ml/output/tracks/best_frames_hires/26_12-20/track_0209_r2.jpg,
26_12-20.mp4,215,20120,2150,0,2461,282,0,,[],,,ml/output/tracks/best_frames/26_12-20/track_0215_r2.jpg,ml/output/tracks/best_frames_hires/26_12-20/track_0215_r2.jpg,
26_12-20.mp4,215,20270,2139,0,2429,211,180,[TM},"[[""[TM}"", 0.43948307633399963, 65.79938405981352]]",,,ml/output/tracks/best_frames/26_12-20/track_0215_r1.jpg,ml/output/tracks/best_frames_hires/26_12-20/track_0215_r1.jpg,
26_12-20.mp4,213,20270,359,207,560,495,270,"169
69","[[""169"", 0.9903364312835905, 44.0], [""69"", 0.9998830866440712, 44.0]]",,,ml/output/tracks/best_frames/26_12-20/track_0213_r1.jpg,ml/output/tracks/best_frames_hires/26_12-20/track_0213_r1.jpg,9
26_12-20.mp4,215,20420,2140,9,2435,163,270,"93
99
93
99","[[""93"", 0.944086615562257, 30.0], [""99"", 0.9999788423476044, 72.0], [""93"", 0.8641347213553545, 27.0], [""99"", 1.0, 67.0]]",,,ml/output/tracks/best_frames/26_12-20/track_0215_r0.jpg,ml/output/tracks/best_frames_hires/26_12-20/track_0215_r0.jpg,
26_12-20.mp4,220,20420,2141,7,2459,342,270,"99
93
99","[[""99"", 0.9999902219451473, 68.0], [""93"", 0.9988163003229993, 26.0], [""99"", 1.0, 67.0]]",,,ml/output/tracks/best_frames/26_12-20/track_0220_r2.jpg,ml/output/tracks/best_frames_hires/26_12-20/track_0220_r2.jpg,
26_12-20.mp4,213,20420,350,242,554,530,90,9и,"[[""9и"", 0.13596122291184054, 44.0]]",,,ml/output/tracks/best_frames/26_12-20/track_0213_r2.jpg,ml/output/tracks/best_frames_hires/26_12-20/track_0213_r2.jpg,
26_12-20.mp4,220,20571,2138,0,2460,249,270,"==
э ; : =
53
1199:
311995","[[""=="", 0.7177512161334756, 25.0], [""э ; : ="", 0.2106720817542686, 20.0], [""53"", 0.4012830944193324, 26.0], [""1199:"", 0.14397103396036837, 84.0], [""311995"", 0.5962823228109891, 73.0]]",,,ml/output/tracks/best_frames/26_12-20/track_0220_r1.jpg,ml/output/tracks/best_frames_hires/26_12-20/track_0220_r1.jpg,
26_12-20.mp4,220,20721,2136,0,2469,311,270,"= -=
= 
т =
7 ;
3 =
43' =
1199
435 -
11995","[[""= -="", 0.39449203221378, 16.0], [""= "", 0.37833313452016887, 16.0], [""т ="", 0.19504619348182548, 18.0], [""7 ;"", 0.25741015232954295, 14.0], [""3 ="", 0.4198584766406272, 18.0], [""43' ="", 0.6007871830921229, 36.0], [""1199"", 0.999995231628418, 74.0], [""435 -"", 0.9568540253635698, 34.0], [""11995"", 0.9862621455274513, 82.0]]",,,ml/output/tracks/best_frames/26_12-20/track_0220_r0.jpg,ml/output/tracks/best_frames_hires/26_12-20/track_0220_r0.jpg,
26_12-20.mp4,225,20721,335,829,539,1065,270,"=
99
99 ","[[""="", 0.7138348792764759, 16.0], [""99"", 0.9999767350188884, 40.0], [""99 "", 0.9996706083521884, 39.5]]",,,ml/output/tracks/best_frames/26_12-20/track_0225_r1.jpg,ml/output/tracks/best_frames_hires/26_12-20/track_0225_r1.jpg,
26_12-20.mp4,225,20871,333,719,540,986,0,"""'Il
IHI
6","[[""\""'Il"", 0.5554120540618896, 50.0], [""IHI"", 0.6546894911856103, 36.0], [""6"", 0.8088822909234104, 55.5]]",,,ml/output/tracks/best_frames/26_12-20/track_0225_r0.jpg,ml/output/tracks/best_frames_hires/26_12-20/track_0225_r0.jpg,
26_12-20.mp4,226,20871,2054,1373,2371,1691,270,"Еэ===
Aиiа-е
еz
35
1499 
Nтzе
5
25
1499 :","[[""Еэ==="", 0.27890532197207946, 33.0], [""Aиiа-е"", 0.054303025033220896, 42.0], [""еz"", 0.1428131111887466, 20.0], [""35"", 0.8586957398896625, 36.0], [""1499 "", 0.8774907877399852, 72.0], [""Nтzе"", 0.09464409947395325, 36.71025170656333], [""5"", 0.5473792345390258, 29.73338242481225], [""25"", 0.6247724820931251, 26.0], [""1499 :"", 0.862612212800232, 69.0]]",,,ml/output/tracks/best_frames/26_12-20/track_0226_r1.jpg,ml/output/tracks/best_frames_hires/26_12-20/track_0226_r1.jpg,
26_12-20.mp4,228,20871,2032,1909,2311,2127,0,,[],,,ml/output/tracks/best_frames/26_12-20/track_0228_r0.jpg,ml/output/tracks/best_frames_hires/26_12-20/track_0228_r0.jpg,
26_12-20.mp4,226,21021,2054,1458,2353,1758,270,"~:==
#еe
'5
1499 
um=
1499 ","[[""~:=="", 0.08461440354585648, 28.0], [""#еe"", 0.22179140578331585, 30.0], [""'5"", 0.21412933013182778, 30.0], [""1499 "", 0.9947945592901997, 69.0], [""um="", 0.2577560277302184, 37.726879868210176], [""1499 "", 0.8327059118989725, 67.5]]",,,ml/output/tracks/best_frames/26_12-20/track_0226_r2.jpg,ml/output/tracks/best_frames_hires/26_12-20/track_0226_r2.jpg,
26_12-20.mp4,230,21021,2139,23,2468,440,270,"EE =E
F_""=
=гa
= . -
1199
е -
35:
11993","[[""EE =E"", 0.20151427653777013, 21.0], [""F_\""="", 0.1523342235364849, 25.0], [""=гa"", 0.17622127813628247, 21.0], [""= . -"", 0.34632228143033095, 18.0], [""1199"", 0.999999463558197, 76.0], [""е -"", 0.18710236251354218, 24.611442075295713], [""35:"", 0.4414607044264084, 36.0], [""11993"", 0.5295865823561062, 69.5]]",,,ml/output/tracks/best_frames/26_12-20/track_0230_r2.jpg,ml/output/tracks/best_frames_hires/26_12-20/track_0230_r2.jpg,1 91
26_12-20.mp4,228,21021,2021,1933,2299,2147,0,,[],,,ml/output/tracks/best_frames/26_12-20/track_0228_r1.jpg,ml/output/tracks/best_frames_hires/26_12-20/track_0228_r1.jpg,
26_12-20.mp4,226,21171,2041,1529,2304,1806,0,"'4;
8
'
'
89","[[""'4;"", 0.11832625251366907, 87.0], [""8"", 0.9991996698168784, 111.0], [""'"", 0.9943607902028475, 86.97128050160592], [""'"", 0.8255447038090189, 52.91921623512161], [""89"", 0.2792417648121585, 49.5]]",,,ml/output/tracks/best_frames/26_12-20/track_0226_r0.jpg,ml/output/tracks/best_frames_hires/26_12-20/track_0226_r0.jpg,3
26_12-20.mp4,231,21171,335,1553,498,1932,0,"Фр
42","[[""Фр"", 0.9999939308592087, 262.9598425728014], [""42"", 0.23516980292752354, 242.48905299509755]]",,,ml/output/tracks/best_frames/26_12-20/track_0231_r0.jpg,ml/output/tracks/best_frames_hires/26_12-20/track_0231_r0.jpg,9
26_12-20.mp4,230,21171,2127,112,2442,529,0,"<
1
П
8
4
2
9
8","[[""<"", 0.1970987713405501, 36.0], [""1"", 0.7503726062723217, 30.0], [""П"", 0.9991659473752321, 22.0], [""8"", 0.7908860621205918, 204.0], [""4"", 0.9886485071385245, 34.0], [""2"", 0.8962311407615289, 44.0], [""9"", 0.5971408431926228, 37.0], [""8"", 0.9995465792717937, 167.0]]",,,ml/output/tracks/best_frames/26_12-20/track_0230_r0.jpg,ml/output/tracks/best_frames_hires/26_12-20/track_0230_r0.jpg,8
26_12-20.mp4,230,21321,2132,149,2401,538,270,"Ев-е Fе=E
F__=
с=(_
5 =
е=zс =
4355
1199
зэ
435
1199
83","[[""Ев-е Fе=E"", 0.2173915467555032, 27.0], [""F__="", 0.3342364430427551, 26.0], [""с=(_"", 0.15215647220611572, 21.0], [""5 ="", 0.4120052456855774, 18.0], [""е=zс ="", 0.4574860460967136, 25.0], [""4355"", 0.5587573647499084, 36.0], [""1199"", 0.9999990463256836, 74.0], [""зэ"", 0.362723603006602, 30.0], [""435"", 0.8676386552976154, 36.0], [""1199"", 1.0, 74.5], [""83"", 0.6147159996240354, 27.0]]",,,ml/output/tracks/best_frames/26_12-20/track_0230_r1.jpg,ml/output/tracks/best_frames_hires/26_12-20/track_0230_r1.jpg,7 1 . 1 1 1  1  9 8
26_12-20.mp4,231,21321,348,1553,484,1922,180,dФ,"[[""dФ"", 0.9999734475886887, 247.96001686942412]]",,,ml/output/tracks/best_frames/26_12-20/track_0231_r1.jpg,ml/output/tracks/best_frames_hires/26_12-20/track_0231_r1.jpg,0 .
26_12-20.mp4,236,21471,2160,0,2454,213,0,,[],,,ml/output/tracks/best_frames/26_12-20/track_0236_r2.jpg,ml/output/tracks/best_frames_hires/26_12-20/track_0236_r2.jpg,
26_12-20.mp4,238,21622,347,15,560,293,270,"'5
25","[[""'5"", 0.49440275050159765, 38.0], [""25"", 0.6696361681284476, 24.0]]",,,ml/output/tracks/best_frames/26_12-20/track_0238_r1.jpg,ml/output/tracks/best_frames_hires/26_12-20/track_0238_r1.jpg,
26_12-20.mp4,236,21622,2128,0,2433,230,0,,[],,,ml/output/tracks/best_frames/26_12-20/track_0236_r1.jpg,ml/output/tracks/best_frames_hires/26_12-20/track_0236_r1.jpg,
26_12-20.mp4,240,21772,2281,0,2435,62,90,"65
F5gl","[[""65"", 0.9986310920689092, 26.0], [""F5gl"", 0.511666476726532, 26.0]]",,,ml/output/tracks/best_frames/26_12-20/track_0240_r0.jpg,ml/output/tracks/best_frames_hires/26_12-20/track_0240_r0.jpg,5
26_12-20.mp4,236,21772,2280,0,2435,145,90,"65
[5g","[[""65"", 0.9944824731258144, 24.0], [""[5g"", 0.46073291499839647, 24.0]]",,,ml/output/tracks/best_frames/26_12-20/track_0236_r0.jpg,ml/output/tracks/best_frames_hires/26_12-20/track_0236_r0.jpg,
26_12-20.mp4,240,21922,2277,0,2432,44,90,"519
7SL
9
7","[[""519"", 0.1673837789512182, 28.0], [""7SL"", 0.48155816076270125, 24.0], [""9"", 0.7440111486337777, 86.0], [""7"", 0.6702546856537914, 17.0]]",,,ml/output/tracks/best_frames/26_12-20/track_0240_r1.jpg,ml/output/tracks/best_frames_hires/26_12-20/track_0240_r1.jpg,
26_12-20.mp4,248,22072,319,473,512,794,0,"9f
[
5
;
!
#
?
Ё
8
""
8
!
5
Ё
0
3
1
:
9
6
2
2
:
8
9
:
1
8
:","[[""9f"", 0.19922509642285216, 73.0], [""["", 0.989272907191264, 99.0], [""5"", 0.744807434750502, 24.0], ["";"", 0.20080132948487872, 42.0], [""!"", 0.7295648865656155, 94.0], [""#"", 0.6266446031093018, 48.0], [""?"", 0.6997007209386119, 34.0], [""Ё"", 0.39459097603162263, 78.0], [""8"", 0.9980302030067492, 122.0], [""\"""", 0.29914854580717076, 30.0], [""8"", 0.595337046542145, 62.0], [""!"", 0.8100331095264188, 72.0], [""5"", 0.3233087378914803, 26.0], [""Ё"", 0.41701837124696794, 40.0], [""0"", 0.971325576291747, 11.5], [""3"", 0.969719595964623, 38.0], [""1"", 0.6781587904172284, 60.0], ["":"", 0.3669598827432452, 29.5], [""9"", 0.33896113226834146, 57.0], [""6"", 0.6027857145080908, 16.0], [""2"", 0.9956254030976233, 33.0], [""2"", 0.35047240713965166, 78.0], ["":"", 0.46542459200283304, 28.0], [""8"", 0.9999597076660081, 131.5], [""9"", 0.6781792097901871, 33.0], ["":"", 0.7511663992777109, 63.0], [""1"", 0.9997654098779094, 83.0], [""8"", 0.946988005322055, 29.0], ["":"", 0.7762450949214781, 42.0]]",,,ml/output/tracks/best_frames/26_12-20/track_0248_r1.jpg,ml/output/tracks/best_frames_hires/26_12-20/track_0248_r1.jpg,5 6 6 3 8
26_12-20.mp4,248,22222,319,475,512,794,0,"{
ggE
5
1
5
!
?
Ё
8
#
8
!
9
g
0
3
1
5
9
6
2
:
8
9
2
1
8
8","[[""{"", 0.9740761462223055, 48.0], [""ggE"", 0.6570548846870701, 54.0], [""5"", 0.7363861387777924, 46.0], [""1"", 0.917615322590283, 96.0], [""5"", 0.9999837876023321, 24.0], [""!"", 0.6724789738954406, 94.0], [""?"", 0.5365413426957844, 36.0], [""Ё"", 0.46199057357307893, 76.0], [""8"", 0.9997512256867971, 122.0], [""#"", 0.8474819669139357, 34.0], [""8"", 0.24579706085539588, 62.0], [""!"", 0.9543362523317889, 68.0], [""9"", 0.1165882082002021, 26.0], [""g"", 0.07542961448575003, 42.0], [""0"", 0.982457530193642, 12.0], [""3"", 0.5974810865432687, 39.0], [""1"", 0.9388101099214055, 60.0], [""5"", 0.9835130920483017, 24.0], [""9"", 0.7983481619362607, 59.0], [""6"", 0.5373510132190553, 16.0], [""2"", 0.8402933313506686, 37.0], ["":"", 0.42075361488841523, 77.0], [""8"", 0.9998700660953688, 130.5], [""9"", 0.18545831513166267, 34.0], [""2"", 0.5490215478244522, 61.5], [""1"", 0.9998804366566425, 82.0], [""8"", 0.9115449474868456, 28.0], [""8"", 0.6907341236974531, 41.0]]",,,ml/output/tracks/best_frames/26_12-20/track_0248_r0.jpg,ml/output/tracks/best_frames_hires/26_12-20/track_0248_r0.jpg,3 6 3 8
26_12-20.mp4,249,22222,2122,0,2298,123,180,"а }
3
8
8 8 ","[[""а }"", 0.3057339951391657, 60.0], [""3"", 0.9989473015348302, 64.0], [""8"", 0.9781436808746982, 89.62396639252853], [""8 8 "", 0.35926148295402527, 58.0]]",,,ml/output/tracks/best_frames/26_12-20/track_0249_r1.jpg,ml/output/tracks/best_frames_hires/26_12-20/track_0249_r1.jpg,
26_12-20.mp4,249,22372,2122,0,2298,122,270,"WE+
nLlia
1651ч
1i
2739
РШЮ","[[""WE+"", 0.10294955096168554, 19.0], [""nLlia"", 0.03254523382092883, 8.0], [""1651ч"", 0.5145976871720486, 24.0], [""1i"", 0.6709997304086284, 8.0], [""2739"", 0.7995333075523376, 68.0], [""РШЮ"", 0.23748117944330946, 44.0]]",,,ml/output/tracks/best_frames/26_12-20/track_0249_r0.jpg,ml/output/tracks/best_frames_hires/26_12-20/track_0249_r0.jpg,
26_12-20.mp4,238,22673,342,101,545,354,270,"1ta4 =
25""
Птща
25 ","[[""1ta4 ="", 0.4723754088066932, 16.0], [""25\"""", 0.6052774802480023, 48.0], [""Птща"", 0.041122615337371826, 27.69230769230768], [""25 "", 0.5245211720466614, 25.0]]",,,ml/output/tracks/best_frames/26_12-20/track_0238_r2.jpg,ml/output/tracks/best_frames_hires/26_12-20/track_0238_r2.jpg,
26_12-20.mp4,238,22823,343,101,545,355,180,"%
;
8","[[""%"", 0.29338736686810307, 79.0], ["";"", 0.3045205521176264, 52.91921623512167], [""8"", 0.3291170669883492, 81.0]]",,,ml/output/tracks/best_frames/26_12-20/track_0238_r0.jpg,ml/output/tracks/best_frames_hires/26_12-20/track_0238_r0.jpg,
26_12-20.mp4,206,23273,500,1727,660,2042,270,"95
IUL
IСP 
8
nAUмz
м
тэур
399
63
7932
399","[[""95"", 0.3297815737654122, 26.0], [""IUL"", 0.5187976147131749, 14.0], [""IСP "", 0.39153817379110967, 16.0], [""8"", 0.680603835747263, 308.9791677494717], [""nAUмz"", 0.312439722417725, 20.843461499431157], [""м"", 0.7762447798342897, 15.039893893791486], [""тэур"", 0.15555812418460846, 21.109400392450482], [""399"", 0.5626765170096019, 45.000595016738146], [""63"", 0.07101580435442474, 116.0], [""7932"", 0.9141622185707092, 17.892020984011673], [""399"", 0.9961085888651257, 47.1873448469984]]",,,ml/output/tracks/best_frames/26_12-20/track_0206_r2.jpg,ml/output/tracks/best_frames_hires/26_12-20/track_0206_r2.jpg,
26_12-20.mp4,254,23273,2122,0,2298,120,270,"Ek+
5l аu
1653w
тhro
2739
425755
125755","[[""Ek+"", 0.433035405434538, 19.0], [""5l аu"", 0.2434302169174497, 12.0], [""1653w"", 0.4562259989547322, 24.0], [""тhro"", 0.18299797177314758, 12.0], [""2739"", 0.9077983820346289, 68.0], [""425755"", 0.7721530488608243, 18.0], [""125755"", 0.5278192341080673, 14.0]]",,,ml/output/tracks/best_frames/26_12-20/track_0254_r2.jpg,ml/output/tracks/best_frames_hires/26_12-20/track_0254_r2.jpg,
26_12-20.mp4,254,23423,2122,0,2298,120,270,"Ше #
51 аu
1653
С;mto
2739
420755
125755","[[""Ше #"", 0.20925772923739502, 19.0], [""51 аu"", 0.11590739813912178, 12.0], [""1653"", 0.9999760389328003, 24.0], [""С;mto"", 0.37288165253264427, 12.0], [""2739"", 0.8484317064285278, 68.0], [""420755"", 0.4175784060811099, 18.0], [""125755"", 0.2031579444037175, 14.0]]",,,ml/output/tracks/best_frames/26_12-20/track_0254_r1.jpg,ml/output/tracks/best_frames_hires/26_12-20/track_0254_r1.jpg,
26_12-20.mp4,203,23423,337,915,539,1167,180,";
f:
1
1
i
@
;
$
ашu}
5
Ё
:
1
'","[["";"", 0.8498432953217936, 26.0], [""f:"", 0.8379554275115655, 36.0], [""1"", 0.30169665337803053, 71.0], [""1"", 0.7243049042288341, 89.0], [""i"", 0.9298601911248205, 28.0], [""@"", 0.8769144469030238, 125.0], ["";"", 0.3522055528438308, 22.0], [""$"", 0.14123288528566125, 43.0], [""ашu}"", 0.08085773140192032, 24.0], [""5"", 0.2083828299528392, 33.90895995607006], [""Ё"", 0.2830649125349396, 34.91404880886695], ["":"", 0.13389697185908744, 32.9034172355211], [""1"", 0.3779827487111085, 72.98045301021168], [""'"", 0.9743144100621635, 42.94304067756627]]",,,ml/output/tracks/best_frames/26_12-20/track_0203_r1.jpg,ml/output/tracks/best_frames_hires/26_12-20/track_0203_r1.jpg,88 : 885: 3 8 1 6 7 1 : 5
26_12-20.mp4,186,23423,369,1336,593,1602,270,"AUL
лээд'
€т
Ё2
99
19
идUм:
азu
wr
04 Iс₽
239
еo
24z1
Пщил
99
19","[[""AUL"", 0.886125221573991, 14.0], [""лээд'"", 0.24605587923440142, 19.0], [""€т"", 0.3946562480294113, 14.0], [""Ё2"", 0.345456401005534, 28.0], [""99"", 0.8287694078950969, 16.0], [""19"", 0.7013152830857259, 36.0], [""идUм:"", 0.26084036359034674, 20.876847264042823], [""азu"", 0.2183401203536996, 20.755793994853228], [""wr"", 0.16075707031894002, 19.875938846559393], [""04 Iс₽"", 0.1062367523440259, 21.929667797979846], [""239"", 0.5716826649662301, 48.257372361746775], [""еo"", 0.13238328025885232, 22.270931823214653], [""24z1"", 0.286972314119339, 20.951034068730962], [""Пщил"", 0.1506467437684698, 25.59977782406338], [""99"", 0.9996003026887624, 18.0], [""19"", 0.9557021419237237, 36.0]]",,,ml/output/tracks/best_frames/26_12-20/track_0186_r1.jpg,ml/output/tracks/best_frames_hires/26_12-20/track_0186_r1.jpg,4 455 : 8 1
26_12-20.mp4,246,23574,2127,0,2433,292,90,"с5zF
JlLIIL
66
панн
CSg L
аr !
2
782   3","[[""с5zF"", 0.10211802273988724, 18.0], [""JlLIIL"", 0.4499427889563025, 28.0], [""66"", 0.8526141112121025, 28.0], [""панн"", 0.12475213408470154, 8.0], [""CSg L"", 0.3101381810396003, 24.0], [""аr !"", 0.1107904495212245, 8.0], [""2"", 0.3299776185716752, 6.5], [""782   3"", 0.10462727290884592, 14.0]]",,,ml/output/tracks/best_frames/26_12-20/track_0246_r2.jpg,ml/output/tracks/best_frames_hires/26_12-20/track_0246_r2.jpg,
26_12-20.mp4,243,23574,2279,3,2433,143,180,"'
3
5
:
:
8 28
5","[[""'"", 0.9999648335687574, 32.0], [""3"", 0.9996375174048389, 66.0], [""5"", 0.9653108506019095, 22.0], ["":"", 0.7288870107188359, 48.95621185796966], ["":"", 0.9999713899751441, 35.0], [""8 28"", 0.4638276447072597, 71.0], [""5"", 0.9188572515215618, 21.0]]",,,ml/output/tracks/best_frames/26_12-20/track_0243_r2.jpg,ml/output/tracks/best_frames_hires/26_12-20/track_0243_r2.jpg,
26_12-20.mp4,254,23574,2122,0,2298,120,90,"Е5zuZ7
ILI
66
рашн 9
€gg
иаг
664 
6 / 9
51
899 /
7.5 6 5","[[""Е5zuZ7"", 0.33644260702473466, 20.0], [""ILI"", 0.410222292763537, 28.0], [""66"", 0.997000716362993, 28.0], [""рашн 9"", 0.23291658839880036, 12.0], [""€gg"", 0.7482958128959295, 24.0], [""иаг"", 0.46983547585111507, 8.0], [""664 "", 0.20388057827949524, 37.0], [""6 / 9"", 0.10863720663127274, 13.0], [""51"", 0.45318206996758675, 13.0], [""899 /"", 0.5211098154165309, 22.0], [""7.5 6 5"", 0.1059509979828061, 13.0]]",,,ml/output/tracks/best_frames/26_12-20/track_0254_r0.jpg,ml/output/tracks/best_frames_hires/26_12-20/track_0254_r0.jpg,
26_12-20.mp4,186,23574,369,1337,593,1602,90,"GG
#Evz
#
геu
ца
~лх~
GЯ Ц(osz
Ети
14а
сагда
juiss
апга
anvn
68  
22
0
20
9
2-
54
74
72
:0
91
:
777
9
7.5","[[""GG"", 0.786229600485297, 16.0], [""#Evz"", 0.49929317831993103, 19.0], [""#"", 0.8579649754990761, 16.0], [""геu"", 0.3312258765108451, 16.0], [""ца"", 0.7780097688328956, 12.0], [""~лх~"", 0.08014027774333954, 14.0], [""GЯ Ц(osz"", 0.2299839252944296, 49.11166356776795], [""Ети"", 0.11103876172680428, 26.475382081221653], [""14а"", 0.0304648273941689, 17.655545404187734], [""сагда"", 0.24172473292057373, 20.912633295192563], [""juiss"", 0.4138128562721542, 18.874931437698592], [""апга"", 0.45352619886398315, 19.004271034772955], [""anvn"", 0.3917014002799988, 21.877670597010024], [""68  "", 0.7536031007766724, 29.5], [""22"", 0.2259975116142624, 15.0], [""0"", 0.9992947630173923, 11.0], [""20"", 0.7601546681724554, 13.0], [""9"", 0.9447818040059452, 8.0], [""2-"", 0.18265745135157999, 13.5], [""54"", 0.513215078158586, 12.0], [""74"", 0.234647654534528, 14.563536265071292], [""72"", 0.19338591902796468, 22.490025647832773], ["":0"", 0.244227014631067, 17.735763427849548], [""91"", 0.614669510473947, 17.30932482461523], ["":"", 0.5761780035500443, 19.813172750706485], [""777"", 0.5043614989744893, 16.289800741177032], [""9"", 0.4230236268189316, 14.812276932106897], [""7.5"", 0.1981874881470777, 19.298241026462364]]",,,ml/output/tracks/best_frames/26_12-20/track_0186_r2.jpg,ml/output/tracks/best_frames_hires/26_12-20/track_0186_r2.jpg,8 45 5 8
26_12-20.mp4,227,23574,2018,1888,2309,2159,90,"66
661","[[""66"", 0.7087839101915879, 24.0], [""661"", 0.7232156540682783, 60.0]]",,,ml/output/tracks/best_frames/26_12-20/track_0227_r2.jpg,ml/output/tracks/best_frames_hires/26_12-20/track_0227_r2.jpg,
26_12-20.mp4,227,23724,2018,1888,2309,2159,0,"8
;","[[""8"", 0.9795898969309782, 145.0], ["";"", 0.9827725674735035, 44.88608135513253]]",,,ml/output/tracks/best_frames/26_12-20/track_0227_r0.jpg,ml/output/tracks/best_frames_hires/26_12-20/track_0227_r0.jpg,
26_12-20.mp4,203,23724,336,916,540,1166,90,"9
(%aGz
яатэ
Tuum-rqc
яS' ,
Тт7r
EU пoD
дан
днаануна
пип
Шаз
яат
эыI
тгишпл
7//
77 798:1
743
30 69 -/ 
22/: /9
2330
479
419
. 1:
9-2.","[[""9"", 0.9283901283692598, 40.0], [""(%aGz"", 0.26605715129441176, 26.0], [""яатэ"", 0.9322450757026672, 18.0], [""Tuum-rqc"", 0.14285688623080908, 16.0], [""яS' ,"", 0.40969210366961156, 28.0], [""Тт7r"", 0.4651227593421936, 8.0], [""EU пoD"", 0.34045087495418125, 15.0], [""дан"", 0.18749692729201098, 14.0], [""днаануна"", 0.5752794142879288, 25.0], [""пип"", 0.10490840075722366, 8.0], [""Шаз"", 0.46425706677534473, 12.764703585452594], [""яат"", 0.5960640197394087, 17.96166522241373], [""эыI"", 0.13507933956786394, 16.91728583954051], [""тгишпл"", 0.14701601076687043, 19.561133983625638], [""7//"", 0.4774548866571508, 13.0], [""77 798:1"", 0.14882041908674, 28.0], [""743"", 0.6589362541077182, 12.0], [""30 69 -/ "", 0.1268281039808381, 20.0], [""22/: /9"", 0.07792545889078527, 22.5], [""2330"", 0.11228954046964645, 13.5], [""479"", 0.26008639627276625, 14.368598371320005], [""419"", 0.13576388576065837, 16.225994205753178], ["". 1:"", 0.07184263318777084, 16.859149544377374], [""9-2."", 0.33417850732803345, 18.252886476351172]]",,,ml/output/tracks/best_frames/26_12-20/track_0203_r2.jpg,ml/output/tracks/best_frames_hires/26_12-20/track_0203_r2.jpg,8 8858 88 1 83 1 1 8 5
26_12-20.mp4,224,23874,2097,562,2419,906,0,"[
5s
[
3
8
Iil
&
щ
#
g;
1
?
8
{ё
пъг
8 8
6","[[""["", 0.51633572646438, 85.0], [""5s"", 0.5655952650766268, 26.0], [""["", 0.2822454351361472, 63.0], [""3"", 0.9648011968266843, 80.0], [""8"", 0.14338551218726625, 62.0], [""Iil"", 0.4290087004875816, 129.0], [""&"", 0.6350051108833021, 50.0], [""щ"", 0.7706158018403961, 42.0], [""#"", 0.8732531146216083, 77.0], [""g;"", 0.5079057560413078, 42.0], [""1"", 0.586038629866156, 62.0], [""?"", 0.8056339630081233, 36.0], [""8"", 0.9738015612303776, 162.0], [""{ё"", 0.5278667808379601, 86.0], [""пъг"", 0.054257977094199175, 32.0], [""8 8"", 0.3162752687931061, 105.0], [""6"", 0.9159121220029967, 23.0]]",,,ml/output/tracks/best_frames/26_12-20/track_0224_r2.jpg,ml/output/tracks/best_frames_hires/26_12-20/track_0224_r2.jpg,21  8:
26_12-20.mp4,244,23874,2105,421,2437,789,0,"I@3
8
Il
5)
щ
3
#;
1
?
5
8
!ё
5
6
6:
89
5
7
9
4
9:
8
2
8
15","[[""I@3"", 0.6026112253191062, 109.0], [""8"", 0.2749335958762913, 62.0], [""Il"", 0.465774159943161, 131.0], [""5)"", 0.7562985587718483, 32.0], [""щ"", 0.9619836698579007, 44.0], [""3"", 0.24467635850744873, 76.0], [""#;"", 0.6616914663294846, 44.0], [""1"", 0.3552786154529173, 62.0], [""?"", 0.9224531987810316, 38.0], [""5"", 0.1709048531092785, 80.0], [""8"", 0.9943354704807952, 162.0], [""!ё"", 0.24576608217398285, 87.0], [""5"", 0.6377185780807828, 54.925254998708624], [""6"", 0.9928013169201222, 22.0], [""6:"", 0.2449191496665859, 19.5], [""89"", 0.5245897736652109, 34.0], [""5"", 0.9078003072386345, 51.5], [""7"", 0.1387577171602885, 43.5], [""9"", 0.9998074862636521, 20.0], [""4"", 0.2575509188808702, 84.0], [""9:"", 0.454793659754003, 41.0], [""8"", 0.99830532407465, 176.0], [""2"", 0.9875295379987534, 36.0], [""8"", 0.9640735083846297, 40.0], [""15"", 0.21650879813281584, 84.0]]",,,ml/output/tracks/best_frames/26_12-20/track_0244_r2.jpg,ml/output/tracks/best_frames_hires/26_12-20/track_0244_r2.jpg,1 7 2 8 18 0
26_12-20.mp4,203,23874,336,915,540,1166,180,"#
0
1
: ;
8
g:
5
auel
;
1","[[""#"", 0.704904584080257, 48.0], [""0"", 0.9450871495349844, 37.0], [""1"", 0.6483919318196882, 89.0], ["": ;"", 0.33324873447418213, 36.0], [""8"", 0.9897624171822486, 32.0], [""g:"", 0.13236317519616722, 40.0], [""5"", 0.9755112291509818, 44.0], [""auel"", 0.22548674046993256, 23.0], ["";"", 0.23863693690717813, 71.97989898732234], [""1"", 0.5728840043366858, 72.98045301021168]]",,,ml/output/tracks/best_frames/26_12-20/track_0203_r0.jpg,ml/output/tracks/best_frames_hires/26_12-20/track_0203_r0.jpg,8 8895 88 1 9 : 1 1
26_12-20.mp4,227,23874,2018,1889,2309,2159,90,"66
бб","[[""66"", 0.9995347305009314, 20.0], [""бб"", 0.3294876311996447, 60.0]]",,,ml/output/tracks/best_frames/26_12-20/track_0227_r1.jpg,ml/output/tracks/best_frames_hires/26_12-20/track_0227_r1.jpg,
26_12-20.mp4,206,23874,500,1727,657,2042,0,"a8
[
Dр
8
{
1
'
.1","[[""a8"", 0.2454808177978735, 26.0], [""["", 0.31069966393330617, 38.0], [""Dр"", 0.1305463266644265, 136.0], [""8"", 0.6415953647727726, 79.94595458246195], [""{"", 0.4013466176599003, 45.821143562765386], [""1"", 0.9697340350576269, 34.914048808866944], [""'"", 0.5498846874166361, 48.95621185796972], ["".1"", 0.6337152191136719, 173.48093480754474]]",,,ml/output/tracks/best_frames/26_12-20/track_0206_r1.jpg,ml/output/tracks/best_frames_hires/26_12-20/track_0206_r1.jpg,92
26_12-20.mp4,186,23874,370,1337,593,1602,270,"Пээ
ЕR
30
99
19
шм
7;
БAш
5uт
доucz
(г
239
х431
Иид
99
19","[[""Пээ"", 0.16454743899883112, 12.0], [""ЕR"", 0.05654902198419235, 16.0], [""30"", 0.6105382928736455, 18.0], [""99"", 0.9999919078146757, 16.0], [""19"", 0.4409975478258337, 36.0], [""шм"", 0.18770262257035422, 15.827605888602363], [""7;"", 0.13776538229360155, 14.82317344485299], [""БAш"", 0.40527910182628574, 16.91728583954051], [""5uт"", 0.35375324257857554, 17.835000343101427], [""доucz"", 0.1049972626447157, 28.712345378956172], [""(г"", 0.12953837243000113, 11.92801398934111], [""239"", 0.6462841648058907, 46.1159660434202], [""х431"", 0.25446051359176636, 20.751877693118786], [""Иид"", 0.13583375512905835, 35.01736146982182], [""99"", 0.9999997471189183, 18.0], [""19"", 0.8566678403664016, 37.0]]",,,ml/output/tracks/best_frames/26_12-20/track_0186_r0.jpg,ml/output/tracks/best_frames_hires/26_12-20/track_0186_r0.jpg,9 35 2 8 1
26_12-20.mp4,196,23874,350,1092,557,1365,180,"Е
{{pI
{F
2
;
1
1
1
!
$
;
8
'
8
'
;
'
2
5
1
:
348
8
1
5","[[""Е"", 0.4124993050233492, 74.0], [""{{pI"", 0.1695624738931656, 38.0], [""{F"", 0.4043033722839991, 44.0], [""2"", 0.08889006555199419, 47.0], ["";"", 0.23851975474771336, 22.0], [""1"", 0.5135386263409067, 71.0], [""1"", 0.3562862492804051, 87.0], [""1"", 0.9609987425051827, 74.0], [""!"", 0.786257985560642, 42.0], [""$"", 0.16027563989084204, 84.0], ["";"", 0.31202458031935976, 22.0], [""8"", 0.9999183433036798, 32.73999010527115], [""'"", 0.11292145291150746, 104.98053705851925], [""8"", 0.9999849796859195, 106.68355193071312], [""'"", 0.19344131041734514, 74.98149479085589], ["";"", 0.9394504606308409, 31.89736659610105], [""'"", 0.6103493273278673, 50.95960811756083], [""2"", 0.5961284259697663, 13.0], [""5"", 0.712004388753499, 44.5], [""1"", 0.9844740027497245, 86.0], ["":"", 0.7945622575098241, 34.5], [""348"", 0.15774849262817237, 54.5], [""8"", 0.998821725041811, 64.0], [""1"", 0.9942508360032356, 68.49437062607853], [""5"", 0.3424986792809115, 31.453149897101586]]",,,ml/output/tracks/best_frames/26_12-20/track_0196_r2.jpg,ml/output/tracks/best_frames_hires/26_12-20/track_0196_r2.jpg, 4.
26_12-20.mp4,216,23874,326,607,513,884,0,"Sl
1
5
2
!
?
Ё
8
# ;
Е
8
Ё
€
1
5
8
1","[[""Sl"", 0.08744191732898551, 72.0], [""1"", 0.8984471719159046, 96.0], [""5"", 0.9999961853063724, 24.0], [""2"", 0.627885767383848, 42.0], [""!"", 0.748285443716, 94.0], [""?"", 0.29596748518187965, 36.0], [""Ё"", 0.22157663854784815, 78.0], [""8"", 0.999685073855531, 122.0], [""# ;"", 0.32063554562770974, 54.0], [""Е"", 0.748256982811327, 44.0], [""8"", 0.9999586348043046, 28.0], [""Ё"", 0.3394251184602126, 42.0], [""€"", 0.2400790981073584, 52.919216235121624], [""1"", 0.999994277962287, 82.0], [""5"", 0.4199813308992226, 22.0], [""8"", 0.9999986886982448, 29.0], [""1"", 0.6057546742663931, 53.5]]",,,ml/output/tracks/best_frames/26_12-20/track_0216_r2.jpg,ml/output/tracks/best_frames_hires/26_12-20/track_0216_r2.jpg,
26_12-20.mp4,196,24024,350,1092,557,1366,0,"'
88
а
$
I
#?
[
faa
[
Е
;
!
8
[
;
6
8
1","[[""'"", 0.519018206352996, 47.0], [""88"", 0.2849553964653681, 41.0], [""а"", 0.4296911830295791, 36.0], [""$"", 0.23119910707083946, 82.0], [""I"", 0.958924636071302, 107.0], [""#?"", 0.4021218934635029, 28.0], [""["", 0.9517705963244829, 79.0], [""faa"", 0.03662483329613781, 78.0], [""["", 0.2098513422895829, 50.95960811756082], [""Е"", 0.3945029933225932, 28.875497521447414], ["";"", 0.14966717227560267, 35.91873100314257], [""!"", 0.9270060416007517, 23.820732954925234], [""8"", 0.9837500242243244, 128.92219363830918], [""["", 0.9803262709067475, 86.93522077412322], ["";"", 0.8787917010558921, 54.925254998708624], [""6"", 0.9618535407578612, 49.0], [""8"", 0.999837643538072, 26.0], [""1"", 0.24745522165481848, 42.47625041806249]]",,,ml/output/tracks/best_frames/26_12-20/track_0196_r1.jpg,ml/output/tracks/best_frames_hires/26_12-20/track_0196_r1.jpg,-9 .
26_12-20.mp4,243,24024,2279,5,2434,143,90,"66
пал:5
€S9 |
Ticet j","[[""66"", 0.9999412477986961, 28.0], [""пал:5"", 0.26175243343254956, 8.0], [""€S9 |"", 0.5800448122840192, 24.0], [""Ticet j"", 0.16945726660382765, 12.0]]",,,ml/output/tracks/best_frames/26_12-20/track_0243_r1.jpg,ml/output/tracks/best_frames_hires/26_12-20/track_0243_r1.jpg,
26_12-20.mp4,244,24024,2105,422,2437,789,270,"Вино PIERRE
PLANTEE
ординарнос #П. сух
[Оранцня) D. 75L
[uu
Сухос
2105*,
С саза
(~439)
GT Luu
119999
Catpm
Uulai >a
0 -5:
/-439
.1 2::
1199
99
05  
101 1 2
5  
35
20
8","[[""Вино PIERRE"", 0.8190142071277327, 26.0], [""PLANTEE"", 0.9999420112573251, 27.0], [""ординарнос #П. сух"", 0.89022756110175, 27.0], [""[Оранцня) D. 75L"", 0.7382421200683577, 30.0], [""[uu"", 0.16300070037426304, 14.0], [""Сухос"", 0.9831854248161164, 24.0], [""2105*,"", 0.5338384842295433, 24.0], [""С саза"", 0.12669295429813038, 18.0], [""(~439)"", 0.727300419104702, 44.0], [""GT Luu"", 0.1927386768668725, 18.0], [""119999"", 0.8427568316769195, 74.0], [""Catpm"", 0.3831975792672505, 16.0], [""Uulai >a"", 0.06914787453851402, 18.0], [""0 -5:"", 0.26163859482785096, 14.0], [""/-439"", 0.3330588206070893, 44.5], ["".1 2::"", 0.1532867922401024, 14.0], [""1199"", 0.9518106841990238, 69.0], [""99"", 1.0, 26.0], [""05  "", 0.3124355636074625, 18.0], [""101 1 2"", 0.519236262724383, 15.5], [""5  "", 0.19628874354513104, 8.0], [""35"", 0.15799410711251574, 7.0], [""20"", 0.04100627837982926, 8.0], [""8"", 0.1564150672373934, 17.0]]",,,ml/output/tracks/best_frames/26_12-20/track_0244_r1.jpg,ml/output/tracks/best_frames_hires/26_12-20/track_0244_r1.jpg,6 7 2 8 8 18 6 6
26_12-20.mp4,246,24024,2127,0,2433,293,90,"5520Z7
[IILIIL
66
Рал: э
€S9 |
Tucet j

7.:  1","[[""5520Z7"", 0.602919615549377, 20.0], [""[IILIIL"", 0.4802336441227821, 28.0], [""66"", 0.9999018835465441, 28.0], [""Рал: э"", 0.2582699816177745, 12.0], [""€S9 |"", 0.43424446518784204, 24.0], [""Tucet j"", 0.34151317472058573, 12.0], ["""", 0.0, 6.5], [""7.:  1"", 0.1227483510913449, 13.0]]",,,ml/output/tracks/best_frames/26_12-20/track_0246_r1.jpg,ml/output/tracks/best_frames_hires/26_12-20/track_0246_r1.jpg,
26_12-20.mp4,216,24024,326,606,513,884,0,"$
;
1
;
:
'
?
2
8
#
2
[
5
;
1
2
8
5","[[""$"", 0.7956593561583567, 62.0], ["";"", 0.9963579021974169, 38.0], [""1"", 0.6033426433149636, 96.0], ["";"", 0.5512629786637859, 74.0], ["":"", 0.17625422138622415, 94.0], [""'"", 0.7985456509086362, 36.0], [""?"", 0.7430224011617526, 34.0], [""2"", 0.442233590191595, 78.0], [""8"", 0.9999799729396273, 129.0], [""#"", 0.8399614923192189, 34.0], [""2"", 0.6419260761636139, 60.0], [""["", 0.9639085731987826, 118.0], [""5"", 0.16099365010744382, 28.0], ["";"", 0.192840084898652, 42.0], [""1"", 0.9999517208204658, 83.0], [""2"", 0.5992024891131678, 22.0], [""8"", 0.9999861717702174, 29.0], [""5"", 0.632524096371526, 51.5]]",,,ml/output/tracks/best_frames/26_12-20/track_0216_r0.jpg,ml/output/tracks/best_frames_hires/26_12-20/track_0216_r0.jpg, 5
26_12-20.mp4,224,24024,2097,561,2420,906,270,"Вино PIERRE
PLANTEE
ордчнарнос кП. сух.
(оранцня) D. 75L
[z-
Сухос
2105*,
€евм
(~439)
CT LGL
1119999
Catp
601 l <3
0-5: 0
-439
::
1199
99
05 2
10101 2
5 35 
:
.1","[[""Вино PIERRE"", 0.8635068845567478, 26.0], [""PLANTEE"", 0.9999403891789823, 27.0], [""ордчнарнос кП. сух."", 0.7130585603512766, 28.0], [""(оранцня) D. 75L"", 0.7080957213222935, 27.0], [""[z-"", 0.13635406841403744, 19.0], [""Сухос"", 0.993528323726182, 24.0], [""2105*,"", 0.5049508474341649, 24.0], [""€евм"", 0.05826013162732124, 19.0], [""(~439)"", 0.7315500818934907, 44.0], [""CT LGL"", 0.2520620110659497, 14.0], [""1119999"", 0.811928765735743, 68.0], [""Catp"", 0.47430107313808195, 16.0], [""601 l <3"", 0.05365215807731604, 16.0], [""0-5: 0"", 0.16475483121594162, 15.0], [""-439"", 0.999777615070343, 39.0], [""::"", 0.11484751651267903, 13.0], [""1199"", 1.0, 69.0], [""99"", 1.0, 30.0], [""05 2"", 0.20857302930073937, 18.0], [""10101 2"", 0.3508727797544667, 15.5], [""5 35 "", 0.21269091687788377, 8.0], ["":"", 0.15189698122425455, 17.0], ["".1"", 0.5968754109678225, 15.285430072655771]]",,,ml/output/tracks/best_frames/26_12-20/track_0224_r1.jpg,ml/output/tracks/best_frames_hires/26_12-20/track_0224_r1.jpg,21  86
26_12-20.mp4,216,24174,326,607,513,884,180,"g
{I:
9
#
[
:
;
8
:
'
'
3
8
I:
6
1
2
9
:
:
8
1
5
8","[[""g"", 0.4585718538473884, 22.0], [""{I:"", 0.06979219105944107, 38.0], [""9"", 0.9657567908992384, 26.0], [""#"", 0.1984920923267488, 46.0], [""["", 0.9120535434095132, 74.0], ["":"", 0.8592885292727068, 60.0], ["";"", 0.7856191329201465, 32.0], [""8"", 0.9391384024616087, 121.0], ["":"", 0.5870816303768187, 80.0], [""'"", 0.5302841212804346, 36.0], [""'"", 0.9371580156126118, 40.0], [""3"", 0.05449492783161625, 94.0], [""8"", 0.835699209449686, 72.0], [""I:"", 0.2142089044675118, 95.0], [""6"", 0.9974047116961096, 24.0], [""1"", 0.9465151058583707, 13.0], [""2"", 0.22263711434513667, 48.0], [""9"", 0.21557435778263212, 28.0], ["":"", 0.3160309861819002, 50.0], ["":"", 0.4348744525556789, 95.5], [""8"", 0.7540832208762858, 41.0], [""1"", 0.9291441741056339, 95.5], [""5"", 0.7652518309988778, 35.0], [""8"", 0.2089368989914, 51.484183778462835]]",,,ml/output/tracks/best_frames/26_12-20/track_0216_r1.jpg,ml/output/tracks/best_frames_hires/26_12-20/track_0216_r1.jpg, 8
26_12-20.mp4,206,24174,501,1732,663,2048,0,"f
f
5
$
!
1
.12","[[""f"", 0.801048331645152, 42.0], [""f"", 0.9295189280712748, 52.0], [""5"", 0.987980699134269, 141.0], [""$"", 0.26017769430440296, 82.82394269139445], [""!"", 0.9980573561269921, 38.93072678605654], [""1"", 0.9513241765546354, 43.94561242937073], ["".12"", 0.10315080234453822, 203.48698572570686]]",,,ml/output/tracks/best_frames/26_12-20/track_0206_r0.jpg,ml/output/tracks/best_frames_hires/26_12-20/track_0206_r0.jpg,0
26_12-20.mp4,196,24174,350,1092,557,1366,0,"'
88
а
$
I
#;
!
{яlп
[
Е
3
!
1
8
[
;
5
0
8
 ","[[""'"", 0.7939779292547087, 47.0], [""88"", 0.2508379162989672, 41.0], [""а"", 0.2833459502472948, 36.0], [""$"", 0.12254458117708111, 82.0], [""I"", 0.9608637721956406, 115.0], [""#;"", 0.6367806573872385, 28.0], [""!"", 0.7874919327373533, 47.0], [""{яlп"", 0.022359738126397133, 81.0], [""["", 0.1245439830886994, 50.95960811756082], [""Е"", 0.2585233132835505, 28.875497521447414], [""3"", 0.14869862263133005, 35.91873100314257], [""!"", 0.7464714226876481, 22.805721037647857], [""1"", 0.4164475162326795, 72.98045301021165], [""8"", 0.997622236122325, 127.93822301370935], [""["", 0.7857010225946546, 86.97128050160589], ["";"", 0.9012801337476617, 54.925254998708624], [""5"", 0.33497965954453335, 14.0], [""0"", 0.7594592931623225, 31.0], [""8"", 0.9998258428113083, 24.0], ["" "", 0.16970920474619877, 42.471334281558256]]",,,ml/output/tracks/best_frames/26_12-20/track_0196_r0.jpg,ml/output/tracks/best_frames_hires/26_12-20/track_0196_r0.jpg,-4
26_12-20.mp4,224,24174,2097,561,2420,906,270,"Вино PIERRE
PLANTEE
ординарнос кр
сух.
[оранцня) D. 75L
[= -
Сухос
2105*
€еяа;
(~439)
CT LEI
1119999
Ca Lpm
UT1ulм3
0-5: 0
-439
:1 1:4
1199
99
0 2
101 1 2
5 3 .
8","[[""Вино PIERRE"", 0.9137658428137222, 26.0], [""PLANTEE"", 0.9999397133127554, 27.0], [""ординарнос кр"", 0.4582975324315492, 26.0], [""сух."", 0.7785331606864929, 18.0], [""[оранцня) D. 75L"", 0.48995815251416036, 27.0], [""[= -"", 0.09182527074856821, 19.0], [""Сухос"", 0.6631505049656309, 24.0], [""2105*"", 0.8824708110927681, 24.0], [""€еяа;"", 0.06518781382487242, 19.0], [""(~439)"", 0.7233128563305521, 44.0], [""CT LEI"", 0.5137249873325446, 14.0], [""1119999"", 0.8119675600490075, 68.0], [""Ca Lpm"", 0.3186866321987685, 16.0], [""UT1ulм3"", 0.015176292643661639, 16.0], [""0-5: 0"", 0.10779152907922986, 15.0], [""-439"", 0.9999815225601196, 40.5], ["":1 1:4"", 0.17226085334035598, 14.0], [""1199"", 1.0, 68.0], [""99"", 0.8917533583713371, 28.0], [""0 2"", 0.6544738802323969, 18.0], [""101 1 2"", 0.3459762231462633, 15.5], [""5 3 ."", 0.32414999576518033, 8.0], [""8"", 0.18545241138601032, 18.0]]",,,ml/output/tracks/best_frames/26_12-20/track_0224_r0.jpg,ml/output/tracks/best_frames_hires/26_12-20/track_0224_r0.jpg,30  8456
26_12-20.mp4,246,24174,2127,0,2433,293,90,"5520Z7
[ILIIL
66
Роn: э5
€S9 |
Taice j

7.:   ","[[""5520Z7"", 0.7467372981082566, 20.0], [""[ILIIL"", 0.7604094181658081, 28.0], [""66"", 0.9999671256164323, 28.0], [""Роn: э5"", 0.302862670034003, 12.0], [""€S9 |"", 0.3208070523724233, 24.0], [""Taice j"", 0.2645025719776516, 12.0], ["""", 0.0, 6.5], [""7.:   "", 0.35739931330596375, 13.0]]",,,ml/output/tracks/best_frames/26_12-20/track_0246_r0.jpg,ml/output/tracks/best_frames_hires/26_12-20/track_0246_r0.jpg,
26_12-20.mp4,244,24174,2105,421,2437,789,270,"Вино PIERRE
PLANTEE
ординарнос кП. сух.
(Оранцня) 0. 75L
1i .э ч
Сухос
2105*
Сеaъ ₽
(-439)
CT LE
119999
C tm
Gula1 мa
0 -5.
-439
.1 1
119999
0 2
101 1 2
5
55
8","[[""Вино PIERRE"", 0.8371748331166231, 26.0], [""PLANTEE"", 0.9998322937657285, 28.0], [""ординарнос кП. сух."", 0.8923848201704805, 28.0], [""(Оранцня) 0. 75L"", 0.5056212521982565, 30.0], [""1i .э ч"", 0.22185894173519866, 12.0], [""Сухос"", 0.9961694111330717, 24.0], [""2105*"", 0.8401512019955016, 24.0], [""Сеaъ ₽"", 0.15344599291984967, 19.0], [""(-439)"", 0.3407786709031268, 42.0], [""CT LE"", 0.5511422061906955, 14.0], [""119999"", 0.6779060384896913, 72.0], [""C tm"", 0.19459359977044147, 14.0], [""Gula1 мa"", 0.05756520403202386, 17.0], [""0 -5."", 0.15209175934893446, 15.0], [""-439"", 0.9998356699943542, 38.5], ["".1 1"", 0.4075702077692396, 14.0], [""119999"", 0.9541542093977995, 68.0], [""0 2"", 0.21877327091838975, 18.0], [""101 1 2"", 0.1971367737410116, 15.5], [""5"", 0.5172285998028769, 8.0], [""55"", 0.30381445157892184, 7.0], [""8"", 0.2064126051589108, 18.0]]",,,ml/output/tracks/best_frames/26_12-20/track_0244_r0.jpg,ml/output/tracks/best_frames_hires/26_12-20/track_0244_r0.jpg,7 2 8 2 8 38
26_12-20.mp4,243,24174,2279,5,2434,143,180,"5
'
3 li
5
:
8 8","[[""5"", 0.9826626650121852, 22.0], [""'"", 0.5954033656863089, 36.0], [""3 li"", 0.4434928596019745, 68.0], [""5"", 0.36892592642658784, 21.0], ["":"", 0.8819735688371253, 36.0], [""8 8"", 0.5423888564109802, 69.5]]",,,ml/output/tracks/best_frames/26_12-20/track_0243_r0.jpg,ml/output/tracks/best_frames_hires/26_12-20/track_0243_r0.jpg,
26_12-20.mp4,259,24324,332,471,492,667,270,"Нино Rов
СНARTOM
дов
кp
ТФраышч
11
€т 
2419","[[""Нино Rов"", 0.6444171080435782, 16.0], [""СНARTOM"", 0.38978756851257623, 16.0], [""дов"", 0.9688497596144046, 14.0], [""кp"", 0.24391511938084498, 14.0], [""ТФраышч"", 0.30968272394175733, 14.0], [""11"", 0.9999881989028121, 18.0], [""€т "", 0.10379602629587917, 22.539672889527935], [""2419"", 0.6590396165847778, 19.5]]",,,ml/output/tracks/best_frames/26_12-20/track_0259_r1.jpg,ml/output/tracks/best_frames_hires/26_12-20/track_0259_r1.jpg,8 398 1 8 : 8
26_12-20.mp4,259,24474,321,524,513,816,270,"Вчно ROBERT
CHARTON Борда
AОР
вp
(Фрзчцыч) 0
75L
cuiчa
TItn
419
5э
799
Тгла]
98
6419
799
61","[[""Вчно ROBERT"", 0.9463424113292548, 16.0], [""CHARTON Борда"", 0.8054309530934171, 16.0], [""AОР"", 0.46758874422668883, 16.0], [""вp"", 0.023651072615812455, 12.0], [""(Фрзчцыч) 0"", 0.6099543045706557, 18.0], [""75L"", 0.9833916577760904, 16.0], [""cuiчa"", 0.3542247003189434, 14.0], [""TItn"", 0.43476346135139465, 14.0], [""419"", 0.9860845452959646, 26.0], [""5э"", 0.7604126256953069, 16.0], [""799"", 0.9999983481878129, 54.0], [""Тгла]"", 0.5932379892559074, 18.0], [""98"", 0.5225716130738065, 12.0], [""6419"", 0.6227023601531982, 24.0], [""799"", 1.0, 47.5], [""61"", 0.3257212584319757, 19.0]]",,,ml/output/tracks/best_frames/26_12-20/track_0259_r0.jpg,ml/output/tracks/best_frames_hires/26_12-20/track_0259_r0.jpg,8 8 5 8
26_12-20.mp4,264,24625,2060,1514,2362,1926,90,"{
9","[[""{"", 0.9247231752810059, 202.0], [""9"", 0.6766453739041403, 156.0]]",,,ml/output/tracks/best_frames/26_12-20/track_0264_r0.jpg,ml/output/tracks/best_frames_hires/26_12-20/track_0264_r0.jpg,
26_12-20.mp4,263,24625,322,864,514,1014,270,"звг
9-
=og
9-
-9:","[[""звг"", 0.1950495545876108, 14.0], [""9-"", 0.5597864877671994, 18.0], [""=og"", 0.6793258602548304, 50.0], [""9-"", 0.6917815453636681, 16.0], [""-9:"", 0.7696255108140826, 54.0]]",,,ml/output/tracks/best_frames/26_12-20/track_0263_r2.jpg,ml/output/tracks/best_frames_hires/26_12-20/track_0263_r2.jpg,
26_12-20.mp4,267,24775,342,1307,553,1583,180,"[""lim
9","[[""[\""lim"", 0.21809637331860918, 40.0], [""9"", 0.9461156054135387, 91.76114000116263]]",,,ml/output/tracks/best_frames/26_12-20/track_0267_r0.jpg,ml/output/tracks/best_frames_hires/26_12-20/track_0267_r0.jpg,
26_12-20.mp4,264,24775,2055,1645,2364,2054,180,lФ,"[[""lФ"", 0.7732928394915923, 146.0]]",,,ml/output/tracks/best_frames/26_12-20/track_0264_r1.jpg,ml/output/tracks/best_frames_hires/26_12-20/track_0264_r1.jpg,
26_12-20.mp4,263,24775,303,864,506,1128,90,56_,"[[""56_"", 0.22216792995692763, 63.0]]",,,ml/output/tracks/best_frames/26_12-20/track_0263_r0.jpg,ml/output/tracks/best_frames_hires/26_12-20/track_0263_r0.jpg,14
26_12-20.mp4,267,24925,323,1220,536,1515,90,659,"[[""659"", 0.7836558450461776, 60.76271761069563]]",,,ml/output/tracks/best_frames/26_12-20/track_0267_r1.jpg,ml/output/tracks/best_frames_hires/26_12-20/track_0267_r1.jpg,
26_12-20.mp4,263,24925,303,886,502,1190,90,36_,"[[""36_"", 0.43611106240850905, 69.0]]",,,ml/output/tracks/best_frames/26_12-20/track_0263_r1.jpg,ml/output/tracks/best_frames_hires/26_12-20/track_0263_r1.jpg,
26_12-20.mp4,234,25375,284,357,499,651,180,"""","[[""\"""", 0.8407992469763172, 148.0]]",,,ml/output/tracks/best_frames/26_12-20/track_0234_r1.jpg,ml/output/tracks/best_frames_hires/26_12-20/track_0234_r1.jpg,1-
26_12-20.mp4,275,25525,2100,518,2434,888,270,"~--=
=
'2
аz
===_ =
1427:
13 3
73-
1427","[[""~--="", 0.19161081314086914, 24.0], [""="", 0.20394068947786081, 20.0], [""'2"", 0.049078733219729775, 16.0], [""аz"", 0.04414794402531081, 16.0], [""===_ ="", 0.2799792712862521, 24.0], [""1427:"", 0.8066442825061706, 75.0], [""13 3"", 0.10262123495340347, 49.782449717482905], [""73-"", 0.250473948571254, 31.0], [""1427"", 0.9988100302896179, 65.5]]",,,ml/output/tracks/best_frames/26_12-20/track_0275_r0.jpg,ml/output/tracks/best_frames_hires/26_12-20/track_0275_r0.jpg,.1
26_12-20.mp4,234,25525,281,437,494,731,0,"6
6","[[""6"", 0.7066677070724836, 143.0], [""6"", 0.21738275628789072, 60.0]]",,,ml/output/tracks/best_frames/26_12-20/track_0234_r0.jpg,ml/output/tracks/best_frames_hires/26_12-20/track_0234_r0.jpg,
26_12-20.mp4,285,25676,2036,1639,2340,1954,180,"8
3","[[""8"", 0.912146216939064, 138.0], [""3"", 0.28794684560944006, 133.0]]",,,ml/output/tracks/best_frames/26_12-20/track_0285_r0.jpg,ml/output/tracks/best_frames_hires/26_12-20/track_0285_r0.jpg,
26_12-20.mp4,271,25676,377,1546,601,1816,270,7699,"[[""7699"", 0.8314222693443298, 61.2466863772205]]",,,ml/output/tracks/best_frames/26_12-20/track_0271_r1.jpg,ml/output/tracks/best_frames_hires/26_12-20/track_0271_r1.jpg,8
26_12-20.mp4,275,25676,2092,638,2421,1004,270,"~~-
= _
2 =
7 .
1427
1427","[[""~~-"", 0.4962089891342115, 29.0], [""= _"", 0.46087754053069196, 18.0], [""2 ="", 0.15325529873371124, 20.0], [""7 ."", 0.23248076438903809, 18.0], [""1427"", 0.9999917149543762, 78.0], [""1427"", 0.9873280310506616, 59.5]]",,,ml/output/tracks/best_frames/26_12-20/track_0275_r1.jpg,ml/output/tracks/best_frames_hires/26_12-20/track_0275_r1.jpg,
26_12-20.mp4,235,25676,2049,1421,2360,1724,270,"ок
13
1199
1199","[[""ок"", 0.14276589772581605, 16.0], [""13"", 0.46445066811551106, 30.0], [""1199"", 0.9999985694885254, 79.0], [""1199"", 0.9999997615814209, 72.5]]",,,ml/output/tracks/best_frames/26_12-20/track_0235_r2.jpg,ml/output/tracks/best_frames_hires/26_12-20/track_0235_r2.jpg,
26_12-20.mp4,279,25676,2085,869,2415,1238,270,"~--=
гт
1427
1427","[[""~--="", 0.2751413583755493, 24.0], [""гт"", 0.20939284169979447, 18.0], [""1427"", 0.9999995827674866, 74.0], [""1427"", 0.9995682239532471, 52.0]]",,,ml/output/tracks/best_frames/26_12-20/track_0279_r0.jpg,ml/output/tracks/best_frames_hires/26_12-20/track_0279_r0.jpg,
26_12-20.mp4,286,25826,284,864,495,1144,270,"25
25","[[""25"", 0.9999994099441718, 40.0], [""25"", 0.8377777283523625, 38.0]]",,,ml/output/tracks/best_frames/26_12-20/track_0286_r1.jpg,ml/output/tracks/best_frames_hires/26_12-20/track_0286_r1.jpg,
26_12-20.mp4,279,25826,2085,1044,2409,1378,270,"27
27","[[""27"", 0.9999994942378553, 72.0], [""27"", 0.6177167796333224, 49.5]]",,,ml/output/tracks/best_frames/26_12-20/track_0279_r2.jpg,ml/output/tracks/best_frames_hires/26_12-20/track_0279_r2.jpg,
26_12-20.mp4,287,25826,290,460,474,816,270,"5r 
~
1325
-1325","[[""5r "", 0.15489308536052704, 14.0], [""~"", 0.7769777404718212, 26.0], [""1325"", 0.5872684550856704, 42.0], [""-1325"", 0.673980927724479, 40.0]]",,,ml/output/tracks/best_frames/26_12-20/track_0287_r0.jpg,ml/output/tracks/best_frames_hires/26_12-20/track_0287_r0.jpg,8
26_12-20.mp4,285,25826,2036,1722,2337,2037,270,"{
1199""
11995","[[""{"", 0.12873010034490395, 18.0], [""1199\"""", 0.7716496165391125, 78.0], [""11995"", 0.497251081781498, 64.0]]",,,ml/output/tracks/best_frames/26_12-20/track_0285_r1.jpg,ml/output/tracks/best_frames_hires/26_12-20/track_0285_r1.jpg,
26_12-20.mp4,277,25826,2118,0,2460,322,90,"€6
[8LSQб+
g951 L
Farg
75L
0 {шци)
v
dv
Еdь GuuEuEF '
сташпа !wa
ciug
751
9 /6:   /
1 
15. 65 ::-  0
.0. :: 6-9","[[""€6"", 0.905714486846127, 30.0], [""[8LSQб+"", 0.10176537449345502, 68.0], [""g951 L"", 0.7980224875326446, 28.0], [""Farg"", 0.2268896996974945, 20.0], [""75L"", 0.37364717734767244, 16.0], [""0 {шци)"", 0.24604359389818178, 18.0], [""v"", 0.7228881784985788, 16.0], [""dv"", 0.1921694846337247, 16.0], [""Еdь GuuEuEF '"", 0.06610440274890321, 16.0], [""сташпа !wa"", 0.10673386882644746, 24.0], [""ciug"", 0.31528013944625854, 22.53967288952788], [""751"", 0.7714605676674104, 18.0], [""9 /6:   /"", 0.10743639918785533, 24.0], [""1 "", 0.17003481661901174, 14.0], [""15. 65 ::-  0"", 0.12018874603276239, 18.0], ["".0. :: 6-9"", 0.15489343752245907, 20.0]]",,,ml/output/tracks/best_frames/26_12-20/track_0277_r0.jpg,ml/output/tracks/best_frames_hires/26_12-20/track_0277_r0.jpg,
26_12-20.mp4,235,25826,2050,1504,2362,1804,270," _
F==
~e=e
=   =
3:
199""
7 _
43
1199","[["" _"", 0.9125561714172363, 18.0], [""F=="", 0.22077842838173653, 30.0], [""~e=e"", 0.2358938753604889, 31.0], [""=   ="", 0.2834886202471227, 30.0], [""3:"", 0.7840434561275124, 30.0], [""199\"""", 0.9709298610687256, 78.0], [""7 _"", 0.2049245983362198, 22.539672889527935], [""43"", 0.9873540371172176, 30.0], [""1199"", 0.5843589305877686, 70.0]]",,,ml/output/tracks/best_frames/26_12-20/track_0235_r1.jpg,ml/output/tracks/best_frames_hires/26_12-20/track_0235_r1.jpg,0/
26_12-20.mp4,275,25826,2093,734,2421,1099,0,"f m
{
#l
5
9""
'
8","[[""f m"", 0.263340812286041, 56.0], [""{"", 0.8983101151089024, 76.0], [""#l"", 0.1222415521121809, 32.0], [""5"", 0.6894795084840588, 286.0], [""9\"""", 0.31501532185226644, 102.0], [""'"", 0.22163693726157252, 101.0], [""8"", 0.3659273769153657, 101.5]]",,,ml/output/tracks/best_frames/26_12-20/track_0275_r2.jpg,ml/output/tracks/best_frames_hires/26_12-20/track_0275_r2.jpg,7:
26_12-20.mp4,273,25826,340,1377,561,1646,0,"1
{
""
y
т
""
'uid]
8
""","[[""1"", 0.9012588574878464, 34.0], [""{"", 0.2963884678607087, 67.0], [""\"""", 0.5077932280302413, 32.0], [""y"", 0.8031334179657144, 45.0], [""т"", 0.20218516675419096, 34.0], [""\"""", 0.19487081384544158, 44.0], [""'uid]"", 0.0821972878216664, 96.0], [""8"", 0.4215019190894651, 166.84689344855178], [""\"""", 0.8588028205454954, 52.902865008374306]]",,,ml/output/tracks/best_frames/26_12-20/track_0273_r1.jpg,ml/output/tracks/best_frames_hires/26_12-20/track_0273_r1.jpg,
26_12-20.mp4,271,25826,402,1651,621,1953,270,7699,"[[""7699"", 0.9951518022911553, 62.480262573108746]]",,,ml/output/tracks/best_frames/26_12-20/track_0271_r2.jpg,ml/output/tracks/best_frames_hires/26_12-20/track_0271_r2.jpg,9
26_12-20.mp4,234,25826,270,604,480,902,270,"1325
2 .
1325","[[""1325"", 0.999950110912323, 42.0], [""2 ."", 0.4207213217829886, 38.74214642660087], [""1325"", 0.9997203946113586, 40.5]]",,,ml/output/tracks/best_frames/26_12-20/track_0234_r2.jpg,ml/output/tracks/best_frames_hires/26_12-20/track_0234_r2.jpg,
26_12-20.mp4,277,25976,2121,25,2455,397,0,"8 5
3
3
'
""
i
@
$
1""
 8
8","[[""8 5"", 0.4280778169631958, 30.0], [""3"", 0.9938174973617073, 78.0], [""3"", 0.26733432106999544, 60.0], [""'"", 0.44655833398680045, 36.0], [""\"""", 0.906149932634662, 48.0], [""i"", 0.9964314406137333, 146.0], [""@"", 0.44057853302916783, 221.0], [""$"", 0.4982620110873235, 84.0], [""1\"""", 0.6694832707138678, 78.0], ["" 8"", 0.4653012758638684, 56.0], [""8"", 0.9999922514111894, 46.5]]",,,ml/output/tracks/best_frames/26_12-20/track_0277_r1.jpg,ml/output/tracks/best_frames_hires/26_12-20/track_0277_r1.jpg,
26_12-20.mp4,287,25976,286,559,468,876,270,"5 -
4-325
4-325","[[""5 -"", 0.7059470037607241, 14.0], [""4-325"", 0.2560228911920054, 49.0], [""4-325"", 0.7363818499162816, 48.0]]",,,ml/output/tracks/best_frames/26_12-20/track_0287_r1.jpg,ml/output/tracks/best_frames_hires/26_12-20/track_0287_r1.jpg,1
26_12-20.mp4,279,25976,2086,1097,2407,1434,270,"Iэ
Tеs
27
27","[[""Iэ"", 0.15516844021161286, 26.0], [""Tеs"", 0.07185054790276073, 24.0], [""27"", 0.9972308378232213, 72.0], [""27"", 0.4676796520663455, 49.5]]",,,ml/output/tracks/best_frames/26_12-20/track_0279_r1.jpg,ml/output/tracks/best_frames_hires/26_12-20/track_0279_r1.jpg,
26_12-20.mp4,273,25976,357,1423,576,1700,0,"Ih
""1
1
[
6","[[""Ih"", 0.9235952151875878, 44.0], [""\""1"", 0.27447017418312986, 60.0], [""1"", 0.9425414876031404, 28.0], [""["", 0.36280878782523374, 42.0], [""6"", 0.7624035014956441, 168.89407212747653]]",,,ml/output/tracks/best_frames/26_12-20/track_0273_r0.jpg,ml/output/tracks/best_frames_hires/26_12-20/track_0273_r0.jpg,0 
26_12-20.mp4,235,25976,2053,1568,2364,1862,270,"5cFs=
= . =
3-
199""
2 -
""
433.
11995","[[""5cFs="", 0.17391737393154255, 30.0], [""= . ="", 0.5071208338900647, 31.0], [""3-"", 0.38541288851517325, 28.0], [""199\"""", 0.6066634654998779, 74.0], [""2 -"", 0.1816357672214508, 30.75099504289483], [""\"""", 0.3100034822499289, 33.794733192202045], [""433."", 0.6823999881744385, 32.0], [""11995"", 0.9944815791460997, 73.5]]",,,ml/output/tracks/best_frames/26_12-20/track_0235_r0.jpg,ml/output/tracks/best_frames_hires/26_12-20/track_0235_r0.jpg,0 
26_12-20.mp4,271,25976,398,1675,638,1979,270,"1
9
699
9","[[""1"", 0.9782877591908381, 26.0], [""9"", 0.9999899864447457, 44.0], [""699"", 0.7685937896400279, 56.9975603804354], [""9"", 1.0, 45.0]]",,,ml/output/tracks/best_frames/26_12-20/track_0271_r0.jpg,ml/output/tracks/best_frames_hires/26_12-20/track_0271_r0.jpg,8
26_12-20.mp4,286,25976,279,864,493,1167,270,"1325
2 0
-325
2973","[[""1325"", 0.9823861718177795, 53.0], [""2 0"", 0.5834744572639465, 15.0], [""-325"", 0.8935111165046692, 46.5], [""2973"", 0.6360153555870056, 23.5]]",,,ml/output/tracks/best_frames/26_12-20/track_0286_r0.jpg,ml/output/tracks/best_frames_hires/26_12-20/track_0286_r0.jpg,
26_12-20.mp4,273,26126,362,1489,583,1749,0,"R?
{
"";
11
6
1
%
""
""","[[""R?"", 0.5403891907530953, 36.0], [""{"", 0.9936833312904128, 24.0], [""\"";"", 0.18334242814490162, 64.0], [""11"", 0.1688957241504983, 42.0], [""6"", 0.9660459398654133, 174.92749448768072], [""1"", 0.9044358705295963, 44.863371348938685], [""%"", 0.3120078000392823, 48.95621185796966], [""\"""", 0.8622250363462172, 50.912423715939326], [""\"""", 0.9077438584145057, 52.96262749935431]]",,,ml/output/tracks/best_frames/26_12-20/track_0273_r2.jpg,ml/output/tracks/best_frames_hires/26_12-20/track_0273_r2.jpg,
26_12-20.mp4,288,26126,2122,0,2460,344,270,"=
1 2
Е F
9-
49:
е9
5787
455787","[[""="", 0.9858619188848117, 16.0], [""1 2"", 0.6438957222068362, 14.0], [""Е F"", 0.13218382000923157, 16.0], [""9-"", 0.07189753145651163, 14.0], [""49:"", 0.9850130278241899, 38.0], [""е9"", 0.7576671933454007, 26.0], [""5787"", 0.9999995231628418, 72.0], [""455787"", 0.5866438430484312, 55.0]]",,,ml/output/tracks/best_frames/26_12-20/track_0288_r0.jpg,ml/output/tracks/best_frames_hires/26_12-20/track_0288_r0.jpg,9
26_12-20.mp4,277,26276,2123,199,2460,575,270,"5= = -`
7
гз
с
5
=
51_
49-:
59
5787:
49-.5787 ","[[""5= = -`"", 0.1661193371235023, 16.0], [""7"", 0.7989470953418731, 14.0], [""гз"", 0.45456051975124845, 14.0], [""с"", 0.8570230265320475, 16.0], [""5"", 0.7593004578262175, 12.0], [""="", 0.17215311797035415, 20.0], [""51_"", 0.4389002336354458, 18.0], [""49-:"", 0.9565759970850204, 38.0], [""59"", 0.9285832176784907, 26.0], [""5787:"", 0.7508194063776926, 74.0], [""49-.5787 "", 0.8279670588124906, 58.0]]",,,ml/output/tracks/best_frames/26_12-20/track_0277_r2.jpg,ml/output/tracks/best_frames_hires/26_12-20/track_0277_r2.jpg,5
26_12-20.mp4,288,26276,2136,40,2469,445,270,"5= =``
7
12
5
=51
49:
5787
59
СJ
59
648:.5787","[[""5= =``"", 0.1685681295063742, 18.0], [""7"", 0.4873590482986856, 14.0], [""12"", 0.25651429276565024, 14.0], [""5"", 0.43756321540218224, 14.0], [""=51"", 0.13307063512362138, 18.0], [""49:"", 0.8257899507528553, 36.0], [""5787"", 0.999992642938736, 74.0], [""59"", 0.8970825995125116, 26.0], [""СJ"", 0.21401828943190737, 26.66828022501295], [""59"", 0.43148273774129825, 27.0], [""648:.5787"", 0.42983842106517356, 74.0]]",,,ml/output/tracks/best_frames/26_12-20/track_0288_r1.jpg,ml/output/tracks/best_frames_hires/26_12-20/track_0288_r1.jpg, 4 1 1 3
26_12-20.mp4,288,26426,2131,152,2470,537,270,"5 -
а
€=
=
т=€
49F =
5787
Cr
53
49.5787","[[""5 -"", 0.18580900132656097, 14.0], [""а"", 0.22029158614822464, 16.0], [""€="", 0.1792546141158801, 18.0], [""="", 0.826536715041474, 20.0], [""т=€"", 0.21800552408141916, 24.0], [""49F ="", 0.4826851598170549, 38.0], [""5787"", 1.0, 74.0], [""Cr"", 0.34154059421830935, 26.66828022501295], [""53"", 0.7308597838146681, 28.0], [""49.5787"", 0.5925853625074785, 69.0]]",,,ml/output/tracks/best_frames/26_12-20/track_0288_r2.jpg,ml/output/tracks/best_frames_hires/26_12-20/track_0288_r2.jpg,9 7 1
26_12-20.mp4,294,26426,2130,308,2303,651,270,"Сг:
1i55 =
49- .
5787","[[""Сг:"", 0.20116956453327933, 24.0], [""1i55 ="", 0.4545058926756011, 20.0], [""49- ."", 0.4018735804581572, 38.0], [""5787"", 1.0, 74.0]]",,,ml/output/tracks/best_frames/26_12-20/track_0294_r0.jpg,ml/output/tracks/best_frames_hires/26_12-20/track_0294_r0.jpg,
26_12-20.mp4,295,26426,2117,474,2457,863,270,"Gz
5
5787
59/87","[[""Gz"", 0.14767303358330472, 16.0], [""5"", 0.8529991187296879, 34.0], [""5787"", 0.9999998807907104, 74.0], [""59/87"", 0.5289851905359542, 50.5]]",,,ml/output/tracks/best_frames/26_12-20/track_0295_r1.jpg,ml/output/tracks/best_frames_hires/26_12-20/track_0295_r1.jpg,
26_12-20.mp4,287,26426,275,784,466,1115,90,"elz
s7€","[[""elz"", 0.6012129526377038, 24.0], [""s7€"", 0.19770959877018904, 54.54470341687875]]",,,ml/output/tracks/best_frames/26_12-20/track_0287_r2.jpg,ml/output/tracks/best_frames_hires/26_12-20/track_0287_r2.jpg,0
26_12-20.mp4,296,26577,283,165,500,435,270,99,"[[""99"", 0.9996797832635403, 43.0]]",,,ml/output/tracks/best_frames/26_12-20/track_0296_r2.jpg,ml/output/tracks/best_frames_hires/26_12-20/track_0296_r2.jpg,
26_12-20.mp4,294,26577,2132,416,2303,746,270,"Сг
Ts=
45:
5787","[[""Сг"", 0.08654294419738942, 20.0], [""Ts="", 0.0847027906386351, 24.0], [""45:"", 0.7713377248667244, 36.0], [""5787"", 0.9923253969053557, 74.0]]",,,ml/output/tracks/best_frames/26_12-20/track_0294_r1.jpg,ml/output/tracks/best_frames_hires/26_12-20/track_0294_r1.jpg,
26_12-20.mp4,295,26577,2120,402,2472,802,270,"2
e
С1:
45: :
5787
45.5787","[[""2"", 0.06710633722761461, 14.0], [""e"", 0.2641810479887319, 16.0], [""С1:"", 0.15089963963855846, 24.0], [""45: :"", 0.30948231595873166, 36.0], [""5787"", 1.0, 74.0], [""45.5787"", 0.47999534179837583, 61.5]]",,,ml/output/tracks/best_frames/26_12-20/track_0295_r0.jpg,ml/output/tracks/best_frames_hires/26_12-20/track_0295_r0.jpg,
26_12-20.mp4,297,26577,2113,578,2461,966,270,"3
5787
55787
7","[[""3"", 0.2287734892893809, 14.0], [""5787"", 0.9999999403953552, 74.0], [""55787"", 0.7701864129231508, 52.0], [""7"", 0.4964819578840576, 31.0]]",,,ml/output/tracks/best_frames/26_12-20/track_0297_r1.jpg,ml/output/tracks/best_frames_hires/26_12-20/track_0297_r1.jpg,
26_12-20.mp4,299,26727,2106,864,2459,1209,270,"37
51","[[""37"", 0.8670085874714236, 68.0], [""51"", 0.8648962668388777, 46.0]]",,,ml/output/tracks/best_frames/26_12-20/track_0299_r2.jpg,ml/output/tracks/best_frames_hires/26_12-20/track_0299_r2.jpg,
26_12-20.mp4,295,26727,2126,340,2472,792,270,"45:
5787
 49 5787:","[[""45:"", 0.9903116176170452, 36.0], [""5787"", 1.0, 74.0], ["" 49 5787:"", 0.2670250100817714, 73.0]]",,,ml/output/tracks/best_frames/26_12-20/track_0295_r2.jpg,ml/output/tracks/best_frames_hires/26_12-20/track_0295_r2.jpg,9
26_12-20.mp4,296,26727,272,272,485,541,270,"9 -
1 1","[[""9 -"", 0.967967596418017, 38.0], [""1 1"", 0.3583936223379121, 13.0]]",,,ml/output/tracks/best_frames/26_12-20/track_0296_r1.jpg,ml/output/tracks/best_frames_hires/26_12-20/track_0296_r1.jpg,
26_12-20.mp4,297,26727,2118,531,2472,926,270,"Is5=
A5: .
5787
51=
455787","[[""Is5="", 0.23707857728004456, 24.0], [""A5: ."", 0.493997322543762, 36.0], [""5787"", 1.0, 74.0], [""51="", 0.050249123990780666, 28.71390676354102], [""455787"", 0.7926315881433816, 61.0]]",,,ml/output/tracks/best_frames/26_12-20/track_0297_r0.jpg,ml/output/tracks/best_frames_hires/26_12-20/track_0297_r0.jpg,1
26_12-20.mp4,299,26877,2108,868,2458,1252,90,28L,"[[""28L"", 0.8974460883231844, 72.0]]",,,ml/output/tracks/best_frames/26_12-20/track_0299_r1.jpg,ml/output/tracks/best_frames_hires/26_12-20/track_0299_r1.jpg,
26_12-20.mp4,296,26877,261,332,476,621,270,"9 -
1","[[""9 -"", 0.825781992658734, 38.0], [""1"", 0.3852901724454263, 11.0]]",,,ml/output/tracks/best_frames/26_12-20/track_0296_r0.jpg,ml/output/tracks/best_frames_hires/26_12-20/track_0296_r0.jpg,
26_12-20.mp4,300,26877,2119,607,2468,999,270,"иа

7
4s':
5787
45-5787","[[""иа"", 0.41421398911545454, 14.0], ["""", 0.0, 20.0], [""7"", 0.1880530349419809, 18.0], [""4s':"", 0.1495729237794876, 38.0], [""5787"", 1.0, 74.0], [""45-5787"", 0.46340631339525895, 61.5]]",,,ml/output/tracks/best_frames/26_12-20/track_0300_r2.jpg,ml/output/tracks/best_frames_hires/26_12-20/track_0300_r2.jpg,
26_12-20.mp4,300,27027,2116,740,2461,1117,90,"66
L8LS
365
Eзsu
6","[[""66"", 0.9634327620245531, 30.0], [""L8LS"", 0.7102759480476379, 78.0], [""365"", 0.2859975820109287, 36.0], [""Eзsu"", 0.32615408301353455, 24.0], [""6"", 0.23653295972778565, 8.0]]",,,ml/output/tracks/best_frames/26_12-20/track_0300_r0.jpg,ml/output/tracks/best_frames_hires/26_12-20/track_0300_r0.jpg,9 .
26_12-20.mp4,299,27027,2110,864,2303,1133,90,"66
L8LS
С.61
Eзsu
65 .
28456 67
5
5 59","[[""66"", 0.6896722822270629, 30.0], [""L8LS"", 0.7469013929367065, 79.0], [""С.61"", 0.2261853665113449, 36.0], [""Eзsu"", 0.18479548394680023, 24.0], [""65 ."", 0.43186537171428974, 28.0], [""28456 67"", 0.18356928004048892, 48.0], [""5"", 0.9269584101400739, 13.0], [""5 59"", 0.2394532859325409, 26.0]]",,,ml/output/tracks/best_frames/26_12-20/track_0299_r0.jpg,ml/output/tracks/best_frames_hires/26_12-20/track_0299_r0.jpg,
26_12-20.mp4,304,27027,2133,541,2398,974,90,"€6
28g
с67
Звсu
2 5
3 3","[[""€6"", 0.891916360524043, 30.0], [""28g"", 0.28908668523897707, 74.0], [""с67"", 0.48970569268728736, 36.0], [""Звсu"", 0.11323659867048264, 28.0], [""2 5"", 0.2383816549826203, 27.0], [""3 3"", 0.24640968832244903, 21.0]]",,,ml/output/tracks/best_frames/26_12-20/track_0304_r0.jpg,ml/output/tracks/best_frames_hires/26_12-20/track_0304_r0.jpg,0 1
26_12-20.mp4,305,27177,2135,0,2464,154,270,"9
55
19","[[""9"", 0.9999992847443906, 68.0], [""55"", 0.8315538910560427, 28.0], [""19"", 0.8568404842972498, 65.0]]",,,ml/output/tracks/best_frames/26_12-20/track_0305_r0.jpg,ml/output/tracks/best_frames_hires/26_12-20/track_0305_r0.jpg,
26_12-20.mp4,304,27177,2125,621,2388,1058,270,"u
с5
5 :
5
Еc
TiscE
493
55
5787
97 01 ","[[""u"", 0.2651532833425705, 14.0], [""с5"", 0.523914428697119, 12.0], [""5 :"", 0.18813566863536835, 16.0], [""5"", 0.11787325549224548, 20.0], [""Еc"", 0.15619213813092825, 26.0], [""TiscE"", 0.16559107710768073, 26.0], [""493"", 0.7514106102778817, 38.0], [""55"", 0.18581110989132, 26.0], [""5787"", 1.0, 78.0], [""97 01 "", 0.29971482123236143, 42.5]]",,,ml/output/tracks/best_frames/26_12-20/track_0304_r1.jpg,ml/output/tracks/best_frames_hires/26_12-20/track_0304_r1.jpg,9
26_12-20.mp4,309,27177,2094,1138,2427,1499,270,"isc€s
87
0 /","[[""isc€s"", 0.164251340775741, 24.0], [""87"", 1.0, 72.0], [""0 /"", 0.9822036255961006, 40.0]]",,,ml/output/tracks/best_frames/26_12-20/track_0309_r2.jpg,ml/output/tracks/best_frames_hires/26_12-20/track_0309_r2.jpg,
26_12-20.mp4,300,27177,2105,827,2455,1203,270,"t =7
[
~ :
€€
zsE 
493
5787
23 :
23
5787","[[""t =7"", 0.0742538571357727, 20.0], [""["", 0.26051576278496213, 12.0], [""~ :"", 0.13830860411411622, 14.0], [""€€"", 0.22225537006317045, 20.0], [""zsE "", 0.11579093337059021, 20.0], [""493"", 0.9630739418506746, 43.0], [""5787"", 1.0, 78.0], [""23 :"", 0.5688963393992759, 31.5], [""23"", 0.384120058756554, 25.0], [""5787"", 0.7466201202592271, 61.5]]",,,ml/output/tracks/best_frames/26_12-20/track_0300_r1.jpg,ml/output/tracks/best_frames_hires/26_12-20/track_0300_r1.jpg,4- 4.
26_12-20.mp4,309,27327,2094,1247,2426,1588,180,"""JIth
66
165","[[""\""JIth"", 0.17276245944635893, 38.0], [""66"", 0.8611592463683155, 90.0], [""165"", 0.37066604134857334, 129.0]]",,,ml/output/tracks/best_frames/26_12-20/track_0309_r1.jpg,ml/output/tracks/best_frames_hires/26_12-20/track_0309_r1.jpg,
26_12-20.mp4,305,27327,2135,0,2303,247,180,"8
6
8","[[""8"", 0.9999396810091099, 138.0], [""6"", 0.6548921178538336, 38.0], [""8"", 0.9999885559409449, 135.5]]",,,ml/output/tracks/best_frames/26_12-20/track_0305_r1.jpg,ml/output/tracks/best_frames_hires/26_12-20/track_0305_r1.jpg,
26_12-20.mp4,305,27477,2147,30,2304,340,0,"8
IC)
8","[[""8"", 0.9173793003242849, 187.0], [""IC)"", 0.5072558522224426, 114.8739100115423], [""8"", 0.9999934434998217, 123.0]]",,,ml/output/tracks/best_frames/26_12-20/track_0305_r2.jpg,ml/output/tracks/best_frames_hires/26_12-20/track_0305_r2.jpg,
26_12-20.mp4,312,27477,2038,1830,2362,2097,270,"51427
e
1427","[[""51427"", 0.8782468333181467, 87.0], [""e"", 0.4234513653903085, 29.73338242481225], [""1427"", 0.985346257686615, 67.0]]",,,ml/output/tracks/best_frames/26_12-20/track_0312_r1.jpg,ml/output/tracks/best_frames_hires/26_12-20/track_0312_r1.jpg,51
26_12-20.mp4,309,27477,2098,1119,2439,1494,0,"UII
9
57","[[""UII"", 0.30109936213705096, 62.0], [""9"", 0.96033087816636, 287.0], [""57"", 0.22084420222928314, 97.0]]",,,ml/output/tracks/best_frames/26_12-20/track_0309_r0.jpg,ml/output/tracks/best_frames_hires/26_12-20/track_0309_r0.jpg,1 3
26_12-20.mp4,312,27628,2026,1909,2344,2159,180,5,"[[""5"", 0.9994552877448228, 142.0]]",,,ml/output/tracks/best_frames/26_12-20/track_0312_r2.jpg,ml/output/tracks/best_frames_hires/26_12-20/track_0312_r2.jpg,
26_12-20.mp4,284,27628,243,552,435,858,270,"33
1999=
1999","[[""33"", 0.259985875223219, 20.0], [""1999="", 0.9679990645160393, 44.0], [""1999"", 0.9964205026626587, 35.5]]",,,ml/output/tracks/best_frames/26_12-20/track_0284_r2.jpg,ml/output/tracks/best_frames_hires/26_12-20/track_0284_r2.jpg,
26_12-20.mp4,312,27778,2026,1925,2339,2159,180,"LE
хы
#
6
€
2
1
Ё
5
2","[[""LE"", 0.569797489019937, 19.0], [""хы"", 0.04299470387785473, 15.0], [""#"", 0.7187493037893233, 34.0], [""6"", 0.9827262422459313, 36.0], [""€"", 0.273920365913515, 26.0], [""2"", 0.3470165524741766, 150.96285283200484], [""1"", 0.8815428241668002, 116.98442846782899], [""Ё"", 0.25520526789841824, 106.9708055877789], [""5"", 0.9994737602369277, 46.896032108156774], [""2"", 0.995257886903719, 47.90053142316583]]",,,ml/output/tracks/best_frames/26_12-20/track_0312_r0.jpg,ml/output/tracks/best_frames_hires/26_12-20/track_0312_r0.jpg,2 22 7 2 4
26_12-20.mp4,284,27778,244,629,434,931,0,"8
#
U
{Я
8 1","[[""8"", 0.27006181292330567, 204.0], [""#"", 0.22733667188319728, 44.0], [""U"", 0.7094780220004395, 30.0], [""{Я"", 0.5890669799485345, 30.0], [""8 1"", 0.3801408490599068, 82.0]]",,,ml/output/tracks/best_frames/26_12-20/track_0284_r0.jpg,ml/output/tracks/best_frames_hires/26_12-20/track_0284_r0.jpg,78.
26_12-20.mp4,325,27928,255,526,436,889,270,"zв3 ;
зоче
999
35
30-
1999","[[""zв3 ;"", 0.15438977577475013, 12.0], [""зоче"", 0.45807433128356934, 24.0], [""999"", 0.9999998623489704, 42.0], [""35"", 0.13796606947743392, 16.0], [""30-"", 0.9950734466739244, 20.0], [""1999"", 0.9825432422132998, 44.5]]",,,ml/output/tracks/best_frames/26_12-20/track_0325_r0.jpg,ml/output/tracks/best_frames_hires/26_12-20/track_0325_r0.jpg,8 1
26_12-20.mp4,325,28078,250,608,428,959,270,"1 ` =
19
звз :
зaa
1999*
30
199953","[[""1 ` ="", 0.380493591413492, 16.0], [""19"", 0.21207347626626838, 14.0], [""звз :"", 0.35236334877204306, 14.0], [""зaa"", 0.4476868510246277, 24.0], [""1999*"", 0.9068627874111584, 50.0], [""30"", 0.815053659046536, 21.0], [""199953"", 0.6168885849415677, 42.5]]",,,ml/output/tracks/best_frames/26_12-20/track_0325_r1.jpg,ml/output/tracks/best_frames_hires/26_12-20/track_0325_r1.jpg,8 1
26_12-20.mp4,284,28078,243,751,437,1044,0,"6
8
m
6
4","[[""6"", 0.7877774782927283, 44.0], [""8"", 0.8891032396218321, 135.0], [""m"", 0.43244315012726986, 34.0], [""6"", 0.9525978950080152, 50.5], [""4"", 0.7687447942688017, 26.0]]",,,ml/output/tracks/best_frames/26_12-20/track_0284_r1.jpg,ml/output/tracks/best_frames_hires/26_12-20/track_0284_r1.jpg,9
26_12-20.mp4,329,28228,2123,864,2304,1022,0,,[],,,ml/output/tracks/best_frames/26_12-20/track_0329_r1.jpg,ml/output/tracks/best_frames_hires/26_12-20/track_0329_r1.jpg,
26_12-20.mp4,327,28228,2126,865,2476,1250,270,"73*5
9зэ
59
9","[[""73*5"", 0.7770951390266418, 26.0], [""9зэ"", 0.9184865946836817, 72.0], [""59"", 0.1108304317005715, 28.0], [""9"", 1.0, 62.0]]",,,ml/output/tracks/best_frames/26_12-20/track_0327_r2.jpg,ml/output/tracks/best_frames_hires/26_12-20/track_0327_r2.jpg,
26_12-20.mp4,327,28378,2126,864,2481,1253,90,"€5
668","[[""€5"", 0.6815300839803695, 32.0], [""668"", 0.9999913968155315, 81.0]]",,,ml/output/tracks/best_frames/26_12-20/track_0327_r1.jpg,ml/output/tracks/best_frames_hires/26_12-20/track_0327_r1.jpg,
26_12-20.mp4,329,28378,2128,864,2304,1043,90,"€5
66
56 2","[[""€5"", 0.9276286084391998, 30.0], [""66"", 0.9995578239040785, 68.0], [""56 2"", 0.20784751062414145, 20.5]]",,,ml/output/tracks/best_frames/26_12-20/track_0329_r2.jpg,ml/output/tracks/best_frames_hires/26_12-20/track_0329_r2.jpg,
26_12-20.mp4,334,28378,2039,1885,2372,2159,270,"455*
'87
0 1","[[""455*"", 0.14415062963962555, 29.0], [""'87"", 0.875278347587203, 74.0], [""0 1"", 0.9041021466255188, 26.0]]",,,ml/output/tracks/best_frames/26_12-20/track_0334_r1.jpg,ml/output/tracks/best_frames_hires/26_12-20/track_0334_r1.jpg,
26_12-20.mp4,327,28528,2120,864,2491,1213,0,"8
$9","[[""8"", 0.825240047583975, 227.0], [""$9"", 0.28882989032302875, 38.0]]",,,ml/output/tracks/best_frames/26_12-20/track_0327_r0.jpg,ml/output/tracks/best_frames_hires/26_12-20/track_0327_r0.jpg,
26_12-20.mp4,336,28528,232,866,431,1140,180,"8
5","[[""8"", 0.999670294286048, 111.0], [""5"", 0.48146427318351925, 32.0]]",,,ml/output/tracks/best_frames/26_12-20/track_0336_r2.jpg,ml/output/tracks/best_frames_hires/26_12-20/track_0336_r2.jpg,8
26_12-20.mp4,329,28528,2115,864,2304,1106,0,"8
$9","[[""8"", 0.9791808805051829, 195.0], [""$9"", 0.6543806049168356, 40.0]]",,,ml/output/tracks/best_frames/26_12-20/track_0329_r0.jpg,ml/output/tracks/best_frames_hires/26_12-20/track_0329_r0.jpg,
26_12-20.mp4,334,28528,2039,1895,2371,2159,270,"Tss
5787
51 01
9.71","[[""Tss"", 0.2079031651718203, 24.0], [""5787"", 0.9999954104423523, 79.0], [""51 01"", 0.4128523307188137, 31.0], [""9.71"", 0.19138842821121216, 36.0]]",,,ml/output/tracks/best_frames/26_12-20/track_0334_r0.jpg,ml/output/tracks/best_frames_hires/26_12-20/track_0334_r0.jpg,
26_12-20.mp4,336,28679,233,868,431,1195,180,"'Yil""
9
5
-
:
8
""
8
'
{
'","[[""'Yil\"""", 0.12842919316055587, 42.0], [""9"", 0.2515328107976167, 24.0], [""5"", 0.7234716962344123, 32.0], [""-"", 0.5454993428359103, 28.0], ["":"", 0.2197654841938581, 79.0], [""8"", 0.5459860788994355, 96.0], [""\"""", 0.4683785880833433, 45.950265711582915], [""8"", 0.9997023565551935, 114.74858506571867], [""'"", 0.7047719757768078, 82.98493046644285], [""{"", 0.2202765635192785, 62.973655330211045], [""'"", 0.21917512822423024, 66.97674339530124]]",,,ml/output/tracks/best_frames/26_12-20/track_0336_r1.jpg,ml/output/tracks/best_frames_hires/26_12-20/track_0336_r1.jpg,1 8 8 8
26_12-20.mp4,336,28829,231,867,432,1195,180,"jFB;
9
₽
5
8
:
|
8
i","[[""jFB;"", 0.056065790355205536, 40.0], [""9"", 0.9696322593522702, 28.0], [""₽"", 0.8729388871263524, 44.0], [""5"", 0.479916652454083, 30.0], [""8"", 0.9999959468882622, 115.0], ["":"", 0.6494668962523633, 67.0], [""|"", 0.38506215271369015, 157.0], [""8"", 0.6486369230783708, 96.0], [""i"", 0.371932858310263, 56.967739820199796]]",,,ml/output/tracks/best_frames/26_12-20/track_0336_r0.jpg,ml/output/tracks/best_frames_hires/26_12-20/track_0336_r0.jpg,98 9 6 8
26_12-20.mp4,322,28979,2135,715,2303,1093,270,"Судос
7315
17%)
189935

1","[[""Судос"", 0.870372850321425, 24.0], [""7315"", 0.9996142983436584, 29.0], [""17%)"", 0.9877890348434448, 40.0], [""189935"", 0.4664875590158269, 85.0], ["""", 0.0, 11.0], [""1"", 0.2593008240148187, 14.0]]",,,ml/output/tracks/best_frames/26_12-20/track_0322_r0.jpg,ml/output/tracks/best_frames_hires/26_12-20/track_0322_r0.jpg,
26_12-20.mp4,337,28979,2135,545,2519,977,0,"@ ё
[
5
'
D
8
8
8
2
8","[[""@ ё"", 0.6069337129592896, 101.0], [""["", 0.805599723749939, 40.0], [""5"", 0.9145333267891012, 84.0], [""'"", 0.7849017505842006, 68.0], [""D"", 0.2790215296231544, 42.0], [""8"", 0.9998377627376875, 155.0], [""8"", 0.38563514166577306, 61.0], [""8"", 0.9999992847443906, 42.0], [""2"", 0.5665546445099814, 37.0], [""8"", 0.9992966696942496, 178.5]]",,,ml/output/tracks/best_frames/26_12-20/track_0337_r1.jpg,ml/output/tracks/best_frames_hires/26_12-20/track_0337_r1.jpg,8  8
26_12-20.mp4,337,29129,2137,543,2520,978,270,"2105 >
Сутос
2315
)9s9
17%)
189999
6
99
99
-179
1899
99","[[""2105 >"", 0.4523893035617142, 31.0], [""Сутос"", 0.862974570715947, 26.0], [""2315"", 0.9989065527915955, 30.0], ["")9s9"", 0.736961305141449, 72.0], [""17%)"", 0.5106942653656006, 50.0], [""189999"", 0.8703894435055628, 78.0], [""6"", 0.4881637142539752, 13.0], [""99"", 0.9999697386968789, 30.0], [""99"", 0.7514661392306635, 70.0], [""-179"", 0.9999792575836182, 37.0], [""1899"", 1.0, 85.0], [""99"", 0.9999942680334141, 31.0]]",,,ml/output/tracks/best_frames/26_12-20/track_0337_r2.jpg,ml/output/tracks/best_frames_hires/26_12-20/track_0337_r2.jpg,8 4 8
26_12-20.mp4,339,29129,230,867,435,1194,180,"[
iitt
9
E
3
[
:
:
'
8
#
8
'
1","[[""["", 0.1445132220868608, 50.0], [""iitt"", 0.11011709574065436, 97.0], [""9"", 0.9987019938967592, 30.0], [""E"", 0.17252172928152731, 28.0], [""3"", 0.13049944029717153, 44.0], [""["", 0.63396249899208, 28.0], ["":"", 0.43695285235662595, 67.0], ["":"", 0.1944908700707515, 79.0], [""'"", 0.8484108633757934, 26.0], [""8"", 0.40328585129464045, 96.0], [""#"", 0.9998630332166023, 30.0], [""8"", 0.9999598268728995, 114.66234939601247], [""'"", 0.4243261919089356, 66.97674339530124], [""1"", 0.2508186235898826, 80.98416694537502]]",,,ml/output/tracks/best_frames/26_12-20/track_0339_r2.jpg,ml/output/tracks/best_frames_hires/26_12-20/track_0339_r2.jpg,9 8 8
26_12-20.mp4,339,29279,230,867,434,1194,180,"п
9
=
5
8
!
'
1
'

#
3
;
!
'","[[""п"", 0.10505258628441627, 34.0], [""9"", 0.9832715782906689, 28.0], [""="", 0.27337247243767493, 30.0], [""5"", 0.9875013438488622, 22.0], [""8"", 0.9999979734431044, 111.0], [""!"", 0.8635988413093543, 67.0], [""'"", 0.9961809689407666, 28.0], [""1"", 0.17974476046291787, 89.0], [""'"", 0.9769650426032719, 40.0], ["""", 0.0, 96.0], [""#"", 0.9999533897109281, 30.0], [""3"", 0.8667386817356579, 50.912423715939354], ["";"", 0.21242626313180413, 30.89074596325254], [""!"", 0.09872608725345344, 66.97674339530124], [""'"", 0.7073769817907873, 84.98564025080293]]",,,ml/output/tracks/best_frames/26_12-20/track_0339_r1.jpg,ml/output/tracks/best_frames_hires/26_12-20/track_0339_r1.jpg,4 8 8
26_12-20.mp4,339,29429,230,867,434,1195,180,"9
t
5
'
'
=
[
g [
8
;
Ё
3
8
!
1","[[""9"", 0.968784922852425, 26.0], [""t"", 0.28301436592289875, 30.0], [""5"", 0.9808859348737684, 22.0], [""'"", 0.698234762173854, 66.0], [""'"", 0.9992255280462956, 26.0], [""="", 0.7572109690520392, 26.0], [""["", 0.2297945092011311, 89.0], [""g ["", 0.5602582693099976, 24.0], [""8"", 0.595169471490383, 82.0], ["";"", 0.9530088861285755, 22.0], [""Ё"", 0.12539594123173092, 122.98595106646007], [""3"", 0.6936767171271505, 48.90474824073581], [""8"", 0.9999891519840709, 115.73296613551732], [""!"", 0.16212409346119117, 66.97674339530124], [""1"", 0.23521888536612323, 82.98493046644285]]",,,ml/output/tracks/best_frames/26_12-20/track_0339_r0.jpg,ml/output/tracks/best_frames_hires/26_12-20/track_0339_r0.jpg,8 6 8 8
26_12-20.mp4,337,29579,2137,545,2516,976,0,"@ ё
1
{
5
3
8
8
;
8
2
8
8
9-8","[[""@ ё"", 0.5296667814254761, 101.0], [""1"", 0.29656106051135467, 42.0], [""{"", 0.477810200616716, 38.0], [""5"", 0.6866022417689841, 24.0], [""3"", 0.15130115214489948, 84.0], [""8"", 0.7984415773543141, 68.0], [""8"", 0.9944986873052244, 194.0], ["";"", 0.8480148510853383, 61.0], [""8"", 0.9999965429335909, 42.0], [""2"", 0.4940984812694751, 40.0], [""8"", 0.9954748202978045, 179.0], [""8"", 0.43385222570817916, 57.5], [""9-8"", 0.30185175732306413, 57.262531994401016]]",,,ml/output/tracks/best_frames/26_12-20/track_0337_r0.jpg,ml/output/tracks/best_frames_hires/26_12-20/track_0337_r0.jpg,8 2 8 4
26_12-20.mp4,340,29880,2047,1896,2372,2159,0,"!
[
f
а
{
1
3","[[""!"", 0.25859962965866146, 70.0], [""["", 0.37652970322541535, 179.0], [""f"", 0.42118148954955714, 44.0], [""а"", 0.8910167292108326, 68.0], [""{"", 0.9752164289698726, 28.0], [""1"", 0.8790570189636107, 81.98455575342734], [""3"", 0.47418876335001414, 83.96911150685466]]",,,ml/output/tracks/best_frames/26_12-20/track_0340_r2.jpg,ml/output/tracks/best_frames_hires/26_12-20/track_0340_r2.jpg,
26_12-20.mp4,340,30030,2048,1896,2372,2159,180,"gi
Hl
=
g
3
3
1
:
1
5
2
:
3
9","[[""gi"", 0.17650212258154174, 82.0], [""Hl"", 0.11010328132882995, 181.0], [""="", 0.8921042874534493, 30.0], [""g"", 0.9853312479589285, 30.0], [""3"", 0.8469711919918979, 54.96532330749699], [""3"", 0.9797762064422955, 66.95054211385786], [""1"", 0.4918363554131453, 58.96991404929258], ["":"", 0.6638854807906682, 67.0], [""1"", 0.9964579769868784, 82.0], [""5"", 0.6182930977957426, 154.0], [""2"", 0.23446005952000437, 17.0], ["":"", 0.41498161810365275, 49.98316673953734], [""3"", 0.6178417467040731, 67.48765733912602], [""9"", 0.820143551738628, 34.4629065853934]]",,,ml/output/tracks/best_frames/26_12-20/track_0340_r1.jpg,ml/output/tracks/best_frames_hires/26_12-20/track_0340_r1.jpg,
26_12-20.mp4,340,30180,2047,1897,2372,2159,180,";
!i
1
$
=i
g
3
3
1
5
2
5
:
2
3
3
9","[["";"", 0.5537568906466142, 39.0], [""!i"", 0.2991668446590886, 81.0], [""1"", 0.9512719712361708, 123.0], [""$"", 0.20992122060312113, 168.0], [""=i"", 0.2522661619144072, 30.0], [""g"", 0.9389633906751591, 29.0], [""3"", 0.7199335601984878, 54.96532330749699], [""3"", 0.9610690944242748, 66.95054211385786], [""1"", 0.3822566625599535, 52.96262749935431], [""5"", 0.4534418517708936, 16.0], [""2"", 0.4074075651113027, 68.5], [""5"", 0.2180160288929791, 153.0], ["":"", 0.7498708275603008, 49.98316673953734], [""2"", 0.7950217966754849, 69.98527242750791], [""3"", 0.20152312954460072, 66.98746157030536], [""3"", 0.9668807077314909, 51.98450242759381], [""9"", 0.7438704903250972, 32.45781567290339]]",,,ml/output/tracks/best_frames/26_12-20/track_0340_r0.jpg,ml/output/tracks/best_frames_hires/26_12-20/track_0340_r0.jpg,
26_12-20.mp4,324,30330,2146,13,2527,449,0,"7
[
{
8
g
Ш
#
щ
F;
1
8
g
п
8 !
ё
0
5
:
8
8
1
9
8
8


5","[[""7"", 0.08684877311617711, 48.0], [""["", 0.9724568423724946, 89.0], [""{"", 0.2304099747783681, 64.0], [""8"", 0.9807187626570482, 86.0], [""g"", 0.7650934337671664, 62.0], [""Ш"", 0.25510561027846634, 117.0], [""#"", 0.6967469566830573, 85.0], [""щ"", 0.4096355354386674, 40.0], [""F;"", 0.8048563136087886, 84.0], [""1"", 0.6727443135329771, 151.0], [""8"", 0.9955061015694469, 148.0], [""g"", 0.6842738352653477, 38.0], [""п"", 0.6385468729836283, 24.0], [""8 !"", 0.5185345411300659, 66.0], [""ё"", 0.692782338127472, 78.0], [""0"", 0.6739480909026874, 11.0], [""5"", 0.7024427091537291, 32.0], ["":"", 0.9344999350732373, 65.5], [""8"", 0.5366318096057512, 162.5], [""8"", 0.28212239437053555, 42.0], [""1"", 0.9981270270067775, 113.5], [""9"", 0.9655225041971995, 37.5], [""8"", 0.9995097522925143, 65.5], [""8"", 0.7599192717511052, 82.5], ["""", 0.0, 12.0], ["""", 0.0, 35.0], [""5"", 0.6118085538177276, 45.963229387752634]]",,,ml/output/tracks/best_frames/26_12-20/track_0324_r2.jpg,ml/output/tracks/best_frames_hires/26_12-20/track_0324_r2.jpg,9 8 5 5
26_12-20.mp4,320,30330,2151,184,2498,581,0,"2
[
5
8
8
Ш
{
=
₽;
1
8
g
п
8 
ё
8
8
:
5
:
","[[""2"", 0.2461779992475579, 48.0], [""["", 0.993295619679774, 89.0], [""5"", 0.30104052816115257, 40.0], [""8"", 0.9424226327036109, 95.0], [""8"", 0.8346431196716821, 64.0], [""Ш"", 0.9566966370168508, 119.0], [""{"", 0.343561050839444, 82.0], [""="", 0.1353326367754315, 40.0], [""₽;"", 0.32539370667895706, 80.0], [""1"", 0.426181878697264, 153.0], [""8"", 0.9836384118997934, 149.0], [""g"", 0.9591643086902515, 42.0], [""п"", 0.9593815926020852, 22.0], [""8 "", 0.9842352860834586, 66.0], [""ё"", 0.3218774670952804, 84.0], [""8"", 0.3162957526374157, 61.94184046297738], [""8"", 0.8657354691586683, 99.0], ["":"", 0.2198797545024469, 44.5], [""5"", 0.3185958241685718, 80.5], ["":"", 0.9267580270861799, 39.0], ["""", 0.0, 10.0]]",,,ml/output/tracks/best_frames/26_12-20/track_0320_r2.jpg,ml/output/tracks/best_frames_hires/26_12-20/track_0320_r2.jpg,
26_12-20.mp4,342,30480,233,868,433,1195,180,"i
9
5
!
с
а
[
8 !
8
;
""
1
;
8
[
'","[[""i"", 0.10292402151041902, 78.0], [""9"", 0.9996643348131329, 28.0], [""5"", 0.8829639639487965, 22.0], [""!"", 0.9363800832875881, 67.0], [""с"", 0.5673175046979395, 26.0], [""а"", 0.49452676525972095, 28.0], [""["", 0.6676828795398251, 89.0], [""8 !"", 0.42511633038520813, 32.0], [""8"", 0.9852951571106274, 96.0], ["";"", 0.5473974914889936, 22.0], [""\"""", 0.16809154165894657, 104.38419957660618], [""1"", 0.20787088271190246, 127.97994512739388], ["";"", 0.28611948690246436, 48.90474824073581], [""8"", 0.9999392041863899, 116.73774038854867], [""["", 0.63745386186406, 66.97674339530124], [""'"", 0.7480451929364449, 84.98564025080293]]",,,ml/output/tracks/best_frames/26_12-20/track_0342_r1.jpg,ml/output/tracks/best_frames_hires/26_12-20/track_0342_r1.jpg,51 8  8
26_12-20.mp4,308,30480,2128,707,2490,1103,0,";
5
8
F
8
8
8
8","[["";"", 0.9751990060724438, 42.0], [""5"", 0.8747395826843594, 84.0], [""8"", 0.9097494918182782, 68.0], [""F"", 0.1166326408819538, 40.0], [""8"", 0.9997359688540577, 154.0], [""8"", 0.19675634362157357, 62.0], [""8"", 0.9999836683940124, 42.0], [""8"", 0.9992565106972648, 114.0]]",,,ml/output/tracks/best_frames/26_12-20/track_0308_r1.jpg,ml/output/tracks/best_frames_hires/26_12-20/track_0308_r1.jpg,348
26_12-20.mp4,324,30480,2146,13,2528,449,270,"Вино PLACIDO
Кьянти ординарное
сортопоа кр- сух-
(Италия) 0. 75L
ш'trv
Сухос
2105 
сло
(~38%
О1 Lui 9
12999
Nаpjn
270102 jauu
0J €17
473 071
G
51
-389
01 99
129999
61 4 01.
270102 183
6357
573 07
1","[[""Вино PLACIDO"", 0.8260872122764993, 28.0], [""Кьянти ординарное"", 0.7912444091006372, 33.0], [""сортопоа кр- сух-"", 0.6592467575806216, 29.0], [""(Италия) 0. 75L"", 0.6346644189306159, 32.0], [""ш'trv"", 0.194353139153458, 16.0], [""Сухос"", 0.9995115412355944, 26.0], [""2105 "", 0.571717381424359, 31.0], [""сло"", 0.35984052934368843, 14.0], [""(~38%"", 0.812291598498824, 45.0], [""О1 Lui 9"", 0.3112260423791306, 14.0], [""12999"", 0.7584200732040749, 89.0], [""Nаpjn"", 0.16944930584246476, 14.0], [""270102 jauu"", 0.3042244025301216, 21.0], [""0J €17"", 0.22193839082977956, 16.0], [""473 071"", 0.6923534684018693, 14.0], [""G"", 0.24069039702812134, 17.695996608010205], [""51"", 0.39980241480219775, 15.0], [""-389"", 0.5589022364999987, 39.0], [""01 99"", 0.5648912298482398, 15.0], [""129999"", 0.8475900811946678, 79.5], [""61 4 01."", 0.11028482382306605, 19.5], [""270102 183"", 0.34158287646220187, 19.5], [""6357"", 0.1857556700706482, 14.0], [""573 07"", 0.39065429677817376, 15.0], [""1"", 0.36582448032342896, 21.0]]",15947017,,ml/output/tracks/best_frames/26_12-20/track_0324_r1.jpg,ml/output/tracks/best_frames_hires/26_12-20/track_0324_r1.jpg,0 6 0 5 81 5
26_12-20.mp4,318,30480,280,6,491,276,180,"!
&|
1
:
}
'
;
1
{","[[""!"", 0.3622479278273296, 30.0], [""&|"", 0.6731355110744963, 78.0], [""1"", 0.9100293358301457, 24.0], ["":"", 0.06744049899271332, 28.0], [""}"", 0.9944771699726438, 22.0], [""'"", 0.9983423670797187, 47.954352727845595], ["";"", 0.9766796833011746, 54.96532330749694], [""1"", 0.9976789130474941, 82.98493046644286], [""{"", 0.18273488023169282, 72.98045301021166]]",,,ml/output/tracks/best_frames/26_12-20/track_0318_r1.jpg,ml/output/tracks/best_frames_hires/26_12-20/track_0318_r1.jpg,20 1 1 9 : 8 2 1 6
26_12-20.mp4,322,30480,2117,864,2304,1110,0,"89
8
{ ;
8
8","[[""89"", 0.8590823153870145, 43.0], [""8"", 0.9955384538198473, 193.0], [""{ ;"", 0.696751058101654, 74.0], [""8"", 0.9999945163801982, 42.0], [""8"", 0.9999053500638553, 35.5]]",,,ml/output/tracks/best_frames/26_12-20/track_0322_r1.jpg,ml/output/tracks/best_frames_hires/26_12-20/track_0322_r1.jpg,
26_12-20.mp4,320,30480,2151,184,2498,581,0,"2
[
2
8
8
Ш
{
щ
₽;
1
8
'
ё
g
8
8
!
5
8
1
8
6","[[""2"", 0.17521105899737677, 48.0], [""["", 0.9814985491519934, 89.0], [""2"", 0.43540823844390175, 40.0], [""8"", 0.9077586235309951, 95.0], [""8"", 0.8298645534615048, 64.0], [""Ш"", 0.9891858800604183, 119.0], [""{"", 0.48640006188293583, 78.0], [""щ"", 0.4742683931628022, 40.0], [""₽;"", 0.4041491139895143, 82.0], [""1"", 0.14332620420007292, 151.0], [""8"", 0.9998383587358717, 149.0], [""'"", 0.25574291135271565, 46.0], [""ё"", 0.4766399854253365, 80.0], [""g"", 0.9842775490597546, 42.0], [""8"", 0.999987721480867, 42.0], [""8"", 0.32571031615717416, 57.96885515101695], [""!"", 0.8564986824940348, 66.97674339530124], [""5"", 0.7127875904933632, 16.0], [""8"", 0.750564999276154, 99.0], [""1"", 0.8951887783305246, 45.5], [""8"", 0.394299285494526, 81.0], [""6"", 0.30643311543758855, 13.0]]",,,ml/output/tracks/best_frames/26_12-20/track_0320_r1.jpg,ml/output/tracks/best_frames_hires/26_12-20/track_0320_r1.jpg,52
26_12-20.mp4,318,30631,281,6,491,276,180,"!
&|
1
Ё
}
'
;
1
1","[[""!"", 0.49764145150597017, 30.0], [""&|"", 0.8052554059093779, 78.0], [""1"", 0.9023785786940017, 24.0], [""Ё"", 0.06057276146075119, 28.0], [""}"", 0.9941067754860775, 22.0], [""'"", 0.9978508587795574, 47.954352727845595], ["";"", 0.9828295300918057, 52.96262749935431], [""1"", 0.9972155430694016, 82.98493046644286], [""1"", 0.41169937507135046, 70.97932119800072]]",,,ml/output/tracks/best_frames/26_12-20/track_0318_r2.jpg,ml/output/tracks/best_frames_hires/26_12-20/track_0318_r2.jpg,1 9 9 : 8 1 2 1
26_12-20.mp4,342,30631,233,868,433,1195,180,"i
9
5
!
8
!
с
2'
|
8 :
8
'
#a
1
;
[
'","[[""i"", 0.05914592308636202, 78.0], [""9"", 0.9987660878857838, 28.0], [""5"", 0.8849836530141744, 22.0], [""!"", 0.7942817531229593, 28.0], [""8"", 0.9999983310706426, 113.0], [""!"", 0.9340298188154215, 67.0], [""с"", 0.8906578073015368, 26.0], [""2'"", 0.278808736977358, 30.0], [""|"", 0.2827218930782607, 91.0], [""8 :"", 0.18302984535694122, 32.0], [""8"", 0.9875589172049928, 96.0], [""'"", 0.131604012542895, 22.0], [""#a"", 0.012972997743817417, 102.32046977833295], [""1"", 0.18722831700233034, 127.97994512739388], ["";"", 0.22863005417116256, 48.90474824073581], [""["", 0.578307780856008, 66.97674339530124], [""'"", 0.7995969927759603, 84.98564025080293]]",,,ml/output/tracks/best_frames/26_12-20/track_0342_r0.jpg,ml/output/tracks/best_frames_hires/26_12-20/track_0342_r0.jpg,318 8 9 8
26_12-20.mp4,322,30631,2117,864,2304,1110,180,"Е
8
€
8а
21
8
919","[[""Е"", 0.48287056915299686, 32.0], [""8"", 0.9990626387022452, 181.0], [""€"", 0.9360025646397254, 44.0], [""8а"", 0.5839063999193813, 42.0], [""21"", 0.3595335464393895, 9.5], [""8"", 0.9999549393961757, 138.5], [""919"", 0.9120710358320303, 44.193741138372104]]",,,ml/output/tracks/best_frames/26_12-20/track_0322_r2.jpg,ml/output/tracks/best_frames_hires/26_12-20/track_0322_r2.jpg,
26_12-20.mp4,308,30631,2128,707,2489,1103,180,"8
9
Е
[
5
3
3
8","[[""8"", 0.9824198378180462, 224.0], [""9"", 0.6137257380501637, 107.0], [""Е"", 0.09275607092434157, 40.0], [""["", 0.6329018710093806, 49.0], [""5"", 0.9098592182910039, 66.95054211385786], [""3"", 0.9379517611118935, 34.80683447104218], [""3"", 0.8356333886003, 90.0], [""8"", 0.9920867496554173, 70.98571344013976]]",,,ml/output/tracks/best_frames/26_12-20/track_0308_r2.jpg,ml/output/tracks/best_frames_hires/26_12-20/track_0308_r2.jpg,8-89
26_12-20.mp4,342,30781,233,868,432,1195,180,"9
5
!
1
8
8
#'
'
i
'
9
""#
1
3
8
!
'","[[""9"", 0.9979518421256586, 28.0], [""5"", 0.7866050510529021, 22.0], [""!"", 0.9597789787322064, 67.0], [""1"", 0.6409202638961666, 155.0], [""8"", 0.10677281432699548, 52.0], [""8"", 0.6952852898778339, 98.0], [""#'"", 0.23770652250488272, 30.0], [""'"", 0.9398160771124573, 40.0], [""i"", 0.25810120062033093, 26.0], [""'"", 0.19888923986224327, 22.0], [""9"", 0.5555967413551031, 84.96986093288575], [""\""#"", 0.08203273297842921, 98.5987911689], [""1"", 0.0515681428254775, 129.9721000813318], [""3"", 0.4379813268092789, 50.89475271518569], [""8"", 0.9999769927394517, 118.72710381041878], [""!"", 0.47605919939673313, 28.875497521447414], [""'"", 0.7451058174159222, 84.98564025080293]]",,,ml/output/tracks/best_frames/26_12-20/track_0342_r2.jpg,ml/output/tracks/best_frames_hires/26_12-20/track_0342_r2.jpg,21: 8 9 8
26_12-20.mp4,313,30781,2074,1735,2387,2022,180,"8
I1
а
Ё
5
9i
'
5 e 2
;
3
9
ё
1
[
{
8
&

9
82
5
6
8
53
1
2
6 9
8
1
5
2","[[""8"", 0.999935270403288, 30.0], [""I1"", 0.05346789530245469, 184.0], [""а"", 0.9814828417328023, 32.0], [""Ё"", 0.6851699101450528, 38.0], [""5"", 0.9913069216692207, 30.0], [""9i"", 0.5823005588140712, 90.0], [""'"", 0.937717755102824, 22.0], [""5 e 2"", 0.4447538202522311, 38.0], ["";"", 0.2488364141123336, 53.964012893961296], [""3"", 0.8330856975172516, 70.95617746837212], [""9"", 0.513959100095235, 20.76983644476394], [""ё"", 0.5072421495530222, 56.93064661499386], [""1"", 0.9992413768038979, 118.98496235278276], [""["", 0.3779488893827967, 70.95617746837209], [""{"", 0.17373805908904671, 88.97260241729145], [""8"", 0.9995620730257002, 54.925254998708624], [""&"", 0.13401339975854487, 48.904748240735785], ["""", 0.0, 6.5], [""9"", 0.7768797052057188, 21.5], [""82"", 0.9383307594572258, 25.0], [""5"", 0.12718204294550617, 50.0], [""6"", 0.31728890915248087, 30.0], [""8"", 0.988202881719932, 52.5], [""53"", 0.37549916569971264, 25.0], [""1"", 0.3662903344662851, 64.5], [""2"", 0.8681429557143794, 48.5], [""6 9"", 0.6239259626614323, 27.0], [""8"", 0.4515138153798013, 31.0], [""1"", 0.8427839394507828, 88.49301577899956], [""5"", 0.9533368582459936, 55.48128031658073], [""2"", 0.59887208811924, 82.98228126285287]]",,,ml/output/tracks/best_frames/26_12-20/track_0313_r2.jpg,ml/output/tracks/best_frames_hires/26_12-20/track_0313_r2.jpg,773
26_12-20.mp4,321,30781,244,991,445,1294,180,"@
9
'
8
!
1
8 Ё
8
#
##
1
?
Е
!
:
1
1
5
1
78

1
3
18
7","[[""@"", 0.9339867307432179, 87.0], [""9"", 0.9935357471903359, 28.0], [""'"", 0.40884753523187456, 50.0], [""8"", 0.9999980926522767, 113.0], [""!"", 0.8999945029538594, 67.0], [""1"", 0.2674355376626778, 89.0], [""8 Ё"", 0.23676216656604948, 38.0], [""8"", 0.9513881271150382, 96.0], [""#"", 0.9996915101538093, 30.0], [""##"", 0.08649348980310431, 103.13335491122848], [""1"", 0.9941229401727334, 165.9883154708973], [""?"", 0.1073310172515427, 50.912423715939326], [""Е"", 0.06425080467192235, 30.890745963252527], [""!"", 0.26809891213838455, 66.97674339530124], ["":"", 0.5797184089645135, 44.94801605407838], [""1"", 0.4367787212386389, 86.98630120864573], [""1"", 0.5219062972474973, 67.5], [""5"", 0.6250275344815606, 24.5], [""1"", 0.4824911664456977, 49.0], [""78"", 0.6306545596930075, 47.0], ["""", 0.0, 42.5], [""1"", 0.9919525817364025, 89.0], [""3"", 0.1184288068167838, 61.0], [""18"", 0.31786478113036204, 97.5], [""7"", 0.4480191668299973, 28.0]]",,,ml/output/tracks/best_frames/26_12-20/track_0321_r1.jpg,ml/output/tracks/best_frames_hires/26_12-20/track_0321_r1.jpg,394
26_12-20.mp4,321,30931,244,991,445,1294,180,"@
9
'
8
!
1
8 '
I8
#
#
'
1
5
!
:
1
78
:
1
8 :
18
7
1
1","[[""@"", 0.38921803496052476, 84.0], [""9"", 0.9950469228251713, 28.0], [""'"", 0.7098474806931598, 50.0], [""8"", 0.999998569489037, 113.0], [""!"", 0.6972208830417372, 67.0], [""1"", 0.35010453742603787, 89.0], [""8 '"", 0.39103496074676514, 36.0], [""I8"", 0.8120294001142259, 104.0], [""#"", 0.980011862018447, 32.0], [""#"", 0.02981874966165865, 102.11626731253483], [""'"", 0.4741563386922998, 58.93547964039965], [""1"", 0.9895676896458241, 175.98964623905], [""5"", 0.3371579201110855, 30.890745963252527], [""!"", 0.25344063359336033, 66.97674339530124], ["":"", 0.436876892253224, 44.94801605407838], [""1"", 0.2755801660174626, 71.5], [""78"", 0.24681578143731317, 47.0], ["":"", 0.3163208274092, 42.5], [""1"", 0.9996503897159279, 112.5], [""8 :"", 0.8453472065371942, 40.0], [""18"", 0.3670552686828821, 97.5], [""7"", 0.36775018086979117, 28.0], [""1"", 0.27200227848369707, 11.0], [""1"", 0.6468732902117722, 25.0]]",,,ml/output/tracks/best_frames/26_12-20/track_0321_r0.jpg,ml/output/tracks/best_frames_hires/26_12-20/track_0321_r0.jpg,5//4
26_12-20.mp4,313,30931,2074,1735,2387,2022,180,"8
I
'
Ё
5
9i
'
а e ₽
;
3
3
;
1
[
{
8
:

8
2
9
1
6
93
:
2
5 9 
8
5
2
8","[[""8"", 0.9997255990420086, 30.0], [""I"", 0.22031074983550614, 184.0], [""'"", 0.5848703740829855, 32.0], [""Ё"", 0.1674089449999805, 38.0], [""5"", 0.9923748257656975, 32.0], [""9i"", 0.3955270718431347, 90.0], [""'"", 0.967902889545158, 22.0], [""а e ₽"", 0.35496468437971823, 38.0], ["";"", 0.18700158084183105, 50.95960811756083], [""3"", 0.7740993654261388, 70.95617746837212], [""3"", 0.750597945049222, 20.76983644476394], ["";"", 0.9001699164425112, 56.93064661499386], [""1"", 0.999641688978059, 118.98496235278276], [""["", 0.4410303026454585, 70.95617746837209], [""{"", 0.6448205398990048, 88.97260241729145], [""8"", 0.5325169354052584, 52.91921623512167], ["":"", 0.29988211381534313, 48.904748240735785], ["""", 0.0, 6.5], [""8"", 0.3597812651159451, 21.5], [""2"", 0.23928085982589753, 24.5], [""9"", 0.2860757456378593, 50.0], [""1"", 0.923148536601591, 21.0], [""6"", 0.5718285474857545, 31.0], [""93"", 0.27795442448643665, 25.0], ["":"", 0.19840869079669066, 39.5], [""2"", 0.5469712226616963, 48.5], [""5 9 "", 0.47637362469882033, 39.0], [""8"", 0.2947319599698517, 88.49301577899956], [""5"", 0.8886796350921635, 55.48128031658073], [""2"", 0.5409319856482853, 82.98228126285287], [""8"", 0.262039176984846, 55.98163611640112]]",,,ml/output/tracks/best_frames/26_12-20/track_0313_r1.jpg,ml/output/tracks/best_frames_hires/26_12-20/track_0313_r1.jpg,70.
26_12-20.mp4,320,31081,2151,184,2498,581,270,"Нино PLACIDO
Кьянти ординарное
сортопоа кp сух-
(Италня) 0. 75L
[ w ~
Сухос
2105 >
аяе5
~38%)
LCi 1
12999
CeJ ₽pi?a
270102 J au7
971 017
W75 617
-389
01 901 1 
1299
99
629 5012
270102 3 7317
63 017
76 6 4
3","[[""Нино PLACIDO"", 0.8650031503404327, 27.0], [""Кьянти ординарное"", 0.9778330635941386, 32.0], [""сортопоа кp сух-"", 0.8418093205433526, 29.0], [""(Италня) 0. 75L"", 0.9930179550019769, 32.0], [""[ w ~"", 0.4069236044734138, 18.0], [""Сухос"", 0.9990590439793141, 28.0], [""2105 >"", 0.8607131074417999, 31.0], [""аяе5"", 0.05756068602204323, 14.0], [""~38%)"", 0.6414862797162526, 44.0], [""LCi 1"", 0.19290856779960022, 18.0], [""12999"", 0.9032778794054666, 80.0], [""CeJ ₽pi?a"", 0.1194438638258212, 18.0], [""270102 J au7"", 0.32578755637002504, 20.0], [""971 017"", 0.4678761770861076, 14.0], [""W75 617"", 0.3983521111924797, 14.0], [""-389"", 0.9152987003326416, 43.0], [""01 901 1 "", 0.48544111542374635, 14.0], [""1299"", 1.0, 81.5], [""99"", 0.999999915706304, 30.0], [""629 5012"", 0.15592165811597417, 19.0], [""270102 3 7317"", 0.7607576461140075, 19.5], [""63 017"", 0.6535043179770524, 14.0], [""76 6 4"", 0.5614867248529233, 14.0], [""3"", 0.3392895625258916, 20.0]]",11202646,,ml/output/tracks/best_frames/26_12-20/track_0320_r0.jpg,ml/output/tracks/best_frames_hires/26_12-20/track_0320_r0.jpg,4248
26_12-20.mp4,321,31081,245,992,445,1295,180,"@
'
F e
₽
8 :
8
:
;
##
8
1
8
5
[
'
'
1
5
:
7 5
5
1
:
:
: :
18
5","[[""@"", 0.2625587395944571, 84.0], [""'"", 0.26597087872079683, 26.0], [""F e"", 0.7654544518615726, 38.0], [""₽"", 0.1507404409005284, 87.0], [""8 :"", 0.4830303490161896, 38.0], [""8"", 0.9398699318201444, 69.0], ["":"", 0.3708086559711319, 26.0], ["";"", 0.43809975305009985, 24.0], [""##"", 0.11187813443190689, 103.3339615604739], [""8"", 0.9990562044287152, 142.89949493661166], [""1"", 0.5102041059610798, 131.96831772392557], [""8"", 0.4346274869036826, 48.904748240735785], [""5"", 0.35555748997025205, 31.89736659610105], [""["", 0.09923327864986309, 66.97674339530124], [""'"", 0.20136398170272773, 64.97527105692893], [""'"", 0.6737432769437532, 86.98630120864573], [""1"", 0.8700855848617017, 68.5], [""5"", 0.879946696041177, 24.5], ["":"", 0.9966686145439816, 49.0], [""7 5"", 0.25460470611805464, 47.5], [""5"", 0.8163563392336073, 42.5], [""1"", 0.955472848969535, 89.5], ["":"", 0.8345136328657965, 62.0], ["":"", 0.9992380402129051, 45.0], ["": :"", 0.5924109804454848, 24.0], [""18"", 0.5155152018265672, 97.5], [""5"", 0.2588209441251479, 37.9809845463555]]",,,ml/output/tracks/best_frames/26_12-20/track_0321_r2.jpg,ml/output/tracks/best_frames_hires/26_12-20/track_0321_r2.jpg,1:
26_12-20.mp4,324,31081,2147,14,2526,449,0,"5
'
Rg
8
8
I
2
?
)
=
₽;
I
8
i
ё
g
8
;
9
2
9:
8
8
2
1
8
14
6","[[""5"", 0.5801223837843317, 46.0], [""'"", 0.18624226710628378, 89.0], [""Rg"", 0.03755602808262315, 68.0], [""8"", 0.35693569832352523, 90.0], [""8"", 0.38662123738737364, 60.0], [""I"", 0.5113092630296165, 115.0], [""2"", 0.22555348337260117, 58.0], [""?"", 0.4805349059645927, 24.0], ["")"", 0.9999662640555904, 30.0], [""="", 0.5471445672376376, 38.0], [""₽;"", 0.25610703548014874, 82.0], [""I"", 0.9178613113314249, 131.0], [""8"", 0.9727326485986509, 149.0], [""i"", 0.22726520271864192, 46.0], [""ё"", 0.7851489046676399, 78.0], [""g"", 0.8920331290278369, 38.0], [""8"", 0.9999923706200207, 42.0], ["";"", 0.2486352226210906, 56.0], [""9"", 0.9978990872166413, 16.5], [""2"", 0.2420177692897738, 21.0], [""9:"", 0.5652065257332695, 58.0], [""8"", 0.288348259899184, 65.0], [""8"", 0.9632790099523767, 161.5], [""2"", 0.28575416515019825, 42.0], [""1"", 0.9993106123240523, 114.0], [""8"", 0.9999951124251005, 40.0], [""14"", 0.551654596027823, 88.5], [""6"", 0.3190299720947145, 11.0]]",15947017,,ml/output/tracks/best_frames/26_12-20/track_0324_r0.jpg,ml/output/tracks/best_frames_hires/26_12-20/track_0324_r0.jpg,0 6 6 5 8 8
26_12-20.mp4,318,31081,281,6,491,278,180,"!
<
[
;
!
'
;
1
5
1
;","[[""!"", 0.9488004292506957, 30.0], [""<"", 0.3270670308875765, 87.91881664685852], [""["", 0.24659765038929837, 66.9209659906332], ["";"", 0.9995416928050851, 27.866691212406124], [""!"", 0.16367424309220358, 45.950265711582915], [""'"", 0.9960566372158155, 50.95960811756081], ["";"", 0.9773072459472907, 52.96262749935431], [""1"", 0.9972279236013861, 94.98853727377656], [""5"", 0.06843623759672202, 57.93312801993784], [""1"", 0.8348805563924202, 70.97932119800072], ["";"", 0.4532346901533515, 22.805721037647857]]",,,ml/output/tracks/best_frames/26_12-20/track_0318_r0.jpg,ml/output/tracks/best_frames_hires/26_12-20/track_0318_r0.jpg,2 6 1 5 9 0 3 8 3 1
26_12-20.mp4,308,31081,2128,707,2489,1103,0,"U
(
8
=
8
'
8
5
1
8
8 8","[[""U"", 0.6190046663555826, 26.0], [""("", 0.7840199178807019, 99.0], [""8"", 0.9748499923041756, 68.0], [""="", 0.13900330040952724, 40.0], [""8"", 0.9992868979945833, 154.0], [""'"", 0.2983734187388478, 74.0], [""8"", 0.9999995231628986, 42.0], [""5"", 0.8348755459110322, 105.95867314025014], [""1"", 0.160337163024459, 80.98416694537502], [""8"", 0.9998961714040355, 112.5], [""8 8"", 0.15965837240219116, 71.0]]",,,ml/output/tracks/best_frames/26_12-20/track_0308_r0.jpg,ml/output/tracks/best_frames_hires/26_12-20/track_0308_r0.jpg, 80
26_12-20.mp4,313,31081,2074,1735,2388,2023,180,"й
}
Hl
3
@'
g
6
8
g4
ё
j
а 2р
3
3
3
Ё
{
5
₽
6
8
5
5
5
8
2
53
5
8
5 2 
8","[[""й"", 0.44940726163764566, 30.0], [""}"", 0.3842984606095001, 37.0], [""Hl"", 0.10521216290011322, 184.0], [""3"", 0.8922067515641743, 43.0], [""@'"", 0.4479293798415952, 36.0], [""g"", 0.12655390257951726, 32.0], [""6"", 0.5704828400235442, 30.0], [""8"", 0.8282130882246044, 50.0], [""g4"", 0.043952752828229, 75.0], [""ё"", 0.20782248603156006, 46.0], [""j"", 0.5044481481636467, 84.0], [""а 2р"", 0.46145338444886447, 38.0], [""3"", 0.9548511724916722, 70.95617746837212], [""3"", 0.8425543541234362, 56.93064661499386], [""3"", 0.8625489546719933, 66.95054211385786], [""Ё"", 0.11343095381995827, 84.96986093288572], [""{"", 0.38322714102907085, 90.97383540733244], [""5"", 0.9340686450151594, 56.93064661499386], [""₽"", 0.2574830444982332, 39.85407163851971], [""6"", 0.4460456992684705, 21.5], [""8"", 0.46980789826222136, 26.0], [""5"", 0.9960140449739043, 54.5], [""5"", 0.9713040761561764, 31.0], [""5"", 0.4238138347634255, 50.0], [""8"", 0.9999476678065697, 53.5], [""2"", 0.7883927567111506, 66.0], [""53"", 0.6603977466152395, 25.0], [""5"", 0.07978858691445012, 83.5], [""8"", 0.5992169768044029, 48.5], [""5 2 "", 0.8345207019728672, 39.0], [""8"", 0.24253021960362364, 87.4928479416395]]",,,ml/output/tracks/best_frames/26_12-20/track_0313_r0.jpg,ml/output/tracks/best_frames_hires/26_12-20/track_0313_r0.jpg,7
26_12-20.mp4,358,32282,2097,1158,2304,1444,0,"#
8
2
5
8","[[""#"", 0.5832830416869825, 28.0], [""8"", 0.8989102820460317, 130.0], [""2"", 0.8431132706181224, 90.94256100321184], [""5"", 0.44372116504986536, 114.5], [""8"", 0.9999766351157291, 95.5]]",,,ml/output/tracks/best_frames/26_12-20/track_0358_r0.jpg,ml/output/tracks/best_frames_hires/26_12-20/track_0358_r0.jpg,8
26_12-20.mp4,358,32432,2107,1133,2304,1296,90,"LL-
5 -","[[""LL-"", 0.9869339568659855, 36.0], [""5 -"", 0.4523847000663255, 15.0]]",,,ml/output/tracks/best_frames/26_12-20/track_0358_r1.jpg,ml/output/tracks/best_frames_hires/26_12-20/track_0358_r1.jpg,
26_12-20.mp4,354,33033,224,864,408,1079,270,"1agа
9э
aJ
99
99
61
364","[[""1agа"", 0.6729900240898132, 16.0], [""9э"", 0.6524208028500501, 18.0], [""aJ"", 0.2093291670947722, 14.585247978209168], [""99"", 0.9114344352171406, 16.0], [""99"", 0.9890314522497282, 38.0], [""61"", 0.20678429716539282, 21.90122361178794], [""364"", 0.023555790516954254, 15.883483823189664]]",,,ml/output/tracks/best_frames/26_12-20/track_0354_r0.jpg,ml/output/tracks/best_frames_hires/26_12-20/track_0354_r0.jpg,:
26_12-20.mp4,345,33333,2171,83,2513,484,0,"&
g
3
5
5
g
?
щ
Шl
5
5
я
a
8
!
1
Е
5
1
'
2
8
8
!
83
:
2
8
8","[[""&"", 0.16287403402472833, 24.0], [""g"", 0.6331108143943744, 26.0], [""3"", 0.23187760907060184, 26.0], [""5"", 0.9905053327572979, 40.0], [""5"", 0.07199187695253162, 87.0], [""g"", 0.20717848597195943, 64.0], [""?"", 0.1324790722093363, 40.0], [""щ"", 0.8087743297137564, 40.0], [""Шl"", 0.448761884835583, 122.0], [""5"", 0.9995221470576929, 30.0], [""5"", 0.12182270230063352, 38.0], [""я"", 0.12346917535833857, 22.0], [""a"", 0.2867768370246928, 22.0], [""8"", 1.0, 42.0], [""!"", 0.9976405725984137, 63.0], [""1"", 0.7184532151768508, 90.97383540733244], [""Е"", 0.14202484681489214, 58.96991404929264], [""5"", 0.287680030805916, 100.96703271752843], [""1"", 0.8573611987623195, 166.99249361296177], [""'"", 0.09606563651249544, 58.93547964039965], [""2"", 0.5627449123359476, 52.91921623512161], [""8"", 0.9999377737189121, 159.95553133183773], [""8"", 0.9972048292095224, 67.92344672427589], [""!"", 0.8558122683699629, 68.97808873418603], [""83"", 0.30158318047784133, 75.0], ["":"", 0.9180856306348097, 33.0], [""2"", 0.30915793282690984, 11.0], [""8"", 0.9985715487290783, 63.477443529174096], [""8"", 0.27323966628843266, 60.98891430692481]]",18555714,,ml/output/tracks/best_frames/26_12-20/track_0345_r2.jpg,ml/output/tracks/best_frames_hires/26_12-20/track_0345_r2.jpg,92 7
26_12-20.mp4,345,33483,2171,83,2515,484,0,"е
g
[
1
&
8
?
3
3
щ
[
2
8
й ;
п
8 !
8
!
g
1
5
=
9:
6
6
8
8
:","[[""е"", 0.3092399962746164, 24.0], [""g"", 0.13724299905114723, 26.0], [""["", 0.6446923692671049, 91.0], [""1"", 0.8730710986110104, 66.0], [""&"", 0.724114892633466, 94.0], [""8"", 0.5389999289409388, 64.0], [""?"", 0.5484157760074595, 40.0], [""3"", 0.40392580047593185, 50.0], [""3"", 0.17285299130353238, 97.0], [""щ"", 0.9611637580464958, 40.0], [""["", 0.20158058159698644, 99.0], [""2"", 0.4131545656792355, 54.0], [""8"", 0.9027110855014122, 157.0], [""й ;"", 0.35786934195164033, 60.0], [""п"", 0.9291658919139536, 24.0], [""8 !"", 0.6976857328626227, 62.0], [""8"", 0.5874596546839008, 67.0], [""!"", 0.9043856482194066, 65.0], [""g"", 0.3299889860509211, 57.96885515101695], [""1"", 0.8150672546342754, 166.99249361296177], [""5"", 0.9536320581125644, 60.93982809858528], [""="", 0.4305453941027828, 73.95979797464466], [""9:"", 0.6483920988106451, 75.5], [""6"", 0.40325095268523015, 12.0], [""6"", 0.9465023483724941, 16.0], [""8"", 0.9991755993233689, 63.477443529174096], [""8"", 0.39357486861491964, 61.9892849146908], ["":"", 0.5224173750261265, 40.483344147050474]]",,,ml/output/tracks/best_frames/26_12-20/track_0345_r1.jpg,ml/output/tracks/best_frames_hires/26_12-20/track_0345_r1.jpg,2 0
26_12-20.mp4,354,33483,224,864,406,1074,0,"8
0
g
:","[[""8"", 0.5046332489900038, 44.0], [""0"", 0.9948490602710116, 28.0], [""g"", 0.10216137270369074, 38.93072678605654], ["":"", 0.9537182054875224, 61.489101969212186]]",,,ml/output/tracks/best_frames/26_12-20/track_0354_r2.jpg,ml/output/tracks/best_frames_hires/26_12-20/track_0354_r2.jpg,9 :
26_12-20.mp4,345,33634,2171,78,2516,479,0,"е
g
@3
8
?
7
3
5
[
2
8
йs;
п
8 !
[
1
5
=
$
:
9:
8
6
2
8
:","[[""е"", 0.799055570834085, 24.0], [""g"", 0.43928805634195456, 26.0], [""@3"", 0.8035742239818423, 117.0], [""8"", 0.6678160430967104, 64.0], [""?"", 0.6538349376529915, 42.0], [""7"", 0.6949865219779419, 50.0], [""3"", 0.2045936605707519, 97.0], [""5"", 0.9861526413025992, 42.0], [""["", 0.2992149239985906, 99.0], [""2"", 0.4256380699878406, 54.0], [""8"", 0.9566220147000628, 157.0], [""йs;"", 0.14905787676068621, 60.0], [""п"", 0.8617164767228793, 24.0], [""8 !"", 0.8223686654011378, 62.0], [""["", 0.7569785203792812, 70.95617746837212], [""1"", 0.8393305561936018, 166.99249361296177], [""5"", 0.9665968251116652, 60.93982809858528], [""="", 0.229688459907468, 73.95979797464466], [""$"", 0.05165891724017513, 80.94736740409576], ["":"", 0.2477271595016397, 68.97808873418603], [""9:"", 0.6695734339814993, 79.5], [""8"", 0.8191083449823431, 60.5], [""6"", 0.6187800594123161, 17.0], [""2"", 0.10379482703548604, 12.0], [""8"", 0.671152181816538, 61.4891019692122], ["":"", 0.9603984018332454, 40.483344147050474]]",,barcode=8003969315750&price1=2105.26&price2=1999.99&price4=1499.99&aP=,ml/output/tracks/best_frames/26_12-20/track_0345_r0.jpg,ml/output/tracks/best_frames_hires/26_12-20/track_0345_r0.jpg,.
26_12-20.mp4,354,33634,224,864,406,1073,270,"1agа
99
99
ПЫПП;
99
99","[[""1agа"", 0.3107360899448395, 18.0], [""99"", 0.9749547163804545, 14.0], [""99"", 0.7640525850188917, 28.0], [""ПЫПП;"", 0.10077254067129379, 14.0], [""99"", 0.9431069802386302, 16.0], [""99"", 0.6635018709842433, 34.0]]",,,ml/output/tracks/best_frames/26_12-20/track_0354_r1.jpg,ml/output/tracks/best_frames_hires/26_12-20/track_0354_r1.jpg,9 :
26_12-20.mp4,331,33634,225,632,415,935,180,"9
3
!
8
=
#
F
""
'
I
6
$
R;
1
:
:
5
1
11
2
6
5
5
5","[[""9"", 0.5399466918658256, 26.0], [""3"", 0.36708944549451417, 54.0], [""!"", 0.8754863023486372, 32.0], [""8"", 0.9903777966983398, 106.0], [""="", 0.5487468780599016, 38.0], [""#"", 0.13109744309748184, 54.0], [""F"", 0.689483467902452, 36.0], [""\"""", 0.9758671914444541, 26.0], [""'"", 0.9685339617337974, 38.0], [""I"", 0.3793721401241932, 127.0], [""6"", 0.47863053482192086, 22.0], [""$"", 0.7233785163002473, 52.0], [""R;"", 0.17505762445419423, 30.0], [""1"", 0.4594444329773637, 70.97932119800069], ["":"", 0.8457388344214714, 43.0], ["":"", 0.9996101044259298, 35.0], [""5"", 0.40847138094415314, 46.0], [""1"", 0.9999016547541864, 70.0], [""11"", 0.3837086697557137, 114.5], [""2"", 0.9352162831091846, 17.0], [""6"", 0.9297614494336273, 28.0], [""5"", 0.23455228015349405, 71.0], [""5"", 0.9016308887092386, 19.0], [""5"", 0.4066433766568345, 28.46532330749693]]",,,ml/output/tracks/best_frames/26_12-20/track_0331_r1.jpg,ml/output/tracks/best_frames_hires/26_12-20/track_0331_r1.jpg,
26_12-20.mp4,364,34084,2086,1215,2304,1562,0,"s
'
щ
8
&
8
2
8
0
8","[[""s"", 0.16089991391352587, 82.0], [""'"", 0.3905849169047002, 66.0], [""щ"", 0.37103880633539177, 44.0], [""8"", 0.9979732779272723, 143.0], [""&"", 0.3372259660500845, 54.0], [""8"", 0.9999923706200207, 38.0], [""2"", 0.7999605304376587, 64.5], [""8"", 0.9787439985675661, 139.5], [""0"", 0.2906605487790195, 15.0], [""8"", 0.9998366899414037, 36.0]]",,,ml/output/tracks/best_frames/26_12-20/track_0364_r0.jpg,ml/output/tracks/best_frames_hires/26_12-20/track_0364_r0.jpg,8 1 8 5
26_12-20.mp4,364,34234,2086,1216,2304,1562,0,">
{
5
8
&
5
8
5","[["">"", 0.5034617427611465, 86.0], [""{"", 0.3426868621732524, 66.0], [""5"", 0.36940563286806594, 44.0], [""8"", 0.9984002555955875, 170.0], [""&"", 0.9463715311149237, 57.0], [""5"", 0.8109948254560209, 24.0], [""8"", 0.9532991467286287, 213.5], [""5"", 0.2496276097480319, 57.47747736296975]]",,,ml/output/tracks/best_frames/26_12-20/track_0364_r1.jpg,ml/output/tracks/best_frames_hires/26_12-20/track_0364_r1.jpg,8 8 5 1
26_12-20.mp4,365,34685,2087,1220,2304,1562,90,"37. в
66
L
ctcz
зажэ
668
(ozt-
о2 5
2 5
5
9182
397","[[""37. в"", 0.1271006816527705, 20.0], [""66"", 0.9922109049634656, 32.0], [""L"", 0.9345679273600958, 56.0], [""ctcz"", 0.7614972591400146, 30.0], [""зажэ"", 0.9672781825065613, 26.0], [""668"", 0.9993424699946248, 93.84617731976579], [""(ozt-"", 0.3518651538737395, 49.78244971748296], [""о2 5"", 0.04788731664052329, 24.611442075295713], [""2 5"", 0.5081697876738536, 17.5], [""5"", 0.05179285804728928, 8.5], [""9182"", 0.23566600680351257, 26.5], [""397"", 0.9790919009289717, 32.41934955049953]]",,,ml/output/tracks/best_frames/26_12-20/track_0365_r2.jpg,ml/output/tracks/best_frames_hires/26_12-20/track_0365_r2.jpg,8 .: 1 8 5
26_12-20.mp4,365,34835,2087,1220,2304,1562,270,"Cуrоc
2315
17%)
8999
2гъ
с  .
9 . 0
111 /","[[""Cуrоc"", 0.3346469666670361, 28.0], [""2315"", 0.9939328355957195, 30.0], [""17%)"", 0.8906365036964417, 40.0], [""8999"", 0.9044272303581238, 88.0], [""2гъ"", 0.05030936878360927, 20.0], [""с  ."", 0.12826986214734606, 24.611442075295713], [""9 . 0"", 0.2075926080327469, 26.0], [""111 /"", 0.33954060190725344, 33.0]]",,,ml/output/tracks/best_frames/26_12-20/track_0365_r1.jpg,ml/output/tracks/best_frames_hires/26_12-20/track_0365_r1.jpg,8 .: 8 5
26_12-20.mp4,365,34985,2087,1222,2304,1562,180,"8
'
8
5
50
''
=
3
ё","[[""8"", 0.9998259620102203, 36.0], [""'"", 0.16064920820346718, 40.0], [""8"", 0.9368452521471795, 177.0], [""5"", 0.2701066046694365, 59.0], [""50"", 0.24458779858602464, 18.0], [""''"", 0.9555813632402704, 24.0], [""="", 0.5278051578719136, 34.80683447104221], [""3"", 0.45851607383102433, 56.93064661499389], [""ё"", 0.19535981260254687, 92.92820125401477]]",,,ml/output/tracks/best_frames/26_12-20/track_0365_r0.jpg,ml/output/tracks/best_frames_hires/26_12-20/track_0365_r0.jpg,8 8 8 1 9
26_12-20.mp4,363,34985,222,864,404,971,270,"1аgч
59
99
59","[[""1аgч"", 0.759926974773407, 14.0], [""59"", 0.7622638098538258, 14.0], [""99"", 1.0, 37.0], [""59"", 0.9122877157087237, 18.0]]",,,ml/output/tracks/best_frames/26_12-20/track_0363_r2.jpg,ml/output/tracks/best_frames_hires/26_12-20/track_0363_r2.jpg,
26_12-20.mp4,362,34985,2173,0,2529,348,0,"₽
2
5
2
?
5
;
5
g
э
п
3 #
a
1
[
5
1
5
[
=
8
0
5
5
2
1
8
5:
8
8
2
8","[[""₽"", 0.13402186604192767, 49.0], [""2"", 0.4283733028690371, 50.0], [""5"", 0.4091993838939203, 89.0], [""2"", 0.1605102929674027, 64.0], [""?"", 0.9111313910356245, 42.0], [""5"", 0.9756803119753386, 42.0], ["";"", 0.7812378824287727, 54.0], [""5"", 0.9243646328062347, 30.0], [""g"", 0.9474777320733985, 38.0], [""э"", 0.6125494098984205, 22.0], [""п"", 0.05282877302875377, 24.0], [""3 #"", 0.6667203903198242, 91.0], [""a"", 0.8524733657128856, 26.0], [""1"", 0.698529345361468, 92.97498724846798], [""["", 0.1953206132527754, 76.91728479200282], [""5"", 0.3437352673799978, 100.96703271752844], [""1"", 0.9657306665241236, 170.99284794163952], [""5"", 0.9496643074851505, 60.93982809858528], [""["", 0.1096853487158036, 102.9683675569257], [""="", 0.21187049172848393, 73.95979797464466], [""8"", 0.9998716157160494, 160.95614883370718], [""0"", 0.6226991049120555, 17.5], [""5"", 0.9955496344991985, 59.5], [""5"", 0.8710851946745066, 22.0], [""2"", 0.19432096616454064, 53.0], [""1"", 0.9951129210211462, 98.0], [""8"", 0.9996457413718076, 172.5], [""5:"", 0.8746736619720265, 61.0], [""8"", 0.9999914169495696, 44.0], [""8"", 0.24619346650212037, 65.5], [""2"", 0.5072188017799739, 15.0], [""8"", 0.7249507038068295, 65.48684553133118]]",,,ml/output/tracks/best_frames/26_12-20/track_0362_r2.jpg,ml/output/tracks/best_frames_hires/26_12-20/track_0362_r2.jpg,21 8 6 5 82 5 5 9 :
26_12-20.mp4,362,35135,2173,0,2529,348,0,"Е
5
[5
2
?
6
щ
[
2
5
;
8
g
э
D
8 
a
Е
1
1
5
1
5
2
0
91
8
51
8
8
2
6
1","[[""Е"", 0.13757857515329963, 49.0], [""5"", 0.13349110308316003, 55.0], [""[5"", 0.2664093082080421, 91.0], [""2"", 0.31325035919850563, 64.0], [""?"", 0.8850556512052208, 42.0], [""6"", 0.40820164108437496, 32.0], [""щ"", 0.5528974528069206, 40.0], [""["", 0.8829630678178688, 101.0], [""2"", 0.20599697454667965, 74.0], [""5"", 0.6993907372271337, 30.0], ["";"", 0.7484038303881704, 54.0], [""8"", 0.7478205469630019, 157.0], [""g"", 0.9674055666332073, 38.0], [""э"", 0.5493686484922797, 22.0], [""D"", 0.12419147676584785, 24.0], [""8 "", 0.9331458003556249, 65.0], [""a"", 0.37800737462973544, 80.0], [""Е"", 0.1404189254372321, 24.0], [""1"", 0.5465222944738777, 92.97498724846798], [""1"", 0.36201055081619415, 70.95617746837212], [""5"", 0.22853729567479864, 100.96703271752844], [""1"", 0.9686410767385532, 170.99284794163952], [""5"", 0.8759503746509303, 60.93982809858528], [""2"", 0.18276611942860033, 73.95979797464466], [""0"", 0.978065043585957, 17.5], [""91"", 0.16526779528279623, 72.5], [""8"", 0.9993315860358507, 171.5], [""51"", 0.65344722198981, 73.0], [""8"", 0.9999994039536411, 44.0], [""8"", 0.5423030560887696, 65.5], [""2"", 0.9096730851672454, 15.0], [""6"", 0.8064090347807316, 55.98163611640112], [""1"", 0.22184932474221242, 65.48684553133118]]",,,ml/output/tracks/best_frames/26_12-20/track_0362_r1.jpg,ml/output/tracks/best_frames_hires/26_12-20/track_0362_r1.jpg,2 9 5 8 1 2 5 :
26_12-20.mp4,361,35135,2141,627,2540,1067,0,"#
:
;
1
щ
Fs
{
8
g
7
8
8
1
:
5
3
1
5
8
5 2
6
5
8
3
8
5
5
1
5","[[""#"", 0.9769411236047745, 59.0], ["":"", 0.9392136105556439, 50.0], ["";"", 0.1602605830790118, 48.0], [""1"", 0.9034627357256255, 103.0], [""щ"", 0.7972059961944957, 42.0], [""Fs"", 0.9391367165408357, 60.0], [""{"", 0.13129058031691532, 46.0], [""8"", 0.9754812055295794, 157.0], [""g"", 0.9801612707653682, 40.0], [""7"", 0.6314785033728789, 22.0], [""8"", 0.9999822378947307, 40.0], [""8"", 0.3068083172223943, 103.94388913179114], [""1"", 0.7520458971704649, 100.96703271752847], ["":"", 0.2740210119127937, 82.96833389075005], [""5"", 0.21442880632097516, 60.93982809858528], [""3"", 0.11065465827805898, 95.97657785227784], [""1"", 0.9798769790695729, 133.98821794200632], [""5"", 0.8589761617009941, 82.9500324411515], [""8"", 0.21070616272142217, 40.5], [""5 2"", 0.5607922673225403, 51.0], [""6"", 0.4944934010572979, 15.0], [""5"", 0.9999324094749831, 33.0], [""8"", 0.503844308764215, 102.0], [""3"", 0.33406354660441195, 43.0], [""8"", 0.3845853939378827, 233.0], [""5"", 0.38166210734294737, 17.0], [""5"", 0.9972514944420254, 79.0], [""1"", 0.9999547009829826, 132.49697537915733], [""5"", 0.5541569535889721, 49.46873406058498]]",,,ml/output/tracks/best_frames/26_12-20/track_0361_r2.jpg,ml/output/tracks/best_frames_hires/26_12-20/track_0361_r2.jpg,7 8 9 8 5
26_12-20.mp4,363,35135,222,864,404,972,90,"65
FGE L","[[""65"", 0.5410662488867803, 18.0], [""FGE L"", 0.6212806261609213, 14.0]]",,,ml/output/tracks/best_frames/26_12-20/track_0363_r1.jpg,ml/output/tracks/best_frames_hires/26_12-20/track_0363_r1.jpg,
26_12-20.mp4,331,35135,214,663,410,969,180,"9
g
8
'
ч
1
1
'
€
!
;;
[
9
5
6
1
11
2
6
6
4:","[[""9"", 0.8635595144256492, 26.0], [""g"", 0.852580022345947, 36.0], [""8"", 0.9518625911116629, 100.0], [""'"", 0.8996585394172918, 55.0], [""ч"", 0.14538823724137817, 26.0], [""1"", 0.9998538547510094, 99.0], [""1"", 0.9564016626588092, 155.0], [""'"", 0.9682825639105239, 26.0], [""€"", 0.17229035159292838, 32.0], [""!"", 0.9991100623203444, 45.0], ["";;"", 0.7130451205568368, 30.0], [""["", 0.42234175733534585, 70.97932119800069], [""9"", 0.5005105958024139, 38.0], [""5"", 0.8775398607073761, 31.0], [""6"", 0.6572531411433289, 39.5], [""1"", 0.9955047932174388, 70.0], [""11"", 0.2548074702157501, 110.5], [""2"", 0.575239759311458, 17.0], [""6"", 0.6515545430379213, 28.0], [""6"", 0.27304615490811557, 63.5], [""4:"", 0.34381361775581054, 31.0]]",,,ml/output/tracks/best_frames/26_12-20/track_0331_r2.jpg,ml/output/tracks/best_frames_hires/26_12-20/track_0331_r2.jpg,
26_12-20.mp4,355,35135,2125,864,2304,1188,270,"1I .
[С,хос
2105 
389
12999s
и 2
~n
ЕOj ;
т: = 1
К
52
61 
1","[[""1I ."", 0.20806648467994973, 15.0], [""[С,хос"", 0.5357567982692448, 28.0], [""2105 "", 0.7611555200997548, 31.0], [""389"", 0.9510277961618803, 42.0], [""12999s"", 0.4678455915679057, 91.0], [""и 2"", 0.21019046008586884, 20.0], [""~n"", 0.2224417815318169, 14.0], [""ЕOj ;"", 0.1538145219994502, 14.0], [""т: = 1"", 0.09870439872897727, 14.0], [""К"", 0.9331765375256431, 24.0], [""52"", 0.3480905464648224, 20.0], [""61 "", 0.38257116549507253, 12.5], [""1"", 0.967390206889732, 31.5]]",,,ml/output/tracks/best_frames/26_12-20/track_0355_r2.jpg,ml/output/tracks/best_frames_hires/26_12-20/track_0355_r2.jpg,
26_12-20.mp4,361,35285,2141,627,2540,1067,0,"#
4
2
1
щ
F;
!
8
g
7
8
$
1
:
5
:
1
5
83
5 2
6
:
11
8
5
5","[[""#"", 0.9913792052033763, 59.0], [""4"", 0.803810345299155, 54.0], [""2"", 0.47430615809140875, 46.0], [""1"", 0.840092056656605, 103.0], [""щ"", 0.8310755141786821, 42.0], [""F;"", 0.5701638399562284, 60.0], [""!"", 0.7717160399979015, 46.0], [""8"", 0.9518318869210276, 157.0], [""g"", 0.9708051753705291, 40.0], [""7"", 0.9567908518484138, 22.0], [""8"", 0.9987365424457408, 42.0], [""$"", 0.30923641654328904, 104.94505452921408], [""1"", 0.737251620966223, 100.96703271752847], ["":"", 0.332903575806597, 82.96833389075005], [""5"", 0.6039340134552873, 60.93982809858528], ["":"", 0.1376006401293859, 99.97847363556309], [""1"", 0.9996643348131329, 136.98874125215707], [""5"", 0.7606149589567082, 82.9500324411515], [""83"", 0.6151000861743812, 31.5], [""5 2"", 0.660265593921909, 52.0], [""6"", 0.998941225071178, 15.0], ["":"", 0.8528116299974187, 78.0], [""11"", 0.3763743046701286, 157.5], [""8"", 0.25164348887506094, 228.5], [""5"", 0.9933627479018838, 77.5], [""5"", 0.5260129028704377, 48.968026273948595]]",,,ml/output/tracks/best_frames/26_12-20/track_0361_r0.jpg,ml/output/tracks/best_frames_hires/26_12-20/track_0361_r0.jpg,8 8 1 8 5
26_12-20.mp4,362,35285,2173,0,2529,348,180,"'
g 18
7
#
g
c
8
1
9
₽
ё
8
{l
3
5
Е
1
'
e
&
5
6: 8 :
5
8:
5
65
1","[[""'"", 0.9997402598264991, 42.0], [""g 18"", 0.355471210737317, 90.0], [""7"", 0.03208060224767806, 22.0], [""#"", 0.29101497306106694, 40.0], [""g"", 0.8141871327106323, 84.0], [""c"", 0.632430713153159, 22.0], [""8"", 0.9364645250045669, 191.0], [""1"", 0.15422315735503478, 73.0], [""9"", 0.5890174319344545, 32.0], [""₽"", 0.7182698325203241, 96.0], [""ё"", 0.5433571017782448, 44.0], [""8"", 0.9834070493161704, 64.0], [""{l"", 0.6877545816236885, 86.0], [""3"", 0.999271883036986, 26.0], [""5"", 0.19361214075048228, 51.0], [""Е"", 0.24442973390529232, 26.0], [""1"", 0.9674619649050697, 169.9927617471726], [""'"", 0.30471484241212465, 100.97891170461713], [""e"", 0.25440939366434634, 58.93547964039965], [""&"", 0.2720819269265782, 91.92645877550524], [""5"", 0.8949910698268013, 49.90870545569123], [""6: 8 :"", 0.19214063368121365, 36.0], [""5"", 0.7851063364688713, 38.0], [""8:"", 0.8046907607088305, 44.0], [""5"", 0.5362520918834299, 12.0], [""65"", 0.5782645248178329, 28.0], [""1"", 0.8937195131888451, 70.5]]",,,ml/output/tracks/best_frames/26_12-20/track_0362_r0.jpg,ml/output/tracks/best_frames_hires/26_12-20/track_0362_r0.jpg,6 8 5 8 2 4 9 8 1
26_12-20.mp4,331,35285,214,663,409,969,180,"'
'
8
1
!
1
1
(
Е
;
;
₽
9
5
5
1
15
2
6
9
9
:","[[""'"", 0.291576913718373, 46.0], [""'"", 0.3801310709907426, 68.0], [""8"", 0.9943550843218532, 106.0], [""1"", 0.14370065035942403, 26.0], [""!"", 0.11498814520616296, 54.0], [""1"", 0.9997497953537824, 99.0], [""1"", 0.9739561428780839, 155.0], [""("", 0.061120702360917045, 28.0], [""Е"", 0.7503004265317692, 32.0], ["";"", 0.9084127250616802, 28.0], ["";"", 0.9092975794784621, 34.91404880886694], [""₽"", 0.4528374351253639, 22.805721037647913], [""9"", 0.3708594716754874, 38.0], [""5"", 0.9436288889486519, 31.0], [""5"", 0.2778576875672947, 39.5], [""1"", 0.5748534861669761, 24.0], [""15"", 0.25726191869615284, 110.5], [""2"", 0.6811683612274386, 17.0], [""6"", 0.8822698228146351, 28.0], [""9"", 0.5546707080885085, 51.5], [""9"", 0.1398397203836943, 31.0], ["":"", 0.707147200374493, 45.48691770366622]]",,,ml/output/tracks/best_frames/26_12-20/track_0331_r0.jpg,ml/output/tracks/best_frames_hires/26_12-20/track_0331_r0.jpg,
26_12-20.mp4,355,35285,2125,864,2304,1188,0,"1
а
щ
84
8
'
8
9
1
5","[[""1"", 0.08530352782119, 48.0], [""а"", 0.9149050088387902, 26.0], [""щ"", 0.8842175359712066, 42.0], [""84"", 0.1735297983486609, 194.0], [""8"", 0.9999754430371155, 40.0], [""'"", 0.7683224852201107, 53.964012893961296], [""8"", 0.27804994179092546, 100.9401622200657], [""9"", 0.4551031004698167, 80.5], [""1"", 0.5287672665809318, 19.0], [""5"", 0.7169771190567644, 69.0]]",,,ml/output/tracks/best_frames/26_12-20/track_0355_r0.jpg,ml/output/tracks/best_frames_hires/26_12-20/track_0355_r0.jpg,
26_12-20.mp4,363,35285,222,864,403,971,90,"65
FGI L","[[""65"", 0.9478468135356642, 18.0], [""FGI L"", 0.5623755822972007, 14.0]]",,,ml/output/tracks/best_frames/26_12-20/track_0363_r0.jpg,ml/output/tracks/best_frames_hires/26_12-20/track_0363_r0.jpg,
26_12-20.mp4,361,35435,2140,629,2540,1066,0,"1
!
8
1
F;
I
8
5
8
[
1
5
'
5 2
6
5
:
8
2
5
1
5","[[""1"", 0.9208866722028439, 48.0], [""!"", 0.1901560529960813, 51.0], [""8"", 0.26450355878555243, 95.0], [""1"", 0.8748419366972406, 105.0], [""F;"", 0.4382618333352592, 84.0], [""I"", 0.9153765608108557, 153.0], [""8"", 0.9921591803560013, 195.0], [""5"", 0.6971699197680579, 76.0], [""8"", 0.9924535611789906, 40.0], [""["", 0.4633557414190683, 100.97891170461708], [""1"", 0.23531073465596908, 82.96833389075005], [""5"", 0.7323752304455446, 60.93982809858528], [""'"", 0.9325233637000565, 62.943754230537934], [""5 2"", 0.7019940121603568, 52.5], [""6"", 0.9992138500948045, 15.0], [""5"", 0.8248338906562971, 32.0], ["":"", 0.6617710767731211, 94.5], [""8"", 0.9477106316313098, 255.5], [""2"", 0.678384598654759, 44.0], [""5"", 0.9657105170232541, 75.5], [""1"", 0.9988835591595944, 132.99699875406054], [""5"", 0.15423720217047876, 50.47008111003286]]",,,ml/output/tracks/best_frames/26_12-20/track_0361_r1.jpg,ml/output/tracks/best_frames_hires/26_12-20/track_0361_r1.jpg,7 8 8 0 8 5
26_12-20.mp4,355,35435,2124,864,2304,1190,270,"2105 ,
389
1299ss
ат
~J
6 ,
#s; К
[С;хсс
2","[[""2105 ,"", 0.5128419498864998, 31.0], [""389"", 0.4680638127126822, 40.0], [""1299ss"", 0.6348572808754254, 91.0], [""ат"", 0.05422449645153383, 16.0], [""~J"", 0.1421111730138649, 14.0], [""6 ,"", 0.30388929562588, 14.0], [""#s; К"", 0.3405672793021842, 24.0], [""[С;хсс"", 0.5730282855646592, 36.7102517065633], [""2"", 0.3632005128456548, 19.5]]",,,ml/output/tracks/best_frames/26_12-20/track_0355_r1.jpg,ml/output/tracks/best_frames_hires/26_12-20/track_0355_r1.jpg,
26_12-20.mp4,370,35736,271,0,489,220,0,"F
'
8
1
9
'
{
;
{

8 0
8
1
8","[[""F"", 0.9995543261337367, 22.0], [""'"", 0.258079701315328, 66.97674339530124], [""8"", 0.7411654096035001, 24.834140112506475], [""1"", 0.2836809033388512, 213.98800699959466], [""9"", 0.9257014968729358, 31.897366596101023], [""'"", 0.6991369387382207, 68.97808873418604], [""{"", 0.3306941521560134, 38.93072678605654], ["";"", 0.28359697193664957, 33.90895995607008], [""{"", 0.8574838357856471, 40.93732773208808], ["""", 0.0, 6.5], [""8 0"", 0.24572440243963614, 16.5], [""8"", 0.3439061025556498, 142.49369429887275], [""1"", 0.3967315584120321, 50.98385522667233], [""8"", 0.5369243074171415, 38.981984860820646]]",,,ml/output/tracks/best_frames/26_12-20/track_0370_r0.jpg,ml/output/tracks/best_frames_hires/26_12-20/track_0370_r0.jpg,6
26_12-20.mp4,370,35886,266,0,478,279,180,"{
е
5
8
6
{
$
'
!

9","[[""{"", 0.7191892039702594, 36.0], [""е"", 0.5803444936897542, 32.0], [""5"", 0.18415287907831512, 32.0], [""8"", 0.8543445112496215, 128.97281862215397], [""6"", 0.9119193231440512, 58.935479640399635], [""{"", 0.4702805406159314, 69.9787182707297], [""$"", 0.6775942380127162, 60.93982809858528], [""'"", 0.7903536387275132, 53.964012893961296], [""!"", 0.9729729822365698, 46.89603210815676], ["""", 0.0, 18.0], [""9"", 0.21646201369094342, 43.477395699664314]]",,,ml/output/tracks/best_frames/26_12-20/track_0370_r1.jpg,ml/output/tracks/best_frames_hires/26_12-20/track_0370_r1.jpg,0
26_12-20.mp4,370,36036,247,1,479,333,180,@,"[[""@"", 0.4841335845549253, 148.97995587148984]]",,,ml/output/tracks/best_frames/26_12-20/track_0370_r2.jpg,ml/output/tracks/best_frames_hires/26_12-20/track_0370_r2.jpg,0
26_12-20.mp4,373,36036,189,713,421,1049,270,"5=5
5","[[""5=5"", 0.3363537493421936, 45.0], [""5"", 0.10555367839698704, 34.0]]",,,ml/output/tracks/best_frames/26_12-20/track_0373_r1.jpg,ml/output/tracks/best_frames_hires/26_12-20/track_0373_r1.jpg,1
26_12-20.mp4,373,36186,214,777,411,1112,90,"бБz1_
2 =
>
= =
=
_","[[""бБz1_"", 0.11162284624703867, 51.0], [""2 ="", 0.2428154304888598, 14.0], ["">"", 0.8508053720178488, 28.0], [""= ="", 0.3540987968444824, 14.0], [""="", 0.8634634719694532, 14.0], [""_"", 0.3428280946238102, 8.0]]",,,ml/output/tracks/best_frames/26_12-20/track_0373_r0.jpg,ml/output/tracks/best_frames_hires/26_12-20/track_0373_r0.jpg,6
26_12-20.mp4,379,36637,265,0,467,186,90,66c,"[[""66c"", 0.5470173358917236, 63.8328200498446]]",,,ml/output/tracks/best_frames/26_12-20/track_0379_r0.jpg,ml/output/tracks/best_frames_hires/26_12-20/track_0379_r0.jpg,
26_12-20.mp4,379,36787,259,1,478,175,270,"11 6
299
298","[[""11 6"", 0.48391810059547424, 13.536442559194768], [""299"", 0.7409102320671082, 59.856051575845186], [""298"", 0.9819153742468295, 62.46095087448545]]",,,ml/output/tracks/best_frames/26_12-20/track_0379_r1.jpg,ml/output/tracks/best_frames_hires/26_12-20/track_0379_r1.jpg,
26_12-20.mp4,379,36937,264,2,487,99,0,9,"[[""9"", 0.9744476151865911, 118.9677313947837]]",,,ml/output/tracks/best_frames/26_12-20/track_0379_r2.jpg,ml/output/tracks/best_frames_hires/26_12-20/track_0379_r2.jpg,
26_12-20.mp4,372,37988,243,1362,472,1697,270,"7а9з
99
99
цш;
Овзоц
4893
45
99
99
63307","[[""7а9з"", 0.2345617115497589, 14.0], [""99"", 0.7066499070687687, 16.0], [""99"", 0.9999976397772992, 43.0], [""цш;"", 0.27748002493631385, 18.0], [""Овзоц"", 0.1955698130502977, 28.71390676354099], [""4893"", 0.5725687742233276, 18.0], [""45"", 0.3371278222136668, 26.5], [""99"", 0.9991730104370903, 17.201915708754488], [""99"", 0.9755268444775217, 44.47775169726372], [""63307"", 0.35006115488873996, 27.41242371593934]]",,,ml/output/tracks/best_frames/26_12-20/track_0372_r2.jpg,ml/output/tracks/best_frames_hires/26_12-20/track_0372_r2.jpg,
26_12-20.mp4,348,37988,206,431,402,741,270,"вoccla
огun
иг
Езzzв
суz
conт
sL
{тя-;
~Ez
199
99
шэuы0L17"" 
пззо
aзco
Facro
1sa
~z49/al
1 199 
19
77
-28/6
50","[[""вoccla"", 0.4659663134030326, 21.0], [""огun"", 0.09937220066785812, 15.0], [""иг"", 0.8715080035909184, 14.0], [""Езzzв"", 0.12386797699498132, 28.0], [""суz"", 0.5585815662356574, 14.0], [""conт"", 0.32581788301467896, 14.0], [""sL"", 0.9866218943819969, 14.0], [""{тя-;"", 0.11782295959317925, 24.0], [""~Ez"", 0.5444430496888141, 24.0], [""199"", 0.9999985546643163, 43.0], [""99"", 0.9815582763744528, 16.0], [""шэuы0L17\"" "", 0.09569081301264862, 28.0], [""пззо"", 0.2019881159067154, 22.805721037647857], [""aзco"", 0.6171151418320717, 24.611442075295713], [""Facro"", 0.21551733910556287, 16.664100588675694], [""1sa"", 0.30025422173330873, 22.539672889527935], [""~z49/al"", 0.10037352077010857, 35.692099788303096], [""1 199 "", 0.8904142246420655, 48.5], [""19"", 0.1159214264196049, 18.5], [""77"", 0.4464782454976983, 16.0], [""-28/6"", 0.4029000055125705, 27.41242371593934], [""50"", 0.3292144945495423, 29.399020293902034]]",,,ml/output/tracks/best_frames/26_12-20/track_0348_r2.jpg,ml/output/tracks/best_frames_hires/26_12-20/track_0348_r2.jpg,
26_12-20.mp4,372,38138,243,1362,472,1697,270,"cв
789з
99
99
пгу
Окзон
99
1:/
7493
99
63307","[[""cв"", 0.15168628283321664, 12.0], [""789з"", 0.18499250177987187, 14.0], [""99"", 0.9688928517496377, 16.0], [""99"", 0.9999863444483911, 42.0], [""пгу"", 0.12333277337037783, 18.0], [""Окзон"", 0.179441729544191, 28.71390676354099], [""99"", 0.9999297840724249, 18.0], [""1:/"", 0.10736047595843948, 22.0], [""7493"", 0.4771519601345062, 17.102283839947837], [""99"", 0.9991030643372163, 44.47775169726372], [""63307"", 0.20837703356667892, 27.41242371593934]]",,,ml/output/tracks/best_frames/26_12-20/track_0372_r0.jpg,ml/output/tracks/best_frames_hires/26_12-20/track_0372_r0.jpg,
26_12-20.mp4,348,38138,206,433,406,739,180,"@
9
'
8]
x'
Е
2
#
;
3
;
₽
!
5
!
8
2
:
5
6
7
1
:
9
1
:
2
:","[[""@"", 0.9188215994717588, 91.0], [""9"", 0.9667264542006251, 30.0], [""'"", 0.19058789056094838, 40.0], [""8]"", 0.21076349701066005, 146.0], [""x'"", 0.21344800280348228, 24.0], [""Е"", 0.3638201337764855, 36.0], [""2"", 0.39024064463433206, 71.0], [""#"", 0.979797918139468, 46.0], ["";"", 0.607709843586747, 24.0], [""3"", 0.9084198830850063, 63.0], ["";"", 0.8986663941464599, 26.0], [""₽"", 0.07518352753345425, 47.95435272784562], [""!"", 0.5619050646200776, 52.96262749935431], [""5"", 0.3941992101848122, 34.91404880886694], [""!"", 0.5907409923629672, 46.95237412036795], [""8"", 0.25836513967621855, 16.0], [""2"", 0.8022591240690282, 71.5], ["":"", 0.8324465818088953, 35.5], [""5"", 0.3044589816717327, 34.0], [""6"", 0.79056147769235, 28.0], [""7"", 0.3847978172012212, 21.0], [""1"", 0.4245747965837978, 56.49163596201504], ["":"", 0.8483565118859246, 54.48596023743555], [""9"", 0.35675510595325477, 70.98571344013976], [""1"", 0.975451300107185, 69.99461525058067], ["":"", 0.485498334514034, 61.98928491469079], [""2"", 0.4484672301047432, 47.48124043635099], ["":"", 0.8235984936170695, 31.454871073938932]]",,,ml/output/tracks/best_frames/26_12-20/track_0348_r0.jpg,ml/output/tracks/best_frames_hires/26_12-20/track_0348_r0.jpg,
26_12-20.mp4,372,38288,243,1362,472,1697,270,"св
твзз
9а
99
ЕIEEI]
авзоц
4893
.2
9933
.8397","[[""св"", 0.5810552713803651, 14.0], [""твзз"", 0.11867063492536545, 18.0], [""9а"", 0.21485591120658534, 16.0], [""99"", 0.9999868502085879, 42.0], [""ЕIEEI]"", 0.04443744551683179, 21.0], [""авзоц"", 0.3915623813255763, 28.71390676354099], [""4893"", 0.5860229134559631, 18.0], ["".2"", 0.08830469025495295, 24.5], [""9933"", 0.435869425535202, 44.8730686814653], ["".8397"", 0.160880729386438, 27.41242371593934]]",,,ml/output/tracks/best_frames/26_12-20/track_0372_r1.jpg,ml/output/tracks/best_frames_hires/26_12-20/track_0372_r1.jpg,
26_12-20.mp4,348,38288,209,433,401,741,180,"9
a""
З[ш
I
8]
'
xi
8
€
3
;
9
!
!
;
{
!
8
3
:
7
3
6
9
1
:
8
1
2
:","[[""9"", 0.9900116062378892, 28.0], [""a\"""", 0.3925293381651684, 94.0], [""З[ш"", 0.028727125088119344, 32.0], [""I"", 0.9570967322161437, 48.0], [""8]"", 0.21662632824954303, 146.0], [""'"", 0.0683353739981527, 38.0], [""xi"", 0.4267750292065136, 22.0], [""8"", 0.17580073541215402, 75.0], [""€"", 0.4589350315780081, 32.0], [""3"", 0.9503384472338894, 53.0], ["";"", 0.35463436789115477, 28.0], [""9"", 0.2976295377681346, 30.0], [""!"", 0.9922821998664269, 52.96262749935431], [""!"", 0.3034984087117323, 32.90341723552115], ["";"", 0.8399629126298045, 22.805721037647913], [""{"", 0.9085044180649824, 40.93732773208808], [""!"", 0.4966653394463414, 43.945612429370726], [""8"", 0.4568983176097987, 17.0], [""3"", 0.11129360268574828, 70.5], ["":"", 0.8590929475987572, 35.0], [""7"", 0.9166997212481967, 39.5], [""3"", 0.8004185348864077, 61.5], [""6"", 0.8329582899484791, 28.0], [""9"", 0.2582448752951336, 21.0], [""1"", 0.779121139377267, 60.99285660979386], ["":"", 0.8048089994158012, 54.48596023743555], [""8"", 0.8388085964870697, 68.48803538836924], [""1"", 0.7067120012658421, 69.49453550891343], [""2"", 0.3155968082816152, 47.48124043635099], ["":"", 0.9025662291278991, 31.454871073938932]]",,,ml/output/tracks/best_frames/26_12-20/track_0348_r1.jpg,ml/output/tracks/best_frames_hires/26_12-20/track_0348_r1.jpg,
26_12-20.mp4,376,39039,2154,1,2510,408,270,"Е
Пэzп
Lтбч
18947
С -с>
999
99
9","[[""Е"", 0.718311861959652, 22.0], [""Пэzп"", 0.27598151564598083, 37.0], [""Lтбч"", 0.1440356820821762, 14.0], [""18947"", 0.9823295476730928, 26.0], [""С -с>"", 0.21285662365448496, 16.0], [""999"", 0.8199102593728365, 68.0], [""99"", 0.9999989884757856, 30.0], [""9"", 1.0, 63.0]]",,,ml/output/tracks/best_frames/26_12-20/track_0376_r2.jpg,ml/output/tracks/best_frames_hires/26_12-20/track_0376_r2.jpg,
26_12-20.mp4,387,39039,2157,9,2507,149,270,"ЕПяZП
Lanuu
18947
етurcu
999
99
9","[[""ЕПяZП"", 0.7633937354334397, 28.0], [""Lanuu"", 0.47297312875029573, 14.0], [""18947"", 0.9684773516794064, 26.0], [""етurcu"", 0.04747576913965568, 12.0], [""999"", 0.8448804078144326, 68.0], [""99"", 0.9999601501329547, 31.0], [""9"", 1.0, 63.0]]",,,ml/output/tracks/best_frames/26_12-20/track_0387_r2.jpg,ml/output/tracks/best_frames_hires/26_12-20/track_0387_r2.jpg,
26_12-20.mp4,375,39189,262,0,475,195,0,"0
;","[[""0"", 0.2600960992959358, 159.97785157856606], ["";"", 0.9746326112559132, 40.93732773208809]]",,,ml/output/tracks/best_frames/26_12-20/track_0375_r2.jpg,ml/output/tracks/best_frames_hires/26_12-20/track_0375_r2.jpg,
26_12-20.mp4,376,39189,2154,1,2510,407,270,"Е
Еza
[5ашiu
18947
 -ттса
999
99
9","[[""Е"", 0.5166845056921829, 22.0], [""Еza"", 0.23499158016522678, 41.0], [""[5ашiu"", 0.12116019477477068, 14.0], [""18947"", 0.9994211183609679, 26.0], ["" -ттса"", 0.29771540957831233, 16.0], [""999"", 0.829852287086498, 72.0], [""99"", 0.9999974711900259, 32.0], [""9"", 1.0, 63.0]]",,barcode=4690491103616&price1=1894.73&price2=1799.99&price4=1399.99&aP=,ml/output/tracks/best_frames/26_12-20/track_0376_r1.jpg,ml/output/tracks/best_frames_hires/26_12-20/track_0376_r1.jpg,
26_12-20.mp4,387,39189,2158,9,2508,148,180,"'
g
i8
0
5
8 :
82","[[""'"", 0.9972654227969748, 38.0], [""g"", 0.6786856693029364, 68.0], [""i8"", 0.7722044171376562, 60.0], [""0"", 0.8070681709158443, 32.0], [""5"", 0.7214764848834001, 21.0], [""8 :"", 0.5948281288146973, 62.5], [""82"", 0.988419996693684, 81.5]]",,,ml/output/tracks/best_frames/26_12-20/track_0387_r1.jpg,ml/output/tracks/best_frames_hires/26_12-20/track_0387_r1.jpg,
26_12-20.mp4,375,39339,262,0,475,195,0,"3
;","[[""3"", 0.5990351090008659, 159.97785157856606], ["";"", 0.9907679049322269, 42.94304067756626]]",,,ml/output/tracks/best_frames/26_12-20/track_0375_r1.jpg,ml/output/tracks/best_frames_hires/26_12-20/track_0375_r1.jpg,
26_12-20.mp4,376,39339,2154,1,2509,406,180,"'
g
i8
@
6
58
182
7 ","[[""'"", 0.9964654738737977, 38.0], [""g"", 0.5979633790680374, 68.0], [""i8"", 0.9169967695863381, 60.0], [""@"", 0.9904412671059539, 36.0], [""6"", 0.4317199681848969, 10.0], [""58"", 0.18366341500834202, 46.5], [""182"", 0.9060913830594044, 84.0], [""7 "", 0.13378257711065342, 12.0]]",,,ml/output/tracks/best_frames/26_12-20/track_0376_r0.jpg,ml/output/tracks/best_frames_hires/26_12-20/track_0376_r0.jpg,
26_12-20.mp4,387,39339,2158,9,2508,148,180,"'
g
i8
@
28
182","[[""'"", 0.9973670908295595, 38.0], [""g"", 0.7100558017808147, 68.0], [""i8"", 0.8774508106274155, 60.0], [""@"", 0.5850783455707784, 32.0], [""28"", 0.32457900862218814, 45.0], [""182"", 0.9647703094294747, 83.0]]",,,ml/output/tracks/best_frames/26_12-20/track_0387_r0.jpg,ml/output/tracks/best_frames_hires/26_12-20/track_0387_r0.jpg,
26_12-20.mp4,390,39940,172,864,381,1174,90,s,"[[""s"", 0.3741238768200219, 18.0]]",,,ml/output/tracks/best_frames/26_12-20/track_0390_r1.jpg,ml/output/tracks/best_frames_hires/26_12-20/track_0390_r1.jpg,
26_12-20.mp4,390,40090,188,864,368,1023,270,"зэ
199
199 ","[[""зэ"", 0.24012424891328044, 16.0], [""199"", 0.9814713113883141, 42.0], [""199 "", 0.27932567601300795, 43.0]]",,,ml/output/tracks/best_frames/26_12-20/track_0390_r0.jpg,ml/output/tracks/best_frames_hires/26_12-20/track_0390_r0.jpg,
26_12-20.mp4,394,40240,2134,1129,2304,1449,270,"283
1499","[[""283"", 0.6907592787140174, 40.0], [""1499"", 0.9458008690491574, 105.0]]",,,ml/output/tracks/best_frames/26_12-20/track_0394_r0.jpg,ml/output/tracks/best_frames_hires/26_12-20/track_0394_r0.jpg,
26_12-20.mp4,394,40390,2127,1247,2304,1554,0,"8
8
8","[[""8"", 0.8962789918441558, 235.0], [""8"", 0.7615501110610836, 62.870959280799255], [""8"", 0.9995958021513651, 145.0]]",,,ml/output/tracks/best_frames/26_12-20/track_0394_r1.jpg,ml/output/tracks/best_frames_hires/26_12-20/track_0394_r1.jpg,
26_12-20.mp4,405,40841,223,1491,444,1798,0,,[],,,ml/output/tracks/best_frames/26_12-20/track_0405_r1.jpg,ml/output/tracks/best_frames_hires/26_12-20/track_0405_r1.jpg,
26_12-20.mp4,405,40991,234,1482,462,1799,90,55,"[[""55"", 0.19165529082353208, 14.0]]",,,ml/output/tracks/best_frames/26_12-20/track_0405_r0.jpg,ml/output/tracks/best_frames_hires/26_12-20/track_0405_r0.jpg,
26_12-20.mp4,404,40991,2145,1396,2546,1840,0,"?
5
5
F
1
[
g
0
2
2
2
8
5
1
0
5
5
6
5
5
8
8
8
5
2
1
7
8","[[""?"", 0.8230401362563953, 40.0], [""5"", 0.6183702450867692, 48.0], [""5"", 0.9762956569024404, 28.0], [""F"", 0.8084534905184491, 38.0], [""1"", 0.878361510726311, 162.98865648194646], [""["", 0.4318971619042635, 99.9663334790747], [""g"", 0.9581350841135681, 93.94645904241008], [""0"", 0.9931534103907893, 40.93732773208808], [""2"", 0.26232386531490093, 97.97755565271643], [""2"", 0.5514180580793351, 67.95204813500436], [""2"", 0.7409148121717557, 54.878824352682386], [""8"", 0.6188130679822876, 175.96405603665897], [""5"", 0.7387079597578037, 54.925254998708624], [""1"", 0.2500616350011029, 17.0], [""0"", 0.890682783225202, 26.0], [""5"", 0.5432786345065779, 40.0], [""5"", 0.6430056109803104, 52.0], [""6"", 0.9165187100713901, 15.0], [""5"", 0.7556357678037138, 26.0], [""5"", 0.23730137254551664, 19.0], [""8"", 0.9998729269344864, 169.5], [""8"", 0.7968659640901024, 91.48351646968072], [""8"", 0.8765792995220956, 78.48847074650928], [""5"", 0.9016744690345604, 33.96172336213794], [""2"", 0.42945178720075106, 95.49238640074833], [""1"", 0.9212284066052234, 110.49559897763045], [""7"", 0.9103763293758824, 46.46410062700738], [""8"", 0.2831424218773151, 55.47567132314907]]",,,ml/output/tracks/best_frames/26_12-20/track_0404_r0.jpg,ml/output/tracks/best_frames_hires/26_12-20/track_0404_r0.jpg,5 6 8 5 8 8 7 :
26_12-20.mp4,375,40991,171,566,375,877,90,"аu
662
34
зэ1
аzтдзсязi;
оэнтяйз
аямама =
[Qete
1ъau'm1
u
1-51
3
52
75
851
833/333:
49
5 :55
39
5720","[[""аu"", 0.9005503254442335, 16.0], [""662"", 0.79839102034899, 49.0], [""34"", 0.5109093838234774, 14.0], [""зэ1"", 0.3471969294877441, 12.0], [""аzтдзсязi;"", 0.06835501121312088, 28.0], [""оэнтяйз"", 0.4933520775026561, 20.0], [""аямама ="", 0.2939665836326379, 20.0], [""[Qete"", 0.8407434777539934, 52.809496481471626], [""1ъau'm1"", 0.046086153821595796, 19.748314552243073], [""u"", 0.9950204052474874, 15.627466942413491], [""1-51"", 0.2814192771911621, 16.5], [""3"", 0.9641756731102227, 12.0], [""52"", 0.1114863789337759, 8.0], [""75"", 0.14671565968411696, 10.0], [""851"", 0.5467155895866269, 12.0], [""833/333:"", 0.255136086566047, 25.5], [""49"", 0.5516737164359048, 12.0], [""5 :55"", 0.24437995640177868, 31.5], [""39"", 0.13339103922553605, 14.35695338177052], [""5720"", 0.14879931509494781, 18.863439934105088]]",,,ml/output/tracks/best_frames/26_12-20/track_0375_r0.jpg,ml/output/tracks/best_frames_hires/26_12-20/track_0375_r0.jpg,
26_12-20.mp4,412,41141,215,98,454,407,0,,[],,,ml/output/tracks/best_frames/26_12-20/track_0412_r0.jpg,ml/output/tracks/best_frames_hires/26_12-20/track_0412_r0.jpg,
26_12-20.mp4,412,41291,214,128,443,488,0,9,"[[""9"", 0.863725247301236, 116.96654384806013]]",,,ml/output/tracks/best_frames/26_12-20/track_0412_r1.jpg,ml/output/tracks/best_frames_hires/26_12-20/track_0412_r1.jpg,
26_12-20.mp4,412,41441,206,215,437,566,0,0,"[[""0"", 0.9236679204994722, 73.90972403379814]]",,,ml/output/tracks/best_frames/26_12-20/track_0412_r2.jpg,ml/output/tracks/best_frames_hires/26_12-20/track_0412_r2.jpg,
26_12-20.mp4,404,41441,2116,1668,2517,2096,270,"Г2
Е5e
26
1499
1
-257
499","[[""Г2"", 0.13278666583081147, 20.0], [""Е5e"", 0.1584368065604606, 36.0], [""26"", 0.9819093135269332, 42.0], [""1499"", 0.9981402158737183, 102.87671087781177], [""1"", 1.0, 59.0], [""-257"", 0.18083831667900085, 45.931634364340354], [""499"", 0.9999999311744849, 92.96013284141895]]",,,ml/output/tracks/best_frames/26_12-20/track_0404_r1.jpg,ml/output/tracks/best_frames_hires/26_12-20/track_0404_r1.jpg,9 3
26_12-20.mp4,408,41441,2150,877,2304,1300,0,"6
')
8
4
8","[[""6"", 0.9993595910509931, 58.0], [""')"", 0.12984605928197096, 42.0], [""8"", 0.98985255334361, 169.0], [""4"", 0.14334450531805842, 44.0], [""8"", 0.9999957084701805, 129.5]]",,,ml/output/tracks/best_frames/26_12-20/track_0408_r2.jpg,ml/output/tracks/best_frames_hires/26_12-20/track_0408_r2.jpg,
26_12-20.mp4,404,41591,2103,1897,2463,2159,0,"3
8
5
2
8
5
5
2","[[""3"", 0.9966385051002504, 32.0], [""8"", 0.6106969457578657, 54.0], [""5"", 0.5049417128748814, 42.0], [""2"", 0.798664646076336, 50.912423715939326], [""8"", 0.21704537455662276, 163.9579261731219], [""5"", 0.9793903919504743, 40.5], [""5"", 0.18954851450425636, 13.0], [""2"", 0.3102522328708943, 169.98959234795205]]",,,ml/output/tracks/best_frames/26_12-20/track_0404_r2.jpg,ml/output/tracks/best_frames_hires/26_12-20/track_0404_r2.jpg,7 8
26_12-20.mp4,420,41591,193,1121,404,1448,270,"24
995
995
55","[[""24"", 0.9890693463109276, 21.0], [""995"", 0.8382735753458685, 48.0], [""995"", 0.9372822931052077, 46.0], [""55"", 0.6049538819147565, 24.0]]",,,ml/output/tracks/best_frames/26_12-20/track_0420_r1.jpg,ml/output/tracks/best_frames_hires/26_12-20/track_0420_r1.jpg,
26_12-20.mp4,408,41591,2145,983,2304,1386,0,"8
8
8
8
1","[[""8"", 0.9924621118191226, 58.0], [""8"", 0.881503314656559, 205.0], [""8"", 0.3265662008367407, 40.0], [""8"", 0.9999735357128117, 123.5], [""1"", 0.25475795466167384, 45.0]]",,,ml/output/tracks/best_frames/26_12-20/track_0408_r1.jpg,ml/output/tracks/best_frames_hires/26_12-20/track_0408_r1.jpg,99
26_12-20.mp4,423,41591,191,706,386,1067,0,"1
8
0
3
8","[[""1"", 0.8038916812481354, 82.0], [""8"", 0.9252917359579129, 153.0], [""0"", 0.7445399700611723, 28.0], [""3"", 0.9821860194566767, 69.0], [""8"", 0.5939677066169544, 114.5]]",,,ml/output/tracks/best_frames/26_12-20/track_0423_r0.jpg,ml/output/tracks/best_frames_hires/26_12-20/track_0423_r0.jpg,8
26_12-20.mp4,420,41742,207,1197,416,1521,270,"=F
99
99","[[""=F"", 0.24558341910494816, 18.0], [""99"", 0.9992678191871337, 45.0], [""99"", 0.9997370137949431, 48.5]]",,,ml/output/tracks/best_frames/26_12-20/track_0420_r0.jpg,ml/output/tracks/best_frames_hires/26_12-20/track_0420_r0.jpg,6
26_12-20.mp4,423,41742,184,864,385,1083,180,"HIU
&","[[""HIU"", 0.6235180172245164, 19.0], [""&"", 0.7645060785850752, 125.0]]",,,ml/output/tracks/best_frames/26_12-20/track_0423_r2.jpg,ml/output/tracks/best_frames_hires/26_12-20/track_0423_r2.jpg,0 1
26_12-20.mp4,425,41742,337,1907,575,2159,0,,[],,,ml/output/tracks/best_frames/26_12-20/track_0425_r0.jpg,ml/output/tracks/best_frames_hires/26_12-20/track_0425_r0.jpg,
26_12-20.mp4,425,41892,355,1945,574,2159,0,,[],,,ml/output/tracks/best_frames/26_12-20/track_0425_r1.jpg,ml/output/tracks/best_frames_hires/26_12-20/track_0425_r1.jpg,
26_12-20.mp4,424,41892,222,1273,426,1584,0,"(0
N""
Uif","[[""(0"", 0.6725123165533046, 54.0], [""N\"""", 0.3017077042325237, 26.0], [""Uif"", 0.4947511629297117, 52.0]]",,,ml/output/tracks/best_frames/26_12-20/track_0424_r2.jpg,ml/output/tracks/best_frames_hires/26_12-20/track_0424_r2.jpg,
26_12-20.mp4,428,41892,2095,1823,2434,2100,0,"7
8 ₽
1
}
[
2
8
7
6","[[""7"", 0.989834762986689, 30.0], [""8 ₽"", 0.4186723530292511, 36.0], [""1"", 0.844461911474955, 75.961969092711], [""}"", 0.06799147723779786, 71.9574365414594], [""["", 0.19000579850836008, 58.93547964039965], [""2"", 0.7466024382420642, 30.0], [""8"", 0.9990013947905005, 60.0], [""7"", 0.7978552917254689, 36.95486201689907], [""6"", 0.4659734670121374, 30.451609730299708]]",,,ml/output/tracks/best_frames/26_12-20/track_0428_r1.jpg,ml/output/tracks/best_frames_hires/26_12-20/track_0428_r1.jpg,1 7 1 8 3 5 9
26_12-20.mp4,423,41892,189,869,390,1203,270,"=z==
s
326
1299
-3475
1
299","[[""=z=="", 0.30331531167030334, 24.0], [""s"", 0.2955015680001907, 18.0], [""326"", 0.11624006927013397, 16.0], [""1299"", 0.7904497385025024, 54.0], [""-3475"", 0.2623670455592051, 20.0], [""1"", 0.9952576490511298, 32.0], [""299"", 0.9999807977059003, 44.5]]",,,ml/output/tracks/best_frames/26_12-20/track_0423_r1.jpg,ml/output/tracks/best_frames_hires/26_12-20/track_0423_r1.jpg,8
26_12-20.mp4,424,42042,235,1315,437,1619,90,"E
66","[[""E"", 0.12970422970353468, 16.0], [""66"", 0.9999863444483911, 41.0]]",,,ml/output/tracks/best_frames/26_12-20/track_0424_r1.jpg,ml/output/tracks/best_frames_hires/26_12-20/track_0424_r1.jpg,
26_12-20.mp4,428,42042,2092,1899,2453,2149,90,"ra
u 
19
7
9 ","[[""ra"", 0.7639435209613686, 16.0], [""u "", 0.2600701917073006, 35.817919912140155], [""19"", 0.2896557344585319, 7.5], [""7"", 0.3046732552616618, 14.0], [""9 "", 0.13288706340625261, 34.948964482850585]]",,,ml/output/tracks/best_frames/26_12-20/track_0428_r0.jpg,ml/output/tracks/best_frames_hires/26_12-20/track_0428_r0.jpg,8 2 55 2
26_12-20.mp4,408,42042,2121,1261,2304,1608,0,"8
8
{
8","[[""8"", 0.9807744851463127, 54.0], [""8"", 0.9991052960766957, 192.0], [""{"", 0.33047070873203666, 38.0], [""8"", 0.9999997615814351, 153.88493961002712]]",,,ml/output/tracks/best_frames/26_12-20/track_0408_r0.jpg,ml/output/tracks/best_frames_hires/26_12-20/track_0408_r0.jpg,9 9
26_12-20.mp4,424,42192,242,1351,445,1656,270,"299
29955","[[""299"", 0.9999858219572908, 56.6135273664199], [""29955"", 0.5873934565661869, 60.618796835479905]]",,,ml/output/tracks/best_frames/26_12-20/track_0424_r0.jpg,ml/output/tracks/best_frames_hires/26_12-20/track_0424_r0.jpg,
26_12-20.mp4,442,43543,193,882,400,1198,270,"5а9
EIm
9э5
99","[[""5а9"", 0.5516622272078162, 12.0], [""EIm"", 0.6164393836295187, 14.0], [""9э5"", 0.5059581465618128, 39.06485452851075], [""99"", 0.9999433568157459, 15.0]]",,,ml/output/tracks/best_frames/26_12-20/track_0442_r2.jpg,ml/output/tracks/best_frames_hires/26_12-20/track_0442_r2.jpg,
26_12-20.mp4,440,43543,2085,1907,2419,2159,270,"LL
а
yх
1834
999
Um
999
99","[[""LL"", 0.9245860899191123, 16.0], [""а"", 0.28570446220763657, 22.0], [""yх"", 0.7982501145156021, 20.0], [""1834"", 0.6231942772865295, 26.0], [""999"", 0.8839407413460255, 80.0], [""Um"", 0.3402060763981975, 35.692099788303096], [""999"", 0.9584265822805326, 68.5], [""99"", 0.8250968775150128, 30.0]]",,,ml/output/tracks/best_frames/26_12-20/track_0440_r2.jpg,ml/output/tracks/best_frames_hires/26_12-20/track_0440_r2.jpg,
26_12-20.mp4,442,43694,194,882,399,1198,270,"9
EImu
99
99
5","[[""9"", 0.6338645489097736, 22.0], [""EImu"", 0.22110112011432648, 14.0], [""99"", 0.8336432483667405, 21.420333070134234], [""99"", 0.9999983984201323, 15.0], [""5"", 0.6596065041993917, 13.0]]",,,ml/output/tracks/best_frames/26_12-20/track_0442_r0.jpg,ml/output/tracks/best_frames_hires/26_12-20/track_0442_r0.jpg,
26_12-20.mp4,440,43694,2085,1909,2417,2159,270,"L
ух
1634
999
Uзssa
9999","[[""L"", 0.8563563693156198, 18.0], [""ух"", 0.40558044660156206, 18.0], [""1634"", 0.8216912150382996, 24.0], [""999"", 0.7777471194155432, 74.0], [""Uзssa"", 0.13760259740619293, 50.79206421631358], [""9999"", 0.6505330801010132, 68.0]]",,,ml/output/tracks/best_frames/26_12-20/track_0440_r1.jpg,ml/output/tracks/best_frames_hires/26_12-20/track_0440_r1.jpg,
26_12-20.mp4,440,43844,2086,1909,2416,2159,90,"66
66
762
""","[[""66"", 0.9974161968480519, 30.0], [""66"", 0.9947027196816379, 76.0], [""762"", 0.46637550581800696, 26.0], [""\"""", 0.5103989466029049, 14.585247978209225]]",,,ml/output/tracks/best_frames/26_12-20/track_0440_r0.jpg,ml/output/tracks/best_frames_hires/26_12-20/track_0440_r0.jpg,
26_12-20.mp4,442,44444,196,879,400,1195,90,"1
ПLI
6G","[[""1"", 0.5265548785747001, 20.0], [""ПLI"", 0.32077407368999294, 16.0], [""6G"", 0.9239882331623759, 18.0]]",,,ml/output/tracks/best_frames/26_12-20/track_0442_r1.jpg,ml/output/tracks/best_frames_hires/26_12-20/track_0442_r1.jpg,
26_12-20.mp4,437,44444,260,1,465,181,0,"0
{","[[""0"", 0.7817835644057745, 131.97411164009475], [""{"", 0.40621436775190034, 82.96833389074999]]",,,ml/output/tracks/best_frames/26_12-20/track_0437_r2.jpg,ml/output/tracks/best_frames_hires/26_12-20/track_0437_r2.jpg,
26_12-20.mp4,417,44444,2146,547,2502,920,180,"Iaig
8
8$
85
8
2
€
@
Ё
a g
[
8)1
Г
:
₽

6
3 :
5 5
5
8
5
9","[[""Iaig"", 0.27934587001800537, 122.0], [""8"", 0.9997375183708215, 42.0], [""8$"", 0.7370479231386468, 98.0], [""85"", 0.4899717533241341, 200.0], [""8"", 0.14068191329187485, 102.0], [""2"", 0.4696891824870022, 32.0], [""€"", 0.4721406391533698, 44.0], [""@"", 0.9402611759550297, 44.0], [""Ё"", 0.10967581434349061, 28.0], [""a g"", 0.24319444596767426, 93.0], [""["", 0.7878655116650499, 127.0], [""8)1"", 0.4969551952709799, 98.0], [""Г"", 0.9927975159816924, 22.0], ["":"", 0.3919070285015245, 52.0], [""₽"", 0.971007093167092, 46.0], ["""", 0.0, 5.5], [""6"", 0.9885308096002063, 22.0], [""3 :"", 0.7338522744166527, 46.0], [""5 5"", 0.37194470885031217, 88.0], [""5"", 0.27560582432721503, 126.0], [""8"", 0.9939970730338246, 83.0], [""5"", 0.9996432384217577, 25.0], [""9"", 0.9946757088920641, 39.0]]",,,ml/output/tracks/best_frames/26_12-20/track_0417_r1.jpg,ml/output/tracks/best_frames_hires/26_12-20/track_0417_r1.jpg,8 683 8
26_12-20.mp4,444,44444,2145,336,2517,798,0,":
д
4
1
8
1
8
а
@
7
о
?
₽
[
;
#
8
2
8
5
9 8
7
0
0
6
2
8
1
9
7
8
:","[["":"", 0.2030928957682656, 52.0], [""д"", 0.5299341654247804, 36.0], [""4"", 0.6395815198468426, 28.0], [""1"", 0.964210906842311, 92.0], [""8"", 0.6045089897782852, 88.0], [""1"", 0.2501182695996249, 127.0], [""8"", 0.5275961122041259, 40.0], [""а"", 0.0410577628105111, 78.0], [""@"", 0.6820063550721245, 102.0], [""7"", 0.4023183345094026, 32.0], [""о"", 0.8892518454345577, 24.0], [""?"", 0.2641209437317684, 56.0], [""₽"", 0.523541453469889, 102.0], [""["", 0.8455007354675423, 246.0], ["";"", 0.6637624218497287, 80.0], [""#"", 0.9832329246569351, 112.0], [""8"", 0.9999965429335909, 42.0], [""2"", 0.0878706163121814, 5.5], [""8"", 0.9993726999163108, 65.5], [""5"", 0.19800526022038767, 95.0], [""9 8"", 0.7741833329200745, 58.5], [""7"", 0.44697657577731675, 29.0], [""0"", 0.6840743598879726, 16.0], [""0"", 0.43325552098627895, 42.0], [""6"", 0.4016441514891653, 19.0], [""2"", 0.7434085090347118, 56.0], [""8"", 0.9887908677018373, 101.0], [""1"", 0.15318633878081656, 91.0], [""9"", 0.488832511971907, 232.0], [""7"", 0.13761620606651892, 56.5], [""8"", 0.21890685186949455, 71.0], ["":"", 0.9849693044298533, 78.0]]",,,ml/output/tracks/best_frames/26_12-20/track_0444_r1.jpg,ml/output/tracks/best_frames_hires/26_12-20/track_0444_r1.jpg,78 8 9 2 8 5 1
26_12-20.mp4,401,44444,2097,1656,2443,1989,270,"Пр
п
tn
n сух
1694
26%
)13999
1ъr-
Рvva
PRIKsoL
нитмъо
Апупия
(Италмм |
75L
{Погоухов
аau
-269
13999
99","[[""Пр"", 0.9996840818415514, 24.0], [""п"", 0.9105314799728923, 20.0], [""tn"", 0.1259582167080254, 20.0], [""n сух"", 0.8035020620717227, 28.0], [""1694"", 0.9017960429191589, 30.0], [""26%"", 0.7055523932404372, 48.0], ["")13999"", 0.9894173486142652, 91.0], [""1ъr-"", 0.15423312783241272, 12.0], [""Рvva"", 0.2038513869047165, 28.713906763541047], [""PRIKsoL"", 0.43587863320575265, 41.86829814905059], [""нитмъо"", 0.2850890652025988, 30.75099504289483], [""Апупия"", 0.650575021946821, 45.82085500087197], [""(Италмм |"", 0.6632617744828729, 37.726879868210176], [""75L"", 0.9929723778022848, 28.713906763541047], [""{Погоухов"", 0.07596219449983165, 44.811983196264265], [""аau"", 0.1338146312273927, 21.78885438199984], [""-269"", 0.9999704360961914, 38.0], [""13999"", 0.9218218026430103, 86.0], [""99"", 0.999988873250124, 28.0]]",,,ml/output/tracks/best_frames/26_12-20/track_0401_r0.jpg,ml/output/tracks/best_frames_hires/26_12-20/track_0401_r0.jpg,277
26_12-20.mp4,406,44444,197,557,383,873,0,"!
F
f
1
{
ё
:
'
1
{
g
8","[[""!"", 0.8241197041839179, 30.0], [""F"", 0.5097289972902708, 42.0], [""f"", 0.27652862640161757, 34.0], [""1"", 0.2142972534912282, 93.0], [""{"", 0.49933344204024266, 241.0], [""ё"", 0.9547774375623739, 34.0], ["":"", 0.5703551716506041, 51.96116135138185], [""'"", 0.8002930105011643, 50.95960811756082], [""1"", 0.9989476589744442, 82.98493046644286], [""{"", 0.4127476377789776, 58.96991404929264], [""g"", 0.794638129704154, 43.880570000581315], [""8"", 0.999780547739082, 92.0]]",,,ml/output/tracks/best_frames/26_12-20/track_0406_r2.jpg,ml/output/tracks/best_frames_hires/26_12-20/track_0406_r2.jpg,8:
26_12-20.mp4,448,44444,251,39,454,338,0,"0
[","[[""0"", 0.7821039172257684, 131.97411164009475], [""["", 0.2696859689019817, 124.98640931107698]]",,,ml/output/tracks/best_frames/26_12-20/track_0448_r2.jpg,ml/output/tracks/best_frames_hires/26_12-20/track_0448_r2.jpg,
26_12-20.mp4,411,44444,250,1401,483,1688,0,";
'
F
ф
'
1
1
;
[
:
1
8","[["";"", 0.8312959220425888, 24.0], [""'"", 0.7898671628874041, 30.0], [""F"", 0.9874058658097198, 22.0], [""ф"", 0.6681526641642819, 38.0], [""'"", 0.3124099849941473, 219.99111485987203], [""1"", 0.5251000368703131, 94.98853727377657], [""1"", 0.6428242874393142, 122.98595106646007], ["";"", 0.33057604672928065, 56.93064661499386], [""["", 0.6870403945794266, 77.96396972164132], ["":"", 0.09956852956112616, 8.5], [""1"", 0.8306732473747083, 67.99116345650475], [""8"", 0.9991073217288573, 95.33106693919495]]",,,ml/output/tracks/best_frames/26_12-20/track_0411_r2.jpg,ml/output/tracks/best_frames_hires/26_12-20/track_0411_r2.jpg,1
26_12-20.mp4,432,44444,224,360,414,642,0,"?
;
8
F
#
{
'
:
2
7
8
9
:
7
1
:
1
1
:
:","[[""?"", 0.110887414996089, 22.0], ["";"", 0.5019347052885657, 34.0], [""8"", 0.34528678041739624, 36.0], [""F"", 0.9782923576096891, 43.0], [""#"", 0.4139654947870355, 40.0], [""{"", 0.9143705401533033, 89.0], [""'"", 0.61590279622067, 52.96262749935431], ["":"", 0.9495871719640405, 40.93732773208808], [""2"", 0.22186117226107172, 36.923047895281684], [""7"", 0.508232249594144, 31.0], [""8"", 0.422306431058189, 49.0], [""9"", 0.2923771363367713, 67.5], ["":"", 0.24265228769525837, 45.5], [""7"", 0.9158723059954355, 18.0], [""1"", 0.9893980005765322, 78.5], ["":"", 0.7246855096049245, 35.0], [""1"", 0.44576851979869403, 59.5], [""1"", 0.9702153996705078, 90.5], ["":"", 0.829664531739823, 48.982433389208374], ["":"", 0.9960462865034323, 42.484930466442876]]",,,ml/output/tracks/best_frames/26_12-20/track_0432_r2.jpg,ml/output/tracks/best_frames_hires/26_12-20/track_0432_r2.jpg,2 0 : 1 2 0 6 8 1 1
26_12-20.mp4,448,44594,251,39,454,338,0,"7
0","[[""7"", 0.14755601799215956, 22.0], [""0"", 0.6921205854666859, 131.97411164009475]]",,,ml/output/tracks/best_frames/26_12-20/track_0448_r1.jpg,ml/output/tracks/best_frames_hires/26_12-20/track_0448_r1.jpg,
26_12-20.mp4,444,44594,2145,335,2518,798,0,":
1
[
8
[
а
&
4
@
7
6
?
8
[
Ё
#
8
2
8
5
9 8
5
7
0
6
6
2
8
15
3
5
8
:
5","[["":"", 0.21313146691997886, 52.0], [""1"", 0.9870865336034882, 92.0], [""["", 0.4695570849075672, 43.0], [""8"", 0.9182378955517976, 88.0], [""["", 0.7861670824944476, 127.0], [""а"", 0.5882703776984535, 78.0], [""&"", 0.05731366535633442, 76.0], [""4"", 0.8621984702151622, 30.0], [""@"", 0.5959425123280543, 100.0], [""7"", 0.5691739721702085, 30.0], [""6"", 0.3999249805385716, 24.0], [""?"", 0.8713891844634105, 54.0], [""8"", 0.6293284407960051, 102.0], [""["", 0.4852322393637678, 242.0], [""Ё"", 0.1441976010996493, 80.0], [""#"", 0.5954501868347997, 52.0], [""8"", 0.9999898672360565, 42.0], [""2"", 0.18608299950806018, 5.5], [""8"", 0.9948522706241789, 65.5], [""5"", 0.7142434517073184, 95.0], [""9 8"", 0.4771615093129946, 52.5], [""5"", 0.7294935110173952, 23.0], [""7"", 0.2883510764818631, 29.0], [""0"", 0.4256586023774531, 16.0], [""6"", 0.19246317291045845, 39.0], [""6"", 0.38938814117740606, 19.0], [""2"", 0.7233067343280517, 55.0], [""8"", 0.9874284910815767, 100.0], [""15"", 0.16016528781417178, 87.5], [""3"", 0.12474054805198254, 194.5], [""5"", 0.24265440169895047, 71.0], [""8"", 0.47376896444794536, 41.0], ["":"", 0.9957660049015296, 79.0], [""5"", 0.2237073952130686, 59.47396724965698]]",,,ml/output/tracks/best_frames/26_12-20/track_0444_r2.jpg,ml/output/tracks/best_frames_hires/26_12-20/track_0444_r2.jpg,6 8 9 8 8 8 : 1
26_12-20.mp4,434,44594,305,1677,510,1974,0,"'ъ
5
0
'
'
{
9","[[""'ъ"", 0.24134670182289128, 20.0], [""5"", 0.7154320582098741, 50.91242371593934], [""0"", 0.11782118069884806, 134.97531467825206], [""'"", 0.5590923339141796, 46.95237412036795], [""'"", 0.7753226886963525, 26.856953381770495], [""{"", 0.8533160138200948, 52.96262749935431], [""9"", 0.15629477252520374, 138.99417919275658]]",,,ml/output/tracks/best_frames/26_12-20/track_0434_r2.jpg,ml/output/tracks/best_frames_hires/26_12-20/track_0434_r2.jpg,6
26_12-20.mp4,437,44594,260,1,466,181,270,"""
49wa
49 :
56","[[""\"""", 0.8109991196307078, 26.0], [""49wa"", 0.2717258930206299, 57.84464540552739], [""49 :"", 0.5618235468864441, 59.95705672607983], [""56"", 0.22265321176839048, 20.38457184292247]]",,,ml/output/tracks/best_frames/26_12-20/track_0437_r1.jpg,ml/output/tracks/best_frames_hires/26_12-20/track_0437_r1.jpg,
26_12-20.mp4,417,44594,2146,547,2502,920,0,"7
1
;
1
F
8
[
д
т
:
@
7
о
?
₽
@
п
#
8
ё
7
88
:","[[""7"", 0.9161414516714252, 26.0], [""1"", 0.9886871485427982, 64.0], ["";"", 0.32940429441011077, 28.0], [""1"", 0.8938705329794381, 92.0], [""F"", 0.6958089345465766, 40.0], [""8"", 0.6359827908891056, 88.0], [""["", 0.20917590642922335, 128.0], [""д"", 0.2267979323215208, 76.0], [""т"", 0.11123018009158514, 78.0], ["":"", 0.15653875693148223, 30.0], [""@"", 0.23119541920459974, 102.0], [""7"", 0.26108966723885274, 28.0], [""о"", 0.7155994475459728, 24.0], [""?"", 0.9367467171563391, 54.0], [""₽"", 0.42360315951385985, 102.0], [""@"", 0.37712705707093974, 244.0], [""п"", 0.11066381870927788, 30.0], [""#"", 0.5919126174554812, 54.0], [""8"", 0.9998430075278044, 44.0], [""ё"", 0.45452948340597743, 81.0], [""7"", 0.3197661403822991, 20.5], [""88"", 0.4752115443283136, 129.5], ["":"", 0.9963423143056538, 79.0]]",,,ml/output/tracks/best_frames/26_12-20/track_0417_r2.jpg,ml/output/tracks/best_frames_hires/26_12-20/track_0417_r2.jpg,8 8
26_12-20.mp4,411,44594,250,1401,483,1689,180,"Ч
&
8
1
1
'
1
i
!
6
9
0
4 :
9
1
1
:
9","[[""Ч"", 0.9931847739704267, 24.0], [""&"", 0.6314076470191345, 60.0], [""8"", 0.7400337477338894, 142.97185313039276], [""1"", 0.9332349232614092, 110.98264483310464], [""1"", 0.8586739031901658, 76.98245580136529], [""'"", 0.6658989712438057, 52.96262749935431], [""1"", 0.9914812849615693, 90.98749362423402], [""i"", 0.5471786927265363, 68.97808873418603], [""!"", 0.7116132510142315, 40.93732773208808], [""6"", 0.528302132205468, 24.0], [""9"", 0.8974586312352848, 42.5], [""0"", 0.9778310367737539, 14.0], [""4 :"", 0.2264161387559435, 23.0], [""9"", 0.6095253866159425, 40.46824474285111], [""1"", 0.9999914169495696, 83.9943006901679], [""1"", 0.9997768526600339, 85.99457131037943], ["":"", 0.9225935736170108, 48.48204866601972], [""9"", 0.91743422103443, 68.41304209629106]]",,,ml/output/tracks/best_frames/26_12-20/track_0411_r1.jpg,ml/output/tracks/best_frames_hires/26_12-20/track_0411_r1.jpg,0
26_12-20.mp4,432,44594,223,361,414,642,270,"ASTFALE
#pa д'
Knan:
оaн ;
1a
Тw;--
20%8
взн6
ааг 
3
57
209/","[[""ASTFALE"", 0.65666676202938, 16.0], [""#pa д'"", 0.6980498990660488, 17.0], [""Knan:"", 0.5627740276225504, 16.0], [""оaн ;"", 0.012770113111131378, 8.0], [""1a"", 0.7974851890451982, 8.0], [""Тw;--"", 0.2656778876590267, 16.0], [""20%8"", 0.39573827014438234, 24.0], [""взн6"", 0.1512636304738171, 19.748314552243073], [""ааг "", 0.3973252902018778, 15.627466942413491], [""3"", 0.999999880790714, 30.0], [""57"", 0.5215836594208596, 13.334140112506468], [""209/"", 0.8879955339176175, 31.413308268742355]]",,,ml/output/tracks/best_frames/26_12-20/track_0432_r0.jpg,ml/output/tracks/best_frames_hires/26_12-20/track_0432_r0.jpg,8 2 2 2 6 1 6 8 1 1
26_12-20.mp4,406,44594,197,557,383,873,180,"g
9
81
1
;
F
;
4;
{
9 2
1
'
;
5
7
4
1
1
8
1
8
2","[[""g"", 0.8851398771048515, 40.0], [""9"", 0.8267089366705846, 32.0], [""81"", 0.8577868635287117, 143.0], [""1"", 0.23664173713160963, 89.0], ["";"", 0.809242892835357, 34.0], [""F"", 0.7831448050047243, 32.0], ["";"", 0.7011514471953575, 26.0], [""4;"", 0.3287539779565345, 26.0], [""{"", 0.7007184964350586, 48.0], [""9 2"", 0.1306217610836029, 26.0], [""1"", 0.5694094484519816, 58.96991404929258], [""'"", 0.32180726839684226, 60.97187711526897], ["";"", 0.6300117926270197, 34.91404880886694], [""5"", 0.44431501907071436, 22.5], [""7"", 0.4952169355875071, 22.0], [""4"", 0.15584791493908146, 64.0], [""1"", 0.8268550519041042, 19.0], [""1"", 0.9974856703973991, 64.5], [""8"", 0.19735601257892288, 56.5], [""1"", 0.7008123010657528, 18.0], [""8"", 0.9983086591080479, 38.0], [""2"", 0.8467763590434885, 42.98529175510106]]",,,ml/output/tracks/best_frames/26_12-20/track_0406_r1.jpg,ml/output/tracks/best_frames_hires/26_12-20/track_0406_r1.jpg,8:
26_12-20.mp4,401,44594,2097,1656,2442,1989,270,"При
~a
кD
n сух
0 75L
1694
269
1
5i
2н
Рммо
PRIKASOLL
Шx
уитиво
Anynмa
(Италмм |
{Погоу с
3999
1t .+
-269
13999
99
5. ..","[[""При"", 0.7927242016971882, 26.0], [""~a"", 0.12979443110063896, 26.0], [""кD"", 0.5536964047121956, 20.0], [""n сух"", 0.847061297789383, 24.0], [""0 75L"", 0.7473437458756805, 28.0], [""1694"", 0.3145206868648529, 26.0], [""269"", 0.4982817923549396, 44.0], [""1"", 0.9999997615814351, 58.0], [""5i"", 0.3398673784249221, 12.0], [""2н"", 0.1653497173670616, 14.0], [""Рммо"", 0.2820468246936798, 29.73338242481225], [""PRIKASOLL"", 0.565060881943433, 44.81198319626428], [""Шx"", 0.17577512030970419, 24.611442075295713], [""уитиво"", 0.3094097583597854, 29.73338242481225], [""Anynмa"", 0.3391027919035558, 43.80244722357588], [""(Италмм |"", 0.5601851950890446, 38.74214642660087], [""{Погоу с"", 0.16585738967181982, 42.79218035816962], [""3999"", 0.9990863800048828, 97.86100178084598], [""1t .+"", 0.18155783192793976, 23.820732954925234], [""-269"", 0.7813178720450861, 37.0], [""13999"", 0.7713808703517402, 86.0], [""99"", 0.9998165818424593, 30.0], [""5. .."", 0.40378409658673575, 14.5]]",,,ml/output/tracks/best_frames/26_12-20/track_0401_r2.jpg,ml/output/tracks/best_frames_hires/26_12-20/track_0401_r2.jpg,23779
26_12-20.mp4,437,44745,260,1,466,181,180,"#з;
{
: 1
8","[[""#з;"", 0.7218793382889888, 27.0], [""{"", 0.11596413694594165, 125.97142643917545], ["": 1"", 0.6041803467511815, 20.5], [""8"", 0.41784386960001996, 102.5]]",,,ml/output/tracks/best_frames/26_12-20/track_0437_r0.jpg,ml/output/tracks/best_frames_hires/26_12-20/track_0437_r0.jpg,
26_12-20.mp4,411,44745,251,1401,483,1689,180,"Ч
8
'
1
'
1
;
!
9
2
0
4:
3
1
1
4
9","[[""Ч"", 0.9917488538222905, 24.0], [""8"", 0.7742373986729945, 195.98557871823266], [""'"", 0.2605839139878299, 110.98264483310464], [""1"", 0.9514752196075484, 76.98245580136529], [""'"", 0.6535305649261183, 52.96262749935431], [""1"", 0.9882847697081729, 90.98749362423402], ["";"", 0.205057992941434, 68.97808873418603], [""!"", 0.6094943949650009, 40.93732773208808], [""9"", 0.7887523623342076, 42.5], [""2"", 0.9106725374417444, 17.0], [""0"", 0.999970913144864, 15.0], [""4:"", 0.44930533636836606, 23.0], [""3"", 0.32140252417038084, 40.46824474285111], [""1"", 0.9999920129935482, 83.9943006901679], [""1"", 0.9997588541468225, 85.99457131037943], [""4"", 0.929863984565614, 27.92164718236179], [""9"", 0.3071174171194322, 67.43089933036049]]",,,ml/output/tracks/best_frames/26_12-20/track_0411_r0.jpg,ml/output/tracks/best_frames_hires/26_12-20/track_0411_r0.jpg,9
26_12-20.mp4,448,44745,251,39,453,339,180,"#з;
8
8
57","[[""#з;"", 0.7176383388858056, 27.0], [""8"", 0.8285533410941959, 124.0], [""8"", 0.7524105590529331, 121.0], [""57"", 0.14749040660955365, 24.328427124746213]]",,,ml/output/tracks/best_frames/26_12-20/track_0448_r0.jpg,ml/output/tracks/best_frames_hires/26_12-20/track_0448_r0.jpg,
26_12-20.mp4,406,44745,197,557,383,873,180,"g
9
81
=
1
;
F
{
""lt
1
3
7
5
1
1
1
4
1
8
2
:","[[""g"", 0.9441506426390198, 36.0], [""9"", 0.8625617975270785, 30.0], [""81"", 0.4729113441733127, 143.0], [""="", 0.5688886416363772, 38.0], [""1"", 0.3326857815895643, 89.0], ["";"", 0.9348719638041736, 34.0], [""F"", 0.4386816231790682, 32.0], [""{"", 0.9941542001969452, 46.0], [""\""lt"", 0.329357431432837, 54.0], [""1"", 0.2001450835052765, 58.96991404929258], [""3"", 0.4072588237468153, 22.5], [""7"", 0.609745515154291, 20.5], [""5"", 0.15893740282715285, 64.0], [""1"", 0.3783666670869934, 19.0], [""1"", 0.9770543584959377, 43.5], [""1"", 0.9608915834840595, 70.5], [""4"", 0.9326448162283931, 53.5], [""1"", 0.43494984528683744, 26.0], [""8"", 0.9530460100194347, 39.0], [""2"", 0.41792016039386226, 43.985976548389885], ["":"", 0.7444802085561975, 43.48564025080296]]",,,ml/output/tracks/best_frames/26_12-20/track_0406_r0.jpg,ml/output/tracks/best_frames_hires/26_12-20/track_0406_r0.jpg, 4:
26_12-20.mp4,417,44745,2146,547,2502,920,180,"#is
8
8$
84
8
2
+
@
Ея
3 9
[
&
#r
9
Un
IВ

6
3 :
3 5
1
8
6 
1
5
9","[[""#is"", 0.3311163093556652, 122.0], [""8"", 0.9997455043608774, 42.0], [""8$"", 0.8328589502056785, 98.0], [""84"", 0.2213198809688744, 198.0], [""8"", 0.6161281904098814, 102.0], [""2"", 0.3313947867522735, 32.0], [""+"", 0.33384640638986696, 42.0], [""@"", 0.9925882380396303, 44.0], [""Ея"", 0.9831455720801957, 32.0], [""3 9"", 0.2268753157651966, 88.0], [""["", 0.8316177830479887, 127.0], [""&"", 0.9241228163739699, 88.0], [""#r"", 0.1269275360175854, 48.0], [""9"", 0.2671979370548492, 38.0], [""Un"", 0.5090276351367811, 32.0], [""IВ"", 0.37357311293343604, 58.0], ["""", 0.0, 5.5], [""6"", 0.8915902541630203, 22.0], [""3 :"", 0.7023832589259009, 46.0], [""3 5"", 0.2702109490160016, 87.0], [""1"", 0.19721665054481807, 125.0], [""8"", 0.997180782755791, 54.0], [""6 "", 0.7347442858310921, 25.0], [""1"", 0.23976507183220974, 85.0], [""5"", 0.9999939203354735, 27.0], [""9"", 0.9974780506148626, 37.0]]",,,ml/output/tracks/best_frames/26_12-20/track_0417_r0.jpg,ml/output/tracks/best_frames_hires/26_12-20/track_0417_r0.jpg,8 8 8
26_12-20.mp4,444,44745,2145,336,2518,798,0,"#
@
Ё
""
[
8
1
:
т
@
о
88
@
D
#
8
i ё
0
8
5
9 8
7
0
6
9
8
1
3
9
2
8 
:","[[""#"", 0.8649007893564118, 56.0], [""@"", 0.4185583472946206, 38.0], [""Ё"", 0.12541020981630258, 28.0], [""\"""", 0.3089256555517892, 46.0], [""["", 0.6293666472503254, 41.0], [""8"", 0.882263440401946, 88.0], [""1"", 0.24303122305093794, 129.0], ["":"", 0.3814830947237944, 40.0], [""т"", 0.2390034878338776, 78.0], [""@"", 0.40418053583232455, 102.0], [""о"", 0.5826553734601845, 24.0], [""88"", 0.42815012292562726, 108.0], [""@"", 0.2880936720613967, 244.0], [""D"", 0.3118187201437195, 28.0], [""#"", 0.20365417440552847, 54.0], [""8"", 0.9999986886982448, 42.0], [""i ё"", 0.2541483706007616, 86.0], [""0"", 0.11138552793088152, 5.5], [""8"", 0.9989496844667975, 65.5], [""5"", 0.6100518065763119, 95.0], [""9 8"", 0.69246467869732, 59.0], [""7"", 0.433422983855408, 30.0], [""0"", 0.3102628569490804, 16.0], [""6"", 0.44887141305370576, 20.0], [""9"", 0.29838969805274473, 56.0], [""8"", 0.985169258473789, 100.0], [""1"", 0.9045287231226986, 124.5], [""3"", 0.4606873736520356, 194.5], [""9"", 0.18937865677647014, 55.0], [""2"", 0.4899434916576553, 72.0], [""8 "", 0.3836332625420488, 66.0], ["":"", 0.9967393080688716, 79.0]]",,,ml/output/tracks/best_frames/26_12-20/track_0444_r0.jpg,ml/output/tracks/best_frames_hires/26_12-20/track_0444_r0.jpg,5 8 8 9 8 8 1 :
26_12-20.mp4,432,44745,223,360,413,642,180,"1
;
F
!
'
#:
1
'
:","[[""1"", 0.7478585869785235, 91.0], ["";"", 0.6642882458959463, 36.0], [""F"", 0.14041457007610703, 28.0], [""!"", 0.19606580953481867, 42.0], [""'"", 0.5145247594325078, 32.0], [""#:"", 0.7235945816563957, 34.0], [""1"", 0.721986500697458, 58.96991404929263], [""'"", 0.31215870559675807, 60.97187711526893], ["":"", 0.1807509319860543, 51.96116135138185]]",,,ml/output/tracks/best_frames/26_12-20/track_0432_r1.jpg,ml/output/tracks/best_frames_hires/26_12-20/track_0432_r1.jpg,8 1 2 2 6 1 8 1 1 6 9
26_12-20.mp4,434,44745,305,1677,510,1975,90,"[uz
#
c
€а
айтя
66
61 
ю&
5e
А_ -
c
сэзсз
16:7
0
6
25
167
 1
5 .
1
5
15
0 -
2533","[[""[uz"", 0.5350333889209052, 39.0], [""#"", 0.20824427803603474, 24.0], [""c"", 0.2980452574111645, 12.0], [""€а"", 0.22009713144734738, 14.0], [""айтя"", 0.06239483878016472, 22.896399292140075], [""66"", 0.3041152901982979, 21.547525787985165], [""61 "", 0.6978490418248673, 51.595704380545044], [""ю&"", 0.07998714016372625, 17.212086430525687], [""5e"", 0.04464825008129242, 19.081515182626987], [""А_ -"", 0.17419889569282532, 27.90513259416298], [""c"", 0.5909335098061241, 27.109400392450425], [""сэзсз"", 0.07997409181325646, 28.028991510855008], [""16:7"", 0.26612019538879395, 24.0], [""0"", 0.35151299723859, 13.0], [""6"", 0.7093896634214616, 8.0], [""25"", 0.4142974042332208, 11.878420264009886], [""167"", 0.9308739233597578, 49.5092254438222], ["" 1"", 0.3807085454463959, 15.206885340371066], [""5 ."", 0.074274923953679, 18.772276176252262], [""1"", 0.31110692286532426, 19.770210799185122], [""5"", 0.3126051759740598, 25.063004649397385], [""15"", 0.2060047450163849, 16.07607090584372], [""0 -"", 0.3195120692253113, 16.861957747849942], [""2533"", 0.4021296501159668, 25.875213809896536]]",,,ml/output/tracks/best_frames/26_12-20/track_0434_r0.jpg,ml/output/tracks/best_frames_hires/26_12-20/track_0434_r0.jpg,8 7 6
26_12-20.mp4,401,44745,2097,1656,2442,1989,270,"~E
к0
сух
0 75L
1894 
26%
1
2ъt;
'т
Вмvo
PRIKASOLL
Примитмво
Lrz
Anynxa
(Италмм |
ПолуЭухос
3999
5r,u
-269
13999
99
5 .   5
7","[[""~E"", 0.250871985558967, 26.0], [""к0"", 0.33379356187578746, 20.0], [""сух"", 0.9042387199736639, 26.0], [""0 75L"", 0.6129503773090365, 28.0], [""1894 "", 0.5835800022226563, 26.0], [""26%"", 0.6979137765535149, 44.0], [""1"", 0.9999992847443906, 56.0], [""2ъt;"", 0.15460288524627686, 12.0], [""'т"", 0.27903569534431366, 14.0], [""Вмvo"", 0.41028720092388093, 30.75099504289483], [""PRIKASOLL"", 0.6896028680686924, 44.81198319626428], [""Примитмво"", 0.6859180703487009, 45.82085500087197], [""Lrz"", 0.26620792534312065, 39.75619300942765], [""Anynxa"", 0.28052098675497333, 43.80244722357588], [""(Италмм |"", 0.8816218285842607, 37.726879868210176], [""ПолуЭухос"", 0.3426178258257491, 42.79218035816962], [""3999"", 0.9983388185501099, 97.86100178084598], [""5r,u"", 0.12300127744674683, 22.805721037647913], [""-269"", 0.9998275871890612, 38.5], [""13999"", 0.9469790788750104, 85.0], [""99"", 0.999390695247149, 30.0], [""5 .   5"", 0.43789606183811347, 21.5], [""7"", 0.2709964553039903, 15.0]]",,,ml/output/tracks/best_frames/26_12-20/track_0401_r1.jpg,ml/output/tracks/best_frames_hires/26_12-20/track_0401_r1.jpg,7:
26_12-20.mp4,434,44895,304,1677,510,1975,0,"$
'ъ
5
9
d
:
{
t
3
5","[[""$"", 0.3644212122328696, 24.0], [""'ъ"", 0.5763622437363124, 20.0], [""5"", 0.7856239933494322, 47.900531423165845], [""9"", 0.5913974764621663, 137.97643588401263], [""d"", 0.1253476324814642, 46.95237412036795], ["":"", 0.45448222738322386, 24.834140112506475], [""{"", 0.9882902211274001, 52.96262749935431], [""t"", 0.8787360497268857, 30.890745963252584], [""3"", 0.9973485187646283, 17.0], [""5"", 0.06013258801118582, 140.9943527544458]]",,,ml/output/tracks/best_frames/26_12-20/track_0434_r1.jpg,ml/output/tracks/best_frames_hires/26_12-20/track_0434_r1.jpg, 8 7 6 5
26_12-20.mp4,453,45045,207,1118,424,1442,270,"а
29","[[""а"", 0.09376929819410762, 36.0], [""29"", 0.11420504619418967, 31.0]]",,,ml/output/tracks/best_frames/26_12-20/track_0453_r0.jpg,ml/output/tracks/best_frames_hires/26_12-20/track_0453_r0.jpg,
26_12-20.mp4,452,45045,2115,1071,2480,1436,180,9,"[[""9"", 0.8229394530575043, 168.0]]",,,ml/output/tracks/best_frames/26_12-20/track_0452_r1.jpg,ml/output/tracks/best_frames_hires/26_12-20/track_0452_r1.jpg,
26_12-20.mp4,456,45045,376,1968,577,2159,0,,[],,,ml/output/tracks/best_frames/26_12-20/track_0456_r0.jpg,ml/output/tracks/best_frames_hires/26_12-20/track_0456_r0.jpg,
26_12-20.mp4,455,45045,2117,870,2483,1281,270,"+549 
549 ","[[""+549 "", 0.48035258576861406, 76.0], [""549 "", 0.639258861541748, 63.5]]",,,ml/output/tracks/best_frames/26_12-20/track_0455_r0.jpg,ml/output/tracks/best_frames_hires/26_12-20/track_0455_r0.jpg,
26_12-20.mp4,457,45045,2077,1792,2303,2074,270,"1399
1599","[[""1399"", 0.9999635815620422, 85.0], [""1599"", 0.7268527746200562, 45.0]]",,,ml/output/tracks/best_frames/26_12-20/track_0457_r1.jpg,ml/output/tracks/best_frames_hires/26_12-20/track_0457_r1.jpg,:
26_12-20.mp4,456,45195,376,1968,577,2159,0,,[],,,ml/output/tracks/best_frames/26_12-20/track_0456_r1.jpg,ml/output/tracks/best_frames_hires/26_12-20/track_0456_r1.jpg,
26_12-20.mp4,452,45195,2115,1071,2480,1436,180,9,"[[""9"", 0.7905982577537465, 168.0]]",,,ml/output/tracks/best_frames/26_12-20/track_0452_r2.jpg,ml/output/tracks/best_frames_hires/26_12-20/track_0452_r2.jpg,
26_12-20.mp4,453,45195,207,1118,423,1442,0,#i],"[[""#i]"", 0.1430328803530332, 60.0]]",,,ml/output/tracks/best_frames/26_12-20/track_0453_r1.jpg,ml/output/tracks/best_frames_hires/26_12-20/track_0453_r1.jpg,
26_12-20.mp4,455,45195,2117,870,2484,1281,270,"549 
549 ","[[""549 "", 0.5392352366169728, 78.0], [""549 "", 0.4505246197036415, 63.5]]",,,ml/output/tracks/best_frames/26_12-20/track_0455_r2.jpg,ml/output/tracks/best_frames_hires/26_12-20/track_0455_r2.jpg,
26_12-20.mp4,457,45195,2077,1792,2303,2074,270,"1399
199","[[""1399"", 0.9999552965164185, 85.0], [""199"", 0.5390636711221587, 45.0]]",,,ml/output/tracks/best_frames/26_12-20/track_0457_r2.jpg,ml/output/tracks/best_frames_hires/26_12-20/track_0457_r2.jpg,:
26_12-20.mp4,451,45345,2071,1892,2409,2159,270,"1399
25
1399","[[""1399"", 0.9999877214431763, 86.0], [""25"", 0.7373976193352413, 31.0], [""1399"", 0.9912586869760004, 82.5]]",,,ml/output/tracks/best_frames/26_12-20/track_0451_r2.jpg,ml/output/tracks/best_frames_hires/26_12-20/track_0451_r2.jpg,:
26_12-20.mp4,457,45345,2077,1792,2303,2074,270,"1399
139","[[""1399"", 0.9999738931655884, 85.0], [""139"", 0.45326780409365514, 45.0]]",,,ml/output/tracks/best_frames/26_12-20/track_0457_r0.jpg,ml/output/tracks/best_frames_hires/26_12-20/track_0457_r0.jpg,8
26_12-20.mp4,453,45345,207,1118,423,1442,270,"а
2","[[""а"", 0.23351266798897896, 36.0], [""2"", 0.8238345706488417, 30.0]]",,,ml/output/tracks/best_frames/26_12-20/track_0453_r2.jpg,ml/output/tracks/best_frames_hires/26_12-20/track_0453_r2.jpg,
26_12-20.mp4,456,45345,376,1968,577,2159,0,,[],,,ml/output/tracks/best_frames/26_12-20/track_0456_r2.jpg,ml/output/tracks/best_frames_hires/26_12-20/track_0456_r2.jpg,
26_12-20.mp4,455,45495,2118,869,2484,1279,180,8,"[[""8"", 0.6736572702334662, 176.0]]",,,ml/output/tracks/best_frames/26_12-20/track_0455_r1.jpg,ml/output/tracks/best_frames_hires/26_12-20/track_0455_r1.jpg,
26_12-20.mp4,451,45495,2071,1891,2410,2159,270,"25
13997
25
1399","[[""25"", 0.6613362654586867, 32.0], [""13997"", 0.4847762652674254, 92.8667531764039], [""25"", 0.9285273764601377, 31.38788249806294], [""1399"", 0.999999463558197, 86.4599117429797]]",,,ml/output/tracks/best_frames/26_12-20/track_0451_r0.jpg,ml/output/tracks/best_frames_hires/26_12-20/track_0451_r0.jpg,9 8
26_12-20.mp4,451,45646,2071,1891,2410,2159,270,"2€
1399'
1
1399
25","[[""2€"", 0.6269563162545145, 36.0], [""1399'"", 0.4585100594210477, 92.8667531764039], [""1"", 0.9999988079074598, 50.0], [""1399"", 0.7291194200515747, 82.0], [""25"", 0.4103212429869974, 32.89969202990676]]",,,ml/output/tracks/best_frames/26_12-20/track_0451_r1.jpg,ml/output/tracks/best_frames_hires/26_12-20/track_0451_r1.jpg,2 9 :
26_12-20.mp4,452,46246,2108,1330,2458,1703,0,"{1
'Hltc","[[""{1"", 0.21602137565622864, 110.0], [""'Hltc"", 0.16163731258790218, 72.0]]",,,ml/output/tracks/best_frames/26_12-20/track_0452_r0.jpg,ml/output/tracks/best_frames_hires/26_12-20/track_0452_r0.jpg,
26_12-20.mp4,461,46396,234,1335,450,1660,0,"{
GNi","[[""{"", 0.9866982165969809, 63.0], [""GNi"", 0.20326917300458722, 66.80643892119889]]",,,ml/output/tracks/best_frames/26_12-20/track_0461_r1.jpg,ml/output/tracks/best_frames_hires/26_12-20/track_0461_r1.jpg,
26_12-20.mp4,464,46546,2458,866,2741,1199,0,"!
6
6","[[""!"", 0.05374797515457197, 93.0], [""6"", 0.6430094346301871, 42.0], [""6"", 0.1684681844166258, 51.89892927411307]]",,,ml/output/tracks/best_frames/26_12-20/track_0464_r1.jpg,ml/output/tracks/best_frames_hires/26_12-20/track_0464_r1.jpg,
26_12-20.mp4,461,46546,245,1401,462,1737,0,"{
Il]","[[""{"", 0.8371766100007996, 81.0], [""Il]"", 0.6151507343237602, 52.0]]",,,ml/output/tracks/best_frames/26_12-20/track_0461_r0.jpg,ml/output/tracks/best_frames_hires/26_12-20/track_0461_r0.jpg,
26_12-20.mp4,464,46697,2447,878,2743,1243,0,"Е;
д","[[""Е;"", 0.1294223068736418, 103.0], [""д"", 0.8858896753807564, 40.0]]",,,ml/output/tracks/best_frames/26_12-20/track_0464_r2.jpg,ml/output/tracks/best_frames_hires/26_12-20/track_0464_r2.jpg,
26_12-20.mp4,450,46697,220,1216,453,1535,180,8,"[[""8"", 0.8290237993278993, 176.98211985409876]]",,,ml/output/tracks/best_frames/26_12-20/track_0450_r2.jpg,ml/output/tracks/best_frames_hires/26_12-20/track_0450_r2.jpg,1 .
26_12-20.mp4,461,46697,265,1512,481,1845,270,"=5
9","[[""=5"", 0.23765514063203097, 14.0], [""9"", 0.9776178025561109, 38.0]]",,,ml/output/tracks/best_frames/26_12-20/track_0461_r2.jpg,ml/output/tracks/best_frames_hires/26_12-20/track_0461_r2.jpg,
26_12-20.mp4,464,46847,2444,879,2747,1242,90,"ILVFIH
50'
оz-=
1 1-:
20
07","[[""ILVFIH"", 0.789790498414023, 29.0], [""50'"", 0.12323248989915264, 24.0], [""оz-="", 0.5221232175827026, 31.452120610886254], [""1 1-:"", 0.18767977963934176, 30.5], [""20"", 0.79253727306003, 26.0], [""07"", 0.5230595203310829, 31.258883804020854]]",,,ml/output/tracks/best_frames/26_12-20/track_0464_r0.jpg,ml/output/tracks/best_frames_hires/26_12-20/track_0464_r0.jpg,
26_12-20.mp4,450,46997,238,1391,489,1700,180,"[1il
8
6","[[""[1il"", 0.5050879120826721, 48.0], [""8"", 0.6503272973562026, 178.98253944749888], [""6"", 0.4370947830630634, 111.5]]",,,ml/output/tracks/best_frames/26_12-20/track_0450_r0.jpg,ml/output/tracks/best_frames_hires/26_12-20/track_0450_r0.jpg,
26_12-20.mp4,454,46997,2393,1296,2701,1809,270,"ЁА7I
9","[[""ЁА7I"", 0.15613867342472076, 27.0], [""9"", 0.7574512346268989, 478.0]]",,,ml/output/tracks/best_frames/26_12-20/track_0454_r2.jpg,ml/output/tracks/best_frames_hires/26_12-20/track_0454_r2.jpg,
26_12-20.mp4,470,47147,226,159,464,501,0,,[],,,ml/output/tracks/best_frames/26_12-20/track_0470_r1.jpg,ml/output/tracks/best_frames_hires/26_12-20/track_0470_r1.jpg,
26_12-20.mp4,450,47147,243,1469,499,1788,270,"399
599","[[""399"", 0.9301296349824741, 62.39322164845177], [""599"", 0.16029276134676435, 61.11124216493366]]",,,ml/output/tracks/best_frames/26_12-20/track_0450_r1.jpg,ml/output/tracks/best_frames_hires/26_12-20/track_0450_r1.jpg,
26_12-20.mp4,470,47297,220,224,452,567,0,,[],,,ml/output/tracks/best_frames/26_12-20/track_0470_r0.jpg,ml/output/tracks/best_frames_hires/26_12-20/track_0470_r0.jpg,
26_12-20.mp4,471,47297,243,126,460,398,270,ls,"[[""ls"", 0.058553327317954935, 54.82484743187871]]",,,ml/output/tracks/best_frames/26_12-20/track_0471_r1.jpg,ml/output/tracks/best_frames_hires/26_12-20/track_0471_r1.jpg,
26_12-20.mp4,454,47297,2383,1474,2688,1974,0,"Ита
/:","[[""Ита"", 0.9946403516991751, 163.0], [""/:"", 0.18847381047059164, 154.5]]",,,ml/output/tracks/best_frames/26_12-20/track_0454_r1.jpg,ml/output/tracks/best_frames_hires/26_12-20/track_0454_r1.jpg,
26_12-20.mp4,460,47447,225,1376,456,1693,270,"2s
2_
739
=u","[[""2s"", 0.34230899548798993, 29.756250166848844], [""2_"", 0.14009686043394104, 19.875938846559393], [""739"", 0.7267386406607639, 55.33895262009196], [""=u"", 0.48188257193195894, 23.96528474772765]]",,,ml/output/tracks/best_frames/26_12-20/track_0460_r1.jpg,ml/output/tracks/best_frames_hires/26_12-20/track_0460_r1.jpg,6
26_12-20.mp4,470,47447,219,283,424,610,0,,[],,,ml/output/tracks/best_frames/26_12-20/track_0470_r2.jpg,ml/output/tracks/best_frames_hires/26_12-20/track_0470_r2.jpg,
26_12-20.mp4,454,47447,2404,1549,2694,1943,180,'uj/,"[[""'uj/"", 0.15512247383594513, 50.0]]",,,ml/output/tracks/best_frames/26_12-20/track_0454_r0.jpg,ml/output/tracks/best_frames_hires/26_12-20/track_0454_r0.jpg,
26_12-20.mp4,462,47447,2475,0,2772,362,0,,[],,,ml/output/tracks/best_frames/26_12-20/track_0462_r1.jpg,ml/output/tracks/best_frames_hires/26_12-20/track_0462_r1.jpg,
26_12-20.mp4,463,47447,196,916,400,1220,180,"'6
[
1
""ilt
0","[[""'6"", 0.4503612531902331, 34.0], [""["", 0.6365137594524448, 74.0], [""1"", 0.989319979319081, 143.0], [""\""ilt"", 0.4320141673088074, 54.0], [""0"", 0.21396279947134644, 115.86625603987568]]",,,ml/output/tracks/best_frames/26_12-20/track_0463_r1.jpg,ml/output/tracks/best_frames_hires/26_12-20/track_0463_r1.jpg,1.
26_12-20.mp4,471,47447,232,170,452,439,0,0,"[[""0"", 0.31667054908557896, 104.95782340923424]]",,,ml/output/tracks/best_frames/26_12-20/track_0471_r0.jpg,ml/output/tracks/best_frames_hires/26_12-20/track_0471_r0.jpg,
26_12-20.mp4,468,47597,216,1233,427,1551,270,"==
Iss
-55","[[""=="", 0.27924043051044883, 24.0], [""Iss"", 0.904861424300774, 52.15913374179874], [""-55"", 0.14803565117911638, 42.0]]",,,ml/output/tracks/best_frames/26_12-20/track_0468_r2.jpg,ml/output/tracks/best_frames_hires/26_12-20/track_0468_r2.jpg,
26_12-20.mp4,460,47748,231,1505,474,1844,270,"20
25
7399","[[""20"", 0.21189360230193618, 24.0], [""25"", 0.21100357270535208, 25.853237351425946], [""7399"", 0.8025126457214355, 66.15532238205662]]",,,ml/output/tracks/best_frames/26_12-20/track_0460_r0.jpg,ml/output/tracks/best_frames_hires/26_12-20/track_0460_r0.jpg,5 6
26_12-20.mp4,462,47748,2480,0,2774,364,0,,[],,,ml/output/tracks/best_frames/26_12-20/track_0462_r2.jpg,ml/output/tracks/best_frames_hires/26_12-20/track_0462_r2.jpg,
26_12-20.mp4,474,47748,259,0,478,279,180,0,"[[""0"", 0.9130311787683674, 115.96592539244762]]",,,ml/output/tracks/best_frames/26_12-20/track_0474_r1.jpg,ml/output/tracks/best_frames_hires/26_12-20/track_0474_r1.jpg,
26_12-20.mp4,475,47748,2380,1732,2678,2105,0,,[],,,ml/output/tracks/best_frames/26_12-20/track_0475_r1.jpg,ml/output/tracks/best_frames_hires/26_12-20/track_0475_r1.jpg,
26_12-20.mp4,468,47748,235,1371,456,1692,0,,[],,,ml/output/tracks/best_frames/26_12-20/track_0468_r1.jpg,ml/output/tracks/best_frames_hires/26_12-20/track_0468_r1.jpg,
26_12-20.mp4,460,47898,264,1558,486,1872,270,"-20
As&
€-
7399","[[""-20"", 0.49292767037709323, 20.0], [""As&"", 0.08605149362151752, 34.833156532780016], [""€-"", 0.18584069078635743, 19.913609369985267], [""7399"", 0.6669304966926575, 64.27194393110386]]",,,ml/output/tracks/best_frames/26_12-20/track_0460_r2.jpg,ml/output/tracks/best_frames_hires/26_12-20/track_0460_r2.jpg,9 0 6 8
26_12-20.mp4,475,47898,2387,1656,2673,2063,0,,[],,,ml/output/tracks/best_frames/26_12-20/track_0475_r0.jpg,ml/output/tracks/best_frames_hires/26_12-20/track_0475_r0.jpg,
26_12-20.mp4,462,47898,2440,6,2762,442,0,,[],,,ml/output/tracks/best_frames/26_12-20/track_0462_r0.jpg,ml/output/tracks/best_frames_hires/26_12-20/track_0462_r0.jpg,
26_12-20.mp4,476,47898,208,1134,404,1296,270,"Е €
5
[
#ы
#
I5
# -`
а455
7455
76 -","[[""Е €"", 0.21782903373241425, 14.0], [""5"", 0.9719609363124881, 12.0], [""["", 0.7966429339148817, 12.0], [""#ы"", 0.10522531883854525, 16.0], [""#"", 0.45333854596982803, 14.0], [""I5"", 0.20975192465430267, 20.0], [""# -`"", 0.04071982577443123, 26.91224560526095], [""а455"", 0.42427024245262146, 47.9373322778884], [""7455"", 0.18100939691066742, 49.4877349668638], [""76 -"", 0.6139568068221682, 21.806900573478927]]",,,ml/output/tracks/best_frames/26_12-20/track_0476_r0.jpg,ml/output/tracks/best_frames_hires/26_12-20/track_0476_r0.jpg,1 1 ./
26_12-20.mp4,474,48048,238,108,461,398,180,"'0
{#
1
1","[[""'0"", 0.15836130437822962, 111.0], [""{#"", 0.26413934398841016, 34.0], [""1"", 0.6309462307179139, 114.99221423391448], [""1"", 0.8196281330473454, 106.9909909451879]]",,,ml/output/tracks/best_frames/26_12-20/track_0474_r2.jpg,ml/output/tracks/best_frames_hires/26_12-20/track_0474_r2.jpg,1 1  1
26_12-20.mp4,476,48048,204,1068,436,1278,0,,[],,,ml/output/tracks/best_frames/26_12-20/track_0476_r1.jpg,ml/output/tracks/best_frames_hires/26_12-20/track_0476_r1.jpg,
26_12-20.mp4,478,48048,2446,1143,2732,1487,90,"68
а€
ш `
FI5
 z
э2 
12 --
- .32:","[[""68"", 1.0, 84.0], [""а€"", 0.1941300941499242, 28.0], [""ш `"", 0.4165603220462799, 16.0], [""FI5"", 0.5715161268967515, 26.0], ["" z"", 0.163864732823223, 18.0], [""э2 "", 0.28464576601982117, 16.0], [""12 --"", 0.43627823068134497, 25.0], [""- .32:"", 0.3474312487500629, 24.0]]",,,ml/output/tracks/best_frames/26_12-20/track_0478_r2.jpg,ml/output/tracks/best_frames_hires/26_12-20/track_0478_r2.jpg,1 6 9
26_12-20.mp4,475,48048,2400,1738,2661,2048,0,,[],,,ml/output/tracks/best_frames/26_12-20/track_0475_r2.jpg,ml/output/tracks/best_frames_hires/26_12-20/track_0475_r2.jpg,
26_12-20.mp4,474,48198,227,189,453,486,270,"'
<
= -
=
1345","[[""'"", 0.6003277902011384, 8.0], [""<"", 0.3471263211722544, 12.0], [""= -"", 0.7578846954884669, 15.0], [""="", 0.41116851677036165, 29.73338242481225], [""1345"", 0.6200172305107117, 50.5]]",,,ml/output/tracks/best_frames/26_12-20/track_0474_r0.jpg,ml/output/tracks/best_frames_hires/26_12-20/track_0474_r0.jpg,1 1
26_12-20.mp4,478,48198,2432,1287,2710,1687,90,"368
2 7
12-та
зz=
zз ;
2-79
27
2
2 -- .","[[""368"", 0.5803643666320801, 72.0], [""2 7"", 0.30373495864310895, 32.0], [""12-та"", 0.1339892273179724, 27.0], [""зz="", 0.2836862399907975, 26.0], [""zз ;"", 0.30124469010950805, 25.641465909850467], [""2-79"", 0.2144177407026291, 26.0], [""27"", 0.24007934508590373, 20.5], [""2"", 0.1764304566177124, 13.0], [""2 -- ."", 0.14760834341481655, 33.44375423053788]]",,,ml/output/tracks/best_frames/26_12-20/track_0478_r1.jpg,ml/output/tracks/best_frames_hires/26_12-20/track_0478_r1.jpg,9
26_12-20.mp4,484,48348,2493,0,2762,365,90,gfzte :,"[[""gfzte :"", 0.4124836209305924, 66.0]]",,,ml/output/tracks/best_frames/26_12-20/track_0484_r0.jpg,ml/output/tracks/best_frames_hires/26_12-20/track_0484_r0.jpg,
26_12-20.mp4,478,48348,2423,1389,2709,1817,90,"Аутэ
сzт:
zoN
aie
5 5
227
701
0:2","[[""Аутэ"", 0.14124849438667297, 29.0], [""сzт:"", 0.6930651068687439, 30.0], [""zoN"", 0.5572490607370674, 28.71390676354099], [""aie"", 0.2914868222876948, 23.57770876399968], [""5 5"", 0.24516869579283648, 25.0], [""227"", 0.3504540586402113, 20.5], [""701"", 0.5147141156869217, 26.404748240735785], [""0:2"", 0.1061505298879717, 22.910427500436015]]",,,ml/output/tracks/best_frames/26_12-20/track_0478_r0.jpg,ml/output/tracks/best_frames_hires/26_12-20/track_0478_r0.jpg,9
26_12-20.mp4,482,48348,245,0,477,292,0,,[],,,ml/output/tracks/best_frames/26_12-20/track_0482_r2.jpg,ml/output/tracks/best_frames_hires/26_12-20/track_0482_r2.jpg,
26_12-20.mp4,468,48348,280,1623,500,1948,90,55,"[[""55"", 0.9745060255004011, 47.03608766829714]]",,,ml/output/tracks/best_frames/26_12-20/track_0468_r0.jpg,ml/output/tracks/best_frames_hires/26_12-20/track_0468_r0.jpg,
26_12-20.mp4,467,48348,196,431,427,751,270,"5
~ х
""
#
2
1349 
=`=
1349 ","[[""5"", 0.08681996799007052, 12.0], [""~ х"", 0.11809064618605944, 14.0], [""\"""", 0.08462715748189797, 15.0], [""#"", 0.6553600838344664, 14.0], [""2"", 0.18322005117008544, 16.0], [""1349 "", 0.3892929223571884, 54.0], [""=`="", 0.5996946096420288, 33.794733192202045], [""1349 "", 0.7696231658291469, 52.5]]",,,ml/output/tracks/best_frames/26_12-20/track_0467_r1.jpg,ml/output/tracks/best_frames_hires/26_12-20/track_0467_r1.jpg,
26_12-20.mp4,463,48348,246,1414,480,1707,180,',"[[""'"", 0.6352015748155146, 163.9836139273292]]",,,ml/output/tracks/best_frames/26_12-20/track_0463_r2.jpg,ml/output/tracks/best_frames_hires/26_12-20/track_0463_r2.jpg,
26_12-20.mp4,482,48498,235,29,477,374,0,,[],,,ml/output/tracks/best_frames/26_12-20/track_0482_r0.jpg,ml/output/tracks/best_frames_hires/26_12-20/track_0482_r0.jpg,
26_12-20.mp4,483,48498,2416,1081,2742,1466,90,"оe
67","[[""оe"", 0.26490297349159314, 24.611442075295713], [""67"", 0.4841153581279446, 24.386081355132532]]",,,ml/output/tracks/best_frames/26_12-20/track_0483_r2.jpg,ml/output/tracks/best_frames_hires/26_12-20/track_0483_r2.jpg,0
26_12-20.mp4,463,48498,258,1508,499,1796,90,Е5L_,"[[""Е5L_"", 0.18000857532024384, 68.85155561115846]]",,,ml/output/tracks/best_frames/26_12-20/track_0463_r0.jpg,ml/output/tracks/best_frames_hires/26_12-20/track_0463_r0.jpg,
26_12-20.mp4,484,48498,2479,0,2758,343,180,?,"[[""?"", 0.847863804496285, 210.0]]",,,ml/output/tracks/best_frames/26_12-20/track_0484_r1.jpg,ml/output/tracks/best_frames_hires/26_12-20/track_0484_r1.jpg,1
26_12-20.mp4,467,48649,184,597,407,922,0,"Ill
1
Il
6","[[""Ill"", 0.9941777101012415, 121.0], [""1"", 0.9764234609855436, 143.0], [""Il"", 0.9440932463736219, 24.0], [""6"", 0.6082807566902062, 140.0]]",,,ml/output/tracks/best_frames/26_12-20/track_0467_r0.jpg,ml/output/tracks/best_frames_hires/26_12-20/track_0467_r0.jpg,
26_12-20.mp4,484,48649,2487,70,2753,422,270,2,"[[""2"", 0.6499713626250383, 66.0]]",,,ml/output/tracks/best_frames/26_12-20/track_0484_r2.jpg,ml/output/tracks/best_frames_hires/26_12-20/track_0484_r2.jpg,
26_12-20.mp4,483,48649,2414,1119,2734,1505,270,"01 ;
e","[[""01 ;"", 0.3628966480652853, 12.0], [""e"", 0.2853826447465089, 24.611442075295713]]",,,ml/output/tracks/best_frames/26_12-20/track_0483_r1.jpg,ml/output/tracks/best_frames_hires/26_12-20/track_0483_r1.jpg,3 0
26_12-20.mp4,467,48799,186,671,402,999,270,"=
з==
~
'
=_
< :
.
'
01349 
41349 ","[[""="", 0.7455303439858199, 14.0], [""з=="", 0.1179197585477945, 25.0], [""~"", 0.7931326275507331, 14.0], [""'"", 0.16553117456795974, 14.0], [""=_"", 0.23824909429855542, 14.0], [""< :"", 0.35690138112989006, 16.0], [""."", 0.4143978089197766, 8.0], [""'"", 0.3071170207378806, 16.0], [""01349 "", 0.2583699188266945, 40.0], [""41349 "", 0.5492092088826614, 44.5]]",,,ml/output/tracks/best_frames/26_12-20/track_0467_r2.jpg,ml/output/tracks/best_frames_hires/26_12-20/track_0467_r2.jpg,
26_12-20.mp4,489,48799,194,1018,422,1346,180,[M},"[[""[M}"", 0.12939734724213928, 53.751328557914576]]",,,ml/output/tracks/best_frames/26_12-20/track_0489_r0.jpg,ml/output/tracks/best_frames_hires/26_12-20/track_0489_r0.jpg,
26_12-20.mp4,489,48949,198,1035,398,1295,90,€,"[[""€"", 0.403894166588009, 34.0]]",,,ml/output/tracks/best_frames/26_12-20/track_0489_r2.jpg,ml/output/tracks/best_frames_hires/26_12-20/track_0489_r2.jpg,
26_12-20.mp4,493,49099,317,1760,551,2042,180,"8
3","[[""8"", 0.9737754459077372, 99.95315570455566], [""3"", 0.1988913664185965, 86.96526033146992]]",,,ml/output/tracks/best_frames/26_12-20/track_0493_r0.jpg,ml/output/tracks/best_frames_hires/26_12-20/track_0493_r0.jpg,
26_12-20.mp4,491,49099,2755,192,3389,545,0,"5
$","[[""5"", 0.14680246956232512, 162.0], [""$"", 0.7748049746542307, 218.0]]",,,ml/output/tracks/best_frames/26_12-20/track_0491_r1.jpg,ml/output/tracks/best_frames_hires/26_12-20/track_0491_r1.jpg,
26_12-20.mp4,489,49099,202,1108,400,1365,180,[ЛI,"[[""[ЛI"", 0.12609784629651125, 48.77216271026509]]",,,ml/output/tracks/best_frames/26_12-20/track_0489_r1.jpg,ml/output/tracks/best_frames_hires/26_12-20/track_0489_r1.jpg,
26_12-20.mp4,482,49099,203,351,422,635,0,,[],,,ml/output/tracks/best_frames/26_12-20/track_0482_r1.jpg,ml/output/tracks/best_frames_hires/26_12-20/track_0482_r1.jpg,
26_12-20.mp4,483,49099,2445,1123,2734,1505,0,,[],,,ml/output/tracks/best_frames/26_12-20/track_0483_r0.jpg,ml/output/tracks/best_frames_hires/26_12-20/track_0483_r0.jpg,
26_12-20.mp4,491,49249,2755,232,3389,587,270,"4' . <ы'
72243
Iie
)uК(izъёe
4 1
Du Vni `  м
:0/  ...
74 4 .   5
7 943
7 0
5  1
0 - 7","[[""4' . <ы'"", 0.3412775704686015, 28.0], [""72243"", 0.6624422594378067, 47.0], [""Iie"", 0.1647085160084218, 29.73338242481225], ["")uК(izъёe"", 0.08089277437136932, 121.43372784049956], [""4 1"", 0.6987173811199181, 29.532951161029132], [""Du Vni `  м"", 0.151798578881339, 44.22834405812455], ["":0/  ..."", 0.06069655113871022, 51.0], [""74 4 .   5"", 0.2674366188927562, 21.0], [""7 943"", 0.5701834534232204, 45.0], [""7 0"", 0.8959051137765042, 28.922322702763687], [""5  1"", 0.5870989554616943, 45.471955305419016], [""0 - 7"", 0.28466437433186725, 35.736067977499786]]",,,ml/output/tracks/best_frames/26_12-20/track_0491_r0.jpg,ml/output/tracks/best_frames_hires/26_12-20/track_0491_r0.jpg,
26_12-20.mp4,493,49249,335,1806,568,2074,90,"е
ФБ24","[[""е"", 0.3173395412846389, 36.0], [""ФБ24"", 0.1753862500190735, 66.12574778471611]]",,,ml/output/tracks/best_frames/26_12-20/track_0493_r1.jpg,ml/output/tracks/best_frames_hires/26_12-20/track_0493_r1.jpg,
26_12-20.mp4,496,49399,188,864,396,1080,270,"=
5=
5
= =
(
= =-
13
13-","[[""="", 0.9240824785124779, 16.0], [""5="", 0.9103525304158471, 16.0], [""5"", 0.3761424776941489, 12.0], [""= ="", 0.4162814419469372, 12.0], [""("", 0.14333859286858797, 12.0], [""= =-"", 0.12859345972537994, 18.0], [""13"", 0.9707761048565697, 39.0], [""13-"", 0.6531432962924332, 35.0]]",,,ml/output/tracks/best_frames/26_12-20/track_0496_r1.jpg,ml/output/tracks/best_frames_hires/26_12-20/track_0496_r1.jpg,9  1
26_12-20.mp4,494,49399,2467,0,2747,344,270,"2243
852","[[""2243"", 0.9998406767845154, 64.0], [""852"", 0.22413863275636645, 31.5]]",,,ml/output/tracks/best_frames/26_12-20/track_0494_r1.jpg,ml/output/tracks/best_frames_hires/26_12-20/track_0494_r1.jpg,6
26_12-20.mp4,491,49399,2755,273,3393,662,270,"({'/nъtc
Z:
25. 5
4/ 46
- - -
254 ","[[""({'/nъtc"", 0.2878791295562233, 76.0], [""Z:"", 0.5824910097240069, 26.0], [""25. 5"", 0.25780194662037087, 43.0], [""4/ 46"", 0.49172493288503094, 36.0], [""- - -"", 0.2659897318000982, 26.0], [""254 "", 0.8805484714199509, 47.0]]",,,ml/output/tracks/best_frames/26_12-20/track_0491_r2.jpg,ml/output/tracks/best_frames_hires/26_12-20/track_0491_r2.jpg,
26_12-20.mp4,493,49399,353,1861,574,2107,270,"5
729a
7299 ","[[""5"", 0.05867356724496009, 18.0], [""729a"", 0.18405669927597046, 62.23899430929134], [""7299 "", 0.2090573186403336, 85.97588389291423]]",,,ml/output/tracks/best_frames/26_12-20/track_0493_r2.jpg,ml/output/tracks/best_frames_hires/26_12-20/track_0493_r2.jpg,10
26_12-20.mp4,496,49549,198,872,409,1172,90,"67€1
=
7_
€ {a_
= =
==
[=
5
7-
73
2:
5 -
2
::","[[""67€1"", 0.2532092332839966, 52.0], [""="", 0.849358725688095, 24.0], [""7_"", 0.39458662730385036, 14.0], [""€ {a_"", 0.26249863462313944, 24.0], [""= ="", 0.42120295990406464, 14.0], [""=="", 0.5722988249272123, 21.0], [""[="", 0.13733833297439105, 14.0], [""5"", 0.7849709286822417, 13.0], [""7-"", 0.24623074179907417, 15.0], [""73"", 0.19076090511505314, 12.0], [""2:"", 0.5605346045654515, 10.0], [""5 -"", 0.25692577346163786, 18.5], [""2"", 0.555658409582577, 71.0], [""::"", 0.5183732924749256, 32.5]]",,,ml/output/tracks/best_frames/26_12-20/track_0496_r0.jpg,ml/output/tracks/best_frames_hires/26_12-20/track_0496_r0.jpg,9 1 6 4
26_12-20.mp4,500,49700,321,1764,550,2046,270,zz5а,"[[""zz5а"", 0.4361351728439331, 63.38002094784906]]",,,ml/output/tracks/best_frames/26_12-20/track_0500_r0.jpg,ml/output/tracks/best_frames_hires/26_12-20/track_0500_r0.jpg,3
26_12-20.mp4,494,49700,2434,0,2746,360,270,2f,"[[""2f"", 0.6542300761165785, 24.0]]",,,ml/output/tracks/best_frames/26_12-20/track_0494_r0.jpg,ml/output/tracks/best_frames_hires/26_12-20/track_0494_r0.jpg,
26_12-20.mp4,502,49850,3135,565,3386,853,0,,[],,,ml/output/tracks/best_frames/26_12-20/track_0502_r1.jpg,ml/output/tracks/best_frames_hires/26_12-20/track_0502_r1.jpg,
26_12-20.mp4,500,49850,337,1816,561,2078,270,72ес,"[[""72ес"", 0.2642521858215332, 61.52180542876556]]",,,ml/output/tracks/best_frames/26_12-20/track_0500_r1.jpg,ml/output/tracks/best_frames_hires/26_12-20/track_0500_r1.jpg,8
26_12-20.mp4,502,50000,2727,545,3383,837,180,"<
z
;
1
2
2
7
2
7
6
6-
3
2","[[""<"", 0.17582095402963205, 229.0], [""z"", 0.954715819244484, 24.0], ["";"", 0.8507661176111156, 32.0], [""1"", 0.9669601835785357, 227.99392207951942], [""2"", 0.18320783050406053, 58.93547964039965], [""2"", 0.533522857741989, 86.9352207741232], [""7"", 0.9990031820375975, 33.0], [""2"", 0.3478703681212778, 26.0], [""7"", 0.9647448761641932, 24.0], [""6"", 0.4394774649174451, 24.0], [""6-"", 0.38130844686827003, 15.0], [""3"", 0.13080729243014932, 90.9915708493956], [""2"", 0.7469956569154057, 83.45991758665059]]",,,ml/output/tracks/best_frames/26_12-20/track_0502_r0.jpg,ml/output/tracks/best_frames_hires/26_12-20/track_0502_r0.jpg,
26_12-20.mp4,506,50300,2732,522,3385,818,180,"6
7
=
ё
1
'
8
:
7
8
7
0
3
8
4","[[""6"", 0.9911179761763975, 28.0], [""7"", 0.2203529128814843, 24.0], [""="", 0.8758893465841453, 26.0], [""ё"", 0.6702913820839775, 55.0], [""1"", 0.9854459147447869, 140.98360652674023], [""'"", 0.6379449773520527, 236.9859449004805], [""8"", 0.2796360072736661, 67.92344672427589], ["":"", 0.26756001964787757, 48.0], [""7"", 0.97023958845854, 36.0], [""8"", 0.40057568839762325, 187.5], [""7"", 0.9902236966397915, 27.0], [""0"", 0.9188101726790912, 16.0], [""3"", 0.40059439992097623, 91.9917630335159], [""8"", 0.277832552996248, 82.46285307101118], [""4"", 0.9387499330309801, 58.478306041380804]]",,,ml/output/tracks/best_frames/26_12-20/track_0506_r1.jpg,ml/output/tracks/best_frames_hires/26_12-20/track_0506_r1.jpg,
26_12-20.mp4,507,50450,223,1114,418,1294,0,"9
1
?
1
@
€
[
1
а
&
pa
ч1 @няп
8
1
5
6
6
58
71 97 .","[[""9"", 0.16216772765757526, 34.0], [""1"", 0.7103632165758746, 91.0], [""?"", 0.7703600644551081, 36.0], [""1"", 0.9631113561372331, 107.0], [""@"", 0.11290893487212461, 46.0], [""€"", 0.23494569857194225, 30.0], [""["", 0.8093939985230669, 79.0], [""1"", 0.3308024054262013, 137.0], [""а"", 0.4002374473659529, 22.0], [""&"", 0.16592161870644961, 103.0], [""pa"", 0.7255715406031942, 30.0], [""ч1 @няп"", 0.19917364355430828, 26.0], [""8"", 0.8773366297948861, 28.5], [""1"", 0.7477318937712631, 55.0], [""5"", 0.047602941892074035, 79.0], [""6"", 0.5893575497766648, 130.0], [""6"", 0.9989697012075318, 13.0], [""58"", 0.5581694740645935, 54.0], [""71 97 ."", 0.2906032809603473, 27.0]]",,,ml/output/tracks/best_frames/26_12-20/track_0507_r1.jpg,ml/output/tracks/best_frames_hires/26_12-20/track_0507_r1.jpg,54 5 6 32 41 9 
26_12-20.mp4,506,50450,2733,521,3385,818,0,">
=
$
Юна
11
2
g
2
1
6","[["">"", 0.21307539060047986, 26.0], [""="", 0.21472561755967323, 63.0], [""$"", 0.9300467686082357, 289.0], [""Юна"", 0.0624055249356426, 36.0], [""11"", 0.0629634428281542, 8.0], [""2"", 0.960264992309078, 60.7885829274264], [""g"", 0.40890226577645095, 66.95054211385786], [""2"", 0.9804708639911865, 63.94557569532856], [""1"", 0.9998730461362051, 160.98755185381074], [""6"", 0.8212633507475999, 87.99095218396573]]",,,ml/output/tracks/best_frames/26_12-20/track_0506_r0.jpg,ml/output/tracks/best_frames_hires/26_12-20/track_0506_r0.jpg,
26_12-20.mp4,507,50600,224,1113,418,1294,90,"бv€
Ea1
зorэхэU
E1
0 (~иди) ~ka
п dч
занdEwыыdо
5
aawvNuuIs
анив
752
/521 7
752 0
7 8
3--- .0
:0-   5
8
9:","[[""бv€"", 0.8308972750330593, 51.0], [""Ea1"", 0.564040137532087, 20.0], [""зorэхэU"", 0.044648797210121806, 20.0], [""E1"", 0.25622078932613424, 16.0], [""0 (~иди) ~ka"", 0.12943266540581247, 24.0], [""п dч"", 0.30199652654968434, 16.0], [""занdEwыыdо"", 0.5877044194764134, 24.0], [""5"", 0.8030651533613451, 68.0], [""aawvNuuIs"", 0.11511010776151914, 28.0], [""анив"", 0.7354058027267456, 14.0], [""752"", 0.89299650799038, 17.01960478060346], [""/521 7"", 0.2223742763557935, 22.0], [""752 0"", 0.6157569157618693, 16.0], [""7 8"", 0.21005463618404932, 15.0], [""3--- .0"", 0.07314069845789221, 20.5], ["":0-   5"", 0.4227623664403302, 27.5], [""8"", 0.5254548740977647, 29.0], [""9:"", 0.30775204245037413, 13.0]]",,,ml/output/tracks/best_frames/26_12-20/track_0507_r0.jpg,ml/output/tracks/best_frames_hires/26_12-20/track_0507_r0.jpg,34 7 8 32 71 97
26_12-20.mp4,498,51051,2423,1200,2705,1598,270,3,"[[""3"", 0.9991601085650395, 48.0]]",,,ml/output/tracks/best_frames/26_12-20/track_0498_r1.jpg,ml/output/tracks/best_frames_hires/26_12-20/track_0498_r1.jpg,
26_12-20.mp4,498,51201,2425,1201,2704,1598,0,6,"[[""6"", 0.41261814011415154, 36.0]]",,,ml/output/tracks/best_frames/26_12-20/track_0498_r0.jpg,ml/output/tracks/best_frames_hires/26_12-20/track_0498_r0.jpg,
26_12-20.mp4,511,51351,2359,1724,2549,1978,0,,[],,,ml/output/tracks/best_frames/26_12-20/track_0511_r1.jpg,ml/output/tracks/best_frames_hires/26_12-20/track_0511_r1.jpg,
26_12-20.mp4,511,51501,2360,1724,2547,1985,0,,[],,,ml/output/tracks/best_frames/26_12-20/track_0511_r0.jpg,ml/output/tracks/best_frames_hires/26_12-20/track_0511_r0.jpg,
26_12-20.mp4,510,51652,2735,525,3383,820,180,"7
5
1
'
?
3
ё
7
7
8
7
:
8
5","[[""7"", 0.3134594945013305, 24.0], [""5"", 0.731535148995647, 85.0], [""1"", 0.8104419381061554, 169.98887693233496], [""'"", 0.6499381098606705, 247.98723349664263], [""?"", 0.9070113187301878, 70.95617746837209], [""3"", 0.42176959161679406, 70.93023018590372], [""ё"", 0.7211093769804542, 62.82681853360066], [""7"", 0.873330092828283, 53.0], [""7"", 0.9784314943672712, 43.0], [""8"", 0.251124332004693, 204.0], [""7"", 0.2993109832779375, 25.0], ["":"", 0.3301035619981043, 92.99194872428623], [""8"", 0.8107523303913844, 84.45281441787084], [""5"", 0.7760029167701674, 78.48847074650928]]",,,ml/output/tracks/best_frames/26_12-20/track_0510_r2.jpg,ml/output/tracks/best_frames_hires/26_12-20/track_0510_r2.jpg,
26_12-20.mp4,514,51802,2365,1727,2548,1979,0,,[],,,ml/output/tracks/best_frames/26_12-20/track_0514_r0.jpg,ml/output/tracks/best_frames_hires/26_12-20/track_0514_r0.jpg,
26_12-20.mp4,510,51802,2736,522,3382,820,180,"$
+
>
=
ё
1
3
7
7
8
7
3
8
5","[[""$"", 0.7999155368396629, 187.0], [""+"", 0.6680664304268511, 60.0], ["">"", 0.5205346977365402, 26.0], [""="", 0.8498226351115967, 26.0], [""ё"", 0.21441194256383156, 54.0], [""1"", 0.9632312745122853, 229.9940299680745], [""3"", 0.13226154199586304, 68.95348679060248], [""7"", 0.9419292393488519, 52.0], [""7"", 0.9282771630105344, 41.0], [""8"", 0.4136842090542956, 181.0], [""7"", 0.7873981022787326, 26.0], [""3"", 0.3253479999785327, 91.9917630335159], [""8"", 0.6973517835788847, 84.95339419922647], [""5"", 0.7856980639256541, 78.98862549143195]]",,,ml/output/tracks/best_frames/26_12-20/track_0510_r1.jpg,ml/output/tracks/best_frames_hires/26_12-20/track_0510_r1.jpg,
26_12-20.mp4,510,51952,2735,522,3382,820,90,"#' H+< IX1
d
0
&
^ | ' '
la
vэnd
Owv"" ;
W |
4y""(
??w
амэмаз зе
Фопа
шлэz
16 .:
0
0  25 5
86
753
66
42
25","[[""#' H+< IX1"", 0.25134283762229276, 26.0], [""d"", 0.9851663004258491, 22.0], [""0"", 0.996317564315806, 24.0], [""&"", 0.1686910821512635, 18.0], [""^ | ' '"", 0.4439066708775622, 37.0], [""la"", 0.2588552766364431, 24.0], [""vэnd"", 0.436191588640213, 33.228212717531164], [""Owv\"" ;"", 0.21108702510433044, 29.73338242481225], [""W |"", 0.8973867994678354, 25.650030213232185], [""4y\""("", 0.05515935644507408, 121.80431628623865], [""??w"", 0.7195041110094768, 65.84427575508482], [""амэмаз зе"", 0.10819851467752516, 47.83683728811229], [""Фопа"", 0.16161613166332245, 32.62649256434224], [""шлэz"", 0.13931819796562195, 15.627466942413548], [""16 .:"", 0.39190389587301344, 31.0], [""0"", 0.39191478984878714, 13.0], [""0  25 5"", 0.43414477999385837, 41.95496215205162], [""86"", 0.999993087923841, 57.93827804497023], [""753"", 0.3241616608271471, 18.918731003142568], [""66"", 0.16357607399872046, 13.886217432503543], [""42"", 0.46011523088120343, 20.848910460755178], [""25"", 0.9825125427331781, 22.657707962726818]]",,,ml/output/tracks/best_frames/26_12-20/track_0510_r0.jpg,ml/output/tracks/best_frames_hires/26_12-20/track_0510_r0.jpg,
26_12-20.mp4,498,51952,2430,1201,2702,1595,270,"n9
3","[[""n9"", 0.36832841461248417, 26.0], [""3"", 0.9999566082893239, 46.0]]",,,ml/output/tracks/best_frames/26_12-20/track_0498_r2.jpg,ml/output/tracks/best_frames_hires/26_12-20/track_0498_r2.jpg,
26_12-20.mp4,514,52102,2366,1729,2551,1979,0,,[],,,ml/output/tracks/best_frames/26_12-20/track_0514_r1.jpg,ml/output/tracks/best_frames_hires/26_12-20/track_0514_r1.jpg,
26_12-20.mp4,505,52252,2453,207,2732,625,90,9/682,"[[""9/682"", 0.5718924474685664, 32.0]]",,,ml/output/tracks/best_frames/26_12-20/track_0505_r2.jpg,ml/output/tracks/best_frames_hires/26_12-20/track_0505_r2.jpg,
26_12-20.mp4,514,52252,2366,1729,2551,1978,0,,[],,,ml/output/tracks/best_frames/26_12-20/track_0514_r2.jpg,ml/output/tracks/best_frames_hires/26_12-20/track_0514_r2.jpg,
26_12-20.mp4,505,52402,2454,207,2732,625,90,9/82,"[[""9/82"", 0.6323482990264893, 32.0]]",,,ml/output/tracks/best_frames/26_12-20/track_0505_r1.jpg,ml/output/tracks/best_frames_hires/26_12-20/track_0505_r1.jpg,
26_12-20.mp4,495,52402,224,206,430,499,180,"МУншш
;
;
~HlI
I
€
!
=
1
1
1
1
g
5","[[""МУншш"", 0.07284605406791694, 33.0], ["";"", 0.23812300495265593, 42.0], ["";"", 0.9997290556400493, 32.0], [""~HlI"", 0.06356450170278549, 83.0], [""I"", 0.3740460803926773, 81.0], [""€"", 0.055062280317091705, 32.0], [""!"", 0.4281213264256998, 75.0], [""="", 0.3829111339971547, 26.0], [""1"", 0.6849144631448922, 95.98877782635822], [""1"", 0.9830968746382638, 84.98564025080294], [""1"", 0.894700806093752, 74.98149479085589], [""1"", 0.9985922764329622, 55.96656400996892], [""g"", 0.20124633994200636, 46.95237412036789], [""5"", 0.5840320251462714, 25.846153846153868]]",,,ml/output/tracks/best_frames/26_12-20/track_0495_r1.jpg,ml/output/tracks/best_frames_hires/26_12-20/track_0495_r1.jpg,1 9 8 1 5 7 7 1 : 4
26_12-20.mp4,490,52402,258,1409,476,1737,270,"LuE
157u
7F2'
{9s
1578
77
959","[[""LuE"", 0.32062656285609925, 18.0], [""157u"", 0.7518131765988627, 20.0], [""7F2'"", 0.13162267208099365, 20.0], [""{9s"", 0.7793091735173642, 45.26802664859042], [""1578"", 0.4285060167312622, 18.5], [""77"", 0.4323324857167544, 16.5], [""959"", 0.44113132719561654, 42.08431003324349]]",,,ml/output/tracks/best_frames/26_12-20/track_0490_r1.jpg,ml/output/tracks/best_frames_hires/26_12-20/track_0490_r1.jpg,7
26_12-20.mp4,487,52402,204,369,403,679,180,".
9
5
Е
1
Ё;
9
4;
Ч5
8
=
5
;
;
1
[
1
1
{
""
8
0
8
0
7
1
6
1
1
1
:
5","[[""."", 0.08008639801326822, 24.0], [""9"", 0.8710345719514443, 30.0], [""5"", 0.09266496464491425, 88.0], [""Е"", 0.6759691269876136, 72.0], [""1"", 0.37467582923642695, 67.0], [""Ё;"", 0.3072844253715326, 32.0], [""9"", 0.7611983216339127, 109.0], [""4;"", 0.49042399870868303, 42.0], [""Ч5"", 0.26327742290504935, 24.0], [""8"", 0.8814313491836998, 28.0], [""="", 0.11094005868202217, 32.0], [""5"", 0.6916742720264324, 26.0], ["";"", 0.9901964130443197, 46.89603210815676], ["";"", 0.9303850239351874, 47.95435272784562], [""1"", 0.8078767189640281, 95.98877782635824], [""["", 0.4421624041536667, 73.98098454635556], [""1"", 0.9783618068392776, 84.98564025080293], [""1"", 0.9876685007604671, 97.9892368177816], [""{"", 0.7659569444360983, 64.97527105692893], [""\"""", 0.12060217413194607, 46.89603210815676], [""8"", 0.25933688300753843, 46.95237412036795], [""0"", 0.3975942384250999, 16.0], [""8"", 0.9956039925263873, 27.5], [""0"", 0.43719291076662614, 8.5], [""7"", 0.459427302936092, 23.0], [""1"", 0.3908658398759144, 87.0], [""6"", 0.7278048342765011, 65.5], [""1"", 0.9921300890192128, 103.9963306329378], [""1"", 0.9999293101406046, 98.99593924933666], [""1"", 0.9330947775335154, 76.99317529485918], ["":"", 0.5638496915736404, 46.98081576436917], [""5"", 0.9999456413027019, 27.462627499354312]]",,,ml/output/tracks/best_frames/26_12-20/track_0487_r0.jpg,ml/output/tracks/best_frames_hires/26_12-20/track_0487_r0.jpg,7 978
26_12-20.mp4,481,52402,224,1129,439,1420,270,"Енно
STFANAMENTE
ордчнарнае
га
{Италяч) 0 .
су= -
1570
Палусулос
449)1
75L
3499э
xятwа
749
1
7
34939","[[""Енно"", 0.4618570804595947, 16.0], [""STFANAMENTE"", 0.9685947724468598, 28.0], [""ордчнарнае"", 0.28696375485042364, 24.0], [""га"", 0.4684166190848255, 12.0], [""{Италяч) 0 ."", 0.4279289625206669, 21.0], [""су= -"", 0.42178635298097655, 14.0], [""1570"", 0.8060162663459778, 16.0], [""Палусулос"", 0.7364769335991348, 20.0], [""449)1"", 0.46313178566936825, 32.0], [""75L"", 0.8753878735767548, 17.078107392846732], [""3499э"", 0.41553220532467, 51.960704808088565], [""xятwа"", 0.011764789848936148, 24.092608839504635], [""749"", 0.4949491322040558, 24.5], [""1"", 0.9631314785042946, 30.0], [""7"", 0.558475328382201, 21.0], [""34939"", 0.5674226671882729, 49.67131920454929]]",,,ml/output/tracks/best_frames/26_12-20/track_0481_r2.jpg,ml/output/tracks/best_frames_hires/26_12-20/track_0481_r2.jpg,
26_12-20.mp4,495,52552,224,206,430,499,180,".
МУышш
El
;
;
7
I
е
!
;
1
1
1
1
:
5","[[""."", 0.16297924368660066, 22.0], [""МУышш"", 0.0750703998991106, 33.0], [""El"", 0.25526206669413876, 56.0], ["";"", 0.1509095846212496, 42.0], ["";"", 0.9999017739576175, 32.0], [""7"", 0.8338526335251686, 80.0], [""I"", 0.3112844800095651, 81.0], [""е"", 0.29287406634668756, 32.0], [""!"", 0.3799091387874256, 75.0], ["";"", 0.16871338492595456, 24.0], [""1"", 0.691529828598366, 95.98877782635822], [""1"", 0.7289629366876085, 74.98149479085589], [""1"", 0.9088779415885853, 74.98149479085589], [""1"", 0.9989106047414431, 55.96656400996892], ["":"", 0.11788162536316893, 46.95237412036789], [""5"", 0.9540153273627574, 26.856953381770495]]",,,ml/output/tracks/best_frames/26_12-20/track_0495_r2.jpg,ml/output/tracks/best_frames_hires/26_12-20/track_0495_r2.jpg,1 8 1 5 1 1 : 0 1 4
26_12-20.mp4,490,52552,258,1409,476,1737,270,"LUr
157
# Ея'
{9sэ
1578
77 
999","[[""LUr"", 0.6610611431466162, 16.0], [""157"", 0.9854502985572605, 20.0], [""# Ея'"", 0.15304932094813034, 24.0], [""{9sэ"", 0.36314883828163147, 45.26802664859042], [""1578"", 0.5092206001281738, 18.5], [""77 "", 0.324281363330664, 16.0], [""999"", 0.41770860442567, 41.520963658996244]]",,,ml/output/tracks/best_frames/26_12-20/track_0490_r2.jpg,ml/output/tracks/best_frames_hires/26_12-20/track_0490_r2.jpg,
26_12-20.mp4,487,52552,210,367,399,682,180,"
ilo |
Ё;
€
{
е
!
8
1
8
1
g
1
1
{
:
5
0
8
7
3
6
1
:
1
1
8
5","[["""", 0.0, 24.0], [""ilo |"", 0.05390598104533375, 132.0], [""Ё;"", 0.3306256727033838, 34.0], [""€"", 0.5353003764923869, 34.0], [""{"", 0.09611744497306418, 43.0], [""е"", 0.25063411817995984, 32.0], [""!"", 0.8351985348616928, 73.0], [""8"", 0.1904737785493218, 26.0], [""1"", 0.9447110079711365, 64.97527105692893], [""8"", 0.6952289305405088, 44.94801605407838], [""1"", 0.967516723220033, 84.98564025080293], [""g"", 0.2441293365911088, 56.96773982019977], [""1"", 0.9960107137755045, 97.9892368177816], [""1"", 0.9005728327559872, 52.96262749935431], [""{"", 0.056086647260038314, 64.94731066042209], ["":"", 0.15668856562813804, 46.95237412036795], [""5"", 0.9813550612336464, 28.875497521447414], [""0"", 0.6349654037802885, 16.0], [""8"", 0.9951363479341389, 27.5], [""7"", 0.2445864721791544, 23.0], [""3"", 0.3176076096767453, 72.0], [""6"", 0.5376270993147045, 65.5], [""1"", 0.9737939148158716, 103.9963306329378], ["":"", 0.22857268701873412, 74.99279226290304], [""1"", 0.9998868735837938, 98.99593924933666], [""1"", 0.9898322723494779, 75.99298769552033], [""8"", 0.4346026527380822, 47.48124043635099], [""5"", 0.9998529011466104, 27.462627499354312]]",,,ml/output/tracks/best_frames/26_12-20/track_0487_r2.jpg,ml/output/tracks/best_frames_hires/26_12-20/track_0487_r2.jpg,6-.4.
26_12-20.mp4,481,52552,224,1129,439,1420,270,"ETzE
Енно
STFANAMENTE
ордчнарнае
га
cу=-
(Италяч) 0 .
1570
Палусулос
449)1
75L
3499э
шчхатн
749
12
27:
34999","[[""ETzE"", 0.08370471000671387, 28.0], [""Енно"", 0.4382801651954651, 16.0], [""STFANAMENTE"", 0.913986769438582, 28.0], [""ордчнарнае"", 0.4199921434230342, 24.0], [""га"", 0.4580862400547378, 12.0], [""cу=-"", 0.3421630859375, 14.0], [""(Италяч) 0 ."", 0.5273047737950405, 21.0], [""1570"", 0.8835387229919434, 16.0], [""Палусулос"", 0.5957919332112063, 20.0], [""449)1"", 0.22131616370875234, 30.0], [""75L"", 0.8983135505317774, 17.078107392846732], [""3499э"", 0.3703339858098582, 51.960704808088565], [""шчхатн"", 0.3897687427353001, 26.08172920654522], [""749"", 0.6145965586053137, 22.5], [""12"", 0.40179736104540903, 14.0], [""27:"", 0.13845814838631784, 15.0], [""34999"", 0.913232991406612, 49.67131920454929]]",,,ml/output/tracks/best_frames/26_12-20/track_0481_r1.jpg,ml/output/tracks/best_frames_hires/26_12-20/track_0481_r1.jpg,
26_12-20.mp4,495,52703,224,206,429,499,180,"D
1н""ш
1
5
яН
'
в
1!
5
'
1
1
1
!
8","[[""D"", 0.2846737200247986, 22.0], [""1н\""ш"", 0.0591791570186615, 33.0], [""1"", 0.44906480976011665, 67.0], [""5"", 0.2839146688349956, 24.0], [""яН"", 0.4121109656410858, 83.0], [""'"", 0.15059695032817988, 43.0], [""в"", 0.7322907619542072, 36.0], [""1!"", 0.3999857040835468, 77.0], [""5"", 0.4959676957927428, 26.0], [""'"", 0.7540317728498849, 30.89074596325255], [""1"", 0.8192939261140317, 95.98877782635822], [""1"", 0.9673001613808907, 97.98923681778155], [""1"", 0.9578974068904813, 52.96262749935431], [""!"", 0.8595697860050819, 56.967739820199824], [""8"", 0.1532557961257064, 46.95237412036789]]",,,ml/output/tracks/best_frames/26_12-20/track_0495_r0.jpg,ml/output/tracks/best_frames_hires/26_12-20/track_0495_r0.jpg,1 8 73 1 5 7 2 1 4
26_12-20.mp4,490,52703,258,1409,476,1737,90,"GG
6
шs","[[""GG"", 0.9088135390010257, 16.0], [""6"", 0.9975715140208194, 28.0], [""шs"", 0.18487257619616948, 16.91728583954051]]",,,ml/output/tracks/best_frames/26_12-20/track_0490_r0.jpg,ml/output/tracks/best_frames_hires/26_12-20/track_0490_r0.jpg,
26_12-20.mp4,487,52703,209,367,399,682,0,"₽
;

g
{
#
1
[Fima
#d;
8
[
1
1
1
8
!
18
1
1
9 ","[[""₽"", 0.23765143814138412, 26.0], ["";"", 0.9903744749386192, 40.0], ["""", 0.0, 42.0], [""g"", 0.7844998386276281, 43.0], [""{"", 0.3015210669612003, 242.0], [""#"", 0.5012483921655644, 50.0], [""1"", 0.3397600965536327, 128.0], [""[Fima"", 0.07001443520032118, 102.0], [""#d;"", 0.1616830995911243, 38.0], [""8"", 0.6836480947941368, 46.95237412036789], [""["", 0.1153464165996434, 95.98877782635822], [""1"", 0.9861705169214616, 104.99064015829038], [""1"", 0.9793028568528825, 65.97602406750218], [""1"", 0.42180319214550366, 74.98149479085589], [""8"", 0.19298726613448025, 58.96991404929264], [""!"", 0.6244083078537557, 52.96262749935431], [""18"", 0.7694133896945466, 94.5], [""1"", 0.99803341848855, 11.0], [""1"", 0.8840267590701991, 23.0], [""9 "", 0.28214234843156555, 57.0]]",,,ml/output/tracks/best_frames/26_12-20/track_0487_r1.jpg,ml/output/tracks/best_frames_hires/26_12-20/track_0487_r1.jpg,---4.
26_12-20.mp4,481,52703,224,1129,439,1420,270,"Енно
STFANAMENTE
ардинарнае
га
су= -
(Италяч) 0 .
1570
Палусулос
44%)1
иF
75L
34999
749
1
3499","[[""Енно"", 0.3360733389854431, 16.0], [""STFANAMENTE"", 0.669179780157711, 28.0], [""ардинарнае"", 0.5392542916027834, 24.0], [""га"", 0.5379481589552539, 12.0], [""су= -"", 0.45722279710282876, 14.0], [""(Италяч) 0 ."", 0.4652012727970532, 21.0], [""1570"", 0.9756567478179932, 16.0], [""Палусулос"", 0.7129788597922092, 20.0], [""44%)1"", 0.6148711702618658, 30.0], [""иF"", 0.14190018494788617, 24.0], [""75L"", 0.9050449870359482, 17.078107392846732], [""34999"", 0.48636373051414145, 51.960704808088565], [""749"", 0.7175018685509986, 24.5], [""1"", 0.9942842376631233, 31.0], [""3499"", 0.9463822986480593, 49.66011097429552]]",,,ml/output/tracks/best_frames/26_12-20/track_0481_r0.jpg,ml/output/tracks/best_frames_hires/26_12-20/track_0481_r0.jpg,
26_12-20.mp4,505,52853,2456,211,2740,636,270,"-2899
70","[[""-2899"", 0.7796427616707127, 30.0], [""70"", 0.3348355918223985, 14.0]]",,,ml/output/tracks/best_frames/26_12-20/track_0505_r0.jpg,ml/output/tracks/best_frames_hires/26_12-20/track_0505_r0.jpg,
26_12-20.mp4,494,52853,2431,0,2735,368,0,"N
0
8
3 .","[[""N"", 0.9759027559158575, 24.0], [""0"", 0.7202592928514981, 24.0], [""8"", 0.41593655660575735, 72.0], [""3 ."", 0.14943287435739513, 15.0]]",,,ml/output/tracks/best_frames/26_12-20/track_0494_r2.jpg,ml/output/tracks/best_frames_hires/26_12-20/track_0494_r2.jpg,8
26_12-20.mp4,518,53003,218,264,423,589,0,"0
8
1
1
?
1
[Ig
(p
""
[
'
1
1
[
F
2
1
0
88
5
1
6
.13:
5
5
1
1
:","[[""0"", 0.6548867155113527, 24.0], [""8"", 0.9319376246240871, 43.0], [""1"", 0.998828158560233, 97.0], [""1"", 0.36909798517195114, 233.0], [""?"", 0.8102917003944619, 44.0], [""1"", 0.9893012451894698, 67.0], [""[Ig"", 0.20484693438253218, 80.0], [""(p"", 0.2132821128175322, 26.0], [""\"""", 0.05078555403982521, 30.0], [""["", 0.8548805402511448, 100.98987437804499], [""'"", 0.5902837861026775, 46.95237412036792], [""1"", 0.9959195838657706, 106.98128031658075], [""1"", 0.7898454439784395, 76.98245580136529], [""["", 0.6110534225838506, 77.9829085910851], [""F"", 0.281543140096133, 34.91404880886694], [""2"", 0.7321847751712909, 52.0], [""1"", 0.995007800603517, 75.0], [""0"", 0.2396800024861756, 13.0], [""88"", 0.7739387577252504, 59.5], [""5"", 0.38668654250253454, 27.0], [""1"", 0.9970451995148757, 66.0], [""6"", 0.994014544200045, 109.5], ["".13:"", 0.10536804050207138, 46.0], [""5"", 0.34564531263479026, 47.5], [""5"", 0.8992332188288152, 29.0], [""1"", 0.929059258762436, 63.99352791002369], [""1"", 0.9904348606547764, 51.99007438041998], ["":"", 0.770386117590661, 33.961723362137946]]",,,ml/output/tracks/best_frames/26_12-20/track_0518_r1.jpg,ml/output/tracks/best_frames_hires/26_12-20/track_0518_r1.jpg,98 2 7 1 :
26_12-20.mp4,519,53003,229,1153,419,1295,180,"Ёа
f
""
Ili
!
5
0 5 6 :","[[""Ёа"", 0.48109734495728523, 28.0], [""f"", 0.5554942943585708, 55.0], [""\"""", 0.1887994257465886, 46.0], [""Ili"", 0.524742841720581, 145.0], [""!"", 0.2700692469809418, 91.0], [""5"", 0.888473432753031, 22.0], [""0 5 6 :"", 0.39973606698744735, 23.0]]",,,ml/output/tracks/best_frames/26_12-20/track_0519_r0.jpg,ml/output/tracks/best_frames_hires/26_12-20/track_0519_r0.jpg,0 0 8 7
26_12-20.mp4,518,53153,217,276,428,574,180,"[н;ЛН
#
F
9
8
{
IIll
9
(
1
1
1","[[""[н;ЛН"", 0.23688354400088524, 22.0], [""#"", 0.949393301483159, 32.0], [""F"", 0.8469366338373199, 74.0], [""9"", 0.826997710981928, 45.0], [""8"", 0.8646051384985789, 69.0], [""{"", 0.19262465026092546, 32.0], [""IIll"", 0.28318363428115845, 83.0], [""9"", 0.3789373696250209, 28.0], [""("", 0.5383990131122687, 26.0], [""1"", 0.5575187707104448, 50.959608117560805], [""1"", 0.9516622086772806, 74.98149479085589], [""1"", 0.8825385769301306, 58.96991404929264]]",,,ml/output/tracks/best_frames/26_12-20/track_0518_r2.jpg,ml/output/tracks/best_frames_hires/26_12-20/track_0518_r2.jpg,3 : 35 3 --
26_12-20.mp4,519,53153,209,1056,436,1273,180,"""
I
6
[
1","[[""\"""", 0.9243132871459672, 30.0], [""I"", 0.9899527753412976, 95.0], [""6"", 0.473612262439449, 37.0], [""["", 0.29111742537256546, 87.0], [""1"", 0.8877674693255955, 95.97657785227781]]",,,ml/output/tracks/best_frames/26_12-20/track_0519_r2.jpg,ml/output/tracks/best_frames_hires/26_12-20/track_0519_r2.jpg,9 399
26_12-20.mp4,518,53303,183,411,432,750,0,"1
Il
{
8
:
0
'
0
@
1
!
0
86
7
6
.","[[""1"", 0.9885357876019185, 79.0], [""Il"", 0.7428181380074935, 145.0], [""{"", 0.9885059197796551, 32.0], [""8"", 0.5183784979188921, 67.0], ["":"", 0.8837832177715796, 57.0], [""0"", 0.21026556629989557, 172.0], [""'"", 0.5078411398757829, 57.0], [""0"", 0.9465674124493404, 46.95237412036792], [""@"", 0.16567595721570516, 26.856953381770495], [""1"", 0.9963738471899575, 82.98493046644285], [""!"", 0.48295150449918367, 62.973655330211045], [""0"", 0.3862289298272259, 15.0], [""86"", 0.14724161208022102, 76.0], [""7"", 0.11627264015823258, 152.5], [""6"", 0.08473637913211007, 14.0], [""."", 0.9322682815820826, 44.47846037620444]]",,,ml/output/tracks/best_frames/26_12-20/track_0518_r0.jpg,ml/output/tracks/best_frames_hires/26_12-20/track_0518_r0.jpg,:
26_12-20.mp4,523,53453,2336,1576,2642,2073,180,"2
#","[[""2"", 0.7814303985251172, 34.0], [""#"", 0.2878253822130752, 24.0]]",,,ml/output/tracks/best_frames/26_12-20/track_0523_r0.jpg,ml/output/tracks/best_frames_hires/26_12-20/track_0523_r0.jpg,6 7
26_12-20.mp4,519,53603,213,864,389,991,270,"а
=
53
49
1
495","[[""а"", 0.5144976533484282, 12.0], [""="", 0.15607732726306356, 21.0], [""53"", 0.7589000193224299, 16.0], [""49"", 0.9129005809765912, 40.0], [""1"", 0.9273315751332554, 26.0], [""495"", 0.6025705814388248, 44.0]]",,,ml/output/tracks/best_frames/26_12-20/track_0519_r1.jpg,ml/output/tracks/best_frames_hires/26_12-20/track_0519_r1.jpg,
26_12-20.mp4,528,53603,216,1028,428,1338,0,Jehh],"[[""Jehh]"", 0.12806273256858494, 26.0]]",,,ml/output/tracks/best_frames/26_12-20/track_0528_r2.jpg,ml/output/tracks/best_frames_hires/26_12-20/track_0528_r2.jpg,
26_12-20.mp4,528,53754,218,1072,429,1365,0,,[],,,ml/output/tracks/best_frames/26_12-20/track_0528_r1.jpg,ml/output/tracks/best_frames_hires/26_12-20/track_0528_r1.jpg,
26_12-20.mp4,523,53904,2301,1725,2592,2159,270,J3,"[[""J3"", 0.2129552957683001, 62.0]]",,,ml/output/tracks/best_frames/26_12-20/track_0523_r1.jpg,ml/output/tracks/best_frames_hires/26_12-20/track_0523_r1.jpg,
26_12-20.mp4,528,53904,227,1161,443,1476,0,'{],"[[""'{]"", 0.11946306635392176, 48.0]]",,,ml/output/tracks/best_frames/26_12-20/track_0528_r0.jpg,ml/output/tracks/best_frames_hires/26_12-20/track_0528_r0.jpg,
26_12-20.mp4,533,53904,241,1272,452,1582,90,"7
zс
1=
==
2 :
5
1
7
1  5","[[""7"", 0.7991071472264508, 28.0], [""zс"", 0.3843049074177136, 14.0], [""1="", 0.11154501461241596, 29.306839108203917], [""=="", 0.10748306139140235, 16.793822301370938], [""2 :"", 0.2489246891701787, 16.5], [""5"", 0.5589097988222989, 16.378268756621296], [""1"", 0.24399093968419638, 18.92229946910505], [""7"", 0.35678102413135093, 17.305477228532027], [""1  5"", 0.16668339502550628, 28.46445063171319]]",,,ml/output/tracks/best_frames/26_12-20/track_0533_r2.jpg,ml/output/tracks/best_frames_hires/26_12-20/track_0533_r2.jpg,0 0
26_12-20.mp4,533,54054,234,1237,449,1546,0,,[],,,ml/output/tracks/best_frames/26_12-20/track_0533_r1.jpg,ml/output/tracks/best_frames_hires/26_12-20/track_0533_r1.jpg,
26_12-20.mp4,536,54054,200,864,400,1089,270," .
7с
a
ес =
€
149
1:49","[["" ."", 0.8591975507216287, 8.0], [""7с"", 0.1357707177610439, 19.0], [""a"", 0.10547282577830686, 12.0], [""ес ="", 0.24806387697446414, 18.0], [""€"", 0.3156079252997337, 14.0], [""149"", 0.9982565781360729, 49.0], [""1:49"", 0.20041105151176453, 38.5]]",,,ml/output/tracks/best_frames/26_12-20/track_0536_r1.jpg,ml/output/tracks/best_frames_hires/26_12-20/track_0536_r1.jpg,1 5
26_12-20.mp4,523,54054,2300,1800,2583,2159,0,6,"[[""6"", 0.4216430984054256, 54.0]]",,,ml/output/tracks/best_frames/26_12-20/track_0523_r2.jpg,ml/output/tracks/best_frames_hires/26_12-20/track_0523_r2.jpg,
26_12-20.mp4,534,54054,256,1343,458,1654,90,"_
0 :
715
1-5","[[""_"", 0.3703207121816945, 18.957704261361187], [""0 :"", 0.3706468343734741, 15.5], [""715"", 0.10916984343595314, 16.89442719099992], [""1-5"", 0.8150400721887879, 27.9869795598176]]",,,ml/output/tracks/best_frames/26_12-20/track_0534_r1.jpg,ml/output/tracks/best_frames_hires/26_12-20/track_0534_r1.jpg,0 4 1
26_12-20.mp4,535,54204,2417,0,2689,301,180,"f,
8
C
8
8","[[""f,"", 0.1879799461604669, 34.0], [""8"", 0.9692505600044719, 164.0], [""C"", 0.26287634719901476, 24.0], [""8"", 0.9999431379772297, 123.5], [""8"", 0.4267363138235538, 51.0]]",,,ml/output/tracks/best_frames/26_12-20/track_0535_r0.jpg,ml/output/tracks/best_frames_hires/26_12-20/track_0535_r0.jpg,
26_12-20.mp4,540,54204,324,1698,575,1966,270,"е€
= -=
=
759
7529","[[""е€"", 0.570268309796017, 17.0], [""= -="", 0.3935587599348842, 37.29729729729729], [""="", 0.24164788776401824, 23.04290001890797], [""759"", 0.34145907057443137, 59.93877547342291], [""7529"", 0.31681546657738363, 59.93509672689561]]",,,ml/output/tracks/best_frames/26_12-20/track_0540_r0.jpg,ml/output/tracks/best_frames_hires/26_12-20/track_0540_r0.jpg,1
26_12-20.mp4,536,54204,197,864,406,1140,180,"I
0
d
1
{
1","[[""I"", 0.32395903280511007, 26.0], [""0"", 0.9898824415031413, 40.0], [""d"", 0.6942951097247629, 47.0], [""1"", 0.29988537786357483, 57.0], [""{"", 0.24064837787471394, 72.0], [""1"", 0.9167022322477045, 56.0]]",,,ml/output/tracks/best_frames/26_12-20/track_0536_r0.jpg,ml/output/tracks/best_frames_hires/26_12-20/track_0536_r0.jpg,4 1  .1
26_12-20.mp4,534,54204,247,1308,457,1619,0,,[],,,ml/output/tracks/best_frames/26_12-20/track_0534_r2.jpg,ml/output/tracks/best_frames_hires/26_12-20/track_0534_r2.jpg,
26_12-20.mp4,527,54204,2357,1462,2627,1828,0,"3
3","[[""3"", 0.9902293906549495, 160.97306514829575], [""3"", 0.8690279830148064, 153.49251534281757]]",,,ml/output/tracks/best_frames/26_12-20/track_0527_r1.jpg,ml/output/tracks/best_frames_hires/26_12-20/track_0527_r1.jpg,6
26_12-20.mp4,533,54204,223,1189,445,1523,0,"'
<
14i
{kh","[[""'"", 0.9092584758650588, 42.0], [""<"", 0.2603951813382679, 121.0], [""14i"", 0.16028763164415555, 34.0], [""{kh"", 0.14126528462142102, 65.79938405981352]]",,,ml/output/tracks/best_frames/26_12-20/track_0533_r0.jpg,ml/output/tracks/best_frames_hires/26_12-20/track_0533_r0.jpg,
26_12-20.mp4,527,54354,2345,1549,2618,1903,0,"3
3","[[""3"", 0.9901195465009813, 153.9703542212252], [""3"", 0.37375130025987247, 150.49141347330362]]",,,ml/output/tracks/best_frames/26_12-20/track_0527_r2.jpg,ml/output/tracks/best_frames_hires/26_12-20/track_0527_r2.jpg,
26_12-20.mp4,534,54354,230,1266,451,1589,0,"6
Мi
""keul
6
'","[[""6"", 0.20177582453392606, 64.0], [""Мi"", 0.4556649654746325, 32.0], [""\""keul"", 0.11446331175358117, 60.0], [""6"", 0.31771544658931816, 122.90376840176285], [""'"", 0.20145822152245785, 51.96116135138185]]",,,ml/output/tracks/best_frames/26_12-20/track_0534_r0.jpg,ml/output/tracks/best_frames_hires/26_12-20/track_0534_r0.jpg,
26_12-20.mp4,535,54354,2406,6,2689,399,90,56691,"[[""56691"", 0.9390246582496942, 75.0]]",,,ml/output/tracks/best_frames/26_12-20/track_0535_r1.jpg,ml/output/tracks/best_frames_hires/26_12-20/track_0535_r1.jpg,
26_12-20.mp4,543,54354,246,113,455,368,0,8,"[[""8"", 0.9038465547848809, 113.96463602171266]]",,,ml/output/tracks/best_frames/26_12-20/track_0543_r0.jpg,ml/output/tracks/best_frames_hires/26_12-20/track_0543_r0.jpg,
26_12-20.mp4,542,54354,268,1484,480,1801,270,"€
=","[[""€"", 0.28852099306718415, 14.0], [""="", 0.953653594591529, 36.345345587992625]]",,,ml/output/tracks/best_frames/26_12-20/track_0542_r0.jpg,ml/output/tracks/best_frames_hires/26_12-20/track_0542_r0.jpg,0 0 51
26_12-20.mp4,540,54354,331,1742,572,2011,270,"==
5 z
==
2=
=ее
з9
730","[[""=="", 0.12379702061018286, 18.0], [""5 z"", 0.20673251152038574, 14.0], [""=="", 0.19936019718879575, 39.38450972188684], [""2="", 0.207046872761129, 16.831519520535608], [""=ее"", 0.23140222897314341, 43.36694982320586], [""з9"", 0.6179055182332153, 58.71575256047538], [""730"", 0.162432705896565, 57.98499568454652]]",,,ml/output/tracks/best_frames/26_12-20/track_0540_r1.jpg,ml/output/tracks/best_frames_hires/26_12-20/track_0540_r1.jpg,95
26_12-20.mp4,544,54504,278,1559,499,1869,270,5,"[[""5"", 0.2832279354892222, 14.0]]",,,ml/output/tracks/best_frames/26_12-20/track_0544_r0.jpg,ml/output/tracks/best_frames_hires/26_12-20/track_0544_r0.jpg,0 1
26_12-20.mp4,543,54504,226,197,442,469,270,39,"[[""39"", 0.643042941591262, 49.78244971748296]]",,,ml/output/tracks/best_frames/26_12-20/track_0543_r1.jpg,ml/output/tracks/best_frames_hires/26_12-20/track_0543_r1.jpg,
26_12-20.mp4,542,54504,264,1459,471,1760,0,"'""hul","[[""'\""hul"", 0.20115354656491996, 57.0]]",,,ml/output/tracks/best_frames/26_12-20/track_0542_r1.jpg,ml/output/tracks/best_frames_hires/26_12-20/track_0542_r1.jpg,
26_12-20.mp4,547,54655,2364,1258,2649,1628,270,"2243""
2243","[[""2243\"""", 0.7305133681543154, 76.0], [""2243"", 0.9995517134666443, 69.0]]",,,ml/output/tracks/best_frames/26_12-20/track_0547_r0.jpg,ml/output/tracks/best_frames_hires/26_12-20/track_0547_r0.jpg,6 9:
26_12-20.mp4,544,54655,269,1530,482,1829,0,"""hol]|","[[""\""hol]|"", 0.05387473332301005, 63.0]]",,,ml/output/tracks/best_frames/26_12-20/track_0544_r1.jpg,ml/output/tracks/best_frames_hires/26_12-20/track_0544_r1.jpg,
26_12-20.mp4,545,54655,2400,183,2685,574,180,"8
U
7
5","[[""8"", 0.8703783898550341, 208.0], [""U"", 0.7572674010646097, 20.0], [""7"", 0.5848577930395358, 24.0], [""5"", 0.9573835321694482, 45.0]]",,,ml/output/tracks/best_frames/26_12-20/track_0545_r0.jpg,ml/output/tracks/best_frames_hires/26_12-20/track_0545_r0.jpg,
26_12-20.mp4,527,54655,2327,1630,2587,2052,270,2243,"[[""2243"", 0.8935896754264832, 76.0]]",,,ml/output/tracks/best_frames/26_12-20/track_0527_r0.jpg,ml/output/tracks/best_frames_hires/26_12-20/track_0527_r0.jpg,2 6
26_12-20.mp4,547,54805,2353,1295,2641,1694,180,"1
'","[[""1"", 0.40763769220180635, 32.0], [""'"", 0.5164113666865546, 173.97720276067162]]",,,ml/output/tracks/best_frames/26_12-20/track_0547_r1.jpg,ml/output/tracks/best_frames_hires/26_12-20/track_0547_r1.jpg,6 4
26_12-20.mp4,550,54805,2343,1469,2614,1796,180,"1
8","[[""1"", 0.6659190106458936, 30.0], [""8"", 0.10513691108935408, 170.97633693863986]]",,,ml/output/tracks/best_frames/26_12-20/track_0550_r1.jpg,ml/output/tracks/best_frames_hires/26_12-20/track_0550_r1.jpg,1 51  5
26_12-20.mp4,548,54805,2412,292,2705,684,270,"75
1699-
75 - -
1699-","[[""75"", 0.6397053193055051, 30.0], [""1699-"", 0.694400751050697, 62.0], [""75 - -"", 0.6685810179292343, 28.5], [""1699-"", 0.6153752740531527, 60.0]]",,,ml/output/tracks/best_frames/26_12-20/track_0548_r0.jpg,ml/output/tracks/best_frames_hires/26_12-20/track_0548_r0.jpg,414 9
26_12-20.mp4,545,54805,2411,142,2708,531,180,"8
F,
9","[[""8"", 0.9929240198723086, 174.0], [""F,"", 0.2709443488393953, 44.0], [""9"", 0.5109175673766373, 58.0]]",,,ml/output/tracks/best_frames/26_12-20/track_0545_r1.jpg,ml/output/tracks/best_frames_hires/26_12-20/track_0545_r1.jpg,8
26_12-20.mp4,544,54805,283,1600,498,1903,0,,[],,,ml/output/tracks/best_frames/26_12-20/track_0544_r2.jpg,ml/output/tracks/best_frames_hires/26_12-20/track_0544_r2.jpg,
26_12-20.mp4,551,54805,306,1700,527,2012,90,"5е
5 2","[[""5е"", 0.48852307981740933, 66.71441144888973], [""5 2"", 0.42097344994544983, 54.491409389414514]]",,,ml/output/tracks/best_frames/26_12-20/track_0551_r2.jpg,ml/output/tracks/best_frames_hires/26_12-20/track_0551_r2.jpg,6
26_12-20.mp4,525,54955,193,474,405,787,270,9,"[[""9"", 0.9999849796859195, 42.0]]",,,ml/output/tracks/best_frames/26_12-20/track_0525_r2.jpg,ml/output/tracks/best_frames_hires/26_12-20/track_0525_r2.jpg,
26_12-20.mp4,548,54955,2414,279,2710,666,180,"8
0","[[""8"", 0.8728106949860468, 219.0], [""0"", 0.8131933176061104, 30.0]]",,,ml/output/tracks/best_frames/26_12-20/track_0548_r1.jpg,ml/output/tracks/best_frames_hires/26_12-20/track_0548_r1.jpg,0 50
26_12-20.mp4,550,54955,2335,1416,2638,1793,90,Crzc,"[[""Crzc"", 0.39526376128196716, 77.0]]",,,ml/output/tracks/best_frames/26_12-20/track_0550_r0.jpg,ml/output/tracks/best_frames_hires/26_12-20/track_0550_r0.jpg,6 9
26_12-20.mp4,554,55105,2317,1984,2570,2159,0,,[],,,ml/output/tracks/best_frames/26_12-20/track_0554_r1.jpg,ml/output/tracks/best_frames_hires/26_12-20/track_0554_r1.jpg,
26_12-20.mp4,548,55105,2416,364,2712,738,270,"7ge
1€
5-.1 6","[[""7ge"", 0.2115578883144264, 32.0], [""1€"", 0.9439770925641882, 63.0], [""5-.1 6"", 0.2521381560190817, 60.0]]",,,ml/output/tracks/best_frames/26_12-20/track_0548_r2.jpg,ml/output/tracks/best_frames_hires/26_12-20/track_0548_r2.jpg,0
26_12-20.mp4,525,55105,185,584,391,899,0,,[],,,ml/output/tracks/best_frames/26_12-20/track_0525_r0.jpg,ml/output/tracks/best_frames_hires/26_12-20/track_0525_r0.jpg,
26_12-20.mp4,555,55105,210,135,453,448,270,"51399
1
399
5","[[""51399"", 0.605629410426391, 77.8935913536485], [""1"", 0.9998166645164162, 32.0], [""399"", 0.9959705294747689, 66.45563066782759], [""5"", 0.42190942197477455, 27.347100993557092]]",,,ml/output/tracks/best_frames/26_12-20/track_0555_r0.jpg,ml/output/tracks/best_frames_hires/26_12-20/track_0555_r0.jpg,8
26_12-20.mp4,551,55105,304,1729,532,2052,0,,[],,,ml/output/tracks/best_frames/26_12-20/track_0551_r0.jpg,ml/output/tracks/best_frames_hires/26_12-20/track_0551_r0.jpg,21
26_12-20.mp4,525,55255,186,687,378,996,0,,[],,,ml/output/tracks/best_frames/26_12-20/track_0525_r1.jpg,ml/output/tracks/best_frames_hires/26_12-20/track_0525_r1.jpg,
26_12-20.mp4,551,55255,320,1815,539,2119,0,,[],,,ml/output/tracks/best_frames/26_12-20/track_0551_r1.jpg,ml/output/tracks/best_frames_hires/26_12-20/track_0551_r1.jpg,
26_12-20.mp4,555,55255,215,145,441,468,270,"23
139
139","[[""23"", 0.8405259445093951, 36.0], [""139"", 0.9931465502371031, 57.78980419737604], [""139"", 0.9999527858457565, 52.0]]",,,ml/output/tracks/best_frames/26_12-20/track_0555_r1.jpg,ml/output/tracks/best_frames_hires/26_12-20/track_0555_r1.jpg,0
26_12-20.mp4,552,55255,2325,1629,2616,1996,270,"2245
2285","[[""2245"", 0.7693954669160333, 64.0], [""2285"", 0.5058708190917969, 59.5]]",,,ml/output/tracks/best_frames/26_12-20/track_0552_r1.jpg,ml/output/tracks/best_frames_hires/26_12-20/track_0552_r1.jpg,8
26_12-20.mp4,554,55255,2306,1804,2590,2122,270,2245,"[[""2245"", 0.826007090073748, 65.0]]",,,ml/output/tracks/best_frames/26_12-20/track_0554_r0.jpg,ml/output/tracks/best_frames_hires/26_12-20/track_0554_r0.jpg,
26_12-20.mp4,552,55405,2320,1692,2617,2081,0,,[],,,ml/output/tracks/best_frames/26_12-20/track_0552_r0.jpg,ml/output/tracks/best_frames_hires/26_12-20/track_0552_r0.jpg,
26_12-20.mp4,555,55405,203,222,427,537,270,"з
13
13
5
11:
2","[[""з"", 0.5729170284215712, 45.736596298101176], [""13"", 0.9533935650551922, 46.74931092835237], [""13"", 0.9991865784610992, 43.0], [""5"", 0.2500130535875975, 18.0], [""11:"", 0.3161756992340088, 24.891224858741467], [""2"", 0.4551248945973043, 34.44731066042215]]",,,ml/output/tracks/best_frames/26_12-20/track_0555_r2.jpg,ml/output/tracks/best_frames_hires/26_12-20/track_0555_r2.jpg,6
26_12-20.mp4,538,55405,179,460,412,765,270,"1399
 
3995
56","[[""1399"", 0.9130992293357849, 71.87241120712645], ["" "", 0.6251936999777321, 26.0], [""3995"", 0.9681666493415833, 49.5], [""56"", 0.0803520743424006, 19.0]]",,,ml/output/tracks/best_frames/26_12-20/track_0538_r2.jpg,ml/output/tracks/best_frames_hires/26_12-20/track_0538_r2.jpg,
26_12-20.mp4,560,55405,2351,1319,2657,1685,0,,[],,,ml/output/tracks/best_frames/26_12-20/track_0560_r1.jpg,ml/output/tracks/best_frames_hires/26_12-20/track_0560_r1.jpg,
26_12-20.mp4,561,55405,252,1518,465,1817,270,"729
27","[[""729"", 0.7675281095817138, 55.53978328659156], [""27"", 0.5634999246382315, 23.283005446562612]]",,,ml/output/tracks/best_frames/26_12-20/track_0561_r0.jpg,ml/output/tracks/best_frames_hires/26_12-20/track_0561_r0.jpg,4 0
26_12-20.mp4,561,55555,238,1497,459,1792,270,72,"[[""72"", 0.5628379092981478, 39.904748240735785]]",,,ml/output/tracks/best_frames/26_12-20/track_0561_r1.jpg,ml/output/tracks/best_frames_hires/26_12-20/track_0561_r1.jpg,
26_12-20.mp4,538,55555,179,541,408,864,90,"е66€
иь","[[""е66€"", 0.6365772485733032, 61.82006446980648], [""иь"", 0.4038826614525361, 69.86393923832145]]",,,ml/output/tracks/best_frames/26_12-20/track_0538_r1.jpg,ml/output/tracks/best_frames_hires/26_12-20/track_0538_r1.jpg,
26_12-20.mp4,560,55555,2339,1383,2656,1776,90,"73
12","[[""73"", 0.16807072605063994, 20.0], [""12"", 0.15078514983219243, 18.0]]",,,ml/output/tracks/best_frames/26_12-20/track_0560_r0.jpg,ml/output/tracks/best_frames_hires/26_12-20/track_0560_r0.jpg,2
26_12-20.mp4,560,55706,2331,1420,2655,1820,0,,[],,,ml/output/tracks/best_frames/26_12-20/track_0560_r2.jpg,ml/output/tracks/best_frames_hires/26_12-20/track_0560_r2.jpg,
26_12-20.mp4,538,55706,171,638,398,956,270,"7 =
""399 s
9
399 
1","[[""7 ="", 0.552818483011114, 18.0], [""\""399 s"", 0.5111652495623772, 64.0], [""9"", 0.323360051426139, 26.0], [""399 "", 0.8521544444037212, 40.5], [""1"", 0.19037171550650456, 18.0]]",,,ml/output/tracks/best_frames/26_12-20/track_0538_r0.jpg,ml/output/tracks/best_frames_hires/26_12-20/track_0538_r0.jpg,
26_12-20.mp4,552,55706,2301,1831,2602,2159,0,,[],,,ml/output/tracks/best_frames/26_12-20/track_0552_r2.jpg,ml/output/tracks/best_frames_hires/26_12-20/track_0552_r2.jpg,
26_12-20.mp4,565,55706,237,0,456,283,270,"4223
1223 ","[[""4223"", 0.9971867203712463, 62.87095928079927], [""1223 "", 0.4743647246161507, 58.0]]",,,ml/output/tracks/best_frames/26_12-20/track_0565_r2.jpg,ml/output/tracks/best_frames_hires/26_12-20/track_0565_r2.jpg,15
26_12-20.mp4,565,55856,223,37,445,380,270,"1

5 -
4223
1223 -","[[""1"", 0.243315331925956, 16.0], ["""", 0.0, 12.0], [""5 -"", 0.3440110524754729, 20.76983644476394], [""4223"", 0.9232262372970581, 58.85050999741725], [""1223 -"", 0.781298027468625, 56.5]]",,,ml/output/tracks/best_frames/26_12-20/track_0565_r1.jpg,ml/output/tracks/best_frames_hires/26_12-20/track_0565_r1.jpg,6
26_12-20.mp4,561,55856,265,1632,490,1938,270,"377
20
 5","[[""377"", 0.40359894795965245, 67.58769875490663], [""20"", 0.1261645798859132, 15.823356550216332], ["" 5"", 0.31645276676875134, 22.292188758644812]]",,,ml/output/tracks/best_frames/26_12-20/track_0561_r2.jpg,ml/output/tracks/best_frames_hires/26_12-20/track_0561_r2.jpg,1
26_12-20.mp4,553,55856,348,1902,569,2159,270,"772 7
77 -
5","[[""772 7"", 0.22976767040224982, 66.47082769657843], [""77 -"", 0.32565228940409385, 62.87698691253913], [""5"", 0.7539006245538395, 23.40513021988859]]",,,ml/output/tracks/best_frames/26_12-20/track_0553_r2.jpg,ml/output/tracks/best_frames_hires/26_12-20/track_0553_r2.jpg,58
26_12-20.mp4,564,56006,182,864,402,1143,270,"=
~_ =
i
5; -
== -
я ~ =
1399
=-
7
- 13-
1399 ","[[""="", 0.4842216766576257, 15.0], [""~_ ="", 0.4216705921725328, 18.0], [""i"", 0.2488489615485543, 12.0], [""5; -"", 0.2649715702863237, 12.0], [""== -"", 0.4434358391289655, 17.0], [""я ~ ="", 0.17895866472890923, 16.0], [""1399"", 0.9879684448242188, 55.0], [""=-"", 0.17365693994998738, 16.0], [""7"", 0.9739397900535209, 19.748314552243073], [""- 13-"", 0.14870113562409223, 15.0], [""1399 "", 0.89139122556497, 44.0]]",,,ml/output/tracks/best_frames/26_12-20/track_0564_r1.jpg,ml/output/tracks/best_frames_hires/26_12-20/track_0564_r1.jpg,
26_12-20.mp4,565,56006,213,125,432,454,0,"{
1
""
6
9
т
1
4
8","[[""{"", 0.9818488690652885, 42.0], [""1"", 0.9303609922106695, 57.0], [""\"""", 0.9874262403884728, 30.0], [""6"", 0.24485957254229618, 167.0], [""9"", 0.49106157994584976, 30.0], [""т"", 0.6181017033089944, 42.94304067756627], [""1"", 0.7619111385574797, 118.98496235278276], [""4"", 0.6983319866849911, 34.0], [""8"", 0.12948521572300198, 215.5]]",,,ml/output/tracks/best_frames/26_12-20/track_0565_r0.jpg,ml/output/tracks/best_frames_hires/26_12-20/track_0565_r0.jpg,0
26_12-20.mp4,572,56006,196,1152,416,1466,0,,[],,,ml/output/tracks/best_frames/26_12-20/track_0572_r2.jpg,ml/output/tracks/best_frames_hires/26_12-20/track_0572_r2.jpg,
26_12-20.mp4,573,56006,176,623,407,1050,270,"=
~_ =
n _
== -
7 -
=
5€
7-=
1399
71.
1399 
7
52","[[""="", 0.8275956904266799, 15.0], [""~_ ="", 0.4413418583800361, 18.0], [""n _"", 0.20396406768610223, 14.0], [""== -"", 0.4025671708844975, 17.0], [""7 -"", 0.26730238618816704, 20.0], [""="", 0.4156367715513767, 16.0], [""5€"", 0.21874522251715922, 14.0], [""7-="", 0.2963293790817261, 20.0], [""1399"", 0.9865922927856445, 55.0], [""71."", 0.3119391508173989, 14.0], [""1399 "", 0.5338516587238744, 43.0], [""7"", 0.8346029330362548, 26.126097912093627], [""52"", 0.15761243983222645, 27.915921678950426]]",,,ml/output/tracks/best_frames/26_12-20/track_0573_r0.jpg,ml/output/tracks/best_frames_hires/26_12-20/track_0573_r0.jpg,0
26_12-20.mp4,563,56006,2337,1522,2636,1898,270,9в,"[[""9в"", 0.612319351540645, 54.0]]",,,ml/output/tracks/best_frames/26_12-20/track_0563_r2.jpg,ml/output/tracks/best_frames_hires/26_12-20/track_0563_r2.jpg,
26_12-20.mp4,571,56006,2437,209,2710,602,180,{R},"[[""{R}"", 0.21576478147320174, 50.0]]",,,ml/output/tracks/best_frames/26_12-20/track_0571_r1.jpg,ml/output/tracks/best_frames_hires/26_12-20/track_0571_r1.jpg,
26_12-20.mp4,553,56006,337,1910,574,2159,90,5:,"[[""5:"", 0.4747813463220574, 58.806960270329455]]",,,ml/output/tracks/best_frames/26_12-20/track_0553_r0.jpg,ml/output/tracks/best_frames_hires/26_12-20/track_0553_r0.jpg,
26_12-20.mp4,535,56006,2427,58,2697,467,0,"8
4","[[""8"", 0.9898788833652503, 81.0], [""4"", 0.31872973905123914, 36.0]]",,,ml/output/tracks/best_frames/26_12-20/track_0535_r2.jpg,ml/output/tracks/best_frames_hires/26_12-20/track_0535_r2.jpg,
26_12-20.mp4,564,56156,184,866,412,1188,270,"=> = 
=- =
~m
# _
1399*
е
1 =
11
-71 -
1399 ","[[""=> = "", 0.11539367904641577, 24.0], [""=- ="", 0.22993092070035487, 18.0], [""~m"", 0.1234991000222777, 14.0], [""# _"", 0.31909239200413037, 17.0], [""1399*"", 0.418906387629551, 50.0], [""е"", 0.052803130048406643, 13.53644255919474], [""1 ="", 0.18616068363189697, 16.664100588675694], [""11"", 0.722740439264798, 26.66828022501295], [""-71 -"", 0.5023173534328703, 20.0], [""1399 "", 0.5132515875993139, 42.0]]",,,ml/output/tracks/best_frames/26_12-20/track_0564_r0.jpg,ml/output/tracks/best_frames_hires/26_12-20/track_0564_r0.jpg,
26_12-20.mp4,553,56156,348,1940,576,2159,270," 5
555
20","[["" 5"", 0.745112680629137, 70.66326300361385], [""555"", 0.16967512479593108, 22.0], [""20"", 0.26324514934939086, 16.895383783317868]]",,,ml/output/tracks/best_frames/26_12-20/track_0553_r1.jpg,ml/output/tracks/best_frames_hires/26_12-20/track_0553_r1.jpg,6
26_12-20.mp4,568,56156,2434,0,2703,266,0,"8
4","[[""8"", 0.9999995231628986, 145.0], [""4"", 0.8544483096617483, 36.0]]",,,ml/output/tracks/best_frames/26_12-20/track_0568_r2.jpg,ml/output/tracks/best_frames_hires/26_12-20/track_0568_r2.jpg,
26_12-20.mp4,573,56156,181,621,390,933,270,"5
е
3
","[[""5"", 0.8719608110286714, 12.0], [""е"", 0.2103316865045466, 16.664100588675694], [""3"", 0.999999880790714, 40.0], ["""", 0.0, 27.91592167895041]]",,,ml/output/tracks/best_frames/26_12-20/track_0573_r2.jpg,ml/output/tracks/best_frames_hires/26_12-20/track_0573_r2.jpg,
26_12-20.mp4,564,56306,186,962,414,1264,270,"= =
и
2 _
5
1€
73995
2173993","[[""= ="", 0.7297369690595251, 19.0], [""и"", 0.09401206068605816, 14.0], [""2 _"", 0.10911330743011317, 17.0], [""5"", 0.17977238182362498, 14.0], [""1€"", 0.13170322440529983, 20.0], [""73995"", 0.7286091196111161, 44.0], [""2173993"", 0.3840784141646403, 39.0]]",,,ml/output/tracks/best_frames/26_12-20/track_0564_r2.jpg,ml/output/tracks/best_frames_hires/26_12-20/track_0564_r2.jpg,
26_12-20.mp4,563,56306,2304,1685,2600,2096,0,(9,"[[""(9"", 0.9767573678814773, 54.0]]",,,ml/output/tracks/best_frames/26_12-20/track_0563_r1.jpg,ml/output/tracks/best_frames_hires/26_12-20/track_0563_r1.jpg,
26_12-20.mp4,568,56306,2430,1,2698,331,0,"8
""","[[""8"", 0.986259660670985, 188.0], [""\"""", 0.9765824915694452, 76.0]]",,,ml/output/tracks/best_frames/26_12-20/track_0568_r0.jpg,ml/output/tracks/best_frames_hires/26_12-20/track_0568_r0.jpg,5
26_12-20.mp4,571,56306,2398,318,2699,695,270,9,"[[""9"", 0.9869397955078831, 42.0]]",,,ml/output/tracks/best_frames/26_12-20/track_0571_r2.jpg,ml/output/tracks/best_frames_hires/26_12-20/track_0571_r2.jpg,
26_12-20.mp4,573,56306,183,706,387,1002,0,U,"[[""U"", 0.9207976737827472, 26.0]]",,,ml/output/tracks/best_frames/26_12-20/track_0573_r1.jpg,ml/output/tracks/best_frames_hires/26_12-20/track_0573_r1.jpg,
26_12-20.mp4,577,56456,175,876,396,1175,270,"==
2 _
5
 =
7399
1:","[[""=="", 0.21582881006319948, 13.0], [""2 _"", 0.09589003450455588, 12.0], [""5"", 0.8472930006534831, 12.0], ["" ="", 0.9028512535005788, 14.0], [""7399"", 0.7895253896713257, 42.0], [""1:"", 0.1469067770336408, 32.41934955049953]]",,,ml/output/tracks/best_frames/26_12-20/track_0577_r0.jpg,ml/output/tracks/best_frames_hires/26_12-20/track_0577_r0.jpg,8
26_12-20.mp4,563,56456,2301,1751,2591,2136,180,"0
0","[[""0"", 0.9324411718790913, 66.0], [""0"", 0.9272346896463581, 58.0]]",,,ml/output/tracks/best_frames/26_12-20/track_0563_r0.jpg,ml/output/tracks/best_frames_hires/26_12-20/track_0563_r0.jpg,
26_12-20.mp4,572,56456,220,1333,447,1672,0,,[],,,ml/output/tracks/best_frames/26_12-20/track_0572_r1.jpg,ml/output/tracks/best_frames_hires/26_12-20/track_0572_r1.jpg,
26_12-20.mp4,568,56456,2419,12,2684,407,180,"€
8
9
8","[[""€"", 0.4491777740900602, 36.0], [""8"", 0.9775931683709906, 173.0], [""9"", 0.41212950972807505, 74.5], [""8"", 0.6576675207318807, 74.0]]",,,ml/output/tracks/best_frames/26_12-20/track_0568_r1.jpg,ml/output/tracks/best_frames_hires/26_12-20/track_0568_r1.jpg,99
26_12-20.mp4,572,56606,224,1367,454,1702,270,"19s
797","[[""19s"", 0.13187019659913293, 38.0], [""797"", 0.5885574114221729, 44.0]]",,,ml/output/tracks/best_frames/26_12-20/track_0572_r0.jpg,ml/output/tracks/best_frames_hires/26_12-20/track_0572_r0.jpg,
26_12-20.mp4,585,56606,2422,134,2684,496,0,"$
11
0
8
6
6","[[""$"", 0.6100278776989967, 82.0], [""11"", 0.3794986271192945, 24.0], [""0"", 0.5018472120402215, 54.0], [""8"", 0.9998747149610132, 175.0], [""6"", 0.6510783190049132, 38.0], [""6"", 0.975777812074341, 124.594196717306]]",,,ml/output/tracks/best_frames/26_12-20/track_0585_r0.jpg,ml/output/tracks/best_frames_hires/26_12-20/track_0585_r0.jpg,
26_12-20.mp4,577,56606,179,963,406,1258,270,"€-
2
#; 
=
1 1
25 €
1
399
1 -
4","[[""€-"", 0.3112252522208539, 14.0], [""2"", 0.07179796824431506, 14.0], [""#; "", 0.11595351994037628, 18.0], [""="", 0.9784191131530839, 12.0], [""1 1"", 0.3559882938861847, 8.0], [""25 €"", 0.34619448995343527, 16.0], [""1"", 0.8688794100382893, 32.0], [""399"", 0.7236513460975587, 51.0], [""1 -"", 0.46116727422527765, 12.5], [""4"", 0.3133110105932282, 18.0]]",,,ml/output/tracks/best_frames/26_12-20/track_0577_r1.jpg,ml/output/tracks/best_frames_hires/26_12-20/track_0577_r1.jpg,8
26_12-20.mp4,585,56757,2420,212,2684,585,0,"$
0
8
{
6","[[""$"", 0.23259530735793366, 60.0], [""0"", 0.8351194430906936, 58.0], [""8"", 0.9995930608937584, 179.0], [""{"", 0.5125452460451676, 46.0], [""6"", 0.9101016633445767, 126.19934735556618]]",,,ml/output/tracks/best_frames/26_12-20/track_0585_r1.jpg,ml/output/tracks/best_frames_hires/26_12-20/track_0585_r1.jpg,1
26_12-20.mp4,571,56757,2401,659,2683,1055,0,TUkll],"[[""TUkll]"", 0.08518068231802065, 28.0]]",,,ml/output/tracks/best_frames/26_12-20/track_0571_r0.jpg,ml/output/tracks/best_frames_hires/26_12-20/track_0571_r0.jpg,
26_12-20.mp4,577,56757,171,1015,410,1272,270,"1i
139","[[""1i"", 0.1106954718569386, 20.0], [""139"", 0.7970992273133558, 43.0]]",,,ml/output/tracks/best_frames/26_12-20/track_0577_r2.jpg,ml/output/tracks/best_frames_hires/26_12-20/track_0577_r2.jpg,6
26_12-20.mp4,583,56757,233,1434,463,1783,0,(,"[[""("", 0.7038838719295235, 54.0]]",,,ml/output/tracks/best_frames/26_12-20/track_0583_r1.jpg,ml/output/tracks/best_frames_hires/26_12-20/track_0583_r1.jpg,
26_12-20.mp4,583,56907,257,1523,469,1842,270,"9*
193","[[""9*"", 0.5098895365396832, 43.0], [""193"", 0.6718934065897527, 49.94885351495958]]",,,ml/output/tracks/best_frames/26_12-20/track_0583_r2.jpg,ml/output/tracks/best_frames_hires/26_12-20/track_0583_r2.jpg,
26_12-20.mp4,583,57057,261,1554,483,1876,90,66,"[[""66"", 0.8290468234870081, 50.0]]",,,ml/output/tracks/best_frames/26_12-20/track_0583_r0.jpg,ml/output/tracks/best_frames_hires/26_12-20/track_0583_r0.jpg,
26_12-20.mp4,600,57357,164,621,388,935,180,"4
6
N
'
1
6
#IIl
!","[[""4"", 0.10679344091443355, 51.0], [""6"", 0.4085805667355089, 44.0], [""N"", 0.9974619777315183, 60.0], [""'"", 0.9970196075756235, 62.0], [""1"", 0.941623826040555, 108.0], [""6"", 0.21086192556049355, 26.0], [""#IIl"", 0.22647184133529663, 58.0], [""!"", 0.9600075451364773, 80.0]]",,,ml/output/tracks/best_frames/26_12-20/track_0600_r0.jpg,ml/output/tracks/best_frames_hires/26_12-20/track_0600_r0.jpg,5 1 68 9 8 1 0 4 :
26_12-20.mp4,600,57507,166,589,391,895,90,"Wsc
0 {ныuци
е
аз
чыmао
quauчra яча
5 0лА1э ачив
215
:
5090
4..1-:49:
5 07:19 /-4:","[[""Wsc"", 0.5775673781019492, 18.0], [""0 {ныuци"", 0.2783435262547519, 16.0], [""е"", 0.2885713886537502, 14.0], [""аз"", 0.7275840991432896, 14.0], [""чыmао"", 0.17757080354639213, 14.0], [""quauчra яча"", 0.09033832067059311, 16.0], [""5 0лА1э ачив"", 0.41554215401457983, 18.0], [""215"", 0.1883082217926592, 12.0], ["":"", 0.13616228868217206, 9.5], [""5090"", 0.05012168735265732, 8.5], [""4..1-:49:"", 0.10510952485134106, 15.0], [""5 07:19 /-4:"", 0.1254863365633155, 19.0]]",,,ml/output/tracks/best_frames/26_12-20/track_0600_r1.jpg,ml/output/tracks/best_frames_hires/26_12-20/track_0600_r1.jpg,8  : 0 4 6 0
26_12-20.mp4,596,57657,197,1133,405,1435,270,"вдtа =IA
Пдам
~an
Длту Лэ 9 сорг
Er (Италяы}
ПЕпуент
7т%)
3
55
3
TRtscA
16
55
3
1-5--","[[""вдtа =IA"", 0.11951216436937305, 18.0], [""Пдам"", 0.18440869450569153, 14.0], [""~an"", 0.14604242568796844, 12.0], [""Длту Лэ 9 сорг"", 0.1257934700984768, 14.0], [""Er (Италяы}"", 0.24705138689416112, 19.0], [""ПЕпуент"", 0.07187734224394675, 14.0], [""7т%)"", 0.5553924441337585, 24.0], [""3"", 0.9999996423721633, 36.0], [""55"", 0.8974690129039778, 14.0], [""3"", 0.9998621988088985, 30.0], [""TRtscA"", 0.5522115513909687, 48.84404816223514], [""16"", 0.2406100006454523, 12.0], [""55"", 0.979016011402083, 18.5], [""3"", 0.9999984502798362, 34.0], [""1-5--"", 0.11527934652822297, 47.45692075240885]]",,,ml/output/tracks/best_frames/26_12-20/track_0596_r2.jpg,ml/output/tracks/best_frames_hires/26_12-20/track_0596_r2.jpg,5 3 9 4 4 0 4
26_12-20.mp4,588,57657,2397,864,2678,1227,270,23,"[[""23"", 0.18699416835787702, 24.0]]",,,ml/output/tracks/best_frames/26_12-20/track_0588_r2.jpg,ml/output/tracks/best_frames_hires/26_12-20/track_0588_r2.jpg,1 5
26_12-20.mp4,588,57808,2397,864,2679,1227,270,93,"[[""93"", 0.8915564050605637, 20.0]]",,,ml/output/tracks/best_frames/26_12-20/track_0588_r0.jpg,ml/output/tracks/best_frames_hires/26_12-20/track_0588_r0.jpg,1
26_12-20.mp4,596,57958,198,1134,404,1434,270,"вдэ sEIA
При
ап
Длуляя сouг
F} т
(Италин)
Папин
71%
35
59
3
""REscA
89
3
 5- 
77","[[""вдэ sEIA"", 0.13477267794019884, 18.0], [""При"", 0.3173123096171852, 12.0], [""ап"", 0.13446573122126332, 8.0], [""Длуляя сouг"", 0.22995164218879577, 14.0], [""F} т"", 0.4921857714653015, 14.0], [""(Италин)"", 0.5497643145413652, 19.0], [""Папин"", 0.3351754331094487, 16.0], [""71%"", 0.42343165608352773, 24.0], [""35"", 0.45181239480426416, 42.0], [""59"", 0.7130388603689937, 16.0], [""3"", 0.9999850988943173, 30.0], [""\""REscA"", 0.45430475736662224, 48.84404816223514], [""89"", 0.5073024885869478, 18.5], [""3"", 1.0, 34.0], ["" 5- "", 0.07116655260324478, 46.45479139932861], [""77"", 0.24763320656916837, 31.3373412826452]]",,,ml/output/tracks/best_frames/26_12-20/track_0596_r1.jpg,ml/output/tracks/best_frames_hires/26_12-20/track_0596_r1.jpg,8 2 4 0 6 4 4 2 8
26_12-20.mp4,588,57958,2400,864,2678,1227,0,0,"[[""0"", 0.9978506206173279, 22.0]]",,,ml/output/tracks/best_frames/26_12-20/track_0588_r1.jpg,ml/output/tracks/best_frames_hires/26_12-20/track_0588_r1.jpg,
26_12-20.mp4,596,58108,199,1136,403,1434,270,"Вяхь sELA
Явч
Тмнu
Апулия соpт
сут (Италлч)
Полгн-а
1f7
71%
13
и
Е7
99
TEsce
894
99
3
1
-:--
70","[[""Вяхь sELA"", 0.26864889327375824, 16.0], [""Явч"", 0.1982930726047939, 14.0], [""Тмнu"", 0.06638411432504654, 8.0], [""Апулия соpт"", 0.4130368048290429, 18.0], [""сут (Италлч)"", 0.2795202177933111, 18.0], [""Полгн-а"", 0.2657626564484255, 14.0], [""1f7"", 0.16437788574085108, 24.0], [""71%"", 0.5666119249411959, 24.0], [""13"", 0.9991901179544981, 42.0], [""и"", 0.7251369675385746, 14.0], [""Е7"", 0.1642951446340041, 16.0], [""99"", 0.8565457953922946, 18.12462004281457], [""TEsce"", 0.3538770732616907, 47.83683728811218], [""894"", 0.21469872464507944, 18.5], [""99"", 0.9934595281116025, 15.0], [""3"", 1.0, 33.0], [""1"", 0.9989971054039906, 13.0], [""-:--"", 0.42756953835487366, 47.45692075240885], [""70"", 0.21339931494813405, 31.85511864688722]]",,,ml/output/tracks/best_frames/26_12-20/track_0596_r0.jpg,ml/output/tracks/best_frames_hires/26_12-20/track_0596_r0.jpg,8 : 3 9 0 0 4: 8
26_12-20.mp4,603,58859,199,1135,403,1435,270,"87хо ~ELA
Прнъ
мнa
Апулия cod 
0 r
(Италич)
ШПолусн:а
Jfzza
71%)
3'
н}m
u8a
99
3
яpSz
""nESCA
99
3
1:
-:-
7/","[[""87хо ~ELA"", 0.20145407089549813, 16.0], [""Прнъ"", 0.3779580295085907, 12.0], [""мнa"", 0.44725653621974826, 12.0], [""Апулия cod "", 0.6032603279336404, 18.0], [""0 r"", 0.4301888048648834, 12.0], [""(Италич)"", 0.37164595320740035, 19.0], [""ШПолусн:а"", 0.23053288083277423, 14.0], [""Jfzza"", 0.27063042935949205, 24.0], [""71%)"", 0.8055131435394287, 24.0], [""3'"", 0.9522956882177828, 42.0], [""н}m"", 0.16603671391518496, 18.0], [""u8a"", 0.26218714998247084, 14.0], [""99"", 0.9964837316973202, 16.0], [""3"", 0.9999649527759544, 32.0], [""яpSz"", 0.06816942244768143, 38.77539604017011], [""\""nESCA"", 0.6761451852747657, 49.850797134748746], [""99"", 0.9999715931422801, 18.5], [""3"", 1.0, 33.0], [""1:"", 0.7298500146158711, 18.0], [""-:-"", 0.4092498596050568, 47.45692075240885], [""7/"", 0.41501669729309615, 32.345844518319026]]",,,ml/output/tracks/best_frames/26_12-20/track_0603_r2.jpg,ml/output/tracks/best_frames_hires/26_12-20/track_0603_r2.jpg,2 41 8 6 3
26_12-20.mp4,603,59159,199,1134,401,1435,270,"азно =ENA
Нnz
I9211
Алуляч сорг
cr
(Ипллич
'Палусн:а
71%
3
3э9
шшш
""REScA
99
3
99
-:-2
70","[[""азно =ENA"", 0.12860706910201655, 20.0], [""Нnz"", 0.07688287019269642, 8.0], [""I9211"", 0.02865907052432377, 8.0], [""Алуляч сорг"", 0.6758079328943944, 14.0], [""cr"", 0.7593049744293048, 14.0], [""(Ипллич"", 0.6471700253585966, 14.0], [""'Палусн:а"", 0.39409408790327194, 16.0], [""71%"", 0.7926120520281664, 20.0], [""3"", 0.9999997615814351, 38.0], [""3э9"", 0.41371543696525603, 39.32820117735139], [""шшш"", 0.3375314701555702, 22.426806262528515], [""\""REScA"", 0.3683552535167833, 48.84404816223514], [""99"", 0.9993865655957674, 16.0], [""3"", 1.0, 32.0], [""99"", 0.26014561571203765, 21.5], [""-:-2"", 0.1801074892282486, 47.45692075240885], [""70"", 0.6784830091432724, 34.48329723638528]]",,,ml/output/tracks/best_frames/26_12-20/track_0603_r0.jpg,ml/output/tracks/best_frames_hires/26_12-20/track_0603_r0.jpg,8 2 5 6 1 1 9 5 0
26_12-20.mp4,602,59159,2421,469,2661,860,180,"9
{
8
5
F
'
[
1
ё
1
1
7
1
52
6
:
:
1
5
7
8","[[""9"", 0.99978448121783, 36.0], [""{"", 0.6714063194618234, 56.0], [""8"", 0.999999046325911, 147.0], [""5"", 0.9806569031036503, 28.0], [""F"", 0.9639015509133095, 40.0], [""'"", 0.8189068190533, 44.0], [""["", 0.24753311900100528, 54.0], [""1"", 0.9204130167202038, 93.0], [""ё"", 0.48935932372856783, 64.0], [""1"", 0.4894422188187697, 50.95960811756083], [""1"", 0.8052106243104049, 106.99099094518795], [""7"", 0.7550991869835002, 16.0], [""1"", 0.7303628808318905, 71.5], [""52"", 0.24275239228072748, 34.0], [""6"", 0.32954278838418816, 42.0], ["":"", 0.476194923029599, 23.0], ["":"", 0.23556668887645404, 41.5], [""1"", 0.9927945465036068, 83.5], [""5"", 0.9996236916815384, 29.0], [""7"", 0.17656309782287938, 52.5], [""8"", 0.8820729863945331, 84.0]]",,,ml/output/tracks/best_frames/26_12-20/track_0602_r1.jpg,ml/output/tracks/best_frames_hires/26_12-20/track_0602_r1.jpg,
26_12-20.mp4,593,59159,2412,274,2708,702,0,"$
'
Il
'
'
'
8
'
1
7
!
8
'
i
1
8
1
1
2
:
5
9
8
8
1
8
:
8","[[""$"", 0.9965027207300956, 87.0], [""'"", 0.1663479165688706, 50.0], [""Il"", 0.29465920190324574, 93.0], [""'"", 0.7550240870921279, 26.0], [""'"", 0.9661972096651539, 61.0], [""'"", 0.7807074531531413, 34.0], [""8"", 0.9998381203365767, 183.0], [""'"", 0.9846057713546976, 36.0], [""1"", 0.9327832011642876, 78.0], [""7"", 0.14204367119472838, 22.0], [""!"", 0.18485572016729535, 26.0], [""8"", 0.9855565644593334, 40.0], [""'"", 0.3908334205329176, 70.0], [""i"", 0.33315501831097905, 24.834140112506475], [""1"", 0.3616740952070927, 94.98853727377661], [""8"", 0.8343938474575374, 62.0], [""1"", 0.9704086835529466, 77.5], [""1"", 0.18791903899753848, 15.0], [""2"", 0.26029488030667736, 22.5], ["":"", 0.23731388703751666, 66.0], [""5"", 0.9555011647649714, 45.0], [""9"", 0.21819718878436234, 34.0], [""8"", 0.5560120460693874, 58.5], [""8"", 0.14533610586192314, 46.0], [""1"", 0.2639043555702756, 46.0], [""8"", 0.9999945163801982, 143.5], ["":"", 0.8760298147342418, 34.0], [""8"", 0.9670128176112804, 39.5]]",,,ml/output/tracks/best_frames/26_12-20/track_0593_r1.jpg,ml/output/tracks/best_frames_hires/26_12-20/track_0593_r1.jpg,0 1 8 1 8 1 4 .--.
26_12-20.mp4,592,59159,244,1377,459,1672,0,"5'
1
'
Il
[
[
8
1:
1
[
1
1
 
8","[[""5'"", 0.4248346005528816, 46.0], [""1"", 0.6875782242310038, 84.0], [""'"", 0.5096248281697093, 32.0], [""Il"", 0.9898107606639911, 66.0], [""["", 0.16122889980920618, 80.0], [""["", 0.6469023416216579, 75.0], [""8"", 0.6661311938791279, 159.0], [""1:"", 0.20977049039364934, 42.0], [""1"", 0.978371947340495, 36.0], [""["", 0.6648153473208964, 49.0], [""1"", 0.25823330473301453, 52.96262749935431], [""1"", 0.45879436187448164, 137.9889079704391], ["" "", 0.2589280579269513, 29.0], [""8"", 0.23339185570116516, 25.0]]",,,ml/output/tracks/best_frames/26_12-20/track_0592_r2.jpg,ml/output/tracks/best_frames_hires/26_12-20/track_0592_r2.jpg,:
26_12-20.mp4,599,59159,2315,1774,2577,2109,90,"чut
56
X
х1
6669 '
Д(6 !)
0","[[""чut"", 0.440467800002424, 21.0], [""56"", 0.8339858042370273, 24.0], [""X"", 0.09783011210737769, 22.539672889527935], [""х1"", 0.10150517934442624, 24.611442075295713], [""6669 '"", 0.38976056301537887, 72.8419319812664], [""Д(6 !)"", 0.5834347704770896, 71.87241120712645], [""0"", 0.46116584992000753, 21.0]]",,,ml/output/tracks/best_frames/26_12-20/track_0599_r2.jpg,ml/output/tracks/best_frames_hires/26_12-20/track_0599_r2.jpg,027 9
26_12-20.mp4,578,59159,2331,1630,2602,1993,90,"чгt ИL
ш1
56
L
3
6669 '
(з/6 ! )
cot?","[[""чгt ИL"", 0.14774974674542438, 26.0], [""ш1"", 0.9164439027797598, 14.0], [""56"", 0.9899703587145015, 24.0], [""L"", 0.3358275262854846, 44.0], [""3"", 0.13812335360631778, 22.539672889527935], [""6669 '"", 0.34742409860755485, 73.84689344855177], [""(з/6 ! )"", 0.2056814871483038, 55.83184335790082], [""cot?"", 0.16925790905952454, 26.66828022501295]]",,,ml/output/tracks/best_frames/26_12-20/track_0578_r2.jpg,ml/output/tracks/best_frames_hires/26_12-20/track_0578_r2.jpg,8 0 2 0
26_12-20.mp4,586,59159,225,30,435,351,180,"1
₽
6
!
m
'
1
{
9
1
{
1
1
?
;
2
3
4:
0
1
1
1
1
7
1
1
6","[[""1"", 0.5458594203291831, 54.0], [""₽"", 0.3360490413984394, 24.0], [""6"", 0.8485788698971284, 36.0], [""!"", 0.44293124683930785, 32.0], [""m"", 0.38415222642897007, 26.0], [""'"", 0.48740656883254374, 22.0], [""1"", 0.9493545065318223, 121.98571321958775], [""{"", 0.20033578848108746, 134.97531467825203], [""9"", 0.9247812959699928, 58.93547964039965], [""1"", 0.46983036852458326, 73.98098454635556], [""{"", 0.21792024610499539, 70.95617746837206], [""1"", 0.7133943041112367, 101.99007438041997], [""1"", 0.8911063021883479, 86.98630120864573], [""?"", 0.8623668399928341, 23.820732954925234], ["";"", 0.712649009715566, 32.90341723552115], [""2"", 0.5683013000898427, 17.0], [""3"", 0.3853419708879393, 26.5], [""4:"", 0.4032127499031888, 25.0], [""0"", 0.7305752095420672, 80.47807441685362], [""1"", 0.9534288122945647, 77.49326628707394], [""1"", 0.9997468154966214, 74.49269147228455], [""1"", 0.9987591780259777, 102.99159792966537], [""1"", 0.999942184330255, 90.98319540948177], [""7"", 0.16131605252123737, 64.98663008492925], [""1"", 0.9896651696110439, 86.49463595622962], [""1"", 0.17856008213643637, 49.98316673953734], [""6"", 0.24519784187102633, 35.9661465126743]]",,,ml/output/tracks/best_frames/26_12-20/track_0586_r2.jpg,ml/output/tracks/best_frames_hires/26_12-20/track_0586_r2.jpg,
26_12-20.mp4,549,59159,183,848,370,1149,180,"9
i
{
Nl
'
1
g?
F
il
[
;
0
4
:5
6
4
1
8","[[""9"", 0.9961916772991266, 30.0], [""i"", 0.25208303303006474, 54.0], [""{"", 0.6032505138367839, 44.0], [""Nl"", 0.25649819349630837, 139.0], [""'"", 0.9968204778002452, 62.0], [""1"", 0.8693980816174509, 108.0], [""g?"", 0.11260766800580588, 32.0], [""F"", 0.48285855783211673, 34.0], [""il"", 0.9841950132245596, 74.0], [""["", 0.5427959174920751, 84.0], ["";"", 0.28923109895971777, 69.95486201689907], [""0"", 0.9954070260727441, 14.0], [""4"", 0.3529217349762668, 72.0], ["":5"", 0.7039637211449105, 35.0], [""6"", 0.44410351829924366, 37.0], [""4"", 0.8020464434183374, 72.0], [""1"", 0.933684335744843, 84.0], [""8"", 0.21947905875738005, 62.0]]",,,ml/output/tracks/best_frames/26_12-20/track_0549_r2.jpg,ml/output/tracks/best_frames_hires/26_12-20/track_0549_r2.jpg,3
26_12-20.mp4,593,59309,2412,274,2708,702,0,"$
ф
Il
'
а
3
'
FSi
'
{
8
'
с
д
8
[
8
8
5
1
3
5
9
:
4
8
:
8","[[""$"", 0.9964805867315683, 87.0], [""ф"", 0.537972940558177, 40.0], [""Il"", 0.6390140228161633, 93.0], [""'"", 0.7491905970354971, 44.0], [""а"", 0.1908216848684141, 40.0], [""3"", 0.38630568609177374, 26.0], [""'"", 0.9707289477589178, 61.0], [""FSi"", 0.1379222893358456, 44.0], [""'"", 0.9936702597924665, 36.0], [""{"", 0.49578914359830506, 54.0], [""8"", 0.9999991655351472, 147.0], [""'"", 0.29733201133641174, 54.0], [""с"", 0.2660906533905383, 60.0], [""д"", 0.18637525229277063, 26.0], [""8"", 0.987621467938439, 40.0], [""["", 0.7613256304812808, 56.96773982019977], [""8"", 0.9205628438445643, 62.5], [""8"", 0.7146177768012798, 40.0], [""5"", 0.7492293941767549, 31.0], [""1"", 0.29425880406405724, 54.5], [""3"", 0.7865038729721938, 16.0], [""5"", 0.8789432425219026, 44.0], [""9"", 0.9996383517187866, 32.0], ["":"", 0.10816960951690735, 73.5], [""4"", 0.25838398464253487, 64.5], [""8"", 0.9999995231628986, 141.5], ["":"", 0.9824708822117181, 34.5], [""8"", 0.9937757848848747, 39.5]]",,,ml/output/tracks/best_frames/26_12-20/track_0593_r0.jpg,ml/output/tracks/best_frames_hires/26_12-20/track_0593_r0.jpg,0 2: : 8 1 . 8 4
26_12-20.mp4,586,59309,225,30,435,351,180,"I
₽
6
1
{
g
1
1
1
1
?
;
!
2
3
92
6
0
1
1
1
1
9
1
1","[[""I"", 0.24977915398098105, 58.0], [""₽"", 0.8465135456016384, 22.0], [""6"", 0.15169612886602923, 32.0], [""1"", 0.956343722447869, 120.98546929228291], [""{"", 0.5933322939356778, 134.97531467825203], [""g"", 0.20149262735822404, 60.93982809858528], [""1"", 0.2598461042893838, 73.98098454635556], [""1"", 0.6940525660916705, 72.95864239600144], [""1"", 0.7039391807337694, 101.99007438041997], [""1"", 0.49187924454408005, 86.98630120864573], [""?"", 0.9135357454540696, 23.820732954925234], ["";"", 0.7473794977673975, 32.90341723552115], [""!"", 0.29683930067454867, 22.805721037647913], [""2"", 0.6392329227030622, 17.0], [""3"", 0.48328244071876725, 26.5], [""92"", 0.19785709223587805, 25.0], [""6"", 0.6017316242407311, 31.0], [""0"", 0.8468027962092641, 79.47745035542607], [""1"", 0.9500315573413367, 77.49326628707394], [""1"", 0.998696871231747, 74.99279226290304], [""1"", 0.99864659833273, 102.99159792966537], [""1"", 0.9997586157570062, 90.98104456788218], [""9"", 0.28882605930392913, 64.98663008492923], [""1"", 0.9848247349172112, 86.49463595622962], [""1"", 0.5735338332761444, 49.98316673953734]]",,,ml/output/tracks/best_frames/26_12-20/track_0586_r1.jpg,ml/output/tracks/best_frames_hires/26_12-20/track_0586_r1.jpg,
26_12-20.mp4,603,59309,199,1135,401,1435,270,"Еана ~EN A
Amn t1
Прид
Алулич сорг
ar
(Италяч)
ЮПалусна
71%)
3'
цr
ащии;
99
3
пши
""nEsce
92
399
70
 -:::","[[""Еана ~EN A"", 0.11030481783811817, 19.0], [""Amn t1"", 0.018830423395333643, 8.0], [""Прид"", 0.1931808888912201, 14.0], [""Алулич сорг"", 0.7426767348753022, 14.0], [""ar"", 0.44443391372475266, 14.0], [""(Италяч)"", 0.649185655574653, 20.0], [""ЮПалусна"", 0.11145264813637532, 16.0], [""71%)"", 0.7653721570968628, 24.0], [""3'"", 0.5908210258285882, 40.0], [""цr"", 0.23701204979597115, 14.0], [""ащии;"", 0.15446122413938054, 24.0], [""99"", 0.7581538018653589, 16.0], [""3"", 0.9999759198684757, 32.0], [""пши"", 0.12062113490090502, 14.0], [""\""nEsce"", 0.5256096982134646, 47.83683728811218], [""92"", 0.33471005387829805, 19.0], [""399"", 0.9655380490282817, 39.81070655366625], [""70"", 0.2809585815623742, 34.41040500964378], ["" -:::"", 0.07309043742057322, 48.959844281807534]]",,,ml/output/tracks/best_frames/26_12-20/track_0603_r1.jpg,ml/output/tracks/best_frames_hires/26_12-20/track_0603_r1.jpg,8 3 11 48 8
26_12-20.mp4,549,59309,182,848,369,1149,180,"Д
Q
;
6
8|
'
1
?
F
#l
!
;
0
4
:5
5
4
1
8","[[""Д"", 0.30145286260909643, 62.0], [""Q"", 0.6180690885942255, 28.0], ["";"", 0.31550607126895613, 54.0], [""6"", 0.746450411828846, 42.0], [""8|"", 0.15246856459847957, 140.0], [""'"", 0.9922719875318684, 62.0], [""1"", 0.47082220955053344, 108.0], [""?"", 0.7407994818116528, 30.0], [""F"", 0.8019539916473981, 36.0], [""#l"", 0.7239611822724071, 75.0], [""!"", 0.23304151858815203, 84.0], ["";"", 0.9273802493732184, 69.95486201689907], [""0"", 0.9886238528948219, 14.0], [""4"", 0.29525640720748925, 72.0], ["":5"", 0.9087754251410134, 36.0], [""5"", 0.29471073291512084, 38.5], [""4"", 0.9026592122194224, 72.0], [""1"", 0.9087327048846419, 84.0], [""8"", 0.5124861039221287, 61.5]]",,,ml/output/tracks/best_frames/26_12-20/track_0549_r1.jpg,ml/output/tracks/best_frames_hires/26_12-20/track_0549_r1.jpg,
26_12-20.mp4,602,59309,2421,469,2661,860,180,"9
'
8
5
F
'
[
1
ё
1
1
7
4
8 6
7
7
:
:
1
5
8","[[""9"", 0.9998419347287069, 36.0], [""'"", 0.39287032051621296, 56.0], [""8"", 0.9999940395444042, 147.0], [""5"", 0.7554047007581097, 28.0], [""F"", 0.9514313821671436, 40.0], [""'"", 0.9675894240196534, 44.0], [""["", 0.5750851621642141, 54.0], [""1"", 0.9666646859105334, 91.0], [""ё"", 0.3465566679071941, 66.0], [""1"", 0.7207417552714936, 52.96262749935431], [""1"", 0.5627543021501538, 96.98901090584286], [""7"", 0.4030963117295414, 15.0], [""4"", 0.9662127942910423, 71.5], [""8 6"", 0.4806385636329651, 35.0], [""7"", 0.6476207804372649, 40.0], [""7"", 0.5957870958064895, 11.0], ["":"", 0.7954660520050005, 24.0], ["":"", 0.4411278418103848, 41.5], [""1"", 0.9592559595694752, 84.5], [""5"", 0.9999928474554167, 30.0], [""8"", 0.8232728883385789, 84.0]]",,,ml/output/tracks/best_frames/26_12-20/track_0602_r2.jpg,ml/output/tracks/best_frames_hires/26_12-20/track_0602_r2.jpg,
26_12-20.mp4,599,59309,2316,1773,2577,2108,90,"Gutwet 
UL
5 669
[(6 +)
0","[[""Gutwet "", 0.022692591141201958, 32.78149192650508], [""UL"", 0.04447336057030466, 21.496629104486146], [""5 669"", 0.6339973894621554, 74.85162634157355], [""[(6 +)"", 0.47166826781357685, 74.85162634157354], [""0"", 0.5461560076639671, 21.0]]",,,ml/output/tracks/best_frames/26_12-20/track_0599_r1.jpg,ml/output/tracks/best_frames_hires/26_12-20/track_0599_r1.jpg,027  4
26_12-20.mp4,592,59309,244,1377,459,1672,0,"'
1
Il
5
{
'
с
1
[
{
1
1
'
6","[[""'"", 0.23034460362623665, 32.0], [""1"", 0.7471135293609201, 86.0], [""Il"", 0.9882960892048985, 66.0], [""5"", 0.09432432076852493, 214.0], [""{"", 0.13893846275516708, 73.0], [""'"", 0.2473354787690063, 42.0], [""с"", 0.325894169899815, 22.0], [""1"", 0.6789690273692806, 76.0], [""["", 0.7596279115661595, 75.0], [""{"", 0.14140041974032158, 28.0], [""1"", 0.24584505360911724, 52.96262749935431], [""1"", 0.5541565098818388, 137.9889079704391], [""'"", 0.8806013285322933, 49.95796083947516], [""6"", 0.9895457513860642, 65.8108801278037]]",,,ml/output/tracks/best_frames/26_12-20/track_0592_r1.jpg,ml/output/tracks/best_frames_hires/26_12-20/track_0592_r1.jpg,:
26_12-20.mp4,578,59309,2332,1630,2602,1993,270,"1
6999
199/)
199/6
31 69933
51
535","[[""1"", 0.9999909401145146, 44.0], [""6999"", 0.5759643912315369, 73.0], [""199/)"", 0.3914281508516841, 40.76914368584494], [""199/6"", 0.7015651460533254, 35.41563134580679], [""31 69933"", 0.598581997603844, 78.46228815447492], [""51"", 0.267478333797073, 17.846049894151548], [""535"", 0.23485567741484412, 31.937710302033935]]",,,ml/output/tracks/best_frames/26_12-20/track_0578_r1.jpg,ml/output/tracks/best_frames_hires/26_12-20/track_0578_r1.jpg,8 2 9
26_12-20.mp4,602,59459,2421,469,2662,860,180,"9
{'
8
'
5
F
[
1
$
F
{
1
'
7
4
5
0
7
:
:
1
8","[[""9"", 0.9972595895424661, 34.0], [""{'"", 0.6648552582553751, 56.0], [""8"", 0.9999983310706426, 145.0], [""'"", 0.9972399470761992, 61.0], [""5"", 0.3085026780495923, 28.0], [""F"", 0.35655462790606407, 42.0], [""["", 0.37873970235592935, 42.0], [""1"", 0.9572749420172499, 90.0], [""$"", 0.9822849074041393, 77.0], [""F"", 0.16220666257291683, 22.0], [""{"", 0.7883921216250975, 52.96262749935431], [""1"", 0.8662007224647574, 92.98803244401313], [""'"", 0.6426385935247367, 46.95237412036795], [""7"", 0.9078058727107106, 15.0], [""4"", 0.45756688115966426, 71.5], [""5"", 0.8996949484565029, 26.0], [""0"", 0.22514032343814794, 14.0], [""7"", 0.545110955200073, 39.0], ["":"", 0.5803473997429229, 23.0], ["":"", 0.73244572659911, 42.5], [""1"", 0.9605255116458835, 90.5], [""8"", 0.8388279213892282, 84.0]]",,,ml/output/tracks/best_frames/26_12-20/track_0602_r0.jpg,ml/output/tracks/best_frames_hires/26_12-20/track_0602_r0.jpg,1
26_12-20.mp4,549,59459,182,848,370,1149,180,"9
i
6
8
'
1
g;
F
il
[
$
0
1
:2
6
4
1
8","[[""9"", 0.9913958224803174, 28.0], [""i"", 0.43359738679669135, 54.0], [""6"", 0.2235398273297884, 44.0], [""8"", 0.22953300138974786, 139.0], [""'"", 0.9978194216109983, 62.0], [""1"", 0.9987541743493153, 110.0], [""g;"", 0.5334134973534126, 34.0], [""F"", 0.354158677892201, 34.0], [""il"", 0.9883709371845487, 74.0], [""["", 0.677276927752942, 84.0], [""$"", 0.3291472271621956, 69.95486201689907], [""0"", 0.9862146739458844, 14.0], [""1"", 0.3231458088288406, 72.0], ["":2"", 0.2532848060784459, 34.0], [""6"", 0.3985803703017474, 38.5], [""4"", 0.9010209878969277, 72.0], [""1"", 0.8979698345961005, 84.0], [""8"", 0.42368005185011626, 62.0]]",,,ml/output/tracks/best_frames/26_12-20/track_0549_r0.jpg,ml/output/tracks/best_frames_hires/26_12-20/track_0549_r0.jpg,9
26_12-20.mp4,592,59459,244,1377,459,1672,270,"Влwо $ENAJ
aia
Пачутнна
Апулич сорг '₽ ~
ci (Италяч) 0. =s @eъ
159
Полуснзо
719)1
'399э9
u
#вмепла
иm
99
119
01399
277
-0","[[""Влwо $ENAJ"", 0.151259706258546, 21.0], [""aia"", 0.7179172811091061, 18.0], [""Пачутнна"", 0.10517202390436571, 15.0], [""Апулич сорг '₽ ~"", 0.4783695162443962, 18.0], [""ci (Италяч) 0. =s @eъ"", 0.39317806666619454, 21.0], [""159"", 0.9672336266317029, 16.0], [""Полуснзо"", 0.24613159260593453, 14.0], [""719)1"", 0.793865236876305, 32.0], [""'399э9"", 0.4349412799477894, 54.0], [""u"", 0.8107726174331589, 14.0], [""#вмепла"", 0.057715061066610104, 37.0], [""иm"", 0.5797231745701175, 17.9616652224137], [""99"", 0.9999981455391691, 18.0], [""119"", 0.991416903195314, 20.0], [""01399"", 0.5020617734578777, 48.0], [""277"", 0.14908231710255496, 20.0], [""-0"", 0.15828574232941559, 25.39603210815679]]",,,ml/output/tracks/best_frames/26_12-20/track_0592_r0.jpg,ml/output/tracks/best_frames_hires/26_12-20/track_0592_r0.jpg,:
26_12-20.mp4,599,59459,2316,1773,2577,2109,90,"L
Juautet 
NLY
55669
(/6 !-
0","[[""L"", 0.44112222034812376, 44.0], [""Juautet "", 0.05225935357069361, 30.75099504289483], [""NLY"", 0.1613162191092852, 21.496629104486146], [""55669"", 0.24480689674074294, 73.84689344855177], [""(/6 !-"", 0.8616849775016815, 50.857122361103734], [""0"", 0.7018837155570168, 21.0]]",,,ml/output/tracks/best_frames/26_12-20/track_0599_r0.jpg,ml/output/tracks/best_frames_hires/26_12-20/track_0599_r0.jpg,07 9
26_12-20.mp4,586,59459,225,30,435,351,180,"""
₽
'
1
{
g
[
1
1
1
?
;
2
3
8
5
0
1
1
1
1
9
1
1","[[""\"""", 0.10602834271372785, 58.0], [""₽"", 0.7168520600097317, 22.0], [""'"", 0.7288993255201639, 22.0], [""1"", 0.9901794499548942, 124.97892659969011], [""{"", 0.7278543626330389, 167.9844206278631], [""g"", 0.17748665380495154, 60.93982809858528], [""["", 0.9777445143929562, 76.98245580136529], [""1"", 0.8829509700948535, 73.98098454635556], [""1"", 0.668950078180476, 101.99007438041997], [""1"", 0.7531972557708286, 86.98630120864573], [""?"", 0.8280432049476225, 22.805721037647913], ["";"", 0.8567052231126269, 32.90341723552115], [""2"", 0.44009718003445997, 17.0], [""3"", 0.3181610977134284, 26.5], [""8"", 0.942712202736459, 22.0], [""5"", 0.5578525199372883, 30.0], [""0"", 0.8736097383027754, 80.47807441685362], [""1"", 0.8642254226942647, 90.49511400327194], [""1"", 0.9971610220256935, 74.99279226290304], [""1"", 0.998119881163607, 102.99159792966537], [""1"", 0.9997278637090155, 90.98521907589975], [""9"", 0.17180525781776979, 65.98705582004737], [""1"", 0.9976678394880913, 85.99457131037944], [""1"", 0.32562548331276275, 49.98316673953734]]",,,ml/output/tracks/best_frames/26_12-20/track_0586_r0.jpg,ml/output/tracks/best_frames_hires/26_12-20/track_0586_r0.jpg,
26_12-20.mp4,593,59459,2412,273,2708,702,0,"$
2
[l
d
'
'
{
'
{
8
'
;
7
8
:
1
3
 
1
4
9
3
8
4
8
6
8
7","[[""$"", 0.9997484842160844, 94.0], [""2"", 0.12243099529034485, 48.0], [""[l"", 0.3316973495984588, 93.0], [""d"", 0.268668190517829, 40.0], [""'"", 0.9434902807513801, 26.0], [""'"", 0.981361438251728, 60.0], [""{"", 0.2909628855804982, 36.0], [""'"", 0.8136127277570182, 36.0], [""{"", 0.35102591583694576, 54.0], [""8"", 0.9999973773973494, 147.0], [""'"", 0.34836778009326963, 52.0], ["";"", 0.6798164094392725, 60.0], [""7"", 0.8602856786622084, 24.0], [""8"", 0.9885752564877102, 40.0], ["":"", 0.3490647679535108, 26.856953381770495], [""1"", 0.4423161985442938, 94.98853727377656], [""3"", 0.2639060090459999, 63.0], ["" "", 0.915326834002613, 43.0], [""1"", 0.8352165107864948, 76.0], [""4"", 0.48973098871815424, 39.0], [""9"", 0.7614915431968292, 15.0], [""3"", 0.31829599729240954, 28.0], [""8"", 0.9823129088383666, 59.5], [""4"", 0.1815816943229187, 58.5], [""8"", 0.9999994039536411, 138.5], [""6"", 0.4184698910344231, 59.5], [""8"", 0.99682392937234, 38.0], [""7"", 0.3694691776839001, 23.950265711582922]]",,,ml/output/tracks/best_frames/26_12-20/track_0593_r2.jpg,ml/output/tracks/best_frames_hires/26_12-20/track_0593_r2.jpg,0 85 1 8 1 4 8 55.
26_12-20.mp4,578,59459,2332,1629,2602,1993,90,"TFI FILJ т
L
68669
{/6 !)","[[""TFI FILJ т"", 0.0901440353291835, 26.0], [""L"", 0.2555211695772073, 44.0], [""68669"", 0.7511175218727735, 71.83672708598573], [""{/6 !)"", 0.29266166785061337, 57.84464540552739]]",,,ml/output/tracks/best_frames/26_12-20/track_0578_r0.jpg,ml/output/tracks/best_frames_hires/26_12-20/track_0578_r0.jpg,1 8 2 9
26_12-20.mp4,608,59760,2419,0,2697,304,0,,[],,,ml/output/tracks/best_frames/26_12-20/track_0608_r0.jpg,ml/output/tracks/best_frames_hires/26_12-20/track_0608_r0.jpg,
26_12-20.mp4,607,59760,274,1636,504,1949,270,"1q
иm
~E
D 5
15ъ
99sэ
133 -
9993","[[""1q"", 0.27523572318644063, 14.0], [""иm"", 0.6547410367888777, 14.0], [""~E"", 0.17785484877427948, 14.0], [""D 5"", 0.29132373474984574, 16.0], [""15ъ"", 0.46663034965732136, 14.0], [""99sэ"", 0.8586956945423044, 47.677656999860574], [""133 -"", 0.14442547400254468, 16.448683298050515], [""9993"", 0.4531471384629371, 43.40637629063903]]",,,ml/output/tracks/best_frames/26_12-20/track_0607_r0.jpg,ml/output/tracks/best_frames_hires/26_12-20/track_0607_r0.jpg,
26_12-20.mp4,607,59910,286,1671,516,1982,180,"5Е
8
5
9
5
8
7
:
5","[[""5Е"", 0.4270120490686009, 30.0], [""8"", 0.9999637607043041, 100.82118649035544], [""5"", 0.15101882494159558, 14.0], [""9"", 0.5505044484850465, 21.0], [""5"", 0.18091175513976854, 16.0], [""8"", 0.9998954561855591, 107.33709673406956], [""7"", 0.2801100061793136, 59.96718979514145], ["":"", 0.2606772712599792, 46.95160973029971], [""5"", 0.9972132812497456, 42.910427500436015]]",,,ml/output/tracks/best_frames/26_12-20/track_0607_r1.jpg,ml/output/tracks/best_frames_hires/26_12-20/track_0607_r1.jpg,
26_12-20.mp4,609,59910,200,1207,409,1507,270,"вс =L
пено
Апулан €грт
сут
даnu)
Яsnяе
71%)
135
{RESCA
 35
76
 2-5 ","[[""вс =L"", 0.44136365435953484, 18.0], [""пено"", 0.2521929144859314, 18.0], [""Апулан €грт"", 0.2931752098415628, 17.0], [""сут"", 0.8265286452915807, 12.0], [""даnu)"", 0.3657632712349569, 18.0], [""Яsnяе"", 0.17907929275436774, 16.0], [""71%)"", 0.55655437707901, 24.0], [""135"", 0.620004524866232, 38.0], [""{RESCA"", 0.5843560338598417, 46.82912203269882], ["" 35"", 0.8284476784297645, 40.657768558211046], [""76"", 0.46077344626924693, 30.13368671874315], ["" 2-5 "", 0.08951683985732292, 44.45003244115145]]",,,ml/output/tracks/best_frames/26_12-20/track_0609_r0.jpg,ml/output/tracks/best_frames_hires/26_12-20/track_0609_r0.jpg,95 4 3 6 0 9 2
26_12-20.mp4,611,60060,189,968,385,1294,270,"в е
€вв
F €
еF
5>
' 
n
чzz2
212
2:.","[[""в е"", 0.23674821853637695, 14.0], [""€вв"", 0.19245048978372756, 26.0], [""F €"", 0.43651485991555194, 18.0], [""еF"", 0.272528580060419, 14.0], [""5>"", 0.3011058751426326, 14.0], [""' "", 0.317644327878952, 18.0], [""n"", 0.10767906105544345, 14.0], [""чzz2"", 0.2708951234817505, 49.0], [""212"", 0.5664450753307273, 44.5], [""2:."", 0.3358249912270831, 24.4220240811176]]",,,ml/output/tracks/best_frames/26_12-20/track_0611_r1.jpg,ml/output/tracks/best_frames_hires/26_12-20/track_0611_r1.jpg,9
26_12-20.mp4,607,60060,303,1736,530,2054,0,6,"[[""6"", 0.5058013688613414, 48.0]]",,,ml/output/tracks/best_frames/26_12-20/track_0607_r2.jpg,ml/output/tracks/best_frames_hires/26_12-20/track_0607_r2.jpg,
26_12-20.mp4,611,60210,193,1046,392,1381,270,"{s
=€
=
5<
1zz35
52
72735","[[""{s"", 0.6579462273603564, 21.0], [""=€"", 0.9071427885972642, 16.0], [""="", 0.9557329505663716, 14.0], [""5<"", 0.13327295674254572, 12.0], [""1zz35"", 0.34983422389195756, 53.48591085045939], [""52"", 0.2606732787042944, 20.0], [""72735"", 0.43429600677499697, 63.11420089558435]]",,,ml/output/tracks/best_frames/26_12-20/track_0611_r0.jpg,ml/output/tracks/best_frames_hires/26_12-20/track_0611_r0.jpg,
26_12-20.mp4,606,60360,209,192,423,510,90,EEz !,"[[""EEz !"", 0.2991787213539477, 53.0]]",,,ml/output/tracks/best_frames/26_12-20/track_0606_r2.jpg,ml/output/tracks/best_frames_hires/26_12-20/track_0606_r2.jpg,4
26_12-20.mp4,606,60510,186,253,427,594,270,"чz23
423","[[""чz23"", 0.7957260608673096, 52.0], [""423"", 0.43369529947436375, 54.0]]",,,ml/output/tracks/best_frames/26_12-20/track_0606_r0.jpg,ml/output/tracks/best_frames_hires/26_12-20/track_0606_r0.jpg,6
26_12-20.mp4,615,60510,201,1216,427,1516,270,"=E
=
=_
5
(= =
1zz3
Rrsce
55
7223
67:/","[[""=E"", 0.26603159636123397, 18.0], [""="", 0.525881148185281, 14.0], [""=_"", 0.31408525757452815, 14.0], [""5"", 0.18220155094428847, 14.0], [""(= ="", 0.15486013677079988, 30.064892619904242], [""1zz3"", 0.8525344133377075, 51.899570089239575], [""Rrsce"", 0.14452835262867003, 34.80683447104218], [""55"", 0.23545150591700248, 18.0], [""7223"", 0.650915801525116, 50.65283577072333], [""67:/"", 0.25512704253196716, 34.42969278817233]]",,,ml/output/tracks/best_frames/26_12-20/track_0615_r0.jpg,ml/output/tracks/best_frames_hires/26_12-20/track_0615_r0.jpg,
26_12-20.mp4,606,60660,186,329,403,610,0,";
5","[["";"", 0.824641296128803, 140.0], [""5"", 0.651749700856957, 138.5]]",,,ml/output/tracks/best_frames/26_12-20/track_0606_r1.jpg,ml/output/tracks/best_frames_hires/26_12-20/track_0606_r1.jpg,6
26_12-20.mp4,616,60660,238,1455,453,1763,180,"{
8","[[""{"", 0.8760965382614962, 134.97531467825206], [""8"", 0.5640017863982081, 139.4851734603286]]",,,ml/output/tracks/best_frames/26_12-20/track_0616_r1.jpg,ml/output/tracks/best_frames_hires/26_12-20/track_0616_r1.jpg,
26_12-20.mp4,615,60660,205,1293,445,1596,0,"'1)
[
5","[[""'1)"", 0.19475549656106736, 52.0], [""["", 0.7617713993231554, 26.0], [""5"", 0.12093286636869127, 164.98382137156628]]",,,ml/output/tracks/best_frames/26_12-20/track_0615_r1.jpg,ml/output/tracks/best_frames_hires/26_12-20/track_0615_r1.jpg,
26_12-20.mp4,608,60660,2388,0,2692,355,0,,[],,,ml/output/tracks/best_frames/26_12-20/track_0608_r2.jpg,ml/output/tracks/best_frames_hires/26_12-20/track_0608_r2.jpg,
26_12-20.mp4,612,60811,2354,1492,2608,1808,0,,[],,,ml/output/tracks/best_frames/26_12-20/track_0612_r1.jpg,ml/output/tracks/best_frames_hires/26_12-20/track_0612_r1.jpg,
26_12-20.mp4,615,60811,217,1370,450,1665,270,"=-
=e
ai
=
7223-
2
2:
7223","[[""=-"", 0.13471543009849485, 8.0], [""=e"", 0.1329076208830619, 14.0], [""ai"", 0.0457282955389052, 16.0], [""="", 0.9377686636441105, 24.592372472091313], [""7223-"", 0.4522991654452844, 67.21181511541207], [""2"", 0.5100803912459959, 15.0], [""2:"", 0.042484711560377204, 20.0], [""7223"", 0.782715380191803, 55.65524619448102]]",,,ml/output/tracks/best_frames/26_12-20/track_0615_r2.jpg,ml/output/tracks/best_frames_hires/26_12-20/track_0615_r2.jpg,4
26_12-20.mp4,616,60811,253,1518,468,1837,270,"=
5
7223
7223 -
25:","[[""="", 0.9134075684370693, 24.0], [""5"", 0.45382403298464524, 17.87380792547384], [""7223"", 0.5960277318954468, 54.08551274584556], [""7223 -"", 0.749957520340402, 64.5949988846179], [""25:"", 0.19874299220480768, 26.90870545569119]]",,,ml/output/tracks/best_frames/26_12-20/track_0616_r0.jpg,ml/output/tracks/best_frames_hires/26_12-20/track_0616_r0.jpg,
26_12-20.mp4,608,60961,2417,206,2693,565,0,,[],,,ml/output/tracks/best_frames/26_12-20/track_0608_r1.jpg,ml/output/tracks/best_frames_hires/26_12-20/track_0608_r1.jpg,
26_12-20.mp4,620,60961,2307,1649,2590,2004,0,,[],,,ml/output/tracks/best_frames/26_12-20/track_0620_r2.jpg,ml/output/tracks/best_frames_hires/26_12-20/track_0620_r2.jpg,
26_12-20.mp4,581,60961,175,880,386,1170,270,"23
23","[[""23"", 0.941056023970114, 36.0], [""23"", 0.9934063572028478, 36.5]]",,,ml/output/tracks/best_frames/26_12-20/track_0581_r2.jpg,ml/output/tracks/best_frames_hires/26_12-20/track_0581_r2.jpg,
26_12-20.mp4,612,60961,2353,1491,2596,1793,0,,[],,,ml/output/tracks/best_frames/26_12-20/track_0612_r2.jpg,ml/output/tracks/best_frames_hires/26_12-20/track_0612_r2.jpg,
26_12-20.mp4,616,60961,267,1604,481,1903,270,"Iesa
= : 
7223
7-23
-750","[[""Iesa"", 0.08783430606126785, 20.0], [""= : "", 0.23443972121982257, 33.30145565783806], [""7223"", 0.3456821143627167, 58.40339594885515], [""7-23"", 0.320340633392334, 56.431632474888886], [""-750"", 0.2057127207517624, 36.94006016875551]]",,,ml/output/tracks/best_frames/26_12-20/track_0616_r2.jpg,ml/output/tracks/best_frames_hires/26_12-20/track_0616_r2.jpg,
26_12-20.mp4,618,61111,2420,1,2681,288,0,"Ё
8
&[
6l
81","[[""Ё"", 0.8686300760146537, 73.0], [""8"", 0.9995155921242258, 209.0], [""&["", 0.10799877095902416, 82.0], [""6l"", 0.34379613792984925, 42.0], [""81"", 0.5305780846160097, 36.0]]",,,ml/output/tracks/best_frames/26_12-20/track_0618_r0.jpg,ml/output/tracks/best_frames_hires/26_12-20/track_0618_r0.jpg,
26_12-20.mp4,620,61111,2312,1664,2592,2015,0,,[],,,ml/output/tracks/best_frames/26_12-20/track_0620_r0.jpg,ml/output/tracks/best_frames_hires/26_12-20/track_0620_r0.jpg,
26_12-20.mp4,612,61111,2347,1560,2598,1858,0,,[],,,ml/output/tracks/best_frames/26_12-20/track_0612_r0.jpg,ml/output/tracks/best_frames_hires/26_12-20/track_0612_r0.jpg,
26_12-20.mp4,624,61111,230,1404,441,1700,270,"5
азe
= -
>
""erscA
= -=
5 _
7223
22 
-250","[[""5"", 0.974890481760756, 14.0], [""азe"", 0.14156466022670472, 18.0], [""= -"", 0.2674100697040558, 14.0], ["">"", 0.2807377444992767, 14.0], [""\""erscA"", 0.2315571782363414, 31.0], [""= -="", 0.38583926290928733, 35.44159711680865], [""5 _"", 0.15320786833763123, 19.808327696641896], [""7223"", 0.7825610637664795, 59.52723103722775], [""22 "", 0.65351321413537, 38.0], [""-250"", 0.09899520128965378, 33.92730057872174]]",,,ml/output/tracks/best_frames/26_12-20/track_0624_r0.jpg,ml/output/tracks/best_frames_hires/26_12-20/track_0624_r0.jpg,6
26_12-20.mp4,620,61261,2302,1746,2582,2092,0,,[],,,ml/output/tracks/best_frames/26_12-20/track_0620_r1.jpg,ml/output/tracks/best_frames_hires/26_12-20/track_0620_r1.jpg,
26_12-20.mp4,618,61261,2416,5,2682,389,180,"9
8
'
8
3
8","[[""9"", 0.9564747607606847, 32.0], [""8"", 0.9988833208741568, 168.0], [""'"", 0.15287242577797233, 113.0], [""8"", 0.9998323987620239, 106.5], [""3"", 0.44665544679535074, 129.5], [""8"", 0.9970818620280433, 76.0]]",,,ml/output/tracks/best_frames/26_12-20/track_0618_r1.jpg,ml/output/tracks/best_frames_hires/26_12-20/track_0618_r1.jpg,
26_12-20.mp4,581,61261,192,1024,385,1337,270,"ы
225
225","[[""ы"", 0.1058016955103227, 16.0], [""225"", 0.8417226697154105, 36.0], [""225"", 0.8965079282502377, 38.5]]",,,ml/output/tracks/best_frames/26_12-20/track_0581_r1.jpg,ml/output/tracks/best_frames_hires/26_12-20/track_0581_r1.jpg,
26_12-20.mp4,624,61261,224,1457,458,1750,270,"не =
==
Ieso
 - 5
=_
5
Етzz3
28","[[""не ="", 0.1228002980351448, 17.0], [""=="", 0.17458520662399946, 14.0], [""Ieso"", 0.25711026787757874, 31.0], ["" - 5"", 0.07794106761399107, 34.46260948969197], [""=_"", 0.28195301999598893, 22.823503479222623], [""5"", 0.19729540628441455, 17.915913179348635], [""Етzz3"", 0.6813698271881756, 69.89639990836696], [""28"", 0.23022241613876157, 26.0]]",,,ml/output/tracks/best_frames/26_12-20/track_0624_r1.jpg,ml/output/tracks/best_frames_hires/26_12-20/track_0624_r1.jpg,9 6 6
26_12-20.mp4,609,61261,300,1785,526,2087,0,"0
8
8","[[""0"", 0.8935650128614867, 93.93535139629154], [""8"", 0.7968989530730965, 103.94799418378398], [""8"", 0.9929587059148481, 102.93900285389162]]",,,ml/output/tracks/best_frames/26_12-20/track_0609_r1.jpg,ml/output/tracks/best_frames_hires/26_12-20/track_0609_r1.jpg,8
26_12-20.mp4,624,61411,246,1525,462,1824,270,"=
щ
zi
TorscA
7 з
5 _
атzzз
55--
-2-50","[[""="", 0.7427207374867209, 14.0], [""щ"", 0.15912228172295784, 16.0], [""zi"", 0.09921195095049112, 14.0], [""TorscA"", 0.554386541634348, 31.0], [""7 з"", 0.19836588621770518, 32.088615438554115], [""5 _"", 0.3107862174510956, 19.875938846559393], [""атzzз"", 0.5914828389532075, 70.78193217714335], [""55--"", 0.39144790172576904, 24.5], [""-2-50"", 0.1549716591600905, 27.0]]",,,ml/output/tracks/best_frames/26_12-20/track_0624_r2.jpg,ml/output/tracks/best_frames_hires/26_12-20/track_0624_r2.jpg,4
26_12-20.mp4,618,61411,2417,0,2694,342,270,"FRESCOBALDI
F_ ,=
6 >
7 !
 ₽
Yы
Сиa
z-6
20
1999sэ
207
1999
5:","[[""FRESCOBALDI"", 0.8418992520079894, 42.0], [""F_ ,="", 0.09251509158621783, 18.0], [""6 >"", 0.23996511101722717, 14.0], [""7 !"", 0.2527495121594342, 12.0], ["" ₽"", 0.42071254257923685, 14.0], [""Yы"", 0.26044571458818244, 14.0], [""Сиa"", 0.122156617616922, 16.0], [""z-6"", 0.2456500684809856, 14.0], [""20"", 0.9195804595947266, 30.0], [""1999sэ"", 0.675786971201122, 64.0], [""207"", 0.7050670981407166, 23.5], [""1999"", 0.8771372437477112, 44.0], [""5:"", 0.2745189785925342, 22.0]]",,,ml/output/tracks/best_frames/26_12-20/track_0618_r2.jpg,ml/output/tracks/best_frames_hires/26_12-20/track_0618_r2.jpg,4
26_12-20.mp4,609,61411,332,1858,550,2149,90,"7
аве
71","[[""7"", 0.47413803361565954, 38.0], [""аве"", 0.12354125235613996, 68.14553669138618], [""71"", 0.29828342815435777, 37.0]]",,,ml/output/tracks/best_frames/26_12-20/track_0609_r2.jpg,ml/output/tracks/best_frames_hires/26_12-20/track_0609_r2.jpg,
26_12-20.mp4,581,61411,192,1094,387,1409,90,€z,"[[""€z"", 0.777467389041323, 38.0]]",,,ml/output/tracks/best_frames/26_12-20/track_0581_r0.jpg,ml/output/tracks/best_frames_hires/26_12-20/track_0581_r0.jpg,
26_12-20.mp4,631,61561,161,865,412,997,270,=,"[[""="", 0.140179503197424, 12.0]]",,,ml/output/tracks/best_frames/26_12-20/track_0631_r1.jpg,ml/output/tracks/best_frames_hires/26_12-20/track_0631_r1.jpg,
26_12-20.mp4,628,61561,2420,186,2683,571,0,"8
()
8
6
6","[[""8"", 0.5826845831169045, 82.0], [""()"", 0.2166202695394529, 22.0], [""8"", 0.9967003906161978, 176.0], [""6"", 0.7291482900094515, 38.0], [""6"", 0.7972901906180283, 106.0]]",,,ml/output/tracks/best_frames/26_12-20/track_0628_r0.jpg,ml/output/tracks/best_frames_hires/26_12-20/track_0628_r0.jpg,
26_12-20.mp4,630,61561,2386,554,2685,906,270,аe,"[[""аe"", 0.4371318867869902, 16.0]]",,,ml/output/tracks/best_frames/26_12-20/track_0630_r1.jpg,ml/output/tracks/best_frames_hires/26_12-20/track_0630_r1.jpg,
26_12-20.mp4,631,61712,172,870,393,1181,270,"==
7
<
чzz3
1223","[[""=="", 0.9018550126789587, 14.0], [""7"", 0.149310843967271, 14.0], [""<"", 0.7145804910355515, 14.0], [""чzz3"", 0.37705954909324646, 48.0], [""1223"", 0.43073418736457825, 45.0]]",,,ml/output/tracks/best_frames/26_12-20/track_0631_r0.jpg,ml/output/tracks/best_frames_hires/26_12-20/track_0631_r0.jpg,5
26_12-20.mp4,630,61712,2387,684,2684,1037,0,,[],,,ml/output/tracks/best_frames/26_12-20/track_0630_r0.jpg,ml/output/tracks/best_frames_hires/26_12-20/track_0630_r0.jpg,
26_12-20.mp4,628,61712,2423,85,2700,487,0,"8
8
6
18
8
0","[[""8"", 0.15997599691775477, 84.0], [""8"", 0.9989747054240503, 184.0], [""6"", 0.22519499543847132, 83.0], [""18"", 0.08309543617797259, 37.0], [""8"", 0.9999988079074598, 139.5], [""0"", 0.9267526333400191, 16.0]]",,,ml/output/tracks/best_frames/26_12-20/track_0628_r2.jpg,ml/output/tracks/best_frames_hires/26_12-20/track_0628_r2.jpg,8
26_12-20.mp4,619,61712,2384,864,2684,1220,0,,[],,,ml/output/tracks/best_frames/26_12-20/track_0619_r2.jpg,ml/output/tracks/best_frames_hires/26_12-20/track_0619_r2.jpg,
26_12-20.mp4,634,61862,336,1927,560,2159,270,"~
 
Бт2zs
51223","[[""~"", 0.11942000357726101, 23.243392580678062], ["" "", 0.34994561125428447, 28.34196221537742], [""Бт2zs"", 0.17964808398518053, 74.70231001679008], [""51223"", 0.5937957841245771, 75.12836515511091]]",,,ml/output/tracks/best_frames/26_12-20/track_0634_r1.jpg,ml/output/tracks/best_frames_hires/26_12-20/track_0634_r1.jpg,
26_12-20.mp4,627,62012,2315,1693,2592,2047,180,"$
3","[[""$"", 0.2727814183431043, 145.96672391131733], [""3"", 0.8945219801628355, 103.9690048551876]]",,,ml/output/tracks/best_frames/26_12-20/track_0627_r1.jpg,ml/output/tracks/best_frames_hires/26_12-20/track_0627_r1.jpg,8
26_12-20.mp4,634,62012,342,1950,560,2159,90,"Cs
szei =","[[""Cs"", 0.5462819066060121, 20.0], [""szei ="", 0.08767392699520908, 79.79577658271972]]",,,ml/output/tracks/best_frames/26_12-20/track_0634_r0.jpg,ml/output/tracks/best_frames_hires/26_12-20/track_0634_r0.jpg,
26_12-20.mp4,623,62012,183,384,391,707,90,шэ,"[[""шэ"", 0.7314941161627443, 48.0]]",,,ml/output/tracks/best_frames/26_12-20/track_0623_r0.jpg,ml/output/tracks/best_frames_hires/26_12-20/track_0623_r0.jpg,
26_12-20.mp4,629,62012,207,269,418,546,90,шэ,"[[""шэ"", 0.7778015546292694, 50.0]]",,,ml/output/tracks/best_frames/26_12-20/track_0629_r2.jpg,ml/output/tracks/best_frames_hires/26_12-20/track_0629_r2.jpg,7
26_12-20.mp4,627,62162,2313,1764,2576,2113,90,1691,"[[""1691"", 0.7935221195220947, 69.82552138893219]]",,,ml/output/tracks/best_frames/26_12-20/track_0627_r0.jpg,ml/output/tracks/best_frames_hires/26_12-20/track_0627_r0.jpg,8
26_12-20.mp4,619,62162,2339,1039,2654,1442,0,,[],,,ml/output/tracks/best_frames/26_12-20/track_0619_r1.jpg,ml/output/tracks/best_frames_hires/26_12-20/track_0619_r1.jpg,
26_12-20.mp4,634,62162,319,1851,540,2127,270,"TEsOi
72
0","[[""TEsOi"", 0.26999001912601367, 26.0], [""72"", 0.4620763824081131, 67.72765543508518], [""0"", 0.8371922075621683, 21.0]]",,,ml/output/tracks/best_frames/26_12-20/track_0634_r2.jpg,ml/output/tracks/best_frames_hires/26_12-20/track_0634_r2.jpg,6
26_12-20.mp4,629,62162,197,338,417,629,180,'I,"[[""'I"", 0.9240610440477112, 70.0]]",,,ml/output/tracks/best_frames/26_12-20/track_0629_r0.jpg,ml/output/tracks/best_frames_hires/26_12-20/track_0629_r0.jpg,9
26_12-20.mp4,623,62162,182,468,389,794,270,"= =
6
7 €s;
5","[[""= ="", 0.8767756223678589, 18.0], [""6"", 0.03727898033762589, 12.0], [""7 €s;"", 0.05456779220634113, 52.0], [""5"", 0.11742151449427507, 52.44997449693598]]",,,ml/output/tracks/best_frames/26_12-20/track_0623_r1.jpg,ml/output/tracks/best_frames_hires/26_12-20/track_0623_r1.jpg,
26_12-20.mp4,619,62312,2328,1123,2649,1527,270,"9
  -","[[""9"", 0.9754257513495901, 46.0], [""  -"", 0.6845517424613974, 22.5]]",,,ml/output/tracks/best_frames/26_12-20/track_0619_r0.jpg,ml/output/tracks/best_frames_hires/26_12-20/track_0619_r0.jpg,1
26_12-20.mp4,623,62312,179,546,377,847,180,"Ill
IIl","[[""Ill"", 0.6562260928924383, 42.0], [""IIl"", 0.643396662700378, 76.0]]",,,ml/output/tracks/best_frames/26_12-20/track_0623_r2.jpg,ml/output/tracks/best_frames_hires/26_12-20/track_0623_r2.jpg,
26_12-20.mp4,627,62312,2298,1889,2563,2123,180,"3
&","[[""3"", 0.8806687852797133, 63.0], [""&"", 0.9044993589668593, 47.0]]",,,ml/output/tracks/best_frames/26_12-20/track_0627_r2.jpg,ml/output/tracks/best_frames_hires/26_12-20/track_0627_r2.jpg,8  1
26_12-20.mp4,628,62462,2403,638,2693,1051,0,"8
3
4
8","[[""8"", 0.9846638516993522, 185.0], [""3"", 0.8239825958671645, 34.0], [""4"", 0.1773085113036963, 49.0], [""8"", 0.9999952316341023, 171.0]]",,,ml/output/tracks/best_frames/26_12-20/track_0628_r1.jpg,ml/output/tracks/best_frames_hires/26_12-20/track_0628_r1.jpg,8
26_12-20.mp4,638,62462,2326,1656,2576,1887,0,,[],,,ml/output/tracks/best_frames/26_12-20/track_0638_r2.jpg,ml/output/tracks/best_frames_hires/26_12-20/track_0638_r2.jpg,
26_12-20.mp4,637,62462,2400,864,2656,1166,270,"1999
999","[[""1999"", 1.0, 73.0], [""999"", 0.5367117796251717, 41.5]]",,,ml/output/tracks/best_frames/26_12-20/track_0637_r0.jpg,ml/output/tracks/best_frames_hires/26_12-20/track_0637_r0.jpg,
26_12-20.mp4,629,62462,193,476,387,761,270,"163
153-","[[""163"", 0.5703924842411858, 36.0], [""153-"", 0.17525761564611997, 32.5]]",,,ml/output/tracks/best_frames/26_12-20/track_0629_r1.jpg,ml/output/tracks/best_frames_hires/26_12-20/track_0629_r1.jpg,5
26_12-20.mp4,638,62612,2330,1686,2576,1949,0,,[],,,ml/output/tracks/best_frames/26_12-20/track_0638_r0.jpg,ml/output/tracks/best_frames_hires/26_12-20/track_0638_r0.jpg,
26_12-20.mp4,637,62612,2409,864,2677,1120,180,8,"[[""8"", 0.9578391880508583, 150.0]]",,,ml/output/tracks/best_frames/26_12-20/track_0637_r2.jpg,ml/output/tracks/best_frames_hires/26_12-20/track_0637_r2.jpg,0
26_12-20.mp4,645,62763,235,1488,457,1787,90,Fссд,"[[""Fссд"", 0.3556622266769409, 62.78132786309112]]",,,ml/output/tracks/best_frames/26_12-20/track_0645_r0.jpg,ml/output/tracks/best_frames_hires/26_12-20/track_0645_r0.jpg,4
26_12-20.mp4,638,62763,2321,1691,2568,1965,0,,[],,,ml/output/tracks/best_frames/26_12-20/track_0638_r1.jpg,ml/output/tracks/best_frames_hires/26_12-20/track_0638_r1.jpg,
26_12-20.mp4,637,62763,2396,876,2674,1255,180,"7
8","[[""7"", 0.3275050688444914, 38.0], [""8"", 0.9336596855110315, 140.9641061651077]]",,,ml/output/tracks/best_frames/26_12-20/track_0637_r1.jpg,ml/output/tracks/best_frames_hires/26_12-20/track_0637_r1.jpg,0
26_12-20.mp4,645,62913,244,1554,472,1867,180,{,"[[""{"", 0.7807090331118651, 100.95414909510629]]",,,ml/output/tracks/best_frames/26_12-20/track_0645_r1.jpg,ml/output/tracks/best_frames_hires/26_12-20/track_0645_r1.jpg,4
26_12-20.mp4,640,63063,2089,166,2457,564,270,"са=
Тен: -
5т
иъзг:
2
1599
2 5
1599","[[""са="", 0.16496116606615494, 26.0], [""Тен: -"", 0.22625524937532354, 27.0], [""5т"", 0.1354665839311159, 24.0], [""иъзг:"", 0.14048477095111567, 29.0], [""2"", 0.45318244570546895, 36.0], [""1599"", 0.9932476282119751, 78.0], [""2 5"", 0.2705085401483361, 33.5], [""1599"", 0.9938517427135807, 70.0]]",,,ml/output/tracks/best_frames/26_12-20/track_0640_r2.jpg,ml/output/tracks/best_frames_hires/26_12-20/track_0640_r2.jpg,8-:
26_12-20.mp4,651,63063,2386,1160,2648,1473,180,6,"[[""6"", 0.6475950705027032, 91.0]]",,,ml/output/tracks/best_frames/26_12-20/track_0651_r1.jpg,ml/output/tracks/best_frames_hires/26_12-20/track_0651_r1.jpg,0
26_12-20.mp4,645,63063,254,1597,478,1906,90,FEzi,"[[""FEzi"", 0.806632936000824, 65.10606286025791]]",,,ml/output/tracks/best_frames/26_12-20/track_0645_r2.jpg,ml/output/tracks/best_frames_hires/26_12-20/track_0645_r2.jpg,9
26_12-20.mp4,652,63213,2472,838,2660,1036,0,,[],,,ml/output/tracks/best_frames/26_12-20/track_0652_r1.jpg,ml/output/tracks/best_frames_hires/26_12-20/track_0652_r1.jpg,
26_12-20.mp4,651,63213,2388,1152,2652,1538,90,[,"[[""["", 0.1755827781054018, 44.0]]",,,ml/output/tracks/best_frames/26_12-20/track_0651_r0.jpg,ml/output/tracks/best_frames_hires/26_12-20/track_0651_r0.jpg,1
26_12-20.mp4,640,63213,2083,251,2459,660,180,"m
6;
8
6
'
I
1","[[""m"", 0.29754863954537214, 34.0], [""6;"", 0.742378234675571, 68.0], [""8"", 0.9846736699309453, 188.0], [""6"", 0.9955640267427022, 24.0], [""'"", 0.35262004005949166, 168.0], [""I"", 0.6313781878603208, 155.0], [""1"", 0.09971419384196967, 91.5]]",,,ml/output/tracks/best_frames/26_12-20/track_0640_r1.jpg,ml/output/tracks/best_frames_hires/26_12-20/track_0640_r1.jpg,
26_12-20.mp4,652,63363,2454,866,2655,1103,0,,[],,,ml/output/tracks/best_frames/26_12-20/track_0652_r0.jpg,ml/output/tracks/best_frames_hires/26_12-20/track_0652_r0.jpg,
26_12-20.mp4,649,63363,2278,1773,2590,2159,0,,[],,,ml/output/tracks/best_frames/26_12-20/track_0649_r0.jpg,ml/output/tracks/best_frames_hires/26_12-20/track_0649_r0.jpg,
26_12-20.mp4,649,63513,2277,1848,2588,2159,0,,[],,,ml/output/tracks/best_frames/26_12-20/track_0649_r1.jpg,ml/output/tracks/best_frames_hires/26_12-20/track_0649_r1.jpg,
26_12-20.mp4,649,63663,2295,1908,2583,2159,0,,[],,,ml/output/tracks/best_frames/26_12-20/track_0649_r2.jpg,ml/output/tracks/best_frames_hires/26_12-20/track_0649_r2.jpg,
26_12-20.mp4,640,63663,2082,520,2463,933,90,"55
665
G55H
7д
1tы 1
#a
av
=аь
Le
72
73
5. 
57 -","[[""55"", 0.7186875693622854, 30.0], [""665"", 0.545210638058445, 81.0], [""G55H"", 0.6753560304641724, 26.0], [""7д"", 0.1632286459352837, 30.0], [""1tы 1"", 0.23306886406115396, 20.0], [""#a"", 0.7056235701139515, 24.0], [""av"", 0.7518918721963017, 20.0], [""=аь"", 0.11694164569831475, 30.0], [""Le"", 0.25637028697315256, 85.86689182448853], [""72"", 0.22706112258465222, 31.0], [""73"", 0.5660707747182926, 25.0], [""5. "", 0.21430563926696777, 21.5], [""57 -"", 0.5233962715695691, 33.5]]",,,ml/output/tracks/best_frames/26_12-20/track_0640_r0.jpg,ml/output/tracks/best_frames_hires/26_12-20/track_0640_r0.jpg,
26_12-20.mp4,662,63814,2440,1143,2650,1296,0,,[],,,ml/output/tracks/best_frames/26_12-20/track_0662_r0.jpg,ml/output/tracks/best_frames_hires/26_12-20/track_0662_r0.jpg,
26_12-20.mp4,662,63964,2442,1142,2654,1296,0,,[],,,ml/output/tracks/best_frames/26_12-20/track_0662_r1.jpg,ml/output/tracks/best_frames_hires/26_12-20/track_0662_r1.jpg,
26_12-20.mp4,657,64114,2437,1355,2637,1630,180,3 з_,"[[""3 з_"", 0.10335068683724297, 56.0]]",,,ml/output/tracks/best_frames/26_12-20/track_0657_r2.jpg,ml/output/tracks/best_frames_hires/26_12-20/track_0657_r2.jpg,
26_12-20.mp4,666,64264,169,1157,393,1423,0,,[],,,ml/output/tracks/best_frames/26_12-20/track_0666_r2.jpg,ml/output/tracks/best_frames_hires/26_12-20/track_0666_r2.jpg,
26_12-20.mp4,657,64264,2427,1321,2644,1684,90,7,"[[""7"", 0.9939448981520549, 302.0]]",,,ml/output/tracks/best_frames/26_12-20/track_0657_r0.jpg,ml/output/tracks/best_frames_hires/26_12-20/track_0657_r0.jpg,
26_12-20.mp4,667,64414,207,31,426,341,90,"6a
3.","[[""6a"", 0.8405510997334016, 48.772162710265036], [""3."", 0.14771048642556492, 21.90122361178794]]",,,ml/output/tracks/best_frames/26_12-20/track_0667_r2.jpg,ml/output/tracks/best_frames_hires/26_12-20/track_0667_r2.jpg,
26_12-20.mp4,657,64414,2444,1284,2649,1643,90,7,"[[""7"", 0.9995940143742388, 283.0]]",,,ml/output/tracks/best_frames/26_12-20/track_0657_r1.jpg,ml/output/tracks/best_frames_hires/26_12-20/track_0657_r1.jpg,
26_12-20.mp4,666,64414,169,1157,391,1423,0,,[],,,ml/output/tracks/best_frames/26_12-20/track_0666_r1.jpg,ml/output/tracks/best_frames_hires/26_12-20/track_0666_r1.jpg,
26_12-20.mp4,667,64564,207,31,427,341,0,"{
@","[[""{"", 0.8317462839676324, 34.0], [""@"", 0.9639084561604818, 74.91235493674424]]",,,ml/output/tracks/best_frames/26_12-20/track_0667_r1.jpg,ml/output/tracks/best_frames_hires/26_12-20/track_0667_r1.jpg,
26_12-20.mp4,666,64564,168,1158,392,1425,0,,[],,,ml/output/tracks/best_frames/26_12-20/track_0666_r0.jpg,ml/output/tracks/best_frames_hires/26_12-20/track_0666_r0.jpg,
26_12-20.mp4,667,64715,207,31,426,341,180,"6
6
2","[[""6"", 0.999578043636177, 54.0], [""6"", 0.9584920637103664, 90.98552349434517], [""2"", 0.09726366447737078, 41.47501622057575]]",,,ml/output/tracks/best_frames/26_12-20/track_0667_r0.jpg,ml/output/tracks/best_frames_hires/26_12-20/track_0667_r0.jpg,
26_12-20.mp4,661,66066,160,868,371,1133,90,"ШШти
66","[[""ШШти"", 0.4093230366706848, 16.0], [""66"", 0.84504900946351, 16.0]]",,,ml/output/tracks/best_frames/26_12-20/track_0661_r2.jpg,ml/output/tracks/best_frames_hires/26_12-20/track_0661_r2.jpg,
26_12-20.mp4,673,66366,198,87,417,388,270,"1txд ;
993э","[[""1txд ;"", 0.4745462740907557, 21.496629104486146], [""993э"", 0.6767424941062927, 47.76114000116263]]",,,ml/output/tracks/best_frames/26_12-20/track_0673_r2.jpg,ml/output/tracks/best_frames_hires/26_12-20/track_0673_r2.jpg,
26_12-20.mp4,668,66366,2082,606,2459,1081,180,"8
8
8;
8
Ё
2 6
г
!
&
a","[[""8"", 0.9890783463731943, 40.0], [""8"", 0.8623520059661907, 76.0], [""8;"", 0.6848504846450878, 64.0], [""8"", 0.9978556220301158, 148.0], [""Ё"", 0.6402832916878118, 125.0], [""2 6"", 0.864201009273529, 40.0], [""г"", 0.09528768327371395, 44.0], [""!"", 0.9124786963464118, 131.0], [""&"", 0.7624779265535295, 89.0], [""a"", 0.22255893616582867, 75.961969092711]]",,,ml/output/tracks/best_frames/26_12-20/track_0668_r0.jpg,ml/output/tracks/best_frames_hires/26_12-20/track_0668_r0.jpg,99 6 8 3
26_12-20.mp4,669,66366,277,1750,489,2042,90,сес,"[[""сес"", 0.5852354153552995, 18.065626539372275]]",,,ml/output/tracks/best_frames/26_12-20/track_0669_r1.jpg,ml/output/tracks/best_frames_hires/26_12-20/track_0669_r1.jpg,
26_12-20.mp4,655,66366,2085,864,2457,1207,0,"""
8
Il
о
5
Ё
8
?
8
:
;
0
3
8","[[""\"""", 0.9413456422500452, 52.0], [""8"", 0.9820716606304956, 90.0], [""Il"", 0.42279692729246143, 135.0], [""о"", 0.8304398859949949, 24.0], [""5"", 0.7567399890121784, 36.0], [""Ё"", 0.48279775798961566, 119.0], [""8"", 0.9778780716631132, 198.0], [""?"", 0.4712267018703642, 50.0], [""8"", 0.9811397899835015, 40.0], ["":"", 0.5735169511153835, 77.0], ["";"", 0.26570726043190973, 58.89596992249085], [""0"", 0.7036431589200589, 63.5], [""3"", 0.9983302178511941, 77.5], [""8"", 0.9999761582841984, 40.0]]",,,ml/output/tracks/best_frames/26_12-20/track_0655_r1.jpg,ml/output/tracks/best_frames_hires/26_12-20/track_0655_r1.jpg,847 
26_12-20.mp4,641,66366,163,551,350,849,270,"TRESCA
Nuтa
avola
соnт
кр
ЕYx
[Италчн) 0: 75L
Tz6J
289
99
899
пя
Вио
Шшm]
289
89
899
7","[[""TRESCA"", 0.9999884172416214, 25.0], [""Nuтa"", 0.4864833950996399, 16.0], [""avola"", 0.9987976220859954, 14.0], [""соnт"", 0.6438808441162109, 14.0], [""кр"", 0.13893651573659313, 12.0], [""ЕYx"", 0.7079181865572229, 14.0], [""[Италчн) 0: 75L"", 0.4009756860367995, 24.0], [""Tz6J"", 0.2103729397058487, 14.0], [""289"", 0.983979026551562, 24.0], [""99"", 0.8675072692674751, 18.0], [""899"", 1.0, 52.0], [""пя"", 0.4194693079298524, 20.0], [""Вио"", 0.3790625573436536, 24.61144207529572], [""Шшm]"", 0.241403728723526, 25.64146590985041], [""289"", 0.9999289724060494, 24.0], [""89"", 0.5019704411706967, 16.0], [""899"", 1.0, 51.5], [""7"", 0.4005087680984367, 21.0]]",,,ml/output/tracks/best_frames/26_12-20/track_0641_r2.jpg,ml/output/tracks/best_frames_hires/26_12-20/track_0641_r2.jpg,
26_12-20.mp4,659,66366,2116,0,2461,292,270,"MAZZEI Poggia [ira
ja Тастяна
НЯ)
Еu аmu
2631""
Сло
917999
511
K0 017
{Ш
99
61799
915
232","[[""MAZZEI Poggia [ira"", 0.5528435680003462, 30.0], [""ja Тастяна"", 0.22151297202098702, 20.0], [""НЯ)"", 0.19962997127600154, 16.0], [""Еu аmu"", 0.12088496071756798, 14.0], [""2631\"""", 0.922794112661014, 26.0], [""Сло"", 0.4837479351589928, 14.0], [""917999"", 0.5876035204463171, 98.0], [""511"", 0.1511577074799695, 14.0], [""K0 017"", 0.12523382895156732, 18.0], [""{Ш"", 0.9341363589889818, 26.0], [""99"", 0.9999998314126101, 31.0], [""61799"", 0.8198412255170695, 78.0], [""915"", 0.4778599025828747, 13.0], [""232"", 0.1371296047985575, 16.0]]",,,ml/output/tracks/best_frames/26_12-20/track_0659_r2.jpg,ml/output/tracks/best_frames_hires/26_12-20/track_0659_r2.jpg,
26_12-20.mp4,635,66366,231,1474,456,1779,0,"3
1
'
'
{
'
6
'
Ё
3
{
{
{
{","[[""3"", 0.21294155816409788, 26.0], [""1"", 0.9600122171914336, 26.0], [""'"", 0.9071993366703488, 32.0], [""'"", 0.21585088626729831, 173.9893989104089], [""{"", 0.9844704543454874, 50.95960811756083], [""'"", 0.17858912365071333, 45.950265711582915], [""6"", 0.33050593375436677, 46.95237412036789], [""'"", 0.33257034586371503, 39.934149074525294], [""Ё"", 0.3918406870443505, 28.875497521447414], [""3"", 0.2524739610981328, 76.98245580136529], [""{"", 0.9046642125629347, 29.883483823189692], [""{"", 0.7806917589832985, 38.93072678605654], [""{"", 0.9995845987744225, 40.93732773208808], [""{"", 0.13811710680261413, 40.93732773208808]]",,,ml/output/tracks/best_frames/26_12-20/track_0635_r2.jpg,ml/output/tracks/best_frames_hires/26_12-20/track_0635_r2.jpg,
26_12-20.mp4,655,66516,2085,864,2457,1207,0,"""
8
Il
о
5
Ё
=
8
?
8
:
;
0
3
8","[[""\"""", 0.9946006897615831, 60.0], [""8"", 0.9530325103390993, 88.0], [""Il"", 0.46912806036495475, 135.0], [""о"", 0.881161308996159, 24.0], [""5"", 0.39354652500449916, 36.0], [""Ё"", 0.45623620132245435, 119.0], [""="", 0.13270540117329066, 70.0], [""8"", 0.9820131842581112, 198.0], [""?"", 0.35747076474321204, 50.0], [""8"", 0.9916567319854188, 40.0], ["":"", 0.5699136645088778, 77.0], ["";"", 0.4197474361436129, 58.89596992249085], [""0"", 0.5195371482662701, 64.5], [""3"", 0.9950389556234427, 77.5], [""8"", 0.9999004627202659, 40.0]]",,,ml/output/tracks/best_frames/26_12-20/track_0655_r0.jpg,ml/output/tracks/best_frames_hires/26_12-20/track_0655_r0.jpg,884  
26_12-20.mp4,641,66516,163,552,350,849,270,"TRESCA
Nuтo 9
avola
соnт
кр
CY
(Итлян) 0:
1z6J
289
99
899
7Шп]
Вино
7su
289
39
899
 79","[[""TRESCA"", 0.999995035964387, 25.0], [""Nuтo 9"", 0.5631492914728536, 16.0], [""avola"", 0.999744524971954, 14.0], [""соnт"", 0.7748679518699646, 14.0], [""кр"", 0.9017418291944297, 14.0], [""CY"", 0.2082064159135847, 14.0], [""(Итлян) 0:"", 0.48047400245315697, 21.0], [""1z6J"", 0.5781667232513428, 14.0], [""289"", 0.9983837390429168, 24.0], [""99"", 0.9947157649200011, 18.0], [""899"", 1.0, 52.0], [""7Шп]"", 0.07628984749317169, 26.0], [""Вино"", 0.3575325608253479, 24.61144207529572], [""7su"", 0.5735825396673474, 22.539672889527935], [""289"", 0.9999509275688265, 20.0], [""39"", 0.4991129922374576, 15.0], [""899"", 1.0, 51.5], ["" 79"", 0.16902607857461327, 22.0]]",,,ml/output/tracks/best_frames/26_12-20/track_0641_r1.jpg,ml/output/tracks/best_frames_hires/26_12-20/track_0641_r1.jpg,6
26_12-20.mp4,669,66516,277,1750,489,2042,0,"R59[
{","[[""R59["", 0.18745802342891693, 40.0], [""{"", 0.863759370749623, 40.93732773208809]]",,,ml/output/tracks/best_frames/26_12-20/track_0669_r2.jpg,ml/output/tracks/best_frames_hires/26_12-20/track_0669_r2.jpg,
26_12-20.mp4,668,66516,2082,606,2459,1081,0,"?
8
Il
@
(s}
9
8
Ё
8
g;
8
3
3
4:
4
0
8
2
8
2
8
3
9","[[""?"", 0.398228378656146, 26.0], [""8"", 0.30255272975853487, 94.0], [""Il"", 0.9341547851384641, 135.0], [""@"", 0.47686872745928, 26.0], [""(s}"", 0.6332885047632794, 34.0], [""9"", 0.9720309831591614, 26.0], [""8"", 0.9372340197701057, 40.0], [""Ё"", 0.4501188695379632, 119.0], [""8"", 0.9388686716261283, 205.0], [""g;"", 0.30402429176282586, 64.0], [""8"", 0.9953967976707965, 42.0], [""3"", 0.9832052647248624, 76.0], [""3"", 0.5925023980331048, 68.5], [""4:"", 0.8127256407602217, 94.0], [""4"", 0.4461802602767797, 45.0], [""0"", 0.18730812243415418, 19.0], [""8"", 0.45934440451311787, 36.0], [""2"", 0.18438786384686878, 119.5], [""8"", 0.9999558930492327, 149.0], [""2"", 0.9653681247970134, 50.0], [""8"", 0.9997152677657023, 39.0], [""3"", 0.9797137866529262, 76.5], [""9"", 0.3538547527236666, 55.46962313413498]]",,,ml/output/tracks/best_frames/26_12-20/track_0668_r1.jpg,ml/output/tracks/best_frames_hires/26_12-20/track_0668_r1.jpg,93 4 8 3
26_12-20.mp4,635,66516,231,1474,457,1779,0,"?
1
'
'
'
'
6
i
3
'
{
;
{
1","[[""?"", 0.28435598001710005, 28.0], [""1"", 0.986973310996305, 26.0], [""'"", 0.8421379412211536, 32.0], [""'"", 0.9093395258589432, 47.95435272784562], [""'"", 0.12349294792875298, 163.9880186788863], [""'"", 0.17486595375224656, 45.950265711582915], [""6"", 0.484095928040972, 46.95237412036789], [""i"", 0.3593189983576508, 28.875497521447414], [""3"", 0.20742430387724742, 76.98245580136529], [""'"", 0.7019599197745983, 49.95796083947522], [""{"", 0.9278963437491825, 29.883483823189692], ["";"", 0.1087512987751893, 38.93072678605654], [""{"", 0.9995947294848975, 40.93732773208808], [""1"", 0.1407539096722168, 40.93732773208808]]",,,ml/output/tracks/best_frames/26_12-20/track_0635_r1.jpg,ml/output/tracks/best_frames_hires/26_12-20/track_0635_r1.jpg,
26_12-20.mp4,659,66516,2116,0,2461,292,0,"3
1
8
3
п
8
[g
0","[[""3"", 0.3155380118880977, 25.0], [""1"", 0.2639241976208382, 101.0], [""8"", 0.8369247785822154, 200.0], [""3"", 0.6141953894259586, 72.0], [""п"", 0.8444591728044202, 22.0], [""8"", 0.9999748469980752, 42.0], [""[g"", 0.18182688334912295, 86.0], [""0"", 0.7621154118867004, 17.5]]",,,ml/output/tracks/best_frames/26_12-20/track_0659_r1.jpg,ml/output/tracks/best_frames_hires/26_12-20/track_0659_r1.jpg,
26_12-20.mp4,663,66516,235,7,467,148,90,"Ca
66
Vвt","[[""Ca"", 0.6452225062636419, 18.0], [""66"", 0.9998939601759326, 48.772162710265036], [""Vвt"", 0.19786830100679154, 22.805721037647857]]",,,ml/output/tracks/best_frames/26_12-20/track_0663_r1.jpg,ml/output/tracks/best_frames_hires/26_12-20/track_0663_r1.jpg,
26_12-20.mp4,635,66666,231,1474,456,1779,0,"?
1
'
{
'
'
6
i
3
'
{
{
{
ё","[[""?"", 0.846092427162958, 28.0], [""1"", 0.981587363390318, 26.0], [""'"", 0.8112268345272788, 32.0], [""{"", 0.9905619258061051, 50.95960811756083], [""'"", 0.19481545737474537, 163.9880186788863], [""'"", 0.1820522861901317, 45.950265711582915], [""6"", 0.40823759109584046, 46.95237412036789], [""i"", 0.4633508726689719, 28.875497521447414], [""3"", 0.1975077147261297, 76.98245580136529], [""'"", 0.8618337807556067, 50.95960811756083], [""{"", 0.8686926283811012, 29.883483823189692], [""{"", 0.8276432995271534, 38.93072678605654], [""{"", 0.9990094969901442, 40.93732773208808], [""ё"", 0.11094128956621319, 40.93732773208808]]",,,ml/output/tracks/best_frames/26_12-20/track_0635_r0.jpg,ml/output/tracks/best_frames_hires/26_12-20/track_0635_r0.jpg,
26_12-20.mp4,659,66666,2115,0,2461,292,0,"3
5
1
в
8
3
&
3:
ё
0","[[""3"", 0.7306921869077456, 25.0], [""5"", 0.8789487188224143, 34.0], [""1"", 0.74657009528336, 101.0], [""в"", 0.10600328787138213, 114.0], [""8"", 0.8156326985372289, 200.0], [""3"", 0.6052924353569189, 73.0], [""&"", 0.08850684368113892, 22.0], [""3:"", 0.522587226270855, 78.0], [""ё"", 0.9178000965673085, 75.0], [""0"", 0.9618206883515654, 17.5]]",,,ml/output/tracks/best_frames/26_12-20/track_0659_r0.jpg,ml/output/tracks/best_frames_hires/26_12-20/track_0659_r0.jpg,
26_12-20.mp4,668,66666,2082,606,2459,1081,0,"5
8
Il
9
5
Ё
8
g;
8
3
3
4:
2
0
5
3
8
2
8
3
9","[[""5"", 0.4485995210102942, 26.0], [""8"", 0.24422411693401447, 94.0], [""Il"", 0.9095173771066952, 135.0], [""9"", 0.9877872132662766, 26.0], [""5"", 0.2755524438691772, 38.0], [""Ё"", 0.3486545582401881, 119.0], [""8"", 0.9392771527667811, 205.0], [""g;"", 0.19547552607460145, 64.0], [""8"", 0.9986929398930897, 42.0], [""3"", 0.9983203317688094, 78.0], [""3"", 0.5735179441767855, 62.5], [""4:"", 0.5821695489648987, 94.0], [""2"", 0.6324291015236128, 43.0], [""0"", 0.5474699931069296, 18.0], [""5"", 0.711491576697032, 36.0], [""3"", 0.7114153595732695, 120.5], [""8"", 0.9999462373330381, 150.5], [""2"", 0.9609939511890708, 50.0], [""8"", 0.99497593261448, 40.0], [""3"", 0.9905317901029917, 77.5], [""9"", 0.16152588045383087, 56.4708055877789]]",,,ml/output/tracks/best_frames/26_12-20/track_0668_r2.jpg,ml/output/tracks/best_frames_hires/26_12-20/track_0668_r2.jpg,99 4 8 3
26_12-20.mp4,669,66666,277,1750,489,2042,0,"""5 
{","[[""\""5 "", 0.284107621151945, 40.0], [""{"", 0.799312510236664, 40.93732773208809]]",,,ml/output/tracks/best_frames/26_12-20/track_0669_r0.jpg,ml/output/tracks/best_frames_hires/26_12-20/track_0669_r0.jpg,
26_12-20.mp4,663,66666,235,8,466,149,90,"6G
€s
vззt","[[""6G"", 0.6558738604494667, 50.79206421631358], [""€s"", 0.38023619759307886, 23.57770876399968], [""vззt"", 0.11544612050056458, 22.805721037647857]]",,,ml/output/tracks/best_frames/26_12-20/track_0663_r2.jpg,ml/output/tracks/best_frames_hires/26_12-20/track_0663_r2.jpg,
26_12-20.mp4,655,66666,2085,864,2457,1207,0,"""
8
Il
9
5
Ё
8
#;
8
:
0
3
8","[[""\"""", 0.9911811142496987, 54.0], [""8"", 0.8904540753468417, 90.0], [""Il"", 0.8586221391108418, 135.0], [""9"", 0.8831606756922525, 24.0], [""5"", 0.8093190337537095, 36.0], [""Ё"", 0.35294680531933764, 119.0], [""8"", 0.962590938414909, 197.0], [""#;"", 0.2161490540793858, 64.0], [""8"", 0.9854005915748907, 40.0], ["":"", 0.5253868694661747, 77.0], [""0"", 0.633020992018146, 64.5], [""3"", 0.9960525921034247, 77.5], [""8"", 0.9991248377479032, 39.0]]",,,ml/output/tracks/best_frames/26_12-20/track_0655_r2.jpg,ml/output/tracks/best_frames_hires/26_12-20/track_0655_r2.jpg,88  
26_12-20.mp4,641,66666,163,552,350,849,270,"TRESCA
Nuтo 9
avola
соnт
кр
cy
(Итлян) 0:
1z6J
289
99
899
7шпщ]
Вм о
7su
289/
39
899
57:","[[""TRESCA"", 0.9999733304102834, 26.0], [""Nuтo 9"", 0.6552041203709256, 16.0], [""avola"", 0.998691675404938, 14.0], [""соnт"", 0.7910143136978149, 14.0], [""кр"", 0.9768312891159909, 16.0], [""cy"", 0.4673998691278476, 12.0], [""(Итлян) 0:"", 0.5501389003711323, 21.0], [""1z6J"", 0.3743470013141632, 14.0], [""289"", 0.995224557851473, 24.0], [""99"", 0.9703589013611368, 18.0], [""899"", 0.9999900891323605, 74.0], [""7шпщ]"", 0.1269636008774533, 27.0], [""Вм о"", 0.8146581649780273, 24.61144207529572], [""7su"", 0.6574878767682252, 22.539672889527935], [""289/"", 0.988224983215332, 24.0], [""39"", 0.5220087231548937, 15.0], [""899"", 1.0, 51.5], [""57:"", 0.40861284336218023, 22.0]]",,,ml/output/tracks/best_frames/26_12-20/track_0641_r0.jpg,ml/output/tracks/best_frames_hires/26_12-20/track_0641_r0.jpg,
26_12-20.mp4,674,66817,2450,1369,2637,1629,90,"1
4","[[""1"", 0.8314038543022093, 142.0], [""4"", 0.7419222821226867, 96.5]]",,,ml/output/tracks/best_frames/26_12-20/track_0674_r1.jpg,ml/output/tracks/best_frames_hires/26_12-20/track_0674_r1.jpg,
26_12-20.mp4,663,66817,234,8,464,149,90,"e 66
vet","[[""e 66"", 0.632529616355896, 55.83184335790084], [""vet"", 0.1422790713225362, 23.820732954925234]]",,,ml/output/tracks/best_frames/26_12-20/track_0663_r0.jpg,ml/output/tracks/best_frames_hires/26_12-20/track_0663_r0.jpg,
26_12-20.mp4,674,66967,2433,1351,2642,1738,90,"7
0","[[""7"", 0.780915810838053, 289.0], [""0"", 0.20431121321941337, 91.0]]",,,ml/output/tracks/best_frames/26_12-20/track_0674_r0.jpg,ml/output/tracks/best_frames_hires/26_12-20/track_0674_r0.jpg,
26_12-20.mp4,661,67117,153,874,364,1161,90,"Ct
caz t","[[""Ct"", 0.44590339453942285, 14.0], [""caz t"", 0.7984000399801722, 18.0]]",,,ml/output/tracks/best_frames/26_12-20/track_0661_r1.jpg,ml/output/tracks/best_frames_hires/26_12-20/track_0661_r1.jpg,
26_12-20.mp4,661,67267,153,878,366,1175,90,"(
668
5z
 
5
 _","[[""("", 0.331974304281232, 14.0], [""668"", 0.9988479614257812, 50.0], [""5z"", 0.16680950849579806, 14.0], ["" "", 0.5269677297047535, 14.0], [""5"", 0.6413870307521599, 14.0], ["" _"", 0.691970705986023, 20.76983644476394]]",,,ml/output/tracks/best_frames/26_12-20/track_0661_r0.jpg,ml/output/tracks/best_frames_hires/26_12-20/track_0661_r0.jpg,
26_12-20.mp4,678,67417,188,1331,409,1606,0,,[],,,ml/output/tracks/best_frames/26_12-20/track_0678_r2.jpg,ml/output/tracks/best_frames_hires/26_12-20/track_0678_r2.jpg,
26_12-20.mp4,673,67567,163,444,382,751,0,"""YHIN","[[""\""YHIN"", 0.30142962693085773, 28.0]]",,,ml/output/tracks/best_frames/26_12-20/track_0673_r0.jpg,ml/output/tracks/best_frames_hires/26_12-20/track_0673_r0.jpg,
26_12-20.mp4,678,67567,195,1400,407,1679,0,,[],,,ml/output/tracks/best_frames/26_12-20/track_0678_r1.jpg,ml/output/tracks/best_frames_hires/26_12-20/track_0678_r1.jpg,
26_12-20.mp4,682,67567,162,1092,377,1400,270,"#;
""
е :
в99
399","[[""#;"", 0.19476862808868212, 16.0], [""\"""", 0.5711219367313447, 12.0], [""е :"", 0.36253198981285095, 20.0], [""в99"", 0.600157174416438, 64.0], [""399"", 0.6678097995537995, 58.5]]",,,ml/output/tracks/best_frames/26_12-20/track_0682_r1.jpg,ml/output/tracks/best_frames_hires/26_12-20/track_0682_r1.jpg,
26_12-20.mp4,685,67718,154,864,357,1143,270,"=
===
4
=p
2 =
~> -
899
599","[[""="", 0.664151548532832, 14.0], [""==="", 0.18775002478117991, 24.0], [""4"", 0.09571413718569843, 14.0], [""=p"", 0.010120143414760792, 8.0], [""2 ="", 0.14132207631367102, 14.0], [""~> -"", 0.4103315472602844, 16.0], [""899"", 0.9903569833862602, 66.0], [""599"", 0.44484445883870855, 45.5]]",,,ml/output/tracks/best_frames/26_12-20/track_0685_r0.jpg,ml/output/tracks/best_frames_hires/26_12-20/track_0685_r0.jpg,49
26_12-20.mp4,678,67718,203,1465,426,1755,0,,[],,,ml/output/tracks/best_frames/26_12-20/track_0678_r0.jpg,ml/output/tracks/best_frames_hires/26_12-20/track_0678_r0.jpg,
26_12-20.mp4,682,67718,168,1169,381,1471,270,"=е;
2_
= z
599
399","[[""=е;"", 0.34530797583770534, 21.0], [""2_"", 0.11679817179000326, 8.0], [""= z"", 0.18130896985530853, 14.0], [""599"", 0.8879991560201065, 65.0], [""399"", 0.5904144129850677, 61.5]]",,,ml/output/tracks/best_frames/26_12-20/track_0682_r0.jpg,ml/output/tracks/best_frames_hires/26_12-20/track_0682_r0.jpg,
26_12-20.mp4,680,67718,2044,1339,2419,1702,0,"'
I
8
7
₽
;
8","[[""'"", 0.6563735855098827, 52.0], [""I"", 0.9740264968833436, 189.0], [""8"", 0.9977267801079961, 181.0], [""7"", 0.1108741170975378, 44.0], [""₽"", 0.3937117399873955, 32.0], ["";"", 0.4605685215035784, 63.94557569532856], [""8"", 0.9984643399016626, 106.5]]",,,ml/output/tracks/best_frames/26_12-20/track_0680_r1.jpg,ml/output/tracks/best_frames_hires/26_12-20/track_0680_r1.jpg,5
26_12-20.mp4,673,67718,165,522,381,818,0,"""NIЫ","[[""\""NIЫ"", 0.21900101006031036, 30.0]]",,,ml/output/tracks/best_frames/26_12-20/track_0673_r1.jpg,ml/output/tracks/best_frames_hires/26_12-20/track_0673_r1.jpg,
26_12-20.mp4,682,67868,183,1252,383,1542,90,66,"[[""66"", 0.9562913764128032, 57.50842893013794]]",,,ml/output/tracks/best_frames/26_12-20/track_0682_r2.jpg,ml/output/tracks/best_frames_hires/26_12-20/track_0682_r2.jpg,
26_12-20.mp4,688,67868,2104,0,2451,343,0,,[],,,ml/output/tracks/best_frames/26_12-20/track_0688_r2.jpg,ml/output/tracks/best_frames_hires/26_12-20/track_0688_r2.jpg,
26_12-20.mp4,685,67868,155,864,361,1135,90,"68
=€
#
=
2 =
 . -","[[""68"", 0.9999593706797852, 62.0], [""=€"", 0.46733504096795775, 28.0], [""#"", 0.17965099508059268, 14.0], [""="", 0.9912736887447551, 20.0], [""2 ="", 0.1938284214133253, 19.749578350994852], ["" . -"", 0.5890871867716958, 13.5]]",,,ml/output/tracks/best_frames/26_12-20/track_0685_r1.jpg,ml/output/tracks/best_frames_hires/26_12-20/track_0685_r1.jpg,6 0 61
26_12-20.mp4,683,68018,2030,1712,2376,2010,270,"YuLE
Е,x
7
1599
599","[[""YuLE"", 0.36779069900512695, 27.0], [""Е,x"", 0.04447721777574048, 20.0], [""7"", 0.5070788996661685, 24.0], [""1599"", 0.935025691986084, 81.0], [""599"", 0.9981970582191064, 58.5]]",,,ml/output/tracks/best_frames/26_12-20/track_0683_r0.jpg,ml/output/tracks/best_frames_hires/26_12-20/track_0683_r0.jpg,
26_12-20.mp4,680,68018,2026,1484,2402,1846,180,"1
g
4
{
{","[[""1"", 0.822807957746452, 157.0], [""g"", 0.24903387963729617, 173.0], [""4"", 0.7442553786686403, 20.0], [""{"", 0.9675296215496907, 120.98546929228291], [""{"", 0.9675751181625891, 102.97974875608998]]",,,ml/output/tracks/best_frames/26_12-20/track_0680_r0.jpg,ml/output/tracks/best_frames_hires/26_12-20/track_0680_r0.jpg,
26_12-20.mp4,688,68018,2092,0,2442,356,0,,[],,,ml/output/tracks/best_frames/26_12-20/track_0688_r0.jpg,ml/output/tracks/best_frames_hires/26_12-20/track_0688_r0.jpg,
26_12-20.mp4,693,68168,2069,524,2301,967,0,"8
$
8
1","[[""8"", 0.7360724272940047, 282.0], [""$"", 0.19017697691401736, 46.0], [""8"", 0.9852225040961002, 238.0], [""1"", 0.9798178600732719, 50.0]]",,,ml/output/tracks/best_frames/26_12-20/track_0693_r0.jpg,ml/output/tracks/best_frames_hires/26_12-20/track_0693_r0.jpg,8
26_12-20.mp4,688,68168,2088,38,2445,429,0,8,"[[""8"", 0.9999756814527814, 130.0]]",,,ml/output/tracks/best_frames/26_12-20/track_0688_r1.jpg,ml/output/tracks/best_frames_hires/26_12-20/track_0688_r1.jpg,
26_12-20.mp4,680,68168,2026,1572,2384,1928,180,"9
3
6
8
?
w
{
'
{
3","[[""9"", 0.6712259178009141, 32.0], [""3"", 0.5594875424603494, 30.0], [""6"", 0.4067313343423393, 44.0], [""8"", 0.4522582734488232, 165.0], [""?"", 0.9719556476429858, 46.0], [""w"", 0.9115980998227293, 20.0], [""{"", 0.8013082589896534, 103.96900485518756], [""'"", 0.35577055727219786, 86.97128050160586], [""{"", 0.9806221964987003, 98.97802181168561], [""3"", 0.2299239327742706, 69.5]]",,,ml/output/tracks/best_frames/26_12-20/track_0680_r2.jpg,ml/output/tracks/best_frames_hires/26_12-20/track_0680_r2.jpg,
26_12-20.mp4,697,68318,364,864,557,1113,0,,[],,,ml/output/tracks/best_frames/26_12-20/track_0697_r1.jpg,ml/output/tracks/best_frames_hires/26_12-20/track_0697_r1.jpg,
26_12-20.mp4,693,68318,2065,614,2300,1055,0,"4
8
4
8","[[""4"", 0.1353503106022922, 74.0], [""8"", 0.9683508357800044, 200.0], [""4"", 0.19617036428452028, 44.0], [""8"", 0.9954327162442702, 243.0]]",,,ml/output/tracks/best_frames/26_12-20/track_0693_r1.jpg,ml/output/tracks/best_frames_hires/26_12-20/track_0693_r1.jpg,6
26_12-20.mp4,683,68318,2012,1865,2351,2159,270,"n
5 -L
1599
1999","[[""n"", 0.2602329697278414, 20.0], [""5 -L"", 0.17732095833529538, 28.0], [""1599"", 0.9341400828931098, 81.0], [""1999"", 0.7754001021385193, 50.5]]",,,ml/output/tracks/best_frames/26_12-20/track_0683_r2.jpg,ml/output/tracks/best_frames_hires/26_12-20/track_0683_r2.jpg,
26_12-20.mp4,687,68318,2063,768,2431,1178,0,"4
8
4
81","[[""4"", 0.4561271029426486, 72.0], [""8"", 0.9814526082571753, 199.0], [""4"", 0.11211505123534327, 44.0], [""81"", 0.9964980468792796, 108.5]]",,,ml/output/tracks/best_frames/26_12-20/track_0687_r1.jpg,ml/output/tracks/best_frames_hires/26_12-20/track_0687_r1.jpg,
26_12-20.mp4,690,68318,2076,0,2436,313,90,"6661
IEE =","[[""6661"", 0.9996110200881958, 76.0], [""IEE ="", 0.28063508103943796, 24.0]]",,,ml/output/tracks/best_frames/26_12-20/track_0690_r2.jpg,ml/output/tracks/best_frames_hires/26_12-20/track_0690_r2.jpg,
26_12-20.mp4,693,68468,2056,702,2304,1129,0,"8
8
3
8","[[""8"", 0.8258668579546544, 96.0], [""8"", 0.9861507472067821, 194.0], [""3"", 0.6439895239604745, 44.0], [""8"", 0.9970021100201656, 238.5]]",,,ml/output/tracks/best_frames/26_12-20/track_0693_r2.jpg,ml/output/tracks/best_frames_hires/26_12-20/track_0693_r2.jpg,8
26_12-20.mp4,683,68468,2015,1868,2350,2159,270,"ныa E
5z ,
€r
'тия |
TL
20:
1599
1599","[[""ныa E"", 0.04260242252663294, 36.0], [""5z ,"", 0.1954527205020238, 28.0], [""€r"", 0.7391712755134806, 24.0], [""'тия |"", 0.3083377284952503, 30.0], [""TL"", 0.3010243294602749, 26.0], [""20:"", 0.9256362915929971, 38.0], [""1599"", 0.6806764602661133, 84.0], [""1599"", 0.9932231903076172, 56.0]]",,,ml/output/tracks/best_frames/26_12-20/track_0683_r1.jpg,ml/output/tracks/best_frames_hires/26_12-20/track_0683_r1.jpg,
26_12-20.mp4,697,68468,378,864,559,1040,0,,[],,,ml/output/tracks/best_frames/26_12-20/track_0697_r0.jpg,ml/output/tracks/best_frames_hires/26_12-20/track_0697_r0.jpg,
26_12-20.mp4,690,68468,2075,6,2439,403,90,"6661
cz
1
0","[[""6661"", 0.9711326956748962, 76.0], [""cz"", 0.6937749250305905, 24.0], [""1"", 0.43197174767329116, 16.0], [""0"", 0.3010793156144054, 18.0]]",,,ml/output/tracks/best_frames/26_12-20/track_0690_r0.jpg,ml/output/tracks/best_frames_hires/26_12-20/track_0690_r0.jpg,
26_12-20.mp4,687,68468,2068,851,2427,1259,0,"8
18
3
8","[[""8"", 0.7637299566213507, 97.0], [""18"", 0.7972983100540108, 226.0], [""3"", 0.9947325398472664, 46.0], [""8"", 0.9999635222900594, 115.0]]",,,ml/output/tracks/best_frames/26_12-20/track_0687_r0.jpg,ml/output/tracks/best_frames_hires/26_12-20/track_0687_r0.jpg,2
26_12-20.mp4,698,68618,2061,1260,2431,1648,0,"8
5I","[[""8"", 0.9994408674018906, 172.0], [""5I"", 0.7017075389402175, 42.0]]",,,ml/output/tracks/best_frames/26_12-20/track_0698_r0.jpg,ml/output/tracks/best_frames_hires/26_12-20/track_0698_r0.jpg,
26_12-20.mp4,694,68618,215,0,442,298,90,661+,"[[""661+"", 0.3843461275100708, 69.86393923832145]]",,,ml/output/tracks/best_frames/26_12-20/track_0694_r0.jpg,ml/output/tracks/best_frames_hires/26_12-20/track_0694_r0.jpg,
26_12-20.mp4,694,68769,203,45,431,341,180,ф,"[[""ф"", 0.7897656692805413, 110.96256063316147]]",,,ml/output/tracks/best_frames/26_12-20/track_0694_r1.jpg,ml/output/tracks/best_frames_hires/26_12-20/track_0694_r1.jpg,
26_12-20.mp4,698,68769,2057,1389,2426,1770,270,"799
799","[[""799"", 0.9999998623489704, 78.0], [""799"", 1.0, 76.5]]",,,ml/output/tracks/best_frames/26_12-20/track_0698_r1.jpg,ml/output/tracks/best_frames_hires/26_12-20/track_0698_r1.jpg,
26_12-20.mp4,701,68919,166,1087,382,1405,90,56,"[[""56"", 0.9354072690485006, 41.0]]",,,ml/output/tracks/best_frames/26_12-20/track_0701_r2.jpg,ml/output/tracks/best_frames_hires/26_12-20/track_0701_r2.jpg,
26_12-20.mp4,704,68919,172,353,392,610,0,@,"[[""@"", 0.82447102189224, 101.0]]",,,ml/output/tracks/best_frames/26_12-20/track_0704_r2.jpg,ml/output/tracks/best_frames_hires/26_12-20/track_0704_r2.jpg,
26_12-20.mp4,698,68919,2056,1498,2412,1854,270,"799
799","[[""799"", 0.9999955951683134, 80.0], [""799"", 0.996773898601532, 76.0]]",,,ml/output/tracks/best_frames/26_12-20/track_0698_r2.jpg,ml/output/tracks/best_frames_hires/26_12-20/track_0698_r2.jpg,
26_12-20.mp4,703,68919,180,228,400,522,90,66L1 -,"[[""66L1 -"", 0.7775769792991485, 67.0]]",,,ml/output/tracks/best_frames/26_12-20/track_0703_r1.jpg,ml/output/tracks/best_frames_hires/26_12-20/track_0703_r1.jpg,
26_12-20.mp4,692,68919,146,822,351,1123,270,"=
01299
7299","[[""="", 0.8963591226967225, 16.0], [""01299"", 0.48478843063654053, 50.0], [""7299"", 0.7907097935676575, 42.5]]",,,ml/output/tracks/best_frames/26_12-20/track_0692_r1.jpg,ml/output/tracks/best_frames_hires/26_12-20/track_0692_r1.jpg,
26_12-20.mp4,690,68919,2066,337,2445,759,270,"36
19995
75 .
19995","[[""36"", 0.5925298104520965, 36.0], [""19995"", 0.9083243407789523, 80.0], [""75 ."", 0.4060988734194023, 38.5], [""19995"", 0.9193717637862043, 67.0]]",,,ml/output/tracks/best_frames/26_12-20/track_0690_r1.jpg,ml/output/tracks/best_frames_hires/26_12-20/track_0690_r1.jpg,
26_12-20.mp4,694,68919,189,128,425,407,90,66L1 -,"[[""66L1 -"", 0.8560078341805517, 67.0]]",,,ml/output/tracks/best_frames/26_12-20/track_0694_r2.jpg,ml/output/tracks/best_frames_hires/26_12-20/track_0694_r2.jpg,
26_12-20.mp4,692,69069,151,909,361,1215,0,"8
46","[[""8"", 0.8649518987334694, 143.0], [""46"", 0.2517370166622151, 55.0]]",,,ml/output/tracks/best_frames/26_12-20/track_0692_r0.jpg,ml/output/tracks/best_frames_hires/26_12-20/track_0692_r0.jpg,
26_12-20.mp4,703,69069,178,205,399,505,0,"8
1","[[""8"", 0.997192448820897, 150.97494483936234], [""1"", 0.44271055753876, 54.5]]",,,ml/output/tracks/best_frames/26_12-20/track_0703_r0.jpg,ml/output/tracks/best_frames_hires/26_12-20/track_0703_r0.jpg,
26_12-20.mp4,687,69069,2051,1325,2413,1705,180,"#
8","[[""#"", 0.7119846734031086, 30.0], [""8"", 0.9623463941784962, 263.0]]",,,ml/output/tracks/best_frames/26_12-20/track_0687_r2.jpg,ml/output/tracks/best_frames_hires/26_12-20/track_0687_r2.jpg,
26_12-20.mp4,704,69069,166,321,392,613,90,e611:,"[[""e611:"", 0.9146209271005223, 65.84427575508482]]",,,ml/output/tracks/best_frames/26_12-20/track_0704_r1.jpg,ml/output/tracks/best_frames_hires/26_12-20/track_0704_r1.jpg,
26_12-20.mp4,692,69219,152,1023,359,1348,270,"4259
1-52","[[""4259"", 0.6140698790550232, 61.0], [""1-52"", 0.2733714282512665, 45.0]]",,,ml/output/tracks/best_frames/26_12-20/track_0692_r2.jpg,ml/output/tracks/best_frames_hires/26_12-20/track_0692_r2.jpg,
26_12-20.mp4,710,69219,183,1342,405,1603,0,,[],,,ml/output/tracks/best_frames/26_12-20/track_0710_r2.jpg,ml/output/tracks/best_frames_hires/26_12-20/track_0710_r2.jpg,
26_12-20.mp4,701,69219,164,1163,378,1477,90,€czL,"[[""€czL"", 0.5324749946594238, 61.0]]",,,ml/output/tracks/best_frames/26_12-20/track_0701_r1.jpg,ml/output/tracks/best_frames_hires/26_12-20/track_0701_r1.jpg,
26_12-20.mp4,704,69219,166,311,383,608,0,"8
8","[[""8"", 0.9867291228374597, 151.0], [""8"", 0.12454082786621612, 91.0]]",,,ml/output/tracks/best_frames/26_12-20/track_0704_r0.jpg,ml/output/tracks/best_frames_hires/26_12-20/track_0704_r0.jpg,6
26_12-20.mp4,706,69219,2061,606,2452,1026,0,"8
I
6","[[""8"", 0.99899686710501, 196.0], [""I"", 0.01348901198992275, 50.0], [""6"", 0.9606352207186752, 122.34597678737717]]",,,ml/output/tracks/best_frames/26_12-20/track_0706_r0.jpg,ml/output/tracks/best_frames_hires/26_12-20/track_0706_r0.jpg,11
26_12-20.mp4,707,69219,2067,866,2437,1266,0,"8
m","[[""8"", 0.9999986886982448, 172.0], [""m"", 0.4135912861444382, 48.0]]",,,ml/output/tracks/best_frames/26_12-20/track_0707_r1.jpg,ml/output/tracks/best_frames_hires/26_12-20/track_0707_r1.jpg,
26_12-20.mp4,710,69369,173,1229,388,1554,270,"i_s9
 259","[[""i_s9"", 0.20326991379261017, 57.53273342264606], ["" 259"", 0.6493551135063171, 51.5230786415172]]",,,ml/output/tracks/best_frames/26_12-20/track_0710_r1.jpg,ml/output/tracks/best_frames_hires/26_12-20/track_0710_r1.jpg,
26_12-20.mp4,707,69369,2067,959,2434,1358,90,6661,"[[""6661"", 0.9998344779014587, 84.0]]",,,ml/output/tracks/best_frames/26_12-20/track_0707_r2.jpg,ml/output/tracks/best_frames_hires/26_12-20/track_0707_r2.jpg,
26_12-20.mp4,706,69369,2059,711,2447,1128,180,"8
9","[[""8"", 0.9977444030960783, 190.0], [""9"", 0.17431938053658858, 52.5]]",,,ml/output/tracks/best_frames/26_12-20/track_0706_r1.jpg,ml/output/tracks/best_frames_hires/26_12-20/track_0706_r1.jpg,74
26_12-20.mp4,701,69369,157,1108,368,1426,90,65 -  ,"[[""65 -  "", 0.7188698290168238, 59.80566991812823]]",,,ml/output/tracks/best_frames/26_12-20/track_0701_r0.jpg,ml/output/tracks/best_frames_hires/26_12-20/track_0701_r0.jpg,
26_12-20.mp4,706,69519,2059,818,2441,1235,90,"6661
ee
:","[[""6661"", 0.9432076215744019, 78.0], [""ee"", 0.035641374351068365, 26.0], ["":"", 0.9539205507040016, 20.0]]",,,ml/output/tracks/best_frames/26_12-20/track_0706_r2.jpg,ml/output/tracks/best_frames_hires/26_12-20/track_0706_r2.jpg,5
26_12-20.mp4,715,69519,185,1299,398,1633,270," _59
 299","[["" _59"", 0.5638619065284729, 58.611783246878645], ["" 299"", 0.5565960269768966, 54.69750237151186]]",,,ml/output/tracks/best_frames/26_12-20/track_0715_r1.jpg,ml/output/tracks/best_frames_hires/26_12-20/track_0715_r1.jpg,
26_12-20.mp4,710,69519,160,1192,389,1500,180,0,"[[""0"", 0.6360300403912333, 81.81931332351894]]",,,ml/output/tracks/best_frames/26_12-20/track_0710_r0.jpg,ml/output/tracks/best_frames_hires/26_12-20/track_0710_r0.jpg,
26_12-20.mp4,715,69669,171,1274,408,1584,270,"1z99
259","[[""1z99"", 0.8403128981590271, 59.08203311860689], [""259"", 0.692483193345942, 55.07457079822689]]",,,ml/output/tracks/best_frames/26_12-20/track_0715_r0.jpg,ml/output/tracks/best_frames_hires/26_12-20/track_0715_r0.jpg,
26_12-20.mp4,714,69669,199,1415,410,1730,90,6672,"[[""6672"", 0.8981958627700806, 61.176636841049685]]",,,ml/output/tracks/best_frames/26_12-20/track_0714_r2.jpg,ml/output/tracks/best_frames_hires/26_12-20/track_0714_r2.jpg,
26_12-20.mp4,721,69669,2086,162,2453,536,270,"1784
1784","[[""1784"", 0.9999985694885254, 76.0], [""1784"", 0.9999995827674866, 74.0]]",,,ml/output/tracks/best_frames/26_12-20/track_0721_r2.jpg,ml/output/tracks/best_frames_hires/26_12-20/track_0721_r2.jpg,
26_12-20.mp4,720,69669,2044,1576,2437,2017,180,"2
3","[[""2"", 0.11486642109215328, 26.0], [""3"", 0.9811427419802818, 241.0]]",,,ml/output/tracks/best_frames/26_12-20/track_0720_r1.jpg,ml/output/tracks/best_frames_hires/26_12-20/track_0720_r1.jpg,8
26_12-20.mp4,712,69669,207,0,429,203,0,8,"[[""8"", 0.9665190049515928, 122.96992470556546]]",,,ml/output/tracks/best_frames/26_12-20/track_0712_r2.jpg,ml/output/tracks/best_frames_hires/26_12-20/track_0712_r2.jpg,
26_12-20.mp4,711,69669,2079,0,2458,398,270,"31784
4784","[[""31784"", 0.6392490027407066, 96.0], [""4784"", 0.5146229267120361, 73.5]]",,,ml/output/tracks/best_frames/26_12-20/track_0711_r0.jpg,ml/output/tracks/best_frames_hires/26_12-20/track_0711_r0.jpg,
26_12-20.mp4,708,69669,151,560,364,866,0,8,"[[""8"", 0.9796420476496657, 173.0]]",,,ml/output/tracks/best_frames/26_12-20/track_0708_r2.jpg,ml/output/tracks/best_frames_hires/26_12-20/track_0708_r2.jpg,
26_12-20.mp4,707,69669,2061,957,2431,1365,90,"6661
5e
~
""","[[""6661"", 0.9920596480369568, 81.0], [""5e"", 0.17084385802338709, 38.0], [""~"", 0.5258177838632037, 24.0], [""\"""", 0.09341370372563862, 16.0]]",,,ml/output/tracks/best_frames/26_12-20/track_0707_r0.jpg,ml/output/tracks/best_frames_hires/26_12-20/track_0707_r0.jpg,
26_12-20.mp4,723,69820,2052,1313,2425,1717,0,"#n
8","[[""#n"", 0.3124575990169818, 37.0], [""8"", 0.9999437340068198, 147.0]]",,,ml/output/tracks/best_frames/26_12-20/track_0723_r1.jpg,ml/output/tracks/best_frames_hires/26_12-20/track_0723_r1.jpg,
26_12-20.mp4,712,69820,203,0,440,284,0,8,"[[""8"", 0.8004407186389564, 143.9722699260978]]",,,ml/output/tracks/best_frames/26_12-20/track_0712_r1.jpg,ml/output/tracks/best_frames_hires/26_12-20/track_0712_r1.jpg,
26_12-20.mp4,722,69820,147,864,360,1178,90,661,"[[""661"", 0.7849231787722057, 42.0]]",,,ml/output/tracks/best_frames/26_12-20/track_0722_r2.jpg,ml/output/tracks/best_frames_hires/26_12-20/track_0722_r2.jpg,
26_12-20.mp4,714,69820,186,1365,425,1659,0,"6
10","[[""6"", 0.9570557976219654, 135.9706216097494], [""10"", 0.28161245058080325, 51.82899437451914]]",,,ml/output/tracks/best_frames/26_12-20/track_0714_r1.jpg,ml/output/tracks/best_frames_hires/26_12-20/track_0714_r1.jpg,84
26_12-20.mp4,708,69820,152,655,359,964,0,8,"[[""8"", 0.996346716980284, 162.0]]",,,ml/output/tracks/best_frames/26_12-20/track_0708_r1.jpg,ml/output/tracks/best_frames_hires/26_12-20/track_0708_r1.jpg,9.
26_12-20.mp4,725,69820,190,108,418,414,0,8,"[[""8"", 0.8908123936416814, 144.9726775445671]]",,,ml/output/tracks/best_frames/26_12-20/track_0725_r2.jpg,ml/output/tracks/best_frames_hires/26_12-20/track_0725_r2.jpg,
26_12-20.mp4,711,69820,2078,2,2460,439,0,8,"[[""8"", 0.9136882023609019, 184.0]]",,,ml/output/tracks/best_frames/26_12-20/track_0711_r2.jpg,ml/output/tracks/best_frames_hires/26_12-20/track_0711_r2.jpg,
26_12-20.mp4,720,69820,2023,1696,2304,2078,0,"
8
5
1
8","[["""", 0.0, 36.0], [""8"", 0.986378880454609, 121.0], [""5"", 0.15183635621156455, 30.0], [""1"", 0.1956968045982741, 31.0], [""8"", 0.9919937810082047, 136.0]]",,,ml/output/tracks/best_frames/26_12-20/track_0720_r0.jpg,ml/output/tracks/best_frames_hires/26_12-20/track_0720_r0.jpg,1. 8
26_12-20.mp4,724,69820,235,1636,452,1939,0,,[],,,ml/output/tracks/best_frames/26_12-20/track_0724_r2.jpg,ml/output/tracks/best_frames_hires/26_12-20/track_0724_r2.jpg,
26_12-20.mp4,722,69970,148,864,356,1093,180,"[J1h""
9)
9","[[""[J1h\"""", 0.1272148796352813, 48.0], [""9)"", 0.7078964558291371, 70.0], [""9"", 0.7353715999102093, 150.5]]",,,ml/output/tracks/best_frames/26_12-20/track_0722_r1.jpg,ml/output/tracks/best_frames_hires/26_12-20/track_0722_r1.jpg,
26_12-20.mp4,723,69970,2046,1384,2413,1767,0,"8
'","[[""8"", 0.9997067666473072, 173.0], [""'"", 0.19070552464859247, 38.0]]",,,ml/output/tracks/best_frames/26_12-20/track_0723_r0.jpg,ml/output/tracks/best_frames_hires/26_12-20/track_0723_r0.jpg,
26_12-20.mp4,724,69970,219,1526,432,1836,0,м,"[[""м"", 0.9157927906564431, 69.0]]",,,ml/output/tracks/best_frames/26_12-20/track_0724_r1.jpg,ml/output/tracks/best_frames_hires/26_12-20/track_0724_r1.jpg,
26_12-20.mp4,712,69970,192,17,428,324,270,"#
FYx
5=
эe
21199
51997","[[""#"", 0.11477517030947926, 14.0], [""FYx"", 0.12424623526567125, 16.0], [""5="", 0.05490370892212963, 14.0], [""эe"", 0.0811897360934604, 37.83746200628508], [""21199"", 0.6626337501913845, 73.88012033751102], [""51997"", 0.30580193377026227, 73.46914334781502]]",,,ml/output/tracks/best_frames/26_12-20/track_0712_r0.jpg,ml/output/tracks/best_frames_hires/26_12-20/track_0712_r0.jpg,
26_12-20.mp4,727,69970,154,922,359,1248,270,"1
199 
1199","[[""1"", 0.7761355534626979, 30.0], [""199 "", 0.6421756798322341, 54.0], [""1199"", 0.9999864101409912, 46.5]]",,,ml/output/tracks/best_frames/26_12-20/track_0727_r2.jpg,ml/output/tracks/best_frames_hires/26_12-20/track_0727_r2.jpg,
26_12-20.mp4,708,69970,153,714,358,1010,180,"[JIl'
8","[[""[JIl'"", 0.45555212062438366, 42.0], [""8"", 0.6604763061206995, 108.0]]",,,ml/output/tracks/best_frames/26_12-20/track_0708_r0.jpg,ml/output/tracks/best_frames_hires/26_12-20/track_0708_r0.jpg,
26_12-20.mp4,714,69970,194,1414,430,1697,90,6671 .,"[[""6671 ."", 0.33503769136230843, 71.14735479148082]]",,,ml/output/tracks/best_frames/26_12-20/track_0714_r0.jpg,ml/output/tracks/best_frames_hires/26_12-20/track_0714_r0.jpg,
26_12-20.mp4,711,69970,2077,85,2461,512,270,"1784
317845","[[""1784"", 0.9999597072601318, 78.0], [""317845"", 0.6262176768619541, 87.0]]",,,ml/output/tracks/best_frames/26_12-20/track_0711_r1.jpg,ml/output/tracks/best_frames_hires/26_12-20/track_0711_r1.jpg,2 
26_12-20.mp4,725,69970,180,157,418,461,270,"2e
~эe
еx
211997
11
1993","[[""2e"", 0.16461396504377618, 14.0], [""~эe"", 0.0966603085398674, 41.781107457779655], [""еx"", 0.2107776546063249, 23.577708763999667], [""211997"", 0.5902223972327636, 79.89949493661169], [""11"", 0.38842601906310803, 9.5], [""1993"", 0.2854872004311051, 34.0]]",,,ml/output/tracks/best_frames/26_12-20/track_0725_r1.jpg,ml/output/tracks/best_frames_hires/26_12-20/track_0725_r1.jpg,7
26_12-20.mp4,724,70120,210,1476,425,1788,270,"7299
1252","[[""7299"", 0.9669654965400696, 65.6543193357117], [""1252"", 0.4194905459880829, 55.79000175809166]]",,,ml/output/tracks/best_frames/26_12-20/track_0724_r0.jpg,ml/output/tracks/best_frames_hires/26_12-20/track_0724_r0.jpg,96
26_12-20.mp4,725,70120,187,97,415,391,270,"AE
оe
~=
7 =
5 :
 _
51199 
1199 ","[[""AE"", 0.023819805807077155, 14.0], [""оe"", 0.12244566964617197, 38.84609579056328], [""~="", 0.3720948494414009, 18.723868430315548], [""7 ="", 0.03186845430712204, 26.66828022501295], [""5 :"", 0.1781851236666957, 24.611442075295713], ["" _"", 0.7725392771735804, 24.611442075295713], [""51199 "", 0.4629526776703853, 72.87635528464463], [""1199 "", 0.3237610525534763, 55.5]]",,,ml/output/tracks/best_frames/26_12-20/track_0725_r0.jpg,ml/output/tracks/best_frames_hires/26_12-20/track_0725_r0.jpg,
26_12-20.mp4,727,70120,151,948,347,1222,0,8,"[[""8"", 0.9601251675795233, 163.0]]",,,ml/output/tracks/best_frames/26_12-20/track_0727_r1.jpg,ml/output/tracks/best_frames_hires/26_12-20/track_0727_r1.jpg,
26_12-20.mp4,721,70120,2077,368,2456,765,270,"01784
7
1784","[[""01784"", 0.8461440117693504, 80.0], [""7"", 0.42995425155411127, 33.0], [""1784"", 0.999950647354126, 77.5]]",,,ml/output/tracks/best_frames/26_12-20/track_0721_r1.jpg,ml/output/tracks/best_frames_hires/26_12-20/track_0721_r1.jpg,
26_12-20.mp4,722,70120,151,793,363,1098,0,8,"[[""8"", 0.4153122031912204, 152.0]]",,,ml/output/tracks/best_frames/26_12-20/track_0722_r0.jpg,ml/output/tracks/best_frames_hires/26_12-20/track_0722_r0.jpg,
26_12-20.mp4,721,70270,2058,294,2447,750,270,"1784
1784","[[""1784"", 0.9997718930244446, 80.0], [""1784"", 0.9987580180168152, 71.5]]",,,ml/output/tracks/best_frames/26_12-20/track_0721_r0.jpg,ml/output/tracks/best_frames_hires/26_12-20/track_0721_r0.jpg,
26_12-20.mp4,720,70270,2006,1881,2366,2134,0,,[],,,ml/output/tracks/best_frames/26_12-20/track_0720_r2.jpg,ml/output/tracks/best_frames_hires/26_12-20/track_0720_r2.jpg,
26_12-20.mp4,727,70270,154,875,372,1180,270,"199
= =
199","[[""199"", 0.9674731045245563, 53.0], [""= ="", 0.6660356360838359, 33.65045146956902], [""199"", 0.9631817977971487, 46.0]]",,,ml/output/tracks/best_frames/26_12-20/track_0727_r0.jpg,ml/output/tracks/best_frames_hires/26_12-20/track_0727_r0.jpg,9
26_12-20.mp4,733,70270,169,1139,380,1437,0,(,"[[""("", 0.9840489494288853, 55.0]]",,,ml/output/tracks/best_frames/26_12-20/track_0733_r2.jpg,ml/output/tracks/best_frames_hires/26_12-20/track_0733_r2.jpg,
26_12-20.mp4,733,70420,166,1132,388,1434,0,8,"[[""8"", 0.9950575061723157, 143.0]]",,,ml/output/tracks/best_frames/26_12-20/track_0733_r0.jpg,ml/output/tracks/best_frames_hires/26_12-20/track_0733_r0.jpg,
26_12-20.mp4,733,70570,180,1205,394,1508,0,8,"[[""8"", 0.9982748325990229, 143.0]]",,,ml/output/tracks/best_frames/26_12-20/track_0733_r1.jpg,ml/output/tracks/best_frames_hires/26_12-20/track_0733_r1.jpg,
26_12-20.mp4,740,70721,297,1883,530,2159,270,"#
6
#
Fсэ
1
295
225","[[""#"", 0.07066863652579602, 14.0], [""6"", 0.31287957263348076, 20.0], [""#"", 0.32279928067498886, 26.0], [""Fсэ"", 0.04403384307921897, 26.942571724714526], [""1"", 0.21708586319277856, 18.95770426136113], [""295"", 0.8704604837425448, 57.61688501298704], [""225"", 0.27842000466313904, 66.8470455381557]]",,,ml/output/tracks/best_frames/26_12-20/track_0740_r2.jpg,ml/output/tracks/best_frames_hires/26_12-20/track_0740_r2.jpg,
26_12-20.mp4,740,70871,286,1822,517,2098,270,"[
Асг
2 =
3299
299","[[""["", 0.5868176884594654, 12.0], [""Асг"", 0.0501718682862007, 32.88550908474889], [""2 ="", 0.2944660782814026, 22.896399292140075], [""3299"", 0.17522574377566197, 63.035219890101104], [""299"", 0.9259115564926579, 62.12118948136907]]",,,ml/output/tracks/best_frames/26_12-20/track_0740_r1.jpg,ml/output/tracks/best_frames_hires/26_12-20/track_0740_r1.jpg,
26_12-20.mp4,740,71021,284,1811,524,2101,0,";
{
0
$
;
!
'","[["";"", 0.9957779006026648, 44.0], [""{"", 0.4480330507150576, 58.96991404929263], [""0"", 0.6467744436010072, 46.89603210815679], [""$"", 0.8897634051411529, 122.96992470556546], ["";"", 0.29033954834654097, 44.88608135513252], [""!"", 0.6113715070683021, 70.95617746837212], [""'"", 0.28344812265464725, 48.95621185796966]]",,,ml/output/tracks/best_frames/26_12-20/track_0740_r0.jpg,ml/output/tracks/best_frames_hires/26_12-20/track_0740_r0.jpg,
26_12-20.mp4,749,71471,1536,131,1606,252,180,5,"[[""5"", 0.9871362778062718, 15.440000000000001]]",,,ml/output/tracks/best_frames/26_12-20/track_0749_r2.jpg,ml/output/tracks/best_frames_hires/26_12-20/track_0749_r2.jpg,
26_12-20.mp4,741,71471,183,1208,395,1508,180,"[
5
il
(
F
9
i
₽
8
э
:
6
1
1:
47
11
6
7
1
0
8
8","[[""["", 0.7246296961102985, 42.0], [""5"", 0.5027201210661794, 34.0], [""il"", 0.6600298373221977, 99.0], [""("", 0.3723851253045183, 28.0], [""F"", 0.5138590286589171, 34.0], [""9"", 0.8368615267514201, 30.0], [""i"", 0.8207918599474375, 42.0], [""₽"", 0.6512537800886129, 22.0], [""8"", 0.9358671701437835, 110.80770875706787], [""э"", 0.36323550113797864, 40.93732773208808], ["":"", 0.5549276746027232, 53.5], [""6"", 0.9968047672717297, 25.5], [""1"", 0.9999997615814351, 27.5], [""1:"", 0.8456659440244206, 91.0], [""47"", 0.3456136730413241, 16.0], [""11"", 0.6447290769247414, 73.5], [""6"", 0.9850911674971172, 28.0], [""7"", 0.9551923937721973, 38.0], [""1"", 0.9999946355891645, 25.0], [""0"", 0.915344854111936, 11.0], [""8"", 0.7947190002744584, 25.0], [""8"", 0.990273045315039, 142.90965685893252]]",,,ml/output/tracks/best_frames/26_12-20/track_0741_r2.jpg,ml/output/tracks/best_frames_hires/26_12-20/track_0741_r2.jpg,
26_12-20.mp4,749,71621,1536,139,1606,252,180,"Eg
$
2","[[""Eg"", 0.16947804607279834, 21.48], [""$"", 0.5569920437197062, 35.800000000000004], [""2"", 0.43655429300750725, 50.120000000000005]]",,,ml/output/tracks/best_frames/26_12-20/track_0749_r1.jpg,ml/output/tracks/best_frames_hires/26_12-20/track_0749_r1.jpg,
26_12-20.mp4,741,71621,184,1209,394,1507,180,"₽
[
Е
i
(
F
₽
Е
(
8
1
:
:
1
5
8
8","[[""₽"", 0.43354134170228065, 44.0], [""["", 0.999081703338053, 40.0], [""Е"", 0.6616663469035444, 26.0], [""i"", 0.810835841641083, 97.0], [""("", 0.9865518625834433, 30.0], [""F"", 0.17700404873446374, 36.0], [""₽"", 0.45101195306541797, 29.0], [""Е"", 0.41796894391498896, 22.0], [""("", 0.9997767334640493, 50.0], [""8"", 0.9690326307065789, 110.8235291526072], [""1"", 0.6309208539269697, 64.97527105692893], ["":"", 0.35569575961190836, 130.5], ["":"", 0.30119353399073034, 53.0], [""1"", 0.5501566354544138, 69.0], [""5"", 0.6729923957400388, 33.0], [""8"", 0.9989682714336858, 138.91954595460578], [""8"", 0.441091025842244, 47.440464437765485]]",,,ml/output/tracks/best_frames/26_12-20/track_0741_r1.jpg,ml/output/tracks/best_frames_hires/26_12-20/track_0741_r1.jpg,
26_12-20.mp4,735,71621,154,506,367,815,180,":
#I
8
6
е
6
д
1
;
!
8
{
9
5
34
5
1
8
6
0
4
7
9
9
:
0
9","[["":"", 0.29435529338572053, 28.0], [""#I"", 0.5844500347073897, 70.0], [""8"", 0.999004135236703, 103.0], [""6"", 0.5247166502296672, 42.0], [""е"", 0.3700962237725527, 32.0], [""6"", 0.5257385190021502, 22.0], [""д"", 0.5999405689913715, 36.0], [""1"", 0.7626210618744587, 134.98839635522302], ["";"", 0.9996360871531671, 44.886081355132546], [""!"", 0.15984273485314393, 84.9698609328857], [""8"", 0.9978527640784165, 91.94390619355954], [""{"", 0.2713811599660545, 62.94375423053782], [""9"", 0.770740442108945, 30.890745963252584], [""5"", 0.34351731146466946, 28.0], [""34"", 0.08328495152358169, 57.5], [""5"", 0.7758078154598138, 27.0], [""1"", 0.9885693301783114, 57.0], [""8"", 0.929444568853345, 143.0], [""6"", 0.815852879635063, 62.5], [""0"", 0.998146082713621, 16.0], [""4"", 0.41634259165006426, 35.5], [""7"", 0.8860460916281774, 31.0], [""9"", 0.9823977426236894, 36.0], [""9"", 0.9322799068583301, 28.5], ["":"", 0.29658021172009796, 59.5], [""0"", 0.9981545387418009, 18.0], [""9"", 0.27270185433127736, 82.49191068578314]]",,,ml/output/tracks/best_frames/26_12-20/track_0735_r2.jpg,ml/output/tracks/best_frames_hires/26_12-20/track_0735_r2.jpg,
26_12-20.mp4,741,71772,184,1210,394,1507,0,"d
1
₽?
1
8
[
1
d
g
'4","[[""d"", 0.8848086042093861, 29.0], [""1"", 0.9089762500121914, 22.0], [""₽?"", 0.4875824473498314, 60.0], [""1"", 0.825936951594727, 101.0], [""8"", 0.8658995249070358, 161.0], [""["", 0.4384213440562803, 42.0], [""1"", 0.9743804231244759, 38.0], [""d"", 0.9774762486245301, 44.0], [""g"", 0.968407730843083, 24.0], [""'4"", 0.4029100138875489, 26.0]]",,,ml/output/tracks/best_frames/26_12-20/track_0741_r0.jpg,ml/output/tracks/best_frames_hires/26_12-20/track_0741_r0.jpg,
26_12-20.mp4,749,71772,1536,139,1607,255,90,"al""
529660/70 
InlE","[[""al\"""", 0.2704896505871294, 14.72], [""529660/70 "", 0.394305842399452, 16.560000000000002], [""InlE"", 0.23003914952278137, 11.040000000000001]]",,,ml/output/tracks/best_frames/26_12-20/track_0749_r0.jpg,ml/output/tracks/best_frames_hires/26_12-20/track_0749_r0.jpg,
26_12-20.mp4,735,71772,154,506,367,814,270,"о 4
крcy>
0 -
8a
199s
FEI
Еяш]E!
vouтE
5o
алин)
7su
а5та
19989","[[""о 4"", 0.6320625476703441, 14.0], [""крcy>"", 0.4850963853921367, 20.0], [""0 -"", 0.8592572386425448, 14.0], [""8a"", 0.5931901466284194, 16.0], [""199s"", 0.9317351501768254, 53.0], [""FEI"", 0.3535716905698722, 20.0], [""Еяш]E!"", 0.13944010151311248, 31.0], [""vouтE"", 0.5084128649170494, 31.766967646379356], [""5o"", 0.5804204856071541, 18.723868430315548], [""алин)"", 0.49712180165542585, 24.611442075295713], [""7su"", 0.44405532895365, 24.611442075295713], [""а5та"", 0.5352416038513184, 18.72386843031552], [""19989"", 0.4497522144945643, 37.0]]",,,ml/output/tracks/best_frames/26_12-20/track_0735_r1.jpg,ml/output/tracks/best_frames_hires/26_12-20/track_0735_r1.jpg,
26_12-20.mp4,735,71922,154,506,366,815,270,"о 4
VOLTE
зo
Еlэz
кр cy
0-7sL
uш-к:
А5та -
8a
199s
KIEI: ПЛП L|
Алин)
19989","[[""о 4"", 0.5113069407929641, 14.0], [""VOLTE"", 0.9956807987280512, 31.0], [""зo"", 0.8845841717125172, 16.0], [""Еlэz"", 0.10428322851657867, 20.0], [""кр cy"", 0.8896180591251532, 20.0], [""0-7sL"", 0.7583492133451635, 20.0], [""uш-к:"", 0.02164576033033572, 20.0], [""А5та -"", 0.15457156880572914, 18.0], [""8a"", 0.7635591065302105, 18.0], [""199s"", 0.9887828826904297, 53.0], [""KIEI: ПЛП L|"", 0.18266237169329266, 31.0], [""Алин)"", 0.7494043076456377, 23.577708763999667], [""19989"", 0.8168183777620552, 37.0]]",,,ml/output/tracks/best_frames/26_12-20/track_0735_r0.jpg,ml/output/tracks/best_frames_hires/26_12-20/track_0735_r0.jpg,
26_12-20.mp4,719,72522,2004,1563,2348,1906,0,"8
;
g
E
5
3
8
3
ё
t9
8
?
1
{
1
5
;
:
F
81","[[""8"", 0.7913474003698049, 78.0], ["";"", 0.8739789165841252, 58.0], [""g"", 0.6340222978203691, 44.0], [""E"", 0.3785358524038749, 34.0], [""5"", 0.9978194289948736, 22.0], [""3"", 0.44426948891953444, 167.0], [""8"", 0.9987053295926671, 44.0], [""3"", 0.28814159868539946, 38.0], [""ё"", 0.4993579554511598, 66.0], [""t9"", 0.31102139489733027, 38.0], [""8"", 0.14607782162131233, 52.91921623512161], [""?"", 0.7728517511859536, 42.87465546417616], [""1"", 0.42846248752290705, 78.96491160273052], [""{"", 0.4913353683443553, 81.9675266587434], [""1"", 0.9768225933814989, 86.97128050160589], [""5"", 0.9453978762081796, 60.93982809858528], ["";"", 0.11033194582454886, 60.93982809858528], ["":"", 0.6585852845726983, 80.96668829410098], [""F"", 0.7593706799026769, 40.86145357211308], [""81"", 0.6668663407297963, 102.5]]",,,ml/output/tracks/best_frames/26_12-20/track_0719_r2.jpg,ml/output/tracks/best_frames_hires/26_12-20/track_0719_r2.jpg,
26_12-20.mp4,748,72522,2004,1387,2304,1819,0,"8
;
g
83
E
5
5
F
8
8
3
ё
1
t9
i
8
?
{
1
:
;
8
9
0
8
1
:
5
5
5
6
5
8
8
8
8
1
7","[[""8"", 0.6389049068688202, 52.0], ["";"", 0.690216849170838, 60.0], [""g"", 0.9658371577842537, 44.0], [""83"", 0.36476921215731956, 38.0], [""E"", 0.43728324527910445, 32.0], [""5"", 0.4985277829590906, 40.0], [""5"", 0.9994015397226441, 24.0], [""F"", 0.7693610656724701, 34.0], [""8"", 0.9984147875441671, 48.0], [""8"", 0.9992002656248502, 131.0], [""3"", 0.2939973535626592, 36.0], [""ё"", 0.3719561231006061, 68.0], [""1"", 0.5194296619329322, 34.0], [""t9"", 0.3741258263345942, 34.0], [""i"", 0.19248173909858313, 78.96491160273058], [""8"", 0.22721124597127584, 50.912423715939326], [""?"", 0.7418691970909528, 40.86145357211308], [""{"", 0.25598531593744056, 82.96833389075005], [""1"", 0.8247515020493665, 88.97260241729145], ["":"", 0.22650656156870141, 59.937710302033906], ["";"", 0.2051442111530868, 60.93982809858528], [""8"", 0.9979048032568052, 80.966688294101], [""9"", 0.8758214037604581, 29.0], [""0"", 0.33299946361070454, 28.5], [""8"", 0.2207427272447262, 84.5], [""1"", 0.9690169060077238, 86.5], ["":"", 0.12668448930108767, 59.5], [""5"", 0.5507919436647093, 61.0], [""5"", 0.8572983934579135, 40.0], [""5"", 0.9095875862907441, 35.5], [""6"", 0.7878686860371751, 12.0], [""5"", 0.9999740125437171, 21.0], [""8"", 0.9979040887508894, 47.0], [""8"", 0.9725675833963123, 76.5], [""8"", 0.9955056258049808, 159.0], [""8"", 0.9588221451849677, 34.0], [""1"", 0.7750170559310767, 75.49025529637939], [""7"", 0.5343149990817473, 37.45617746837212]]",,,ml/output/tracks/best_frames/26_12-20/track_0748_r2.jpg,ml/output/tracks/best_frames_hires/26_12-20/track_0748_r2.jpg,7 8 8 8 0 8 4
26_12-20.mp4,745,72522,188,260,389,533,270,"Ш;
cyr-
0-7sL
'5г
2898
199
IEIII
Вино
vouтE
Roзо
кp-
итапин)
1573
-289/
1199","[[""Ш;"", 0.6131394524561443, 14.0], [""cyr-"", 0.540168285369873, 16.0], [""0-7sL"", 0.657492729419016, 20.0], [""'5г"", 0.2890593216050951, 8.0], [""2898"", 0.6322081685066223, 31.0], [""199"", 0.9999988987918347, 50.0], [""IEIII"", 0.1647732055908475, 16.0], [""Вино"", 0.9108215570449829, 26.66828022501295], [""vouтE"", 0.5111847727646548, 30.75099504289483], [""Roзо"", 0.9021221995353699, 28.713906763541047], [""кp-"", 0.6730920836826098, 23.577708763999667], [""итапин)"", 0.8515172716852121, 31.766967646379342], [""1573"", 0.21760033071041107, 14.5], [""-289/"", 0.8852493726821344, 26.0], [""1199"", 0.9999974966049194, 52.5]]",,,ml/output/tracks/best_frames/26_12-20/track_0745_r2.jpg,ml/output/tracks/best_frames_hires/26_12-20/track_0745_r2.jpg,7 9   5 4 1 -
26_12-20.mp4,728,72522,265,1707,505,1990,0,"U
!
1
1
1
9
8
{
?
{
'","[[""U"", 0.613299303072413, 22.0], [""!"", 0.12193758756293338, 44.94801605407838], [""1"", 0.492660103237327, 74.98149479085589], [""1"", 0.8886582833308445, 66.97674339530124], [""1"", 0.6244659587259918, 58.96991404929264], [""9"", 0.7243909401001112, 46.95237412036789], [""8"", 0.36290429350887976, 123.9704381517995], [""{"", 0.8071076890919358, 69.95486201689909], [""?"", 0.745155828081355, 48.95621185796966], [""{"", 0.14534728582369016, 34.80683447104218], [""'"", 0.39740423767456434, 33.90895995607008]]",,,ml/output/tracks/best_frames/26_12-20/track_0728_r2.jpg,ml/output/tracks/best_frames_hires/26_12-20/track_0728_r2.jpg,
26_12-20.mp4,731,72522,2048,583,2419,982,0,"?
6
Ii
F
'
@
;
8
g
@]
8
5
:
1
{
F
6
5
8
8185 8","[[""?"", 0.9589879076671082, 44.0], [""6"", 0.8263055609086791, 40.0], [""Ii"", 0.47526184434477375, 154.0], [""F"", 0.7875001841612175, 55.0], [""'"", 0.1113152778724249, 64.0], [""@"", 0.8684122158182142, 308.0], ["";"", 0.8920661182615142, 58.0], [""8"", 0.9974157837951338, 89.0], [""g"", 0.9985736929643316, 45.0], [""@]"", 0.5384381876288805, 32.0], [""8"", 0.7928987624126229, 40.0], [""5"", 0.2085036550017918, 81.0], ["":"", 0.6651098921086032, 93.97553493869447], [""1"", 0.5552856977627165, 74.96090602042335], [""{"", 0.20100565458108477, 90.95890362593727], [""F"", 0.38364656982148304, 46.89603210815676], [""6"", 0.07276155694677655, 15.0], [""5"", 0.986589752548813, 76.0], [""8"", 0.35972542278308595, 40.0], [""8185 8"", 0.16510218803716092, 129.0]]",,,ml/output/tracks/best_frames/26_12-20/track_0731_r2.jpg,ml/output/tracks/best_frames_hires/26_12-20/track_0731_r2.jpg,8
26_12-20.mp4,751,72522,2058,373,2433,832,0,"Ш
{
?
Д
6
па
I
@
F;
8
g
@
8
5
$
f
7
8
1
258
:
1
0
8
5:
8
5
9
8","[[""Ш"", 0.16775762547105444, 49.0], [""{"", 0.40760557400441044, 120.0], [""?"", 0.9435104286789944, 44.0], [""Д"", 0.18205340519381608, 99.0], [""6"", 0.9831259514360227, 40.0], [""па"", 0.29424864551444935, 48.0], [""I"", 0.9893401364920784, 121.0], [""@"", 0.8476299064241779, 202.0], [""F;"", 0.9860996083364102, 62.0], [""8"", 0.9954573363030619, 89.0], [""g"", 0.9987654922072728, 40.0], [""@"", 0.873006606669847, 32.0], [""8"", 0.774766465235107, 40.0], [""5"", 0.8839477417644872, 78.0], [""$"", 0.3192137494124836, 102.94268636888285], [""f"", 0.09068133907625597, 88.97260241729145], [""7"", 0.9911159586395435, 18.0], [""8"", 0.9999885559409449, 67.5], [""1"", 0.1654377264829101, 98.5], [""258"", 0.3426056580257513, 74.0], ["":"", 0.9724598988341882, 32.0], [""1"", 0.18877837057062052, 125.5], [""0"", 0.787900959183446, 15.0], [""8"", 0.9960728177475175, 193.5], [""5:"", 0.28925704267419045, 62.0], [""8"", 0.9934959417616405, 87.0], [""5"", 0.9991978823940286, 77.0], [""9"", 0.9244988488456016, 54.5], [""8"", 0.8542702474654931, 40.0]]",,,ml/output/tracks/best_frames/26_12-20/track_0751_r2.jpg,ml/output/tracks/best_frames_hires/26_12-20/track_0751_r2.jpg,6 5 8 2: 8 19 8 5
26_12-20.mp4,730,72522,168,368,370,664,180,"gi
6
##i
8
$
6
x'
е
9
8
[
;
9
[
:
g

6
9
8
5
8
1
2
2","[[""gi"", 0.3397813522202359, 40.0], [""6"", 0.33899174016200107, 32.0], [""##i"", 0.22890704019393507, 96.0], [""8"", 0.9801963232817457, 136.0], [""$"", 0.40857508042995505, 44.0], [""6"", 0.995767075511722, 22.0], [""x'"", 0.7922942005886906, 26.0], [""е"", 0.46190225899502835, 32.0], [""9"", 0.6924343106493893, 34.0], [""8"", 0.9962495034288033, 42.0], [""["", 0.5746258329203471, 132.9880353883692], ["";"", 0.6387110149663755, 42.87465546417616], [""9"", 0.1262444710907582, 86.97128050160589], [""["", 0.803647258278616, 100.97891170461708], ["":"", 0.32379878897205927, 74.9609060204233], [""g"", 0.43891567980347546, 64.94731066042209], ["""", 0.0, 7.5], [""6"", 0.9786879799933423, 18.5], [""9"", 0.9315637640475103, 15.0], [""8"", 0.6931089166036806, 55.5], [""5"", 0.7362427253654893, 46.97322952120501], [""8"", 0.6536680925282781, 35.9661465126743], [""1"", 0.8305003960163191, 101.99480397795782], [""2"", 0.910890970561443, 73.48968857843391], [""2"", 0.3031375760093056, 63.98618303297951]]",,,ml/output/tracks/best_frames/26_12-20/track_0730_r2.jpg,ml/output/tracks/best_frames_hires/26_12-20/track_0730_r2.jpg,10
26_12-20.mp4,752,72522,287,1811,518,2084,180,"6
Q
'
!
{
1
1
{
9
5
7
0
8
1
6
:
1
1
1
9","[[""6"", 0.9913054973896038, 30.0], [""Q"", 0.5072484323182493, 24.0], [""'"", 0.14892811862274868, 139.9705448550158], [""!"", 0.16284023845092666, 69.9787182707297], [""{"", 0.8739492724662377, 68.95348679060248], [""1"", 0.654471862890663, 90.97383540733244], [""1"", 0.9330518261840695, 68.97808873418603], [""{"", 0.16261342986035743, 62.973655330211045], [""9"", 0.6748110388400619, 46.89603210815676], [""5"", 0.997782745540249, 39.934149074525294], [""7"", 0.7336493771959773, 27.0], [""0"", 0.38280890047195726, 20.0], [""8"", 0.9603737519150322, 158.99437437370392], [""1"", 0.9867692661482899, 68.49129726641729], [""6"", 0.9979750642544651, 33.460482995316596], ["":"", 0.48547349920284333, 67.98784856539697], [""1"", 0.9410635676893122, 86.49463595622962], [""1"", 0.9993578034851112, 66.4907430043445], [""1"", 0.9004482833034331, 60.488721764587055], [""9"", 0.9335128275449769, 46.467058742386186]]",,,ml/output/tracks/best_frames/26_12-20/track_0752_r2.jpg,ml/output/tracks/best_frames_hires/26_12-20/track_0752_r2.jpg,
26_12-20.mp4,729,72522,169,1074,391,1381,180,"g
4'
4;
'
5
'
#
(
#
7
₽
!
BIll
8
[
!
{
9
1
6:
3
1
5
5
:
0","[[""g"", 0.125823759883553, 38.0], [""4'"", 0.28379350576369994, 26.0], [""4;"", 0.6200365018037332, 26.0], [""'"", 0.7723967797977735, 44.0], [""5"", 0.4818240744232618, 26.0], [""'"", 0.17304933720707627, 42.0], [""#"", 0.6553602768446041, 73.0], [""("", 0.24367510011769866, 26.0], [""#"", 0.10614303890044141, 47.0], [""7"", 0.26309887235678175, 32.0], [""₽"", 0.8545140959960271, 24.0], [""!"", 0.325939086543233, 40.0], [""BIll"", 0.21229271590709686, 78.0], [""8"", 0.9985897748021131, 110.8235291526072], [""["", 0.35261331517034833, 58.93547964039965], [""!"", 0.8514579854545481, 68.97808873418603], [""{"", 0.9607220343610265, 40.93732773208808], [""9"", 0.254024479730802, 42.73338242481225], [""1"", 0.38539399482785086, 57.5], [""6:"", 0.7303383953921198, 37.5], [""3"", 0.7178892998047246, 50.5], [""1"", 0.9961608611789075, 97.5], [""5"", 0.5057997580178188, 22.0], [""5"", 0.6612586581703717, 36.0], ["":"", 0.33209767412358815, 81.5], [""0"", 0.9830059828686935, 35.0]]",,,ml/output/tracks/best_frames/26_12-20/track_0729_r2.jpg,ml/output/tracks/best_frames_hires/26_12-20/track_0729_r2.jpg,9:
26_12-20.mp4,734,72522,2047,864,2403,1241,270,"DEFFRA
[isa
₽
L рn
0 7sL
пi €
2525 '
99
7845
99
784","[[""DEFFRA"", 0.5163774429043838, 24.0], [""[isa"", 0.19008499383926392, 36.0], [""₽"", 0.5064844279496725, 14.0], [""L рn"", 0.10107335448265076, 20.0], [""0 7sL"", 0.8056425771815043, 20.0], [""пi €"", 0.11384040444513534, 26.0], [""2525 '"", 0.6313152674176337, 26.0], [""99"", 0.8920422245581123, 32.0], [""7845"", 0.9942614436149597, 76.0], [""99"", 0.4555295115170209, 28.0], [""784"", 1.0, 71.0]]",,,ml/output/tracks/best_frames/26_12-20/track_0734_r2.jpg,ml/output/tracks/best_frames_hires/26_12-20/track_0734_r2.jpg,
26_12-20.mp4,751,72672,2058,372,2433,832,0,"Э1
?
#
г
I
6
F;
8
g
а
8
Ё
3
25:
:
8
6
8
5:
8
58
9
8
58","[[""Э1"", 0.3677516556555276, 137.0], [""?"", 0.9949887748770294, 44.0], [""#"", 0.3060021545767455, 105.0], [""г"", 0.16222063419354527, 44.0], [""I"", 0.8132018100996561, 129.0], [""6"", 0.9058326770469307, 207.0], [""F;"", 0.9984190165380764, 64.0], [""8"", 0.9957794470490313, 89.0], [""g"", 0.9971622124255788, 44.0], [""а"", 0.8266091131378381, 40.0], [""8"", 0.9801017891415178, 40.0], [""Ё"", 0.6295789789970172, 80.0], [""3"", 0.6799906874075532, 107.5], [""25:"", 0.4701078653447634, 75.0], ["":"", 0.342753509588821, 28.0], [""8"", 0.2156333637004515, 125.5], [""6"", 0.9975988990328375, 16.0], [""8"", 0.9893772499418105, 193.5], [""5:"", 0.5723751329435606, 63.0], [""8"", 0.9979733970157021, 87.5], [""58"", 0.3376783417555418, 91.5], [""9"", 0.26296473465820114, 36.0], [""8"", 0.9657722548213918, 40.0], [""58"", 0.34451246892879306, 49.0]]",,,ml/output/tracks/best_frames/26_12-20/track_0751_r1.jpg,ml/output/tracks/best_frames_hires/26_12-20/track_0751_r1.jpg,6 - 5 : 8 8 9 12 8 2 5
26_12-20.mp4,748,72672,2005,1386,2304,1818,180,";
g
8
9
;
~э
[
2 :
8
8
:
2
'
s
1
8","[["";"", 0.7321458098706444, 71.0], [""g"", 0.2512727444225362, 154.0], [""8"", 0.9633187903893123, 48.0], [""9"", 0.7834623766008377, 22.0], ["";"", 0.49565275373312545, 36.0], [""~э"", 0.17502377577107592, 36.0], [""["", 0.19488631190883154, 83.0], [""2 :"", 0.6427401903235117, 48.0], [""8"", 0.9938246277872373, 58.0], [""8"", 0.9991516482784988, 46.0], ["":"", 0.9359462836258423, 80.96668829410095], [""2"", 0.44497550818462983, 60.93982809858528], [""'"", 0.3095111216712354, 94.97606488802629], [""s"", 0.12646115206280584, 58.93547964039965], [""1"", 0.946813307584776, 78.96491160273058], [""8"", 0.9591202944740331, 50.912423715939326]]",,,ml/output/tracks/best_frames/26_12-20/track_0748_r1.jpg,ml/output/tracks/best_frames_hires/26_12-20/track_0748_r1.jpg,2 8 : 8 : 1
26_12-20.mp4,752,72672,288,1811,519,2084,180,"6
'
'
{
1
{
'
0
6
7
0
9
1
6
:
1
1
1
9","[[""6"", 0.9911837252659552, 30.0], [""'"", 0.18207825304796277, 140.97099088805763], [""'"", 0.9370502999968586, 66.97674339530124], [""{"", 0.9432089270014821, 68.95348679060248], [""1"", 0.822222952635471, 78.96491160273058], [""{"", 0.38297951858286083, 62.973655330211045], [""'"", 0.6572599062646987, 62.973655330211045], [""0"", 0.41130669663127506, 44.94801605407838], [""6"", 0.9582373048864703, 34.91404880886694], [""7"", 0.20783908863732936, 28.0], [""0"", 0.3264399124390174, 20.0], [""9"", 0.282028121378076, 153.99397728176257], [""1"", 0.9955590310761444, 68.99142806408386], [""6"", 0.9992281496366218, 34.46290658539339], ["":"", 0.8398891673215445, 68.98821794200632], [""1"", 0.797686102369827, 86.49463595622962], [""1"", 0.9986594642622357, 66.4907430043445], [""1"", 0.9962717538476227, 61.489101969212186], [""9"", 0.9015326387488223, 45.96630114761594]]",,,ml/output/tracks/best_frames/26_12-20/track_0752_r1.jpg,ml/output/tracks/best_frames_hires/26_12-20/track_0752_r1.jpg,
26_12-20.mp4,729,72672,169,1074,391,1381,180,"[
K'
7;
'
$
i
(
;
₽
!
Bfl
8
1
!
{
1
88:
5
3
1
1.","[[""["", 0.14010959492003394, 38.0], [""K'"", 0.4008244179082318, 26.0], [""7;"", 0.15663560382001768, 26.0], [""'"", 0.9114813260645782, 44.0], [""$"", 0.16287095499453486, 43.0], [""i"", 0.40216666963659975, 97.0], [""("", 0.19073264809685853, 26.0], ["";"", 0.21217480747292772, 47.0], [""₽"", 0.957350639550473, 24.0], [""!"", 0.9249688536863374, 40.0], [""Bfl"", 0.11598832419085973, 78.0], [""8"", 0.9958709274359343, 109.80405793309978], [""1"", 0.7410928530816818, 58.93547964039965], [""!"", 0.8196749727858901, 68.97808873418603], [""{"", 0.8946231172231514, 40.93732773208808], [""1"", 0.32716691565500255, 78.9833441470505], [""88:"", 0.2063837346279362, 60.5], [""5"", 0.8759039618873352, 23.0], [""3"", 0.899245088453938, 50.5], [""1"", 0.9931030396174378, 70.0], [""1."", 0.22092073484196698, 89.5]]",,,ml/output/tracks/best_frames/26_12-20/track_0729_r1.jpg,ml/output/tracks/best_frames_hires/26_12-20/track_0729_r1.jpg, :
26_12-20.mp4,745,72672,189,260,389,533,270,"Ш;
cyx-
0 -
'5г
289
199
LEIII
Вино
vouтE
Ro зо
кр-
итапич)
7sL
1571 
-289
1 199","[[""Ш;"", 0.3693120211910682, 14.0], [""cyx-"", 0.5856109857559204, 16.0], [""0 -"", 0.6936400364316725, 16.0], [""'5г"", 0.18341970559648157, 8.0], [""289"", 0.996359124709247, 31.0], [""199"", 0.9999966963759913, 51.0], [""LEIII"", 0.23418311960040059, 14.0], [""Вино"", 0.9659931063652039, 26.66828022501295], [""vouтE"", 0.6985679379896502, 30.75099504289483], [""Ro зо"", 0.6425225939100784, 28.713906763541047], [""кр-"", 0.7785608393053995, 23.577708763999667], [""итапич)"", 0.8311748375993661, 31.766967646379342], [""7sL"", 0.5925411697130982, 21.496629104486146], [""1571 "", 0.5806273280885884, 14.0], [""-289"", 0.9943584203720093, 26.0], [""1 199"", 0.9923509565540267, 54.5]]",,,ml/output/tracks/best_frames/26_12-20/track_0745_r1.jpg,ml/output/tracks/best_frames_hires/26_12-20/track_0745_r1.jpg,7 3   8 1 9
26_12-20.mp4,730,72672,168,368,369,663,180,"9
g
""#
;
8
$
Fя
5
7
а
8
1
;
g
[
8
'
0
8 :
9
1

2
2","[[""9"", 0.9340536674537816, 32.0], [""g"", 0.33777148140217506, 71.0], [""\""#"", 0.9015597956994259, 92.0], ["";"", 0.31983894766314336, 44.0], [""8"", 0.9122846667554683, 79.0], [""$"", 0.08566969180543538, 42.0], [""Fя"", 0.671848777449547, 52.0], [""5"", 0.9998680396701367, 24.0], [""7"", 0.1366456218931944, 30.0], [""а"", 0.06273928792648409, 34.0], [""8"", 0.6152726786167619, 30.0], [""1"", 0.13340984215243967, 132.9880353883692], ["";"", 0.6743884533148616, 47.90053142316583], [""g"", 0.7144718639988277, 84.96986093288572], [""["", 0.2814931090293591, 100.97891170461708], [""8"", 0.529427316264762, 72.95864239600144], [""'"", 0.5219168901184936, 46.95237412036795], [""0"", 0.49806554705378403, 17.5], [""8 :"", 0.8492620587348938, 48.0], [""9"", 0.7678589254077828, 16.0], [""1"", 0.6624358197271683, 101.49475065390635], ["""", 0.0, 68.48457167390751], [""2"", 0.972859866523109, 74.48997793574492], [""2"", 0.12584864612836455, 63.48595106646008]]",,,ml/output/tracks/best_frames/26_12-20/track_0730_r1.jpg,ml/output/tracks/best_frames_hires/26_12-20/track_0730_r1.jpg,1 8.
26_12-20.mp4,719,72672,2004,1564,2348,1906,0,"8
;
: g
E
{
5
F
8
;
8
t
1
8
[
:
?
8
₽
8
4
8","[[""8"", 0.9863485716637257, 78.0], ["";"", 0.97807282464602, 56.0], ["": g"", 0.15561090409755707, 50.0], [""E"", 0.3324185017378092, 34.0], [""{"", 0.79518071080415, 87.0], [""5"", 0.999979853731535, 22.0], [""F"", 0.3097891335683336, 109.0], [""8"", 0.5764579152767055, 190.0], ["";"", 0.5662194679630694, 66.0], [""8"", 0.9923199622111021, 46.0], [""t"", 0.3043067925653453, 34.0], [""1"", 0.6502595247957856, 78.96491160273052], [""8"", 0.16671313467640037, 50.912423715939326], [""["", 0.7813498908245151, 82.96833389074999], ["":"", 0.257555456257478, 62.94375423053788], [""?"", 0.4583814408243292, 60.93982809858528], [""8"", 0.37697546014534566, 80.96668829410098], [""₽"", 0.3752522863806007, 38.846095790563254], [""8"", 0.994544456991239, 71.0], [""4"", 0.8036387089567967, 66.5], [""8"", 0.9997284596744436, 34.0]]",,,ml/output/tracks/best_frames/26_12-20/track_0719_r1.jpg,ml/output/tracks/best_frames_hires/26_12-20/track_0719_r1.jpg,:52
26_12-20.mp4,734,72672,2046,864,2404,1241,270,"DEFFRA [isssE
₽
Lрn
0 75L
[i:3
2525 '
99
7845
99
784","[[""DEFFRA [isssE"", 0.11899612074917955, 38.0], [""₽"", 0.5341782008024474, 14.0], [""Lрn"", 0.5343913435935974, 20.0], [""0 75L"", 0.48838731134295643, 24.0], [""[i:3"", 0.27389270067214966, 40.0], [""2525 '"", 0.8388654538892224, 26.0], [""99"", 0.9966905498236769, 32.0], [""7845"", 0.9849038124084473, 76.0], [""99"", 0.3590791925094124, 30.0], [""784"", 1.0, 69.0]]",,,ml/output/tracks/best_frames/26_12-20/track_0734_r1.jpg,ml/output/tracks/best_frames_hires/26_12-20/track_0734_r1.jpg,
26_12-20.mp4,731,72672,2048,583,2418,982,0,"!
Э1
?
[
6
5
!
g
6
F;
8
g
п
8
Ё
'
!
2
5
8
48 8","[[""!"", 0.8667609893455506, 48.0], [""Э1"", 0.535636174464651, 139.0], [""?"", 0.9805853656712884, 44.0], [""["", 0.37069048662630166, 93.0], [""6"", 0.9275306424771976, 56.0], [""5"", 0.1698085180599742, 56.0], [""!"", 0.18564546120942182, 111.0], [""g"", 0.13429664159556953, 64.0], [""6"", 0.5299525630043469, 225.0], [""F;"", 0.9582664155824586, 64.0], [""8"", 0.9980354430538227, 89.0], [""g"", 0.9895470558163311, 47.0], [""п"", 0.9233849561528338, 34.0], [""8"", 0.9777742191929839, 42.0], [""Ё"", 0.5605589534222908, 80.0], [""'"", 0.1554427486167933, 74.96090602042335], [""!"", 0.31391277135250917, 90.95890362593727], [""2"", 0.2889007011322384, 15.0], [""5"", 0.9726340075236841, 77.0], [""8"", 0.9622554143437725, 40.0], [""48 8"", 0.34982696175575256, 133.0]]",,,ml/output/tracks/best_frames/26_12-20/track_0731_r1.jpg,ml/output/tracks/best_frames_hires/26_12-20/track_0731_r1.jpg,8-
26_12-20.mp4,728,72672,265,1707,506,1990,0,"U
3
?
1
1
{
9
8
{
?
;","[[""U"", 0.6230185223548688, 22.0], [""3"", 0.33984841879007277, 30.0], [""?"", 0.11095316199331151, 44.94801605407838], [""1"", 0.2993181573661765, 74.98149479085589], [""1"", 0.9564358213922333, 66.97674339530124], [""{"", 0.806927562596016, 60.97187711526891], [""9"", 0.6645439961438484, 46.95237412036789], [""8"", 0.9709527060284842, 122.96992470556549], [""{"", 0.7504452025601758, 69.95486201689909], [""?"", 0.2598063033911444, 48.95621185796966], ["";"", 0.3045827209021468, 34.80683447104218]]",,,ml/output/tracks/best_frames/26_12-20/track_0728_r1.jpg,ml/output/tracks/best_frames_hires/26_12-20/track_0728_r1.jpg,
26_12-20.mp4,745,72823,189,260,389,533,270,"Ш;
сyx-
0 -
Ета
289)
199
IEIII
Вмно
VOLTE
Rozзо
кр-
итапия)
7su
157- 
1 199
-289/","[[""Ш;"", 0.09627362161457126, 14.0], [""сyx-"", 0.38849011063575745, 16.0], [""0 -"", 0.9608869552612305, 16.0], [""Ета"", 0.22320799215834272, 12.0], [""289)"", 0.9674149751663208, 31.0], [""199"", 0.9999973846308725, 51.0], [""IEIII"", 0.6218188029362128, 16.0], [""Вмно"", 0.9132761359214783, 26.66828022501295], [""VOLTE"", 0.9386751099233992, 30.75099504289483], [""Rozзо"", 0.4561657869382587, 28.713906763541047], [""кр-"", 0.8461316299686533, 23.577708763999667], [""итапия)"", 0.670041402529936, 31.766967646379342], [""7su"", 0.8618099783001154, 22.539672889527935], [""157- "", 0.2777245554069723, 14.0], [""1 199"", 0.8699674767283175, 54.5], [""-289/"", 0.9992876148986514, 28.89490209868802]]",,,ml/output/tracks/best_frames/26_12-20/track_0745_r0.jpg,ml/output/tracks/best_frames_hires/26_12-20/track_0745_r0.jpg,7 5 2   : 8 7 5
26_12-20.mp4,730,72823,168,368,369,663,180,"Eiaja
9
8
$
Fя
5
а
'
;
?
1
Ё
'
2
6
8 :
9
1
5
2
2","[[""Eiaja"", 0.07231098970390214, 102.0], [""9"", 0.7691300003016863, 32.0], [""8"", 0.9040680215762542, 79.0], [""$"", 0.3016447970376248, 42.0], [""Fя"", 0.4255181813551619, 52.0], [""5"", 0.9896140572544176, 24.0], [""а"", 0.08915650687787124, 34.0], [""'"", 0.12964707124798114, 132.9880353883692], ["";"", 0.9946042563756805, 46.89603210815676], [""?"", 0.31507118360000064, 84.96986093288572], [""1"", 0.30202170815570994, 100.97891170461708], [""Ё"", 0.5471590285551997, 60.93982809858528], [""'"", 0.6751782160303357, 46.95237412036795], [""2"", 0.21650879899955644, 5.5], [""6"", 0.3117241351297686, 17.5], [""8 :"", 0.8632569909095764, 48.0], [""9"", 0.8311145290239352, 16.0], [""1"", 0.5376643357239033, 101.49475065390635], [""5"", 0.36206484869669353, 68.48457167390751], [""2"", 0.9782708984141806, 74.48997793574492], [""2"", 0.161827809971947, 63.48595106646008]]",,,ml/output/tracks/best_frames/26_12-20/track_0730_r0.jpg,ml/output/tracks/best_frames_hires/26_12-20/track_0730_r0.jpg,.
26_12-20.mp4,729,72823,169,1073,391,1380,180,"p
H'
""i
'
1
{
5
;
N
'
F
5
6
8
1
'
!
{
[
9
65
3
1
5
5
:
0","[[""p"", 0.4951338884190051, 34.0], [""H'"", 0.16786232729259515, 26.0], [""\""i"", 0.17727550399343792, 26.0], [""'"", 0.33169083285889656, 44.0], [""1"", 0.21919184339589393, 99.0], [""{"", 0.5283895621926469, 58.0], [""5"", 0.8811716040092996, 30.0], ["";"", 0.1091035653433261, 50.0], [""N"", 0.46603360503473823, 22.0], [""'"", 0.9038750016616746, 50.0], [""F"", 0.21045766892392326, 22.0], [""5"", 0.49933327356527357, 36.0], [""6"", 0.7643294157554834, 50.0], [""8"", 0.9988040925419774, 109.82016835265861], [""1"", 0.19614597184293903, 60.93982809858528], [""'"", 0.3749071034328608, 40.93732773208808], [""!"", 0.47380244846084807, 66.97674339530124], [""{"", 0.34764773110262936, 42.94304067756627], [""["", 0.81446338384524, 76.98245580136529], [""9"", 0.9731524287591498, 57.0], [""65"", 0.66227084138841, 36.5], [""3"", 0.8786821880705453, 50.5], [""1"", 0.9920288069985794, 96.5], [""5"", 0.8965785415580427, 23.0], [""5"", 0.8309623871728178, 36.0], ["":"", 0.2932672143973072, 81.5], [""0"", 0.42245355614511837, 37.0]]",,,ml/output/tracks/best_frames/26_12-20/track_0729_r0.jpg,ml/output/tracks/best_frames_hires/26_12-20/track_0729_r0.jpg,
26_12-20.mp4,731,72823,2048,583,2418,981,0,"Э1
?
[
6
!
'
@
F;
8
g
@]
8
5
'
[
2
5
8
5
5
9 8","[[""Э1"", 0.98712704661988, 138.0], [""?"", 0.9150560975127178, 44.0], [""["", 0.6852396754841408, 93.0], [""6"", 0.7554420006697491, 56.0], [""!"", 0.3818328380401823, 111.0], [""'"", 0.3830220868287739, 64.0], [""@"", 0.3194643482459014, 228.0], [""F;"", 0.9216789252965252, 64.0], [""8"", 0.997972206131724, 89.0], [""g"", 0.997426855955613, 49.0], [""@]"", 0.21296786190969963, 32.0], [""8"", 0.9995596893634371, 42.0], [""5"", 0.40919877384114045, 78.0], [""'"", 0.2536596697902951, 74.96090602042335], [""["", 0.14264499910098838, 90.95890362593727], [""2"", 0.22493306570812965, 17.5], [""5"", 0.4192263509835925, 79.0], [""8"", 0.9944406742557135, 39.0], [""5"", 0.7244547601023896, 64.5], [""5"", 0.9478085810005723, 17.0], [""9 8"", 0.11573768722431146, 130.0]]",,,ml/output/tracks/best_frames/26_12-20/track_0731_r0.jpg,ml/output/tracks/best_frames_hires/26_12-20/track_0731_r0.jpg,8
26_12-20.mp4,751,72823,2058,371,2433,833,0,"Э1
?
I
6
щ
I
@
F;
8
g
П
8
Ё
8
2
25:
:
8
0
8
5:
8
6
8
48
48","[[""Э1"", 0.6723474044090355, 138.0], [""?"", 0.9887913418590557, 44.0], [""I"", 0.26587110758191557, 97.0], [""6"", 0.8643321469937746, 40.0], [""щ"", 0.5133309735813327, 44.0], [""I"", 0.9791538674286393, 127.0], [""@"", 0.45941178921202663, 223.0], [""F;"", 0.996307828290888, 62.0], [""8"", 0.9975725856011799, 89.0], [""g"", 0.9833622459111133, 48.0], [""П"", 0.3608515428509804, 30.0], [""8"", 0.9997915138203304, 42.0], [""Ё"", 0.381304712988495, 80.0], [""8"", 0.998865330405696, 68.5], [""2"", 0.33062690556323915, 99.5], [""25:"", 0.47579235421606203, 75.0], ["":"", 0.9961721643336752, 30.0], [""8"", 0.10147555855446999, 125.5], [""0"", 0.7682963625125581, 15.0], [""8"", 0.9973430424195193, 195.5], [""5:"", 0.5002491086459485, 62.0], [""8"", 0.9969006986409887, 88.0], [""6"", 0.8205264156610816, 27.0], [""8"", 0.9956472896972777, 40.0], [""48"", 0.5773099612399232, 91.0], [""48"", 0.6971212290874179, 51.0]]",,,ml/output/tracks/best_frames/26_12-20/track_0751_r0.jpg,ml/output/tracks/best_frames_hires/26_12-20/track_0751_r0.jpg,6 - 5 8 : 8 0 9 8 : 5
26_12-20.mp4,752,72823,288,1812,520,2084,0,"U
{
1
1
1
0
8
{
?
;
?","[[""U"", 0.7051124789543337, 22.0], [""{"", 0.20508860184094502, 44.948016054078394], [""1"", 0.5216790500814774, 74.98149479085589], [""1"", 0.9367020665892234, 66.97674339530124], [""1"", 0.19227256827525707, 58.96991404929263], [""0"", 0.8907700892052617, 44.94801605407839], [""8"", 0.8262488881074468, 122.96992470556546], [""{"", 0.6056332301821534, 69.95486201689907], [""?"", 0.4860583281589992, 52.96262749935431], ["";"", 0.23756038232054166, 32.90341723552109], [""?"", 0.845626686953679, 32.90341723552109]]",,,ml/output/tracks/best_frames/26_12-20/track_0752_r0.jpg,ml/output/tracks/best_frames_hires/26_12-20/track_0752_r0.jpg,
26_12-20.mp4,728,72823,265,1707,506,1990,0,"U
{
1
1
1
9
8
2
?
;
'","[[""U"", 0.5138198060485735, 22.0], [""{"", 0.12525003036515514, 44.94801605407838], [""1"", 0.43913431536725867, 74.98149479085589], [""1"", 0.9438952490637718, 66.97674339530124], [""1"", 0.16493691781104136, 56.967739820199824], [""9"", 0.9589002385412506, 46.95237412036789], [""8"", 0.9836014062450573, 122.96992470556549], [""2"", 0.1162009465421967, 68.95348679060248], [""?"", 0.8029804472334608, 50.95960811756083], ["";"", 0.4229191949136215, 34.80683447104218], [""'"", 0.6771180062088575, 33.90895995607008]]",,,ml/output/tracks/best_frames/26_12-20/track_0728_r0.jpg,ml/output/tracks/best_frames_hires/26_12-20/track_0728_r0.jpg,
26_12-20.mp4,734,72823,2046,864,2404,1241,0,"a
8
#
# g
[
8
Ё
g","[[""a"", 0.2700040785589728, 26.0], [""8"", 0.8741176711124723, 140.0], [""#"", 0.9439165594967704, 44.0], [""# g"", 0.18230031430721283, 86.0], [""["", 0.15136623855716014, 161.0], [""8"", 0.9998084398463938, 42.0], [""Ё"", 0.7082665836050097, 80.0], [""g"", 0.9921499185780114, 46.0]]",,,ml/output/tracks/best_frames/26_12-20/track_0734_r0.jpg,ml/output/tracks/best_frames_hires/26_12-20/track_0734_r0.jpg,
26_12-20.mp4,719,72823,2003,1564,2348,1906,0,":
;
' 8
Е
8
5
5
Е
8
F
E
8
ё
#9
i
8
1
1
3
8
8
8
4","[["":"", 0.9801395550427152, 36.0], ["";"", 0.7166826067618928, 60.0], [""' 8"", 0.6413202285766602, 48.0], [""Е"", 0.6316565143436179, 74.0], [""8"", 0.785222530306001, 83.0], [""5"", 0.6342619010906994, 59.0], [""5"", 0.9999790192750879, 22.0], [""Е"", 0.16046334862029799, 81.0], [""8"", 0.43369841840604195, 167.0], [""F"", 0.788290934514638, 34.0], [""E"", 0.43325348086968063, 48.0], [""8"", 0.992297637216101, 36.0], [""ё"", 0.2522090980396321, 68.0], [""#9"", 0.3652391430468061, 34.0], [""i"", 0.2144773312721151, 78.96491160273052], [""8"", 0.6345199713954095, 50.912423715939326], [""1"", 0.20975152850664447, 81.9675266587434], [""1"", 0.6517298758002745, 86.97128050160589], [""3"", 0.15534749476775378, 60.93982809858528], [""8"", 0.5132471043655329, 80.96668829410098], [""8"", 0.889876417833424, 50.912423715939326], [""8"", 0.9999914169495696, 98.5], [""4"", 0.6832642347666571, 67.5]]",,,ml/output/tracks/best_frames/26_12-20/track_0719_r0.jpg,ml/output/tracks/best_frames_hires/26_12-20/track_0719_r0.jpg,
26_12-20.mp4,748,72823,2005,1385,2304,1818,0,"8
;
? g
Е
м
€
5
F
E
8
ia
8
1
[
1
3
8
8
4
2
5
1
7
5
6
5
8
25
8
8
8
4
:","[[""8"", 0.8238438759360776, 89.0], ["";"", 0.6731624714121587, 60.0], [""? g"", 0.3948450658213786, 48.0], [""Е"", 0.43975331426749165, 32.0], [""м"", 0.126170718663289, 38.0], [""€"", 0.7390428309182795, 57.0], [""5"", 0.9571970315030285, 24.0], [""F"", 0.765160064969578, 34.0], [""E"", 0.28516304415666127, 48.0], [""8"", 0.9993593527087832, 157.0], [""ia"", 0.19449458984969276, 94.0], [""8"", 0.19152225821108004, 51.91592167895044], [""1"", 0.8743786040299462, 76.96298958171178], [""["", 0.2209547419841309, 82.96833389075005], [""1"", 0.6631253590813344, 86.97128050160586], [""3"", 0.11341033819022428, 60.93982809858528], [""8"", 0.5536468077451815, 80.966688294101], [""8"", 0.9123420536407281, 50.91242371593938], [""4"", 0.15950843001750403, 28.5], [""2"", 0.35299482388595393, 34.5], [""5"", 0.7121526649808061, 69.0], [""1"", 0.9765148725387149, 86.0], [""7"", 0.9977098717116775, 26.0], [""5"", 0.8067893221853275, 62.0], [""6"", 0.5698849567130679, 12.0], [""5"", 0.9155268899717726, 36.5], [""8"", 0.8080507361158062, 199.0], [""25"", 0.3958956071748037, 45.0], [""8"", 0.9759101750760237, 48.0], [""8"", 0.9373175766793942, 77.5], [""8"", 0.9944430518064564, 34.0], [""4"", 0.7754884398980408, 65.5], ["":"", 0.32706587190469705, 72.48938652342994]]",,,ml/output/tracks/best_frames/26_12-20/track_0748_r0.jpg,ml/output/tracks/best_frames_hires/26_12-20/track_0748_r0.jpg,7 8 8 1 4 8 :
26_12-20.mp4,753,72973,1885,2066,1991,2159,0,,[],,,ml/output/tracks/best_frames/26_12-20/track_0753_r2.jpg,ml/output/tracks/best_frames_hires/26_12-20/track_0753_r2.jpg,
26_12-20.mp4,757,73123,152,514,366,811,180,"g
'
8
6
7
@
9
<
;
g
6
;

5
1
8
6
9
9
5
7
0
9
5
9
:","[[""g"", 0.9730276611082935, 38.0], [""'"", 0.1722164840201268, 59.0], [""8"", 0.966355639687265, 136.0], [""6"", 0.9996916293447136, 22.0], [""7"", 0.3355189364567792, 32.0], [""@"", 0.7597125914528533, 34.0], [""9"", 0.9876641173015202, 28.0], [""<"", 0.9866982165969809, 47.0], ["";"", 0.8954016241514182, 44.886081355132546], [""g"", 0.8008536271688769, 86.97128050160586], [""6"", 0.7433748991743983, 43.945612429370726], ["";"", 0.14779237582027704, 58.93547964039965], ["""", 0.0, 20.0], [""5"", 0.38930810406476724, 32.0], [""1"", 0.9988739086221052, 57.5], [""8"", 0.9945974798143631, 134.5], [""6"", 0.9933594211401129, 45.0], [""9"", 0.9859666734485018, 20.0], [""9"", 0.37850130824614325, 35.5], [""5"", 0.5268609711886398, 40.0], [""7"", 0.906578701705385, 16.0], [""0"", 0.9997320354707426, 14.0], [""9"", 0.9997232151847726, 29.0], [""5"", 0.6309130894884198, 45.47128050160592], [""9"", 0.44744429168032696, 80.99159345041922], ["":"", 0.544538397478167, 61.48496235278276]]",,,ml/output/tracks/best_frames/26_12-20/track_0757_r0.jpg,ml/output/tracks/best_frames_hires/26_12-20/track_0757_r0.jpg,
26_12-20.mp4,755,73123,2004,1403,2304,1824,0,"2
2 8
8
е
Е
I
1
F
8
4
'
1
'
?
8
4
27
1
5
2
2
8
2
8
4
3","[[""2"", 0.4562591498746862, 58.0], [""2 8"", 0.20930245941613435, 48.0], [""8"", 0.9830798542732424, 76.0], [""е"", 0.23148218054599567, 24.0], [""Е"", 0.2015173767626388, 34.0], [""I"", 0.2504411496035033, 95.0], [""1"", 0.9669307607234181, 24.0], [""F"", 0.8808693808874182, 36.0], [""8"", 0.7904671465758497, 187.0], [""4"", 0.19145639941712833, 66.0], [""'"", 0.20144211653417088, 106.98128031658075], [""1"", 0.5149532500881584, 68.95348679060248], [""'"", 0.2408315696408545, 60.93982809858528], [""?"", 0.3407732593680066, 80.966688294101], [""8"", 0.9233691480874064, 50.912423715939326], [""4"", 0.2547306385935464, 30.0], [""27"", 0.13367403612596687, 40.0], [""1"", 0.3348693451914784, 88.5], [""5"", 0.8425495395133709, 41.0], [""2"", 0.31105851906918147, 12.0], [""2"", 0.41541261835067544, 42.0], [""8"", 0.9576031807007581, 45.5], [""2"", 0.25769044636456684, 77.0], [""8"", 0.7304762751950911, 187.0], [""4"", 0.969861995944953, 67.0], [""3"", 0.9623313085357132, 60.48442846782897]]",,,ml/output/tracks/best_frames/26_12-20/track_0755_r0.jpg,ml/output/tracks/best_frames_hires/26_12-20/track_0755_r0.jpg,2 4 8 8
26_12-20.mp4,756,73123,185,1204,396,1509,270,"11.
ЕаraE
тан. ₽v
Jt
стрт
'гyp
ta
суа
мет""1 €
77ua
€
s2 :
1
ПF -
6
199
32
7199","[[""11."", 0.1458410359271006, 8.0], [""ЕаraE"", 0.315915861313711, 19.0], [""тан. ₽v"", 0.10133721682743235, 18.0], [""Jt"", 0.41094443699496636, 8.0], [""стрт"", 0.20678257942199707, 14.0], [""'гyp"", 0.10132097452878952, 8.0], [""ta"", 0.6698488174630293, 6.0], [""суа"", 0.6658959173628215, 12.0], [""мет\""1 €"", 0.08581346206362434, 15.0], [""77ua"", 0.4294719398021698, 16.0], [""€"", 0.1573219678376212, 12.0], [""s2 :"", 0.36473938039334636, 24.0], [""1"", 0.9994942589441145, 34.0], [""ПF -"", 0.6350192779866989, 14.0], [""6"", 0.4248681520525821, 18.188782122167623], [""199"", 0.9993134282429718, 53.54620573351053], [""32"", 0.9692555028370814, 21.0], [""7199"", 0.9968495965003967, 50.0]]",,,ml/output/tracks/best_frames/26_12-20/track_0756_r0.jpg,ml/output/tracks/best_frames_hires/26_12-20/track_0756_r0.jpg,
26_12-20.mp4,753,73273,1889,2058,1998,2159,0,,[],,,ml/output/tracks/best_frames/26_12-20/track_0753_r1.jpg,ml/output/tracks/best_frames_hires/26_12-20/track_0753_r1.jpg,
26_12-20.mp4,755,73273,2004,1461,2302,1830,0,"2
2 8
8
{
7
8
н
8
'
1
1
3
?
4
0:
3
6
6
1
21
:
8
4
3
8","[[""2"", 0.957426456720615, 58.0], [""2 8"", 0.6139103174209595, 48.0], [""8"", 0.9918094001431008, 74.0], [""{"", 0.997464954181627, 85.0], [""7"", 0.9170572308743239, 22.0], [""8"", 0.9881371130718577, 163.0], [""н"", 0.18929146142550568, 34.0], [""8"", 0.9594426606995832, 46.0], [""'"", 0.22819193234342094, 103.98014876083994], [""1"", 0.888705819444354, 76.96298958171178], [""1"", 0.4532685583626659, 80.966688294101], [""3"", 0.5588125718361461, 58.93547964039965], [""?"", 0.397166725466068, 78.96491160273058], [""4"", 0.911876065112299, 70.93023018590367], [""0:"", 0.7122653930311533, 57.5], [""3"", 0.29758225909523617, 37.0], [""6"", 0.9503994592706455, 73.5], [""6"", 0.39371854678052287, 14.0], [""1"", 0.874449835115584, 83.5], [""21"", 0.2902121078310486, 41.0], ["":"", 0.28363671400279955, 76.5], [""8"", 0.6098058363794259, 185.0], [""4"", 0.6637686376552985, 62.0], [""3"", 0.4497035566177523, 58.983572825870816], [""8"", 0.9904996379488331, 45.47128050160592]]",,,ml/output/tracks/best_frames/26_12-20/track_0755_r2.jpg,ml/output/tracks/best_frames_hires/26_12-20/track_0755_r2.jpg,1 6 7 82 4 8
26_12-20.mp4,756,73273,190,1239,402,1546,270,"d 5
""
тана
сг
твta
суз
9;ъ
мев
Cъa
2
1
€
2a.
7а
199
2
523
1
799","[[""d 5"", 0.3486311336509876, 14.0], [""\"""", 0.06705060853175215, 8.0], [""тана"", 0.9094108939170837, 14.0], [""сг"", 0.3218777843729808, 14.0], [""твta"", 0.0641574616316181, 8.0], [""суз"", 0.463548186168258, 12.0], [""9;ъ"", 0.09690569585277643, 14.0], [""мев"", 0.14064245828189284, 14.0], [""Cъa"", 0.1642444347581926, 14.0], [""2"", 0.7025734994173582, 20.0], [""1"", 0.9997482458275044, 34.0], [""€"", 0.8129758603787565, 18.12462004281457], [""2a."", 0.11494164424060865, 20.58817169767505], [""7а"", 0.22568521345168183, 19.84092202556792], [""199"", 0.9992971869335273, 51.397134535414864], [""2"", 0.3384665310846344, 8.5], [""523"", 0.26008102346745393, 22.0], [""1"", 0.998480063502857, 33.0], [""799"", 0.8944455375835566, 51.5]]",,,ml/output/tracks/best_frames/26_12-20/track_0756_r1.jpg,ml/output/tracks/best_frames_hires/26_12-20/track_0756_r1.jpg,
26_12-20.mp4,757,73273,151,524,364,835,180,"5
8""4
8
6
&
@
?
[
g
'
5
0
8
3:
6
9
5
9
2
8
6
4
1
0","[[""5"", 0.9973891156178638, 36.0], [""8\""4"", 0.09199797914948665, 48.0], [""8"", 0.36906988529640117, 134.0], [""6"", 0.9997579005877277, 24.0], [""&"", 0.5512920101370042, 28.0], [""@"", 0.929921576844496, 34.0], [""?"", 0.8221540976743178, 45.0], [""["", 0.992130445237084, 79.0], [""g"", 0.3150112987674589, 86.97128050160586], [""'"", 0.17980804254627802, 58.93547964039965], [""5"", 0.9995755407708806, 35.5], [""0"", 0.5987742124433595, 21.0], [""8"", 0.9984720825685969, 117.0], [""3:"", 0.2181737272427153, 85.5], [""6"", 0.9984035907875501, 20.0], [""9"", 0.2530193946866497, 32.0], [""5"", 0.9794269643762732, 53.0], [""9"", 0.26981419339410095, 14.0], [""2"", 0.767319692141669, 45.5], [""8"", 0.629776683056221, 46.0], [""6"", 0.37777258155182736, 53.98014876083997], [""4"", 0.38691370788953705, 44.97058351020212], [""1"", 0.9297140920661064, 89.49500066310407], [""0"", 0.7746903935822189, 60.98891430692481]]",,,ml/output/tracks/best_frames/26_12-20/track_0757_r1.jpg,ml/output/tracks/best_frames_hires/26_12-20/track_0757_r1.jpg, 1
26_12-20.mp4,763,73423,2000,1888,2333,2159,0,"1
н
8
g
9
8","[[""1"", 0.8309647778656313, 22.0], [""н"", 0.5422333553032246, 36.0], [""8"", 0.9999480254251125, 144.0], [""g"", 0.21986441054118533, 65.0], [""9"", 0.5200808505654528, 61.941840462977396], [""8"", 0.9993553008955622, 50.91242371593934]]",,,ml/output/tracks/best_frames/26_12-20/track_0763_r0.jpg,ml/output/tracks/best_frames_hires/26_12-20/track_0763_r0.jpg,
26_12-20.mp4,757,73423,151,608,361,904,180,"а
6
8
r
""{
{
7
g
64
8
5
7
6
6
9","[[""а"", 0.16715848033550174, 28.0], [""6"", 0.8843009372745634, 42.0], [""8"", 0.9435906751459697, 109.0], [""r"", 0.8306360898768936, 22.0], [""\""{"", 0.2820735132895065, 44.0], [""{"", 0.47376298049152865, 32.0], [""7"", 0.48694211545737076, 44.886081355132546], [""g"", 0.4372107246874748, 86.97128050160586], [""64"", 0.24691286590304973, 61.0], [""8"", 0.9977851270828211, 134.0], [""5"", 0.5474086045641258, 81.5], [""7"", 0.27429271734158434, 32.0], [""6"", 0.7881162009364431, 57.5], [""6"", 0.7120463350754882, 30.0], [""9"", 0.9911517998941441, 15.0]]",,,ml/output/tracks/best_frames/26_12-20/track_0757_r2.jpg,ml/output/tracks/best_frames_hires/26_12-20/track_0757_r2.jpg,
26_12-20.mp4,755,73423,2003,1496,2304,1913,0,"8
8
8
4
8
8""8
8
4
'
1
3
{
3
8
82
 :
6
21
8
8
8
9
3","[[""8"", 0.9980650972157754, 74.0], [""8"", 0.9899165999522666, 54.0], [""8"", 0.9969944920848128, 42.0], [""4"", 0.40923270871789796, 24.0], [""8"", 0.9877906491635855, 161.0], [""8\""8"", 0.384713345598422, 52.0], [""8"", 0.2734680305566286, 32.0], [""4"", 0.24407129345127032, 67.0], [""'"", 0.33774820298839714, 102.97974875608998], [""1"", 0.42789345963152947, 74.9609060204233], [""3"", 0.10591966378903894, 92.97498724846798], [""{"", 0.27477122840834056, 84.9698609328857], [""3"", 0.7965365373877376, 56.93064661499386], [""8"", 0.2300792948760808, 76.96298958171178], [""82"", 0.20944379303774815, 40.0], ["" :"", 0.48331884779440926, 84.5], [""6"", 0.8947939469795188, 34.0], [""21"", 0.42722551817033, 41.0], [""8"", 0.9949924610973291, 44.5], [""8"", 0.9952687092265933, 74.5], [""8"", 0.9440236943940796, 180.0], [""9"", 0.5254487388106241, 64.0], [""3"", 0.9517268683764577, 57.98296269622381]]",,,ml/output/tracks/best_frames/26_12-20/track_0755_r1.jpg,ml/output/tracks/best_frames_hires/26_12-20/track_0755_r1.jpg,9 8 9 81
26_12-20.mp4,756,73423,211,1343,420,1680,0,"1
{
d
{
8","[[""1"", 0.9872287816681116, 28.0], [""{"", 0.9434291435292472, 36.0], [""d"", 0.9092560887531, 40.0], [""{"", 0.2456559762949837, 96.9890109058428], [""8"", 0.9138166269794148, 149.85622254813268]]",,,ml/output/tracks/best_frames/26_12-20/track_0756_r2.jpg,ml/output/tracks/best_frames_hires/26_12-20/track_0756_r2.jpg,
26_12-20.mp4,753,73423,1887,2057,2000,2159,0,,[],,,ml/output/tracks/best_frames/26_12-20/track_0753_r0.jpg,ml/output/tracks/best_frames_hires/26_12-20/track_0753_r0.jpg,
26_12-20.mp4,763,73573,1998,1893,2320,2159,90,"F5
6661
F2 0 (
ссзо cs
n
FAU
чaзs 3
EC5T 2
3w1
0 6 .
623 . 
52
5 1
12
2 0
6133","[[""F5"", 0.23341945697104266, 30.0], [""6661"", 0.995969831943512, 81.0], [""F2 0 ("", 0.24499292804523445, 24.0], [""ссзо cs"", 0.21465494211381117, 24.0], [""n"", 0.4172097697960595, 18.0], [""FAU"", 0.6345904651529282, 21.0], [""чaзs 3"", 0.07195926887591576, 18.0], [""EC5T 2"", 0.24397459299239696, 36.71025170656333], [""3w1"", 0.5795076022270078, 24.611442075295713], [""0 6 ."", 0.42111093033686253, 22.5], [""623 . "", 0.10321514830085923, 22.5], [""52"", 0.3513737233131257, 21.5], [""5 1"", 0.27202738745382565, 23.88057000058133], [""12"", 0.598827212900627, 24.386081355132518], [""2 0"", 0.24837972502359423, 24.386081355132518], [""6133"", 0.3498290479183197, 25.90053142316583]]",,,ml/output/tracks/best_frames/26_12-20/track_0763_r1.jpg,ml/output/tracks/best_frames_hires/26_12-20/track_0763_r1.jpg,
26_12-20.mp4,767,73573,207,47,430,384,180,"0
0","[[""0"", 0.9560402936327286, 74.91235493674424], [""0"", 0.4633980194744822, 72.47607077673848]]",,,ml/output/tracks/best_frames/26_12-20/track_0767_r0.jpg,ml/output/tracks/best_frames_hires/26_12-20/track_0767_r0.jpg,
26_12-20.mp4,771,73724,345,2056,589,2159,270,"р9
29 -","[[""р9"", 0.5605639177498555, 50.6568542494924], [""29 -"", 0.39585599303245544, 60.30891678846827]]",,,ml/output/tracks/best_frames/26_12-20/track_0771_r0.jpg,ml/output/tracks/best_frames_hires/26_12-20/track_0771_r0.jpg,
26_12-20.mp4,767,73724,205,90,421,381,0,"1
8","[[""1"", 0.7519800461972324, 28.0], [""8"", 0.12620521001022755, 109.96182820095983]]",,,ml/output/tracks/best_frames/26_12-20/track_0767_r1.jpg,ml/output/tracks/best_frames_hires/26_12-20/track_0767_r1.jpg,
26_12-20.mp4,769,73724,152,745,355,1013,270,"= _
е=_=
e ;
<x
= - -5
199
199","[[""= _"", 0.1757655744178379, 16.0], [""е=_="", 0.0833297073841095, 25.0], [""e ;"", 0.16130386389278428, 20.0], [""<x"", 0.15527690334012825, 16.0], [""= - -5"", 0.4207120254182733, 21.0], [""199"", 0.9999987611408254, 44.0], [""199"", 0.9982807302842321, 38.5]]",,,ml/output/tracks/best_frames/26_12-20/track_0769_r1.jpg,ml/output/tracks/best_frames_hires/26_12-20/track_0769_r1.jpg,
26_12-20.mp4,772,73874,238,1526,458,1832,90,"1_s
661","[[""1_s"", 0.21558932960033417, 38.0], [""661"", 0.9858465847341297, 61.3687549219316]]",,,ml/output/tracks/best_frames/26_12-20/track_0772_r1.jpg,ml/output/tracks/best_frames_hires/26_12-20/track_0772_r1.jpg,
26_12-20.mp4,771,73874,353,2073,573,2159,0,"6
6","[[""6"", 0.6249717425124715, 108.96107411703852], [""6"", 0.7643103436444143, 31.5]]",,,ml/output/tracks/best_frames/26_12-20/track_0771_r1.jpg,ml/output/tracks/best_frames_hires/26_12-20/track_0771_r1.jpg,
26_12-20.mp4,770,73874,159,864,360,1065,90,"66 L !
~e _
 =
=5
7 
2
22
25
7 - ","[[""66 L !"", 0.9240315918888905, 42.0], [""~e _"", 0.3166012644252562, 16.0], ["" ="", 0.8857467468931058, 16.0], [""=5"", 0.3169109457481027, 18.0], [""7 "", 0.5759348380871399, 15.0], [""2"", 0.10077962199483981, 16.0], [""22"", 0.3192817366155151, 13.0], [""25"", 0.49938259231571225, 14.0], [""7 - "", 0.3027051091194153, 18.0]]",,,ml/output/tracks/best_frames/26_12-20/track_0770_r2.jpg,ml/output/tracks/best_frames_hires/26_12-20/track_0770_r2.jpg,
26_12-20.mp4,769,73874,155,717,358,1024,270,"=е
#гz
F=
2
= =
1  -
zs:
199
5
199","[[""=е"", 0.4050008252986134, 19.0], [""#гz"", 0.07271719584809098, 20.0], [""F="", 0.7589040623402508, 18.0], [""2"", 0.11340951520981779, 14.0], [""= ="", 0.5095189689555658, 18.0], [""1  -"", 0.623622712462107, 18.0], [""zs:"", 0.7721288039419004, 24.0], [""199"", 0.9999693038832459, 44.0], [""5"", 0.9316001226944906, 19.0], [""199"", 0.9999986923153217, 45.0]]",,,ml/output/tracks/best_frames/26_12-20/track_0769_r0.jpg,ml/output/tracks/best_frames_hires/26_12-20/track_0769_r0.jpg,9
26_12-20.mp4,777,74024,162,943,376,1253,180,"'
""
?

1
9","[[""'"", 0.8071880135696716, 98.0], [""\"""", 0.9999867678126328, 78.0], [""?"", 0.4738340404316119, 171.0], ["""", 0.0, 117.0], [""1"", 0.7250248004092477, 41.5], [""9"", 0.6326598698544785, 169.0]]",,,ml/output/tracks/best_frames/26_12-20/track_0777_r1.jpg,ml/output/tracks/best_frames_hires/26_12-20/track_0777_r1.jpg,
26_12-20.mp4,774,74024,244,0,447,233,90,"L
bee","[[""L"", 0.511662053877501, 40.0], [""bee"", 0.33065637025057765, 62.82661653748471]]",,,ml/output/tracks/best_frames/26_12-20/track_0774_r1.jpg,ml/output/tracks/best_frames_hires/26_12-20/track_0774_r1.jpg,4
26_12-20.mp4,770,74024,157,797,363,1100,0,"0
1
;
{
""
66
4","[[""0"", 0.9893505708740555, 46.0], [""1"", 0.9127545180401739, 32.0], ["";"", 0.32764718893987776, 192.0], [""{"", 0.9197461480653146, 40.0], [""\"""", 0.9984652928436653, 98.0], [""66"", 0.4127029513463605, 49.5], [""4"", 0.5525904446055883, 26.0]]",,,ml/output/tracks/best_frames/26_12-20/track_0770_r0.jpg,ml/output/tracks/best_frames_hires/26_12-20/track_0770_r0.jpg,9
26_12-20.mp4,758,74024,199,73,420,390,90,"L
Oze","[[""L"", 0.49344275359322864, 38.0], [""Oze"", 0.5825582018672677, 64.83869910099907]]",,,ml/output/tracks/best_frames/26_12-20/track_0758_r0.jpg,ml/output/tracks/best_frames_hires/26_12-20/track_0758_r0.jpg,
26_12-20.mp4,768,74024,2013,1106,2371,1516,270,"_
1 -
Fe =
1
 &`
29
1784
293
36
1784","[[""_"", 0.9855662687947451, 16.0], [""1 -"", 0.26534804701805115, 24.0], [""Fe ="", 0.3600741922855377, 31.0], [""1"", 0.3787317791307174, 20.0], ["" &`"", 0.1801011416604704, 18.0], [""29"", 0.4714430862886992, 40.0], [""1784"", 0.9999979734420776, 87.0], [""293"", 0.3711777268354889, 35.0], [""36"", 0.16902974968468856, 26.0], [""1784"", 0.9998150586012885, 73.0]]",,,ml/output/tracks/best_frames/26_12-20/track_0768_r0.jpg,ml/output/tracks/best_frames_hires/26_12-20/track_0768_r0.jpg,1
26_12-20.mp4,764,74024,2051,38,2425,447,270,"26
999
763
999","[[""26"", 0.9768632691385506, 38.0], [""999"", 0.9999983481878129, 105.0], [""763"", 0.22303840300618907, 38.0], [""999"", 1.0, 100.5]]",,,ml/output/tracks/best_frames/26_12-20/track_0764_r2.jpg,ml/output/tracks/best_frames_hires/26_12-20/track_0764_r2.jpg,
26_12-20.mp4,768,74174,2007,1169,2368,1566,270,"7
1 =
₽ = -
5 -:Y
29
1784
25.1784
59","[[""7"", 0.1811335523198787, 21.0], [""1 ="", 0.39927399158477783, 26.0], [""₽ = -"", 0.16775170821463967, 38.0], [""5 -:Y"", 0.18728266924820286, 28.0], [""29"", 0.9253928570519614, 42.0], [""1784"", 0.9999480247497559, 86.0], [""25.1784"", 0.5415333725777584, 85.5], [""59"", 0.3955115256659657, 32.0]]",,,ml/output/tracks/best_frames/26_12-20/track_0768_r1.jpg,ml/output/tracks/best_frames_hires/26_12-20/track_0768_r1.jpg,9
26_12-20.mp4,770,74174,158,865,366,1158,270,"='
тэz
=
к
[
9 3 7
z5 ;
4
499
23
499","[[""='"", 0.30961424699614687, 14.0], [""тэz"", 0.04206789603809877, 20.0], [""="", 0.8997059165412793, 14.0], [""к"", 0.03280166677967622, 12.0], [""["", 0.1827254019821476, 14.0], [""9 3 7"", 0.17973757926143305, 19.0], [""z5 ;"", 0.44949769973754883, 24.0], [""4"", 0.18589244631586155, 32.0], [""499"", 0.6184267261453084, 51.0], [""23"", 0.5463916428415191, 18.0], [""499"", 0.7884344099147482, 45.0]]",,,ml/output/tracks/best_frames/26_12-20/track_0770_r1.jpg,ml/output/tracks/best_frames_hires/26_12-20/track_0770_r1.jpg,4
26_12-20.mp4,764,74174,2043,124,2419,536,270,"e
26
999
0999","[[""e"", 0.16021255395168854, 20.0], [""26"", 0.8696932258865491, 40.0], [""999"", 0.999976634979248, 109.0], [""0999"", 0.9136013984680176, 98.5]]",,,ml/output/tracks/best_frames/26_12-20/track_0764_r1.jpg,ml/output/tracks/best_frames_hires/26_12-20/track_0764_r1.jpg,
26_12-20.mp4,772,74174,244,1542,458,1808,0,8,"[[""8"", 0.6853722098061645, 127.97236606595902]]",,,ml/output/tracks/best_frames/26_12-20/track_0772_r0.jpg,ml/output/tracks/best_frames_hires/26_12-20/track_0772_r0.jpg,
26_12-20.mp4,774,74174,216,6,439,322,180,"'
6","[[""'"", 0.1863303783155681, 32.0], [""6"", 0.8567054437889965, 115.95579502714082]]",,,ml/output/tracks/best_frames/26_12-20/track_0774_r0.jpg,ml/output/tracks/best_frames_hires/26_12-20/track_0774_r0.jpg,8
26_12-20.mp4,758,74174,193,137,414,436,0,"5
6","[[""5"", 0.8965263932850576, 143.9784610023227], [""6"", 0.8778345873363378, 72.9726592721432]]",,,ml/output/tracks/best_frames/26_12-20/track_0758_r2.jpg,ml/output/tracks/best_frames_hires/26_12-20/track_0758_r2.jpg,
26_12-20.mp4,777,74174,165,984,378,1294,180,"0)
'
""
[9
8
1
7","[[""0)"", 0.9890396023777726, 70.0], [""'"", 0.9986449305331213, 32.0], [""\"""", 0.985604258177105, 98.0], [""[9"", 0.15447808003279115, 46.0], [""8"", 0.9989227575009672, 139.0], [""1"", 0.19994559399969436, 128.5], [""7"", 0.1561621814530021, 59.0]]",,,ml/output/tracks/best_frames/26_12-20/track_0777_r2.jpg,ml/output/tracks/best_frames_hires/26_12-20/track_0777_r2.jpg,
26_12-20.mp4,779,74324,164,1047,389,1367,0,"0
11
8
91
'
#","[[""0"", 0.7815111211425716, 55.0], [""11"", 0.5818886371321385, 30.0], [""8"", 0.9282107781562132, 169.0], [""91"", 0.059202479200375205, 40.0], [""'"", 0.8282648377423953, 97.0], [""#"", 0.3329200834833159, 28.0]]",,,ml/output/tracks/best_frames/26_12-20/track_0779_r2.jpg,ml/output/tracks/best_frames_hires/26_12-20/track_0779_r2.jpg,
26_12-20.mp4,764,74324,2037,228,2413,629,270,"23
999
25.
999","[[""23"", 0.9894951165739194, 38.0], [""999"", 0.7439068555831909, 105.0], [""25."", 0.6517746848245562, 39.5], [""999"", 0.7272564172744751, 100.5]]",,,ml/output/tracks/best_frames/26_12-20/track_0764_r0.jpg,ml/output/tracks/best_frames_hires/26_12-20/track_0764_r0.jpg,1
26_12-20.mp4,772,74324,258,1607,486,1886,270,"1
799
7792","[[""1"", 0.9705632305662135, 34.0], [""799"", 0.9847851985085403, 62.80274789187797], [""7792"", 0.8295429944992065, 70.38413281681001]]",,,ml/output/tracks/best_frames/26_12-20/track_0772_r2.jpg,ml/output/tracks/best_frames_hires/26_12-20/track_0772_r2.jpg,
26_12-20.mp4,758,74324,181,211,410,515,270,"1530
7530 :","[[""1530"", 0.7812268733978271, 67.85460115744348], [""7530 :"", 0.23625423756970743, 63.45661208276161]]",,,ml/output/tracks/best_frames/26_12-20/track_0758_r1.jpg,ml/output/tracks/best_frames_hires/26_12-20/track_0758_r1.jpg,
26_12-20.mp4,777,74324,163,936,371,1238,270,"5= -
а==
F
2г
1
= =
21199""
11993","[[""5= -"", 0.8819256861239471, 18.0], [""а=="", 0.3282558142377923, 25.0], [""F"", 0.15049163168170399, 14.0], [""2г"", 0.29578809609992723, 14.0], [""1"", 0.13105311889394589, 14.0], [""= ="", 0.5506123651300804, 24.0], [""21199\"""", 0.4650414117249331, 62.0], [""11993"", 0.9084796303143529, 46.5]]",,,ml/output/tracks/best_frames/26_12-20/track_0777_r0.jpg,ml/output/tracks/best_frames_hires/26_12-20/track_0777_r0.jpg,79
26_12-20.mp4,768,74324,1995,1271,2352,1663,270,"1
Fe_
s
 @
1
7 . 7
25
17845
1784
55
7","[[""1"", 0.2606380153502563, 24.0], [""Fe_"", 0.22023106441025597, 28.0], [""s"", 0.09916130357724118, 16.0], ["" @"", 0.1697414594658044, 26.0], [""1"", 0.3156463006076251, 20.0], [""7 . 7"", 0.0664823148726573, 20.0], [""25"", 0.5687426494447924, 38.0], [""17845"", 0.8581641641641252, 87.0], [""1784"", 0.9999524354934692, 73.0], [""55"", 0.3775539980873841, 31.0], [""7"", 0.5572820286779603, 111.4781157573473]]",,,ml/output/tracks/best_frames/26_12-20/track_0768_r2.jpg,ml/output/tracks/best_frames_hires/26_12-20/track_0768_r2.jpg,8/
26_12-20.mp4,779,74474,172,1062,388,1360,270,"втэ=
7
1
я
4199
 -
1199","[[""втэ="", 0.6724498271942139, 31.0], [""7"", 0.2815566764459163, 14.0], [""1"", 0.043665625369872174, 14.0], [""я"", 0.12410041508943337, 20.0], [""4199"", 0.755527913570404, 56.0], ["" -"", 0.5162395238876343, 25.111108134252163], [""1199"", 0.8865141272544861, 51.5]]",,,ml/output/tracks/best_frames/26_12-20/track_0779_r0.jpg,ml/output/tracks/best_frames_hires/26_12-20/track_0779_r0.jpg,19
26_12-20.mp4,775,74474,1983,1448,2326,1809,270,"вa
щ
1784
1784
2","[[""вa"", 0.513597980131598, 18.0], [""щ"", 0.22637915284642318, 18.0], [""1784"", 0.8033894300552081, 87.0], [""1784"", 0.9931460618972778, 72.5], [""2"", 0.6399360291254794, 28.0]]",,,ml/output/tracks/best_frames/26_12-20/track_0775_r1.jpg,ml/output/tracks/best_frames_hires/26_12-20/track_0775_r1.jpg,
26_12-20.mp4,776,74474,2032,365,2408,779,270,"75:
999
-5 .
999","[[""75:"", 0.3136305321023519, 38.0], [""999"", 0.9999954575173651, 114.0], [""-5 ."", 0.44233688712120056, 42.0], [""999"", 0.9994511008262634, 104.5]]",,,ml/output/tracks/best_frames/26_12-20/track_0776_r0.jpg,ml/output/tracks/best_frames_hires/26_12-20/track_0776_r0.jpg,
26_12-20.mp4,782,74474,301,1780,529,2080,180,"9
5","[[""9"", 0.9878739418817339, 92.80732922741015], [""5"", 0.5663244242563259, 146.49405548151788]]",,,ml/output/tracks/best_frames/26_12-20/track_0782_r0.jpg,ml/output/tracks/best_frames_hires/26_12-20/track_0782_r0.jpg,
26_12-20.mp4,767,74474,173,324,389,628,270,"1530
1530","[[""1530"", 0.9544563293457031, 62.0], [""1530"", 0.9494891166687012, 46.5]]",,,ml/output/tracks/best_frames/26_12-20/track_0767_r2.jpg,ml/output/tracks/best_frames_hires/26_12-20/track_0767_r2.jpg,
26_12-20.mp4,786,74624,2032,864,2380,1200,0,,[],,,ml/output/tracks/best_frames/26_12-20/track_0786_r2.jpg,ml/output/tracks/best_frames_hires/26_12-20/track_0786_r2.jpg,
26_12-20.mp4,785,74624,175,1132,383,1296,270,"вс-==
7
=
 3
7199
71195","[[""вс-=="", 0.24330766878031065, 33.0], [""7"", 0.15661708442638034, 16.0], [""="", 0.8825422725844625, 38.0], ["" 3"", 0.43028864579100157, 19.0], [""7199"", 0.9279071092605591, 57.0], [""71195"", 0.7507570373870803, 42.0]]",,,ml/output/tracks/best_frames/26_12-20/track_0785_r0.jpg,ml/output/tracks/best_frames_hires/26_12-20/track_0785_r0.jpg,6 1 5
26_12-20.mp4,779,74624,183,1144,401,1446,270,"ес-==
==
6
1199 
1199","[[""ес-=="", 0.27313534308813125, 33.0], [""=="", 0.8898054901824516, 38.0], [""6"", 0.10511959507898272, 16.0], [""1199 "", 0.48147840900731786, 59.34067992312259], [""1199"", 0.7793084023984818, 55.24523169532256]]",,,ml/output/tracks/best_frames/26_12-20/track_0779_r1.jpg,ml/output/tracks/best_frames_hires/26_12-20/track_0779_r1.jpg,1
26_12-20.mp4,776,74624,2024,499,2390,946,90,"666
€z","[[""666"", 0.9999274582592729, 111.0], [""€z"", 0.305721637029024, 38.0]]",,,ml/output/tracks/best_frames/26_12-20/track_0776_r1.jpg,ml/output/tracks/best_frames_hires/26_12-20/track_0776_r1.jpg,
26_12-20.mp4,787,74624,198,1273,417,1580,270,"2zz
=
7
==
1199
1199","[[""2zz"", 0.049856303924409, 28.0], [""="", 0.7224531264755321, 26.0], [""7"", 0.4288047993040891, 16.0], [""=="", 0.2571045393574846, 45.543917368824225], [""1199"", 0.9758948683738708, 59.93071993354147], [""1199"", 0.8347926735877991, 55.33557468071416]]",,,ml/output/tracks/best_frames/26_12-20/track_0787_r2.jpg,ml/output/tracks/best_frames_hires/26_12-20/track_0787_r2.jpg,
26_12-20.mp4,786,74775,2022,864,2380,1247,270,"999
999","[[""999"", 0.9999865790365606, 104.0], [""999"", 0.9993355880527309, 93.0]]",,,ml/output/tracks/best_frames/26_12-20/track_0786_r0.jpg,ml/output/tracks/best_frames_hires/26_12-20/track_0786_r0.jpg,
26_12-20.mp4,787,74775,191,1233,414,1515,270,"~
=
=
#z
1.
71199
1199","[[""~"", 0.1379079426456542, 14.0], [""="", 0.8827906830890733, 16.0], [""="", 0.20408946178833176, 14.0], [""#z"", 0.31832132153371173, 14.0], [""1."", 0.14902284491963497, 33.887646977436646], [""71199"", 0.33693127796264594, 62.79133221205808], [""1199"", 0.8056116104125977, 58.39265486241348]]",,,ml/output/tracks/best_frames/26_12-20/track_0787_r1.jpg,ml/output/tracks/best_frames_hires/26_12-20/track_0787_r1.jpg,
26_12-20.mp4,785,74775,175,1068,395,1284,0,,[],,,ml/output/tracks/best_frames/26_12-20/track_0785_r1.jpg,ml/output/tracks/best_frames_hires/26_12-20/track_0785_r1.jpg,
26_12-20.mp4,789,74775,1965,1874,2301,2159,270,"784
7845","[[""784"", 1.0, 75.0], [""7845"", 0.8263497352600098, 65.0]]",,,ml/output/tracks/best_frames/26_12-20/track_0789_r1.jpg,ml/output/tracks/best_frames_hires/26_12-20/track_0789_r1.jpg,
26_12-20.mp4,790,74775,209,1351,420,1652,270,"2
=
2
7s=
""
1199
47199","[[""2"", 0.08480275825690686, 14.0], [""="", 0.7162669811086495, 16.0], [""2"", 0.5963243967694645, 14.0], [""7s="", 0.47216257021772373, 16.0], [""\"""", 0.03642994692799406, 30.91957397831993], [""1199"", 0.9816545248031616, 63.00462737962539], [""47199"", 0.23345477402837136, 62.5]]",,,ml/output/tracks/best_frames/26_12-20/track_0790_r2.jpg,ml/output/tracks/best_frames_hires/26_12-20/track_0790_r2.jpg,
26_12-20.mp4,787,74925,194,1283,418,1558,270,"2=
=
1
I
=--ъ=
1199
1
1199","[[""2="", 0.29113523658671003, 14.0], [""="", 0.9327077904629419, 32.0], [""1"", 0.14196813411935238, 16.0], [""I"", 0.4324487944069375, 26.0], [""=--ъ="", 0.22383037409915355, 35.9385621324156], [""1199"", 0.6988058686256409, 61.12167869855449], [""1"", 0.18261596129868796, 20.0], [""1199"", 0.980256974697113, 57.58756472968156]]",,,ml/output/tracks/best_frames/26_12-20/track_0787_r0.jpg,ml/output/tracks/best_frames_hires/26_12-20/track_0787_r0.jpg,
26_12-20.mp4,786,74925,2018,864,2304,1162,90,"666
655
2 ","[[""666"", 0.999843079474457, 105.0], [""655"", 0.12630225036742856, 28.0], [""2 "", 0.597687734139989, 49.5]]",,,ml/output/tracks/best_frames/26_12-20/track_0786_r1.jpg,ml/output/tracks/best_frames_hires/26_12-20/track_0786_r1.jpg,
26_12-20.mp4,792,74925,158,706,362,1007,270,"1
530
21530","[[""1"", 0.9958959098064533, 34.0], [""530"", 0.8403436918744375, 53.0], [""21530"", 0.33022443461932843, 37.0]]",,,ml/output/tracks/best_frames/26_12-20/track_0792_r0.jpg,ml/output/tracks/best_frames_hires/26_12-20/track_0792_r0.jpg,
26_12-20.mp4,789,74925,1966,1873,2303,2159,0,8,"[[""8"", 0.8940456868335254, 163.0]]",,,ml/output/tracks/best_frames/26_12-20/track_0789_r0.jpg,ml/output/tracks/best_frames_hires/26_12-20/track_0789_r0.jpg,
26_12-20.mp4,790,74925,212,1383,424,1689,270,"==
#г
1
5  
uu=
1199
2
2- .1199","[[""=="", 0.5279793355799546, 19.0], [""#г"", 0.05361919347480597, 16.0], [""1"", 0.11197933956152983, 14.0], [""5  "", 0.11778976768255234, 20.0], [""uu="", 0.16143019859598845, 32.31572855664342], [""1199"", 0.9943622350692749, 64.85512700617426], [""2"", 0.3572636653771235, 29.104516033455184], [""2- .1199"", 0.4556191806842875, 67.54861475768891]]",,,ml/output/tracks/best_frames/26_12-20/track_0790_r1.jpg,ml/output/tracks/best_frames_hires/26_12-20/track_0790_r1.jpg,
26_12-20.mp4,782,74925,320,1868,555,2137,0,"$
9","[[""$"", 0.41494598667897264, 118.96773139478373], [""9"", 0.8238616210480956, 72.83309880769012]]",,,ml/output/tracks/best_frames/26_12-20/track_0782_r1.jpg,ml/output/tracks/best_frames_hires/26_12-20/track_0782_r1.jpg,
26_12-20.mp4,780,74925,159,549,370,876,180,"6
'","[[""6"", 0.6983295958371514, 113.0], [""'"", 0.2683388889718721, 36.0]]",,,ml/output/tracks/best_frames/26_12-20/track_0780_r2.jpg,ml/output/tracks/best_frames_hires/26_12-20/track_0780_r2.jpg,
26_12-20.mp4,775,74925,1971,1693,2300,2032,0,"8
2","[[""8"", 0.8913847273447715, 160.0], [""2"", 0.3930238096240011, 64.0]]",,,ml/output/tracks/best_frames/26_12-20/track_0775_r2.jpg,ml/output/tracks/best_frames_hires/26_12-20/track_0775_r2.jpg,
26_12-20.mp4,792,75075,169,864,356,1012,270,"30
30","[[""30"", 0.9952934246341321, 40.0], [""30"", 0.9960663443183667, 39.0]]",,,ml/output/tracks/best_frames/26_12-20/track_0792_r1.jpg,ml/output/tracks/best_frames_hires/26_12-20/track_0792_r1.jpg,
26_12-20.mp4,783,75075,2050,0,2423,409,180,"8
5
8","[[""8"", 0.5140678138398016, 220.0], [""5"", 0.9786036603202319, 62.0], [""8"", 0.9990815841835143, 151.5]]",,,ml/output/tracks/best_frames/26_12-20/track_0783_r0.jpg,ml/output/tracks/best_frames_hires/26_12-20/track_0783_r0.jpg,
26_12-20.mp4,782,75075,328,1926,565,2147,90,6527,"[[""6527"", 0.14416122436523438, 69.61625344691998]]",,,ml/output/tracks/best_frames/26_12-20/track_0782_r2.jpg,ml/output/tracks/best_frames_hires/26_12-20/track_0782_r2.jpg,
26_12-20.mp4,794,75075,221,1457,430,1767,90,"1-_
=
661
7
2-","[[""1-_"", 0.4081381059680688, 40.0], [""="", 0.6909276313801946, 16.0], [""661"", 0.9000769257545471, 59.02135517386505], [""7"", 0.6923780669822897, 20.5], [""2-"", 0.9744168467154832, 26.5]]",,,ml/output/tracks/best_frames/26_12-20/track_0794_r2.jpg,ml/output/tracks/best_frames_hires/26_12-20/track_0794_r2.jpg,
26_12-20.mp4,776,75075,2022,766,2386,1187,270,"25
999
n -
2999","[[""25"", 0.9228257929249746, 40.0], [""999"", 0.8444730043411255, 116.0], [""n -"", 0.27902104338512507, 29.73338242481225], [""2999"", 0.6235898311018093, 97.5]]",,,ml/output/tracks/best_frames/26_12-20/track_0776_r2.jpg,ml/output/tracks/best_frames_hires/26_12-20/track_0776_r2.jpg,
26_12-20.mp4,775,75075,1971,1770,2307,2099,270,"Er;
5
1784
1784","[[""Er;"", 0.2501919874459133, 25.0], [""5"", 0.3948223986573254, 18.0], [""1784"", 0.532941997051239, 75.0], [""1784"", 0.9359282464065385, 70.5]]",,,ml/output/tracks/best_frames/26_12-20/track_0775_r0.jpg,ml/output/tracks/best_frames_hires/26_12-20/track_0775_r0.jpg,46
26_12-20.mp4,780,75075,157,624,369,948,270,"1530
1530","[[""1530"", 0.9951690319352487, 42.0], [""1530"", 0.9604287302156332, 44.0]]",,,ml/output/tracks/best_frames/26_12-20/track_0780_r0.jpg,ml/output/tracks/best_frames_hires/26_12-20/track_0780_r0.jpg,
26_12-20.mp4,790,75075,200,1355,427,1637,270,"5 =
1
5
=а==
5
1199
1199","[[""5 ="", 0.27068576216697693, 12.0], [""1"", 0.12230485051767293, 14.0], [""5"", 0.5105965502691703, 14.0], [""=а=="", 0.18947088718414307, 31.303962733277615], [""5"", 0.5933726974519438, 19.674922591659126], [""1199"", 0.5561791658401489, 67.52956172704728], [""1199"", 0.8068203330039978, 58.911285262764835]]",,,ml/output/tracks/best_frames/26_12-20/track_0790_r0.jpg,ml/output/tracks/best_frames_hires/26_12-20/track_0790_r0.jpg,16
26_12-20.mp4,794,75225,219,1410,433,1745,270,"шz
е
2 -_т
= =
11799
21799","[[""шz"", 0.09548405668400077, 12.0], [""е"", 0.11426060088951218, 14.0], [""2 -_т"", 0.10230107478967852, 31.34534558799261], [""= ="", 0.2535884976387024, 22.522999221017187], [""11799"", 0.5112652778594153, 60.479699635844725], [""21799"", 0.5531813611310957, 62.62670738881927]]",,,ml/output/tracks/best_frames/26_12-20/track_0794_r0.jpg,ml/output/tracks/best_frames_hires/26_12-20/track_0794_r0.jpg,
26_12-20.mp4,783,75225,2055,66,2419,472,180,"9
$
7","[[""9"", 0.7242514387558572, 36.0], [""$"", 0.9705802596751631, 191.0], [""7"", 0.5502474471200891, 102.0]]",,,ml/output/tracks/best_frames/26_12-20/track_0783_r1.jpg,ml/output/tracks/best_frames_hires/26_12-20/track_0783_r1.jpg,
26_12-20.mp4,797,75225,1973,2007,2313,2159,270,"1784
1784","[[""1784"", 0.9999995231628418, 79.0], [""1784"", 1.0, 67.5]]",,,ml/output/tracks/best_frames/26_12-20/track_0797_r1.jpg,ml/output/tracks/best_frames_hires/26_12-20/track_0797_r1.jpg,
26_12-20.mp4,780,75225,155,698,370,1019,0,"U
8","[[""U"", 0.3355797729555299, 40.0], [""8"", 0.8646883856528262, 150.0]]",,,ml/output/tracks/best_frames/26_12-20/track_0780_r1.jpg,ml/output/tracks/best_frames_hires/26_12-20/track_0780_r1.jpg,
26_12-20.mp4,797,75375,1974,1927,2304,2159,270,"178
178","[[""178"", 0.9999460409909594, 64.0], [""178"", 0.9986257498582641, 66.0]]",,,ml/output/tracks/best_frames/26_12-20/track_0797_r0.jpg,ml/output/tracks/best_frames_hires/26_12-20/track_0797_r0.jpg,6
26_12-20.mp4,793,75375,2017,1201,2372,1574,270,"999
999","[[""999"", 0.9999945627862629, 115.0], [""999"", 0.9863278865814209, 89.0]]",,,ml/output/tracks/best_frames/26_12-20/track_0793_r2.jpg,ml/output/tracks/best_frames_hires/26_12-20/track_0793_r2.jpg,
26_12-20.mp4,800,75375,253,1643,463,1934,270,"эx
1
2.uт
Е
31 199
11 499","[[""эx"", 0.7646137137526615, 16.0], [""1"", 0.14937499410881205, 14.0], [""2.uт"", 0.13719964027404785, 32.42973326098047], [""Е"", 0.23349849720620242, 23.695760424194532], [""31 199"", 0.22071293416792415, 66.02906276576402], [""11 499"", 0.32198901123085427, 63.02421306218994]]",,,ml/output/tracks/best_frames/26_12-20/track_0800_r2.jpg,ml/output/tracks/best_frames_hires/26_12-20/track_0800_r2.jpg,
26_12-20.mp4,794,75375,233,1508,451,1834,270,"3=
еz
4
 .т
5 -
=
799
5
49","[[""3="", 0.2800481111952944, 16.0], [""еz"", 0.1553402672128312, 30.0], [""4"", 0.2435562460421039, 30.0], ["" .т"", 0.4640265107154846, 33.46971178659713], [""5 -"", 0.36645087599754333, 25.650030213232185], [""="", 0.48374033699479924, 21.32435085211631], [""799"", 0.3501785489095238, 57.19719698350855], [""5"", 0.1835165334844966, 32.0], [""49"", 0.40359364258625763, 55.117009781227736]]",,,ml/output/tracks/best_frames/26_12-20/track_0794_r1.jpg,ml/output/tracks/best_frames_hires/26_12-20/track_0794_r1.jpg,
26_12-20.mp4,791,75375,155,811,366,1128,0,"8
6","[[""8"", 0.5322312066709856, 148.0], [""6"", 0.7855944083604669, 59.0]]",,,ml/output/tracks/best_frames/26_12-20/track_0791_r0.jpg,ml/output/tracks/best_frames_hires/26_12-20/track_0791_r0.jpg,
26_12-20.mp4,783,75375,2053,185,2427,593,270,"45
3494
53
25 .
3494
2","[[""45"", 0.5981804174218389, 32.0], [""3494"", 0.9999997615814209, 91.0], [""53"", 0.9284826712010645, 28.0], [""25 ."", 0.20394271185625548, 37.0], [""3494"", 0.9997646774974119, 85.5], [""2"", 0.7109927202427322, 27.5]]",,,ml/output/tracks/best_frames/26_12-20/track_0783_r2.jpg,ml/output/tracks/best_frames_hires/26_12-20/track_0783_r2.jpg,
26_12-20.mp4,793,75525,2018,1106,2381,1510,180,"6
8
1","[[""6"", 0.3311060752765549, 40.0], [""8"", 0.9978422849572013, 197.0], [""1"", 0.7417833614836731, 48.0]]",,,ml/output/tracks/best_frames/26_12-20/track_0793_r1.jpg,ml/output/tracks/best_frames_hires/26_12-20/track_0793_r1.jpg,9.
26_12-20.mp4,791,75525,151,892,370,1217,0,8,"[[""8"", 0.9846029324408256, 143.0]]",,,ml/output/tracks/best_frames/26_12-20/track_0791_r1.jpg,ml/output/tracks/best_frames_hires/26_12-20/track_0791_r1.jpg,
26_12-20.mp4,797,75525,1989,1879,2327,2141,0,,[],,,ml/output/tracks/best_frames/26_12-20/track_0797_r2.jpg,ml/output/tracks/best_frames_hires/26_12-20/track_0797_r2.jpg,
26_12-20.mp4,801,75525,165,1099,371,1400,180,"8
3","[[""8"", 0.9412505718087552, 113.0], [""3"", 0.6127819350357555, 131.5]]",,,ml/output/tracks/best_frames/26_12-20/track_0801_r2.jpg,ml/output/tracks/best_frames_hires/26_12-20/track_0801_r2.jpg,
26_12-20.mp4,804,75525,156,770,352,1101,180,8,"[[""8"", 0.9181746121250853, 145.0]]",,,ml/output/tracks/best_frames/26_12-20/track_0804_r1.jpg,ml/output/tracks/best_frames_hires/26_12-20/track_0804_r1.jpg,8
26_12-20.mp4,800,75525,235,1606,458,1891,270,"5 =
5
3еz€
1
=
51 199
71 495","[[""5 ="", 0.22877556826257933, 14.0], [""5"", 0.41656353328404805, 14.0], [""3еz€"", 0.004552673548460007, 29.691541861324495], [""1"", 0.1227217926246773, 23.584364445738615], [""="", 0.4181577019459115, 24.496776136768574], [""51 199"", 0.192651779409166, 67.66914335816205], [""71 495"", 0.28527238225799617, 62.4043405689561]]",,,ml/output/tracks/best_frames/26_12-20/track_0800_r0.jpg,ml/output/tracks/best_frames_hires/26_12-20/track_0800_r0.jpg,
26_12-20.mp4,804,75675,148,864,366,1140,0,"8
8","[[""8"", 0.9765594018811043, 141.0], [""8"", 0.989066609312431, 131.5]]",,,ml/output/tracks/best_frames/26_12-20/track_0804_r0.jpg,ml/output/tracks/best_frames_hires/26_12-20/track_0804_r0.jpg,8
26_12-20.mp4,801,75675,160,1127,365,1422,0,8,"[[""8"", 0.7679003966637907, 138.0]]",,,ml/output/tracks/best_frames/26_12-20/track_0801_r1.jpg,ml/output/tracks/best_frames_hires/26_12-20/track_0801_r1.jpg,
26_12-20.mp4,800,75675,244,1651,473,1929,270,"Iz
= =
35=
77799
1
795","[[""Iz"", 0.291507659954785, 16.0], [""= ="", 0.41975323345177595, 20.0], [""35="", 0.10011942107153081, 22.27093182321464], [""77799"", 0.5434150223695308, 66.86948889352098], [""1"", 0.37361007440995664, 32.0], [""795"", 0.4726745507654699, 56.52603311545526]]",,,ml/output/tracks/best_frames/26_12-20/track_0800_r1.jpg,ml/output/tracks/best_frames_hires/26_12-20/track_0800_r1.jpg,
26_12-20.mp4,793,75675,2019,1187,2381,1583,180,"9
8
150","[[""9"", 0.30651831441345223, 34.0], [""8"", 0.9997532519936527, 186.0], [""150"", 0.11662058181173093, 35.0]]",,,ml/output/tracks/best_frames/26_12-20/track_0793_r0.jpg,ml/output/tracks/best_frames_hires/26_12-20/track_0793_r0.jpg,.:
26_12-20.mp4,791,75675,152,962,376,1270,180,8,"[[""8"", 0.8999540166462481, 143.0]]",,,ml/output/tracks/best_frames/26_12-20/track_0791_r2.jpg,ml/output/tracks/best_frames_hires/26_12-20/track_0791_r2.jpg,
26_12-20.mp4,801,75826,156,1089,380,1402,0,8,"[[""8"", 0.9627488385718586, 141.0]]",,,ml/output/tracks/best_frames/26_12-20/track_0801_r0.jpg,ml/output/tracks/best_frames_hires/26_12-20/track_0801_r0.jpg,
26_12-20.mp4,805,75826,278,1775,493,2061,0,8,"[[""8"", 0.8939815519318159, 129.9732601698585]]",,,ml/output/tracks/best_frames/26_12-20/track_0805_r2.jpg,ml/output/tracks/best_frames_hires/26_12-20/track_0805_r2.jpg,
26_12-20.mp4,803,75976,2010,1456,2369,1829,180,"IE
8
7 1","[[""IE"", 0.15420815326989237, 38.0], [""8"", 0.9987992078904995, 183.0], [""7 1"", 0.34503865161965275, 27.5]]",,,ml/output/tracks/best_frames/26_12-20/track_0803_r0.jpg,ml/output/tracks/best_frames_hires/26_12-20/track_0803_r0.jpg,
26_12-20.mp4,805,75976,286,1833,513,2125,0,"8
0","[[""8"", 0.9029210855875967, 124.97093858456586], [""0"", 0.9869434667880483, 28.5]]",,,ml/output/tracks/best_frames/26_12-20/track_0805_r0.jpg,ml/output/tracks/best_frames_hires/26_12-20/track_0805_r0.jpg,
26_12-20.mp4,810,75976,207,1427,420,1735,0,6,"[[""6"", 0.9966267232678128, 78.0]]",,,ml/output/tracks/best_frames/26_12-20/track_0810_r0.jpg,ml/output/tracks/best_frames_hires/26_12-20/track_0810_r0.jpg,
26_12-20.mp4,805,76126,306,1878,535,2159,0,"$
6","[[""$"", 0.9339711778061996, 119.96830164251571], [""6"", 0.4154067022014374, 90.46213202342582]]",,,ml/output/tracks/best_frames/26_12-20/track_0805_r1.jpg,ml/output/tracks/best_frames_hires/26_12-20/track_0805_r1.jpg,
26_12-20.mp4,811,76126,2059,781,2301,1136,0,"(
;
8","[[""("", 0.9994313333479887, 76.0], ["";"", 0.6836908730355304, 287.0], [""8"", 0.9860198222421026, 127.0]]",,,ml/output/tracks/best_frames/26_12-20/track_0811_r0.jpg,ml/output/tracks/best_frames_hires/26_12-20/track_0811_r0.jpg,
26_12-20.mp4,810,76126,222,1507,423,1797,0,6,"[[""6"", 0.986858318531322, 71.0]]",,,ml/output/tracks/best_frames/26_12-20/track_0810_r1.jpg,ml/output/tracks/best_frames_hires/26_12-20/track_0810_r1.jpg,
26_12-20.mp4,803,76276,2001,1640,2356,1997,180,"E
8
 1","[[""E"", 0.11335851632452432, 32.0], [""8"", 0.9875128346932946, 177.9549383001553], ["" 1"", 0.11263483629827897, 23.0]]",,,ml/output/tracks/best_frames/26_12-20/track_0803_r1.jpg,ml/output/tracks/best_frames_hires/26_12-20/track_0803_r1.jpg,
26_12-20.mp4,817,76276,163,864,356,1100,0,,[],,,ml/output/tracks/best_frames/26_12-20/track_0817_r1.jpg,ml/output/tracks/best_frames_hires/26_12-20/track_0817_r1.jpg,
26_12-20.mp4,811,76276,2048,691,2442,1147,270,"40,3494
-
90 3494","[[""40,3494"", 0.6707436561258703, 89.0], [""-"", 0.8410694807429451, 27.0], [""90 3494"", 0.26001628131933296, 90.0]]",,,ml/output/tracks/best_frames/26_12-20/track_0811_r1.jpg,ml/output/tracks/best_frames_hires/26_12-20/track_0811_r1.jpg,6 3
26_12-20.mp4,817,76426,167,873,360,1121,90,6,"[[""6"", 0.9989729182024263, 40.0]]",,,ml/output/tracks/best_frames/26_12-20/track_0817_r0.jpg,ml/output/tracks/best_frames_hires/26_12-20/track_0817_r0.jpg,
26_12-20.mp4,803,76426,1995,1711,2337,2047,270,"25
999
CагiE
25
999","[[""25"", 0.9854709744072052, 36.0], [""999"", 0.9999635913911458, 111.0], [""CагiE"", 0.030010121877245364, 34.806834471042194], [""25"", 0.6275193352147704, 20.5], [""999"", 0.9999986234898187, 93.0]]",,,ml/output/tracks/best_frames/26_12-20/track_0803_r2.jpg,ml/output/tracks/best_frames_hires/26_12-20/track_0803_r2.jpg,
26_12-20.mp4,811,76426,2041,864,2304,1210,0,"5
8
8
8","[[""5"", 0.84763385750799, 92.0], [""8"", 0.9909464928746878, 201.0], [""8"", 0.3833469965950407, 42.0], [""8"", 0.20774399267511345, 261.50314243952425]]",,,ml/output/tracks/best_frames/26_12-20/track_0811_r2.jpg,ml/output/tracks/best_frames_hires/26_12-20/track_0811_r2.jpg,6
26_12-20.mp4,822,76727,2073,0,2302,285,180,8,"[[""8"", 0.7034533776904937, 233.0]]",,,ml/output/tracks/best_frames/26_12-20/track_0822_r1.jpg,ml/output/tracks/best_frames_hires/26_12-20/track_0822_r1.jpg,8
26_12-20.mp4,822,76877,2076,0,2301,278,0,"#=
g
8
7
5
3
Ш
1
3
2
6
1","[[""#="", 0.35083954576147636, 38.0], [""g"", 0.994169057795208, 80.0], [""8"", 0.3720071627832944, 64.0], [""7"", 0.9768441545073223, 36.0], [""5"", 0.8641629205567405, 74.0], [""3"", 0.9539022712266529, 148.0], [""Ш"", 0.4148969959678652, 137.0], [""1"", 0.8598301967175672, 7.5], [""3"", 0.9988643772728132, 146.0], [""2"", 0.28397247411534465, 86.5], [""6"", 0.8969366221681554, 14.0], [""1"", 0.9980535451404648, 126.5]]",,,ml/output/tracks/best_frames/26_12-20/track_0822_r0.jpg,ml/output/tracks/best_frames_hires/26_12-20/track_0822_r0.jpg,: 6 9 8 4
26_12-20.mp4,825,76877,295,1915,551,2136,0,,[],,,ml/output/tracks/best_frames/26_12-20/track_0825_r1.jpg,ml/output/tracks/best_frames_hires/26_12-20/track_0825_r1.jpg,
26_12-20.mp4,825,77027,293,1916,552,2137,0,,[],,,ml/output/tracks/best_frames/26_12-20/track_0825_r0.jpg,ml/output/tracks/best_frames_hires/26_12-20/track_0825_r0.jpg,
26_12-20.mp4,819,77477,2025,1420,2366,1785,270,"VГУFП
Сетo
arcn
1 э
wa
9] 0 '5L
5894
99
3494'
99
34949
77","[[""VГУFП"", 0.5478273784174394, 20.0], [""Сетo"", 0.5359247922897339, 16.0], [""arcn"", 0.3160921037197113, 16.0], [""1 э"", 0.45297792606215587, 14.0], [""wa"", 0.1349876180420046, 18.0], [""9] 0 '5L"", 0.32684821764560784, 20.0], [""5894"", 0.9999320269081947, 26.0], [""99"", 0.9999967968410157, 32.0], [""3494'"", 0.9301646845815226, 76.0], [""99"", 0.9999991570631338, 29.5], [""34949"", 0.5828677695643897, 70.0], [""77"", 0.5018246863411086, 25.0]]",,,ml/output/tracks/best_frames/26_12-20/track_0819_r2.jpg,ml/output/tracks/best_frames_hires/26_12-20/track_0819_r2.jpg,
26_12-20.mp4,824,77477,2058,349,2433,778,270,"SPUCCI
лассико
арпинарног
Атапня) 0
2526
€; ;
1734'
99
. 
99
1734
1","[[""SPUCCI"", 0.9996770828115266, 24.0], [""лассико"", 0.626724762832589, 21.0], [""арпинарног"", 0.6269682640914259, 18.0], [""Атапня) 0"", 0.6826896180675803, 27.0], [""2526"", 0.9996519088745117, 26.0], [""€; ;"", 0.37095781841605896, 16.0], [""1734'"", 0.9290611638653588, 87.0], [""99"", 1.0, 32.0], ["". "", 0.2466497565526753, 12.0], [""99"", 1.0, 30.0], [""1734"", 1.0, 79.5], [""1"", 0.5200044262887928, 28.0]]",,,ml/output/tracks/best_frames/26_12-20/track_0824_r2.jpg,ml/output/tracks/best_frames_hires/26_12-20/track_0824_r2.jpg,
26_12-20.mp4,824,77627,2058,349,2432,777,270,"SPUCCI
плссико
ардинтруос
Атапяя) 0
2526
€ ;
99
1734'
ШГШШШ
37
99
1734
0","[[""SPUCCI"", 0.9999005235631487, 24.0], [""плссико"", 0.7969129284295178, 28.0], [""ардинтруос"", 0.8225681537990736, 20.0], [""Атапяя) 0"", 0.8287786965659958, 28.0], [""2526"", 0.9999977946281433, 26.0], [""€ ;"", 0.3209235668182373, 14.0], [""99"", 0.9999792638135037, 32.0], [""1734'"", 0.9917670672757374, 87.0], [""ШГШШШ"", 0.41064989616361736, 36.0], [""37"", 0.3351725996596642, 10.0], [""99"", 0.7555109262466431, 28.0], [""1734"", 0.9779722398213985, 76.5], [""0"", 0.42151724333194807, 30.0]]",,,ml/output/tracks/best_frames/26_12-20/track_0824_r1.jpg,ml/output/tracks/best_frames_hires/26_12-20/track_0824_r1.jpg,
26_12-20.mp4,819,77627,2025,1420,2365,1784,180,"8
;
Е
€
:
;
&
В g
8
8
5
:
:
8
2","[[""8"", 0.967823961344326, 40.0], ["";"", 0.8747243081436409, 56.0], [""Е"", 0.8378203755373903, 75.0], [""€"", 0.6849080504495397, 24.0], ["":"", 0.5267082598268793, 50.0], ["";"", 0.9947823574382397, 34.0], [""&"", 0.9060314658955235, 168.0], [""В g"", 0.12157674878835678, 48.0], [""8"", 0.865930807077703, 38.0], [""8"", 0.8696417450818537, 57.0], [""5"", 0.5789469813238988, 92.5], ["":"", 0.9886637976652679, 52.0], ["":"", 0.8641728941505313, 81.0], [""8"", 0.9792137921369068, 167.0], [""2"", 0.2511344876566568, 18.0]]",,,ml/output/tracks/best_frames/26_12-20/track_0819_r1.jpg,ml/output/tracks/best_frames_hires/26_12-20/track_0819_r1.jpg,
26_12-20.mp4,819,77778,2026,1419,2365,1782,0,"5
;
3 ₽
;
F
а :
$
8
@
8
9","[[""5"", 0.9315761903407207, 21.0], ["";"", 0.4487457263479975, 28.0], [""3 ₽"", 0.4816925823688507, 55.0], ["";"", 0.11337687941870289, 87.0], [""F"", 0.8307657101354948, 38.0], [""а :"", 0.33941352367401123, 30.0], [""$"", 0.943919570773005, 166.0], [""8"", 0.10572193014124398, 56.0], [""@"", 0.8820074910901532, 28.0], [""8"", 0.7942358459356472, 38.0], [""9"", 0.48242235822585045, 43.88057000058133]]",736599,,ml/output/tracks/best_frames/26_12-20/track_0819_r0.jpg,ml/output/tracks/best_frames_hires/26_12-20/track_0819_r0.jpg,
26_12-20.mp4,824,77778,2060,352,2432,776,270,"SPUCCI
Пассио
урдячтрнос
1гапян) 0
2526
с . -
1734
99
Wш
[ШШГШШШП
 :0
99
1734
: ","[[""SPUCCI"", 0.9994146436179553, 24.0], [""Пассио"", 0.7188145779537266, 20.0], [""урдячтрнос"", 0.38729067649204557, 24.0], [""1гапян) 0"", 0.1915063282971495, 27.0], [""2526"", 0.9991890854341013, 26.0], [""с . -"", 0.10984128007350102, 16.0], [""1734"", 0.9999998807907104, 80.0], [""99"", 0.9999998314126101, 32.0], [""Wш"", 0.18270192153387133, 20.0], [""[ШШГШШШП"", 0.2598079347382968, 38.0], ["" :0"", 0.4280259609222412, 13.0], [""99"", 0.9999951952626506, 30.0], [""1734"", 1.0, 76.5], ["": "", 0.21658722303934905, 32.0]]",,,ml/output/tracks/best_frames/26_12-20/track_0824_r0.jpg,ml/output/tracks/best_frames_hires/26_12-20/track_0824_r0.jpg,
26_12-20.mp4,816,78078,2025,1196,2376,1557,180,"8
3
2
Е
2
7
;
$
Il
8
ЗdE
2
tn
5
6
:
18
38
62","[[""8"", 0.9946954449812075, 40.0], [""3"", 0.999754086355896, 72.0], [""2"", 0.22577818936684313, 138.0], [""Е"", 0.5666229300493484, 72.0], [""2"", 0.8095627087624422, 26.0], [""7"", 0.5678157634889089, 24.0], ["";"", 0.9961042273901057, 36.0], [""$"", 0.4925622110386598, 188.0], [""Il"", 0.38754435002986926, 134.0], [""8"", 0.9997207121377336, 38.0], [""ЗdE"", 0.12355695909391509, 103.0], [""2"", 0.681648475546254, 70.0], [""tn"", 0.6712662098530477, 24.0], [""5"", 0.9891722453663512, 19.5], [""6"", 0.7864321958877873, 12.0], ["":"", 0.11184211539192379, 108.5], [""18"", 0.8833974637551371, 147.5], [""38"", 0.3051329522823231, 92.5], [""62"", 0.5488828493325294, 22.0]]",,,ml/output/tracks/best_frames/26_12-20/track_0816_r2.jpg,ml/output/tracks/best_frames_hires/26_12-20/track_0816_r2.jpg,1240
26_12-20.mp4,815,78078,233,9,471,313,0,"5
55
F:
1
1
'
1
1
1
{
;
€
1
1
3
8
6 4","[[""5"", 0.49336446060479844, 22.0], [""55"", 0.8322741635778521, 18.0], [""F:"", 0.7483034630180134, 30.0], [""1"", 0.8344281487641325, 84.98564025080296], [""1"", 0.800113006304187, 86.98630120864576], [""'"", 0.825722779906247, 34.91404880886695], [""1"", 0.7938515301521107, 55.96656400996892], [""1"", 0.7067690245675387, 227.98949557473895], [""1"", 0.28544913372659053, 99.97847363556309], [""{"", 0.7861141285957842, 46.9523741203679], ["";"", 0.9580994948273656, 52.96262749935431], [""€"", 0.1014369232891319, 68.95348679060248], [""1"", 0.8383617838633519, 48.904748240735785], [""1"", 0.15596163490759185, 58.93547964039965], [""3"", 0.9721073794095538, 22.0], [""8"", 0.9936710916125016, 27.0], [""6 4"", 0.7926438450813293, 30.5]]",,,ml/output/tracks/best_frames/26_12-20/track_0815_r2.jpg,ml/output/tracks/best_frames_hires/26_12-20/track_0815_r2.jpg,
26_12-20.mp4,812,78078,2064,126,2427,485,270,"Вино VESPUCCI
Кьянтн Кллссико
Тоскана арлинарнос
кр сух- (Игалия) 0
75L
 Сухос
2526
Е:m -
31%
11734'
99
7u
'игаг: 
[Y
5s Б
l .
сз
6 :.
-319
5
1734
99
7-7 
53 65
6575 5
4","[[""Вино VESPUCCI"", 0.7597558978779401, 24.0], [""Кьянтн Кллссико"", 0.6942692018251223, 27.0], [""Тоскана арлинарнос"", 0.9169871098048639, 26.0], [""кр сух- (Игалия) 0"", 0.5065455258215636, 27.0], [""75L"", 0.8563079128283023, 20.0], ["" Сухос"", 0.6933950867769796, 26.0], [""2526"", 0.9999767026174136, 26.0], [""Е:m -"", 0.23486013086611932, 16.0], [""31%"", 0.9784844735867475, 44.0], [""11734'"", 0.9086911645047848, 76.0], [""99"", 0.9999995785315409, 32.0], [""7u"", 0.3622968066531231, 14.0], [""'игаг: "", 0.1787278401027287, 16.0], [""[Y"", 0.2998593193290354, 14.0], [""5s Б"", 0.21978016936729375, 14.0], [""l ."", 0.43633225560188293, 8.0], [""сз"", 0.8605831462490012, 16.664100588675637], [""6 :."", 0.3416632225011378, 13.5], [""-319"", 0.9999538660049438, 48.5], [""5"", 0.6574921643292875, 16.5], [""1734"", 0.827561635109874, 76.5], [""99"", 0.9999992413568111, 28.0], [""7-7 "", 0.11612907472503436, 18.5], [""53 65"", 0.2201813345068972, 12.0], [""6575 5"", 0.4935955890190556, 12.0], [""4"", 0.15816055841213839, 17.33611894487882]]",,,ml/output/tracks/best_frames/26_12-20/track_0812_r0.jpg,ml/output/tracks/best_frames_hires/26_12-20/track_0812_r0.jpg,57 4
26_12-20.mp4,788,78078,169,827,359,1130,0,"Il
а
'
Е
3
4
g
1
ila
[
1
g
8
0","[[""Il"", 0.6166088205850534, 92.0], [""а"", 0.5287181175060738, 46.0], [""'"", 0.9510242189790574, 22.0], [""Е"", 0.39461755997124115, 54.0], [""3"", 0.12879430773093592, 236.0], [""4"", 0.26097431210203936, 70.0], [""g"", 0.3960024340633481, 46.0], [""1"", 0.950311370138369, 26.0], [""ila"", 0.5398062227725751, 90.0], [""["", 0.7154098755503959, 74.98149479085589], [""1"", 0.26098228991031647, 76.98245580136528], [""g"", 0.3200089309845602, 44.94801605407838], [""8"", 0.9818135507723333, 84.5], [""0"", 0.9986012108544315, 12.0]]",,,ml/output/tracks/best_frames/26_12-20/track_0788_r2.jpg,ml/output/tracks/best_frames_hires/26_12-20/track_0788_r2.jpg,
26_12-20.mp4,806,78078,1972,1882,2309,2159,0,"7&
8
3
8
8
8
8
[
5
2
1
[
8
:
88
6
8
8
1
2
8","[[""7&"", 0.14162138006190353, 36.0], [""8"", 0.849145273216223, 66.0], [""3"", 0.22898228026946654, 32.0], [""8"", 0.672511723008995, 38.0], [""8"", 0.9999085685649369, 145.0], [""8"", 0.9987521490551821, 30.0], [""8"", 0.968280100537541, 46.0], [""["", 0.11708159383577854, 67.95204813500442], [""5"", 0.9884550744058664, 54.925254998708624], [""2"", 0.7181103137004499, 54.925254998708624], [""1"", 0.9606181622406531, 133.9817728480955], [""["", 0.5832315121056695, 78.96491160273055], [""8"", 0.9943332119296997, 42.87465546417616], ["":"", 0.5151405248454921, 21.5], [""88"", 0.9699093273381526, 120.0], [""6"", 0.5099390700130222, 10.0], [""8"", 0.9938274799646116, 40.0], [""8"", 0.9796498349801688, 28.0], [""1"", 0.9044898355592181, 66.98746157030534], [""2"", 0.8475497892112607, 85.4924936129618], [""8"", 0.9999645951543847, 43.46833389074999]]",,,ml/output/tracks/best_frames/26_12-20/track_0806_r2.jpg,ml/output/tracks/best_frames_hires/26_12-20/track_0806_r2.jpg,6 6 1 8 / 2
26_12-20.mp4,809,78078,236,1549,456,1835,0,"F: ;
[Kg
'
;
1
1
0","[[""F: ;"", 0.14212743937969208, 32.0], [""[Kg"", 0.0978851407111049, 58.0], [""'"", 0.18817228883563075, 179.98651335903295], ["";"", 0.9350680347530584, 76.98245580136528], [""1"", 0.26837421234987247, 80.98416694537502], [""1"", 0.44333770648341897, 41.86829814905059], [""0"", 0.6749379578307071, 35.5]]",,,ml/output/tracks/best_frames/26_12-20/track_0809_r2.jpg,ml/output/tracks/best_frames_hires/26_12-20/track_0809_r2.jpg,
26_12-20.mp4,816,78228,2025,1195,2376,1557,0,"#
?
@:
Ii
:
1
'
;
: ;
;
п
8
8
48 9
8","[[""#"", 0.8959326646159163, 58.0], [""?"", 0.3543718934398363, 42.0], [""@:"", 0.49457939540175805, 90.0], [""Ii"", 0.6710977534402789, 133.0], ["":"", 0.8136984293163927, 78.0], [""1"", 0.9274394867280797, 112.0], [""'"", 0.1824904353134258, 262.0], ["";"", 0.6209841861131196, 36.0], ["": ;"", 0.3617619323289266, 54.0], ["";"", 0.9430015857251419, 72.0], [""п"", 0.1773117490035725, 28.0], [""8"", 0.21360312434881568, 58.0], [""8"", 0.9998612452005204, 38.0], [""48 9"", 0.7742227875783921, 101.5], [""8"", 0.9999970197699817, 39.0]]",,,ml/output/tracks/best_frames/26_12-20/track_0816_r0.jpg,ml/output/tracks/best_frames_hires/26_12-20/track_0816_r0.jpg,37089
26_12-20.mp4,815,78228,234,9,474,312,0,"а 
F:
[
1
:
1
1
{
;
;
ё
1
5
6441
3","[[""а "", 0.4404503486817336, 18.0], [""F:"", 0.8191821332523648, 30.0], [""["", 0.23572964653553985, 88.98691770366622], [""1"", 0.3459937932474446, 53.964012893961296], ["":"", 0.33280096226371825, 25.84615384615384], [""1"", 0.6352689381585606, 227.98949557473895], [""1"", 0.9233731573665551, 97.98923681778155], [""{"", 0.97091276827895, 48.95621185796967], ["";"", 0.9292957444229302, 33.90895995607005], ["";"", 0.9278337618107777, 52.96262749935431], [""ё"", 0.5295028684309386, 66.95054211385786], [""1"", 0.9843132664543788, 48.904748240735785], [""5"", 0.10624619802481394, 58.93547964039965], [""6441"", 0.32307660579681396, 31.5], [""3"", 0.4308550457747664, 31.93771030203393]]",,,ml/output/tracks/best_frames/26_12-20/track_0815_r1.jpg,ml/output/tracks/best_frames_hires/26_12-20/track_0815_r1.jpg,
26_12-20.mp4,788,78228,168,826,360,1131,180,"giit
9
{:
8
;
'
:
1
[
5 :
2
0
5
:
.1
 ","[[""giit"", 0.6870312690734863, 40.0], [""9"", 0.87129304140241, 30.0], [""{:"", 0.27323227104639536, 86.0], [""8"", 0.7323990008388961, 145.0], ["";"", 0.3440511780089004, 22.0], [""'"", 0.08907816213253739, 57.0], ["":"", 0.11406170751346068, 48.0], [""1"", 0.9268392794593296, 74.0], [""["", 0.16133199676249266, 76.98245580136529], [""5 :"", 0.9128921627998352, 30.0], [""2"", 0.21629615656138768, 12.0], [""0"", 0.9220631593730246, 39.0], [""5"", 0.3146999893872362, 55.0], ["":"", 0.9743717153910758, 47.5], ["".1"", 0.19223336794646587, 89.0], ["" "", 0.21165120043494667, 36.0]]",9098,,ml/output/tracks/best_frames/26_12-20/track_0788_r0.jpg,ml/output/tracks/best_frames_hires/26_12-20/track_0788_r0.jpg,
26_12-20.mp4,806,78228,1972,1882,2309,2159,0,"8
2&
2
8
8
&
7
5
2
1
1
8
8
8
88
2
8
8
1
2
8","[[""8"", 0.9168429678540093, 42.0], [""2&"", 0.24144476351068433, 36.0], [""2"", 0.22993842339520043, 34.0], [""8"", 0.32619843858089226, 38.0], [""8"", 0.9988532971364208, 30.0], [""&"", 0.9502148021792891, 34.0], [""7"", 0.34883963674525376, 67.95204813500442], [""5"", 0.9524246583248583, 54.925254998708624], [""2"", 0.31363151286132407, 55.92802578792259], [""1"", 0.865688773237764, 132.981486008689], [""1"", 0.6812656693592203, 76.96298958171178], [""8"", 0.9218320595892671, 154.94535508913418], [""8"", 0.9387815805217805, 44.886081355132546], [""8"", 0.7012280109524092, 21.5], [""88"", 0.501186225235327, 121.0], [""2"", 0.2550514239718247, 10.0], [""8"", 0.3117576808819287, 39.0], [""8"", 0.9999673369213866, 28.0], [""1"", 0.99434272163586, 66.98746157030534], [""2"", 0.3366308141719152, 86.49267398652475], [""8"", 0.9903933378624608, 43.46833389074999]]",,,ml/output/tracks/best_frames/26_12-20/track_0806_r0.jpg,ml/output/tracks/best_frames_hires/26_12-20/track_0806_r0.jpg,. 6 8 1 9
26_12-20.mp4,812,78228,2064,126,2425,485,0,"4
7
#i
:
1
Е
8
?
1
'
;Е
Il
Е
&
8
{
$
₽
18 9
7","[[""4"", 0.18549735922380606, 24.0], [""7"", 0.7806481531918088, 44.0], [""#i"", 0.42119229499973965, 38.0], ["":"", 0.9071555094909947, 44.0], [""1"", 0.9036792826052853, 84.0], [""Е"", 0.06960021794718418, 54.0], [""8"", 0.7694264185089459, 62.0], [""?"", 0.7552086841376173, 40.0], [""1"", 0.938916492597631, 80.0], [""'"", 0.5867659116629511, 48.0], ["";Е"", 0.3007846226273004, 40.0], [""Il"", 0.7080315302537041, 157.0], [""Е"", 0.15919024185140884, 230.0], [""&"", 0.22635096439722702, 62.0], [""8"", 0.999999046325911, 42.0], [""{"", 0.24721490542134816, 73.0], [""$"", 0.649756003593982, 96.93458851833111], [""₽"", 0.2617285402295444, 54.925254998708624], [""18 9"", 0.36744452034516134, 95.5], [""7"", 0.4360168923781771, 19.0]]",,,ml/output/tracks/best_frames/26_12-20/track_0812_r1.jpg,ml/output/tracks/best_frames_hires/26_12-20/track_0812_r1.jpg,32574 
26_12-20.mp4,809,78228,236,1549,455,1835,270,"а 
Yi
еu
-35 -
u-- #uEnt
'neu -
 ,m
175305
636 31520","[[""а "", 0.5339255259350382, 16.0], [""Yi"", 0.10480936550290676, 14.0], [""еu"", 0.07735814337457896, 12.0], [""-35 -"", 0.27548248917828544, 20.0], [""u-- #uEnt"", 0.27424935919042104, 35.15250098821113], [""'neu -"", 0.14460920363926122, 17.766030045400854], ["" ,m"", 0.25517899088707674, 13.632455532033703], [""175305"", 0.889355109879374, 66.27789722475376], [""636 31520"", 0.7830885667081209, 63.501868647918315]]",,,ml/output/tracks/best_frames/26_12-20/track_0809_r1.jpg,ml/output/tracks/best_frames_hires/26_12-20/track_0809_r1.jpg,
26_12-20.mp4,809,78378,236,1549,455,1835,180,"'
'
;
!
1
'
5
9
1
9
1","[[""'"", 0.8390547053761708, 36.0], [""'"", 0.12290504563363758, 204.98687663476588], ["";"", 0.4324644731548375, 38.93072678605654], [""!"", 0.6936614271447219, 78.9833441470505], [""1"", 0.31019513156708456, 72.9804530102117], [""'"", 0.5110517803797485, 38.93072678605654], [""5"", 0.8672249639041638, 34.0], [""9"", 0.7354105487255289, 38.0], [""1"", 0.8797070717265001, 77.49326628707394], [""9"", 0.20685779596796294, 42.484930466442876], [""1"", 0.9593429443897641, 52.99045705023997]]",,,ml/output/tracks/best_frames/26_12-20/track_0809_r0.jpg,ml/output/tracks/best_frames_hires/26_12-20/track_0809_r0.jpg,6
26_12-20.mp4,806,78378,1977,1890,2310,2159,270,"орд
сyi
[Cуioe
269
99
Еuiэ
CORTEBALDI
къянтм
cop1 .
[Мта-
пин
Z5L
1368
999
ПIгМ
26
99
1:
999","[[""орд"", 0.98820688354053, 24.0], [""сyi"", 0.4208932082237032, 18.0], [""[Cуioe"", 0.2793022058637565, 29.0], [""269"", 0.962089478969574, 38.0], [""99"", 0.6102713413782811, 24.0], [""Еuiэ"", 0.1906023472547531, 33.794733192202045], [""CORTEBALDI"", 0.7311916073871448, 49.850797134748746], [""къянтм"", 0.5308278167865308, 28.713906763541047], [""cop1 ."", 0.670892811580012, 28.713906763541047], [""[Мта-"", 0.4768414342677391, 29.73338242481225], [""пин"", 0.8266840299574231, 20.76983644476394], [""Z5L"", 0.5262274439775273, 28.713906763541047], [""1368"", 0.5640957355499268, 31.600073637218344], [""999"", 0.9999918097681595, 110.86242986657396], [""ПIгМ"", 0.32983851432800293, 39.75619300942765], [""26"", 0.2173447562539344, 22.0], [""99"", 0.5845494302470324, 25.0], [""1:"", 0.4469387884316168, 14.5], [""999"", 0.9998314380645752, 102.4633699326238]]",,,ml/output/tracks/best_frames/26_12-20/track_0806_r1.jpg,ml/output/tracks/best_frames_hires/26_12-20/track_0806_r1.jpg,8 2 6 5
26_12-20.mp4,812,78378,2064,126,2425,485,270,"Вино VESPUCCI
Кьянтн Класснко
Тоскана ординарнсс
кp
сух- (Итапия) 0.
75L
Сухос
2526
селv
31%
иw
/1734'
99
5Ia
апаятъ
гз[1
V3t1
m;
i 4 : ;
6:-5
6-319
01:
1734
99
190 53
656
555","[[""Вино VESPUCCI"", 0.9801636967679758, 24.0], [""Кьянтн Класснко"", 0.7882069297156917, 26.0], [""Тоскана ординарнсс"", 0.9068269710356736, 27.0], [""кp"", 0.9470667144812143, 16.0], [""сух- (Итапия) 0."", 0.6688715227623425, 27.0], [""75L"", 0.9986664183553315, 20.0], [""Сухос"", 0.8626688255668373, 26.0], [""2526"", 0.9999994135678147, 26.0], [""селv"", 0.20235884189605713, 18.0], [""31%"", 0.9987960635732008, 44.0], [""иw"", 0.09963236741128843, 14.0], [""/1734'"", 0.30083253189672776, 79.0], [""99"", 0.9999994942378553, 32.0], [""5Ia"", 0.09183557878755577, 12.0], [""апаятъ"", 0.08523745808145916, 19.0], [""гз[1"", 0.10328930616378784, 14.0], [""V3t1"", 0.2886471450328827, 14.0], [""m;"", 0.3682730828340466, 8.0], [""i 4 : ;"", 0.026246496777072876, 14.0], [""6:-5"", 0.18089379370212555, 13.0], [""6-319"", 0.6767771644754962, 49.0], [""01:"", 0.25168394212764356, 14.0], [""1734"", 1.0, 76.5], [""99"", 0.9821889105864785, 30.0], [""190 53"", 0.15251891182654947, 15.0], [""656"", 0.17179181606817595, 13.0], [""555"", 0.41306899513258927, 14.0]]",barcode=8009620822285&price1=2526.39&price2=2399.99&price4=1734.99&aP=,,ml/output/tracks/best_frames/26_12-20/track_0812_r2.jpg,ml/output/tracks/best_frames_hires/26_12-20/track_0812_r2.jpg,5834 
26_12-20.mp4,788,78378,168,826,359,1132,180,"4'
9
'
5
8
#
{
g
Il
9
8
3
0

:
1
:
 ","[[""4'"", 0.5327647745303982, 32.0], [""9"", 0.9979168308114481, 28.0], [""'"", 0.29474030862460054, 46.0], [""5"", 0.5069890883514496, 26.0], [""8"", 0.7913142083658755, 149.0], [""#"", 0.9742321616215612, 50.0], [""{"", 0.3107844570880758, 56.0], [""g"", 0.34737541931839644, 48.0], [""Il"", 0.7501789469482019, 82.0], [""9"", 0.22227623142495734, 62.8766741243745], [""8"", 0.9200744065995572, 28.5], [""3"", 0.5454513590879664, 13.0], [""0"", 0.9955145464076374, 37.5], ["""", 0.0, 54.0], ["":"", 0.4528638278050181, 47.5], [""1"", 0.9998940257493736, 79.0], ["":"", 0.13641043042888246, 32.0], ["" "", 0.27857959720337533, 36.0]]",,,ml/output/tracks/best_frames/26_12-20/track_0788_r1.jpg,ml/output/tracks/best_frames_hires/26_12-20/track_0788_r1.jpg,
26_12-20.mp4,815,78378,234,9,470,311,180,"Е
;
Ё
m
ё
[
8
1
1
{
1
!
:
1
5
3
92
0
:
:
1
1
1
2
1
:
1
5
9
2","[[""Е"", 0.7525492302700663, 34.0], ["";"", 0.995225301363778, 26.0], [""Ё"", 0.21191299168998867, 32.0], [""m"", 0.8428557323204586, 28.0], [""ё"", 0.11153371838165871, 24.0], [""["", 0.950313578127421, 81.94872577325526], [""8"", 0.3618133338623153, 161.98318690083843], [""1"", 0.9207639287197367, 50.912423715939326], [""1"", 0.9982090869392692, 99.98966828506252], [""{"", 0.9330161301043063, 48.95621185796972], [""1"", 0.8680625412392864, 80.98416694537502], [""!"", 0.4382093569506793, 85.98597654838989], ["":"", 0.7419951872922326, 32.90341723552115], [""1"", 0.37156515319315986, 7.5], [""5"", 0.6735167750632662, 30.5], [""3"", 0.991551319462932, 14.0], [""92"", 0.3932751950390827, 18.0], [""0"", 0.3890249904727092, 149.49430639145402], ["":"", 0.9916403499419211, 28.465323307496945], ["":"", 0.30466410910139885, 51.9845024275938], [""1"", 0.9999547009829826, 98.49197333933435], [""1"", 0.465847018931246, 65.49382866956302], [""1"", 0.9985877496746731, 85.98251720787414], [""2"", 0.5546665353155369, 32.97448224142531], [""1"", 0.9020737591117758, 68.49437062607853], ["":"", 0.9768644198261178, 44.486301208645756], [""1"", 0.4197894520651211, 37.9809845463555], [""5"", 0.43295143969680794, 34.47674339530124], [""9"", 0.2762982982464024, 21.43732773208808], [""2"", 0.49763733087658935, 24.925398567374373]]",,,ml/output/tracks/best_frames/26_12-20/track_0815_r0.jpg,ml/output/tracks/best_frames_hires/26_12-20/track_0815_r0.jpg,
26_12-20.mp4,816,78378,2025,1196,2377,1558,180,"8
;
Е
8 : ;
gl
1
8
[
ЗШН
!
2
6.
7
5
0
1
0
4
16
1
:96
55","[[""8"", 0.9753214405393464, 38.0], ["";"", 0.9207267526712748, 56.0], [""Е"", 0.6756459263118906, 72.0], [""8 : ;"", 0.49620104276711985, 68.0], [""gl"", 0.19028717121311983, 200.0], [""1"", 0.9242399386765534, 116.0], [""8"", 0.6953827064642759, 76.0], [""["", 0.8636328514772948, 88.0], [""ЗШН"", 0.15727654910918706, 92.0], [""!"", 0.12437618074899603, 113.0], [""2"", 0.34930723312900014, 68.0], [""6."", 0.34268268298877086, 26.0], [""7"", 0.9997421669283177, 18.5], [""5"", 0.6442561677160938, 13.0], [""0"", 0.7983610642931352, 11.0], [""1"", 0.9976952258222163, 95.5], [""0"", 0.722413103809231, 16.0], [""4"", 0.6229462604833316, 67.5], [""16"", 0.3493146013382798, 145.5], [""1"", 0.9998520667431343, 40.0], ["":96"", 0.12420918046189133, 91.5], [""55"", 0.2672891076594947, 28.0]]",,,ml/output/tracks/best_frames/26_12-20/track_0816_r1.jpg,ml/output/tracks/best_frames_hires/26_12-20/track_0816_r1.jpg,109
26_12-20.mp4,828,78528,2027,1423,2366,1787,0,"5
€
$;
;
F
а :
[
$
8
8","[[""5"", 0.9795206400907688, 21.0], [""€"", 0.9639681466161534, 26.0], [""$;"", 0.5062743982000086, 57.0], ["";"", 0.8860413787417976, 90.0], [""F"", 0.3366809607396135, 38.0], [""а :"", 0.29568853974342346, 28.0], [""["", 0.21615854508156307, 201.0], [""$"", 0.1988807869131506, 58.0], [""8"", 0.999341596294073, 38.0], [""8"", 0.2520627434589642, 45.89122485874147]]",,,ml/output/tracks/best_frames/26_12-20/track_0828_r0.jpg,ml/output/tracks/best_frames_hires/26_12-20/track_0828_r0.jpg,
26_12-20.mp4,828,78678,2021,1503,2359,1844,270,"гa
7а
Е94
89
494
99
494
1.","[[""гa"", 0.10310452294898735, 14.0], [""7а"", 0.025919234375474665, 16.0], [""Е94"", 0.09878666510741539, 20.0], [""89"", 0.9348237346912016, 30.0], [""494"", 0.9999327659606934, 76.0], [""99"", 0.5754013602386417, 26.0], [""494"", 1.0, 64.5], [""1."", 0.7694297051685813, 37.0]]",,,ml/output/tracks/best_frames/26_12-20/track_0828_r2.jpg,ml/output/tracks/best_frames_hires/26_12-20/track_0828_r2.jpg,
26_12-20.mp4,828,78829,2025,1531,2362,1889,0,"[
{
8","[[""["", 0.3929014792195318, 192.0], [""{"", 0.9998029567518394, 56.0], [""8"", 0.9987193872294853, 38.0]]",,,ml/output/tracks/best_frames/26_12-20/track_0828_r1.jpg,ml/output/tracks/best_frames_hires/26_12-20/track_0828_r1.jpg,
26_12-20.mp4,831,78829,2052,461,2426,896,270,"PLCcl
nitc 0
тапи тоас
'Тгээя) 0
2526
1734
99
99
1734
1","[[""PLCcl"", 0.2141018967211843, 24.0], [""nitc 0"", 0.6426867146401394, 16.0], [""тапи тоас"", 0.121194550468927, 20.0], [""'Тгээя) 0"", 0.234539164660753, 27.0], [""2526"", 0.9999973177909851, 26.0], [""1734"", 0.9999997019767761, 87.0], [""99"", 0.957196773557707, 32.0], [""99"", 0.9974936891889713, 28.0], [""1734"", 1.0, 78.5], [""1"", 0.9997012838315555, 30.0]]",,,ml/output/tracks/best_frames/26_12-20/track_0831_r0.jpg,ml/output/tracks/best_frames_hires/26_12-20/track_0831_r0.jpg,
26_12-20.mp4,831,78979,2052,533,2423,964,270,"25z5 ;
1734
17345","[[""25z5 ;"", 0.2983700741867231, 29.0], [""1734"", 1.0, 89.0], [""17345"", 0.9358439968120531, 76.5]]",,,ml/output/tracks/best_frames/26_12-20/track_0831_r1.jpg,ml/output/tracks/best_frames_hires/26_12-20/track_0831_r1.jpg,
26_12-20.mp4,833,78979,193,325,403,648,90,"L
Е669","[[""L"", 0.9046309912005803, 38.0], [""Е669"", 0.4772316705182611, 64.83869910099907]]",,,ml/output/tracks/best_frames/26_12-20/track_0833_r0.jpg,ml/output/tracks/best_frames_hires/26_12-20/track_0833_r0.jpg,
26_12-20.mp4,833,79129,181,433,393,699,180,"9
8
8","[[""9"", 0.9743038199394647, 28.0], [""8"", 0.2457900869288432, 91.0], [""8"", 0.9925523708225228, 122.0]]",,,ml/output/tracks/best_frames/26_12-20/track_0833_r2.jpg,ml/output/tracks/best_frames_hires/26_12-20/track_0833_r2.jpg,
26_12-20.mp4,831,79129,2054,641,2427,1034,0,I8,"[[""I8"", 0.6430969377368694, 193.0]]",,,ml/output/tracks/best_frames/26_12-20/track_0831_r2.jpg,ml/output/tracks/best_frames_hires/26_12-20/track_0831_r2.jpg,
26_12-20.mp4,833,79429,168,553,375,813,180,"8
8","[[""8"", 0.9833362391256948, 154.0], [""8"", 0.9999132175200884, 136.5]]",,,ml/output/tracks/best_frames/26_12-20/track_0833_r1.jpg,ml/output/tracks/best_frames_hires/26_12-20/track_0833_r1.jpg,
26_12-20.mp4,834,79429,2077,0,2431,278,180,";
$
9
5 ;
8
1-
:
3
4:
5
8","[["";"", 0.9853299463102871, 56.0], [""$"", 0.13279404937169748, 96.0], [""9"", 0.33822799731575515, 40.0], [""5 ;"", 0.9476714362683457, 78.0], [""8"", 0.9277276644108987, 191.0], [""1-"", 0.2591101292750602, 32.0], ["":"", 0.11217139910479901, 55.0], [""3"", 0.5449726937209256, 105.0], [""4:"", 0.3440849429537383, 76.0], [""5"", 0.8682222091238895, 20.0], [""8"", 0.9998825822967241, 163.0]]",,,ml/output/tracks/best_frames/26_12-20/track_0834_r1.jpg,ml/output/tracks/best_frames_hires/26_12-20/track_0834_r1.jpg,
26_12-20.mp4,837,79429,2046,864,2304,1138,270,"I:
34
52","[[""I:"", 0.4193413599204785, 31.0], [""34"", 0.9999988198884456, 76.0], [""52"", 0.5540425342397051, 32.0]]",,,ml/output/tracks/best_frames/26_12-20/track_0837_r1.jpg,ml/output/tracks/best_frames_hires/26_12-20/track_0837_r1.jpg,
26_12-20.mp4,837,79579,2051,864,2304,1087,90,"€5
FSLL
Rв
2-","[[""€5"", 0.9944236477470562, 38.0], [""FSLL"", 0.5075039863586426, 87.0], [""Rв"", 0.13602300325623595, 31.0], [""2-"", 0.6092284300300199, 30.5]]",,,ml/output/tracks/best_frames/26_12-20/track_0837_r0.jpg,ml/output/tracks/best_frames_hires/26_12-20/track_0837_r0.jpg,
26_12-20.mp4,834,79579,2076,0,2439,368,90,"€5
6617 z
T
1e _
Lz <
еиэ_
ci - 
-
5
2243
6 2","[[""€5"", 0.45354631590659134, 30.0], [""6617 z"", 0.38849512833615685, 78.0], [""T"", 0.886591861286945, 24.0], [""1e _"", 0.347369475702687, 16.0], [""Lz <"", 0.10745319676499747, 18.0], [""еиэ_"", 0.07835269719362259, 24.0], [""ci - "", 0.1106607695763331, 24.0], [""-"", 0.33489680134977107, 24.5], [""5"", 0.5470205075673142, 96.0], [""2243"", 0.1005619689822197, 21.0], [""6 2"", 0.16507293283939362, 16.0]]",,,ml/output/tracks/best_frames/26_12-20/track_0834_r0.jpg,ml/output/tracks/best_frames_hires/26_12-20/track_0834_r0.jpg,
26_12-20.mp4,835,79579,2008,1740,2365,2070,270,"Езmim
F_:=
7 - =
#>
€
45.3494
45:
5
3494
 .4","[[""Езmim"", 0.06047235350478282, 21.0], [""F_:="", 0.03550015017390251, 16.0], [""7 - ="", 0.3469847152766061, 21.0], [""#>"", 0.16524282049294667, 20.0], [""€"", 0.14869253182201092, 26.0], [""45.3494"", 0.45071897073063577, 76.0], [""45:"", 0.4388672892733843, 38.0], [""5"", 0.9784260702066518, 28.0], [""3494"", 0.9999799013465057, 72.0], ["" .4"", 0.2558828592300415, 30.0]]",,,ml/output/tracks/best_frames/26_12-20/track_0835_r0.jpg,ml/output/tracks/best_frames_hires/26_12-20/track_0835_r0.jpg,5
26_12-20.mp4,834,79730,2069,75,2447,485,0,"~
""
П1
8
n
9","[[""~"", 0.4864771351640371, 52.0], [""\"""", 0.9995344227181846, 66.0], [""П1"", 0.7837533502884744, 30.0], [""8"", 0.9688216487347887, 184.0], [""n"", 0.7695333940212237, 42.0], [""9"", 0.6890027786439532, 42.0]]",,,ml/output/tracks/best_frames/26_12-20/track_0834_r2.jpg,ml/output/tracks/best_frames_hires/26_12-20/track_0834_r2.jpg,
26_12-20.mp4,835,79730,2007,1845,2350,2159,270," 
5 
4034945
04033494
1 -.","[["" "", 0.3189936135964882, 16.0], [""5 "", 0.08148316421805565, 20.0], [""4034945"", 0.8532974461131629, 72.0], [""04033494"", 0.28143506115190636, 78.5], [""1 -."", 0.2190859466791153, 31.5]]",,,ml/output/tracks/best_frames/26_12-20/track_0835_r1.jpg,ml/output/tracks/best_frames_hires/26_12-20/track_0835_r1.jpg,
26_12-20.mp4,840,79730,2046,1056,2421,1488,270,"I
1734
1734
9:
7","[[""I"", 0.1243873640523816, 20.0], [""1734"", 0.9973435401916504, 80.0], [""1734"", 0.9999302625656128, 77.0], [""9:"", 0.2888760893374838, 37.0], [""7"", 0.6346069561424237, 27.0]]",,,ml/output/tracks/best_frames/26_12-20/track_0840_r0.jpg,ml/output/tracks/best_frames_hires/26_12-20/track_0840_r0.jpg,
26_12-20.mp4,841,79880,166,864,361,996,180,{UiR',"[[""{UiR'"", 0.11407094045533263, 56.0]]",,,ml/output/tracks/best_frames/26_12-20/track_0841_r1.jpg,ml/output/tracks/best_frames_hires/26_12-20/track_0841_r1.jpg,
26_12-20.mp4,835,79880,2006,1906,2346,2159,180,"51
$","[[""51"", 0.43158290752050044, 26.0], [""$"", 0.5118951262437612, 146.0]]",,,ml/output/tracks/best_frames/26_12-20/track_0835_r2.jpg,ml/output/tracks/best_frames_hires/26_12-20/track_0835_r2.jpg,3
26_12-20.mp4,840,79880,2041,1164,2409,1586,0,"8
8 !","[[""8"", 0.723283618857895, 163.0], [""8 !"", 0.38863023581075967, 64.0]]",,,ml/output/tracks/best_frames/26_12-20/track_0840_r1.jpg,ml/output/tracks/best_frames_hires/26_12-20/track_0840_r1.jpg,
26_12-20.mp4,841,80030,165,864,366,1021,0,@,"[[""@"", 0.8754728059320769, 77.0]]",,,ml/output/tracks/best_frames/26_12-20/track_0841_r0.jpg,ml/output/tracks/best_frames_hires/26_12-20/track_0841_r0.jpg,7
26_12-20.mp4,843,80330,2055,542,2437,969,270,"5e€
2499
шn
3224995","[[""5e€"", 0.1176793650724083, 24.0], [""2499"", 1.0, 84.0], [""шn"", 0.14665140161919074, 54.0], [""3224995"", 0.6630487650696705, 72.0]]",,,ml/output/tracks/best_frames/26_12-20/track_0843_r2.jpg,ml/output/tracks/best_frames_hires/26_12-20/track_0843_r2.jpg,
26_12-20.mp4,843,80480,2050,607,2427,1030,270,"=  
Nа сRALE
IOC = а
5.
5 €,
7га 0 =-
m -
5C :
32-81
2499s
53
-22499
2","[[""=  "", 0.17578205284084536, 28.0], [""Nа сRALE"", 0.06600269277912973, 33.0], [""IOC = а"", 0.15878477742213012, 32.0], [""5."", 0.672822053795997, 16.0], [""5 €,"", 0.3046666987372406, 24.0], [""7га 0 =-"", 0.104266972638956, 36.0], [""m -"", 0.271090567111969, 19.0], [""5C :"", 0.7957526137693224, 24.0], [""32-81"", 0.4741159290853709, 50.0], [""2499s"", 0.9997110439506384, 87.0], [""53"", 0.3109682881663106, 31.0], [""-22499"", 0.9485938518761919, 68.5], [""2"", 0.4028477978163778, 28.0]]",,,ml/output/tracks/best_frames/26_12-20/track_0843_r0.jpg,ml/output/tracks/best_frames_hires/26_12-20/track_0843_r0.jpg,
26_12-20.mp4,843,80630,2048,702,2423,1127,180,"₽
6
8
7
$
8","[[""₽"", 0.5791880086292167, 84.0], [""6"", 0.4931857916399771, 68.0], [""8"", 0.7710373798038042, 232.0], [""7"", 0.9912384387158433, 104.0], [""$"", 0.6612593367392492, 92.0], [""8"", 0.8028362370660069, 140.0]]",,,ml/output/tracks/best_frames/26_12-20/track_0843_r1.jpg,ml/output/tracks/best_frames_hires/26_12-20/track_0843_r1.jpg,
26_12-20.mp4,855,81081,161,864,380,1120,270,"33
335","[[""33"", 0.9757899293780988, 40.0], [""335"", 0.8543077028711754, 39.0]]",,,ml/output/tracks/best_frames/26_12-20/track_0855_r1.jpg,ml/output/tracks/best_frames_hires/26_12-20/track_0855_r1.jpg,
26_12-20.mp4,854,81081,1997,1864,2350,2159,0,"&
9","[[""&"", 0.9394835064783003, 107.0], [""9"", 0.6244427850162992, 34.0]]",,,ml/output/tracks/best_frames/26_12-20/track_0854_r1.jpg,ml/output/tracks/best_frames_hires/26_12-20/track_0854_r1.jpg,
26_12-20.mp4,856,81081,2033,864,2304,1161,270,"Erъэчасади4
IOC Тэе
7х
2а
Tае
IE -
32)
2499
к <
 -6
5-","[[""Erъэчасади4"", 0.026879760414075117, 33.0], [""IOC Тэе"", 0.1231299486335459, 36.0], [""7х"", 0.1181192018960859, 24.0], [""2а"", 0.06410927613300603, 26.0], [""Tае"", 0.12849169110190453, 24.0], [""IE -"", 0.21433356962260153, 26.0], [""32)"", 0.6481874843765438, 42.0], [""2499"", 0.7334317397968828, 88.0], [""к <"", 0.08781251038800135, 34.67223788975764], ["" -6"", 0.14065832584873442, 25.0], [""5-"", 0.9298345827513336, 49.0]]",,,ml/output/tracks/best_frames/26_12-20/track_0856_r1.jpg,ml/output/tracks/best_frames_hires/26_12-20/track_0856_r1.jpg,8 8
26_12-20.mp4,830,81081,2007,1622,2359,1972,270,"2t_
Jz
1734
9
2sz-
31'.
63131734
92
12 .","[[""2t_"", 0.025300897657871246, 8.0], [""Jz"", 0.05271957479194093, 18.0], [""1734"", 0.9991572017362395, 86.0], [""9"", 0.9987341597680057, 28.0], [""2sz-"", 0.05739017203450203, 27.692307692307736], [""31'."", 0.491536021232605, 53.751328557914576], [""63131734"", 0.39547778582918586, 82.5], [""92"", 0.3437857179810655, 28.0], [""12 ."", 0.41769554796501596, 42.5]]",,,ml/output/tracks/best_frames/26_12-20/track_0830_r1.jpg,ml/output/tracks/best_frames_hires/26_12-20/track_0830_r1.jpg,
26_12-20.mp4,855,81231,161,864,370,1035,270,"==
#
7з3*
7335","[[""=="", 0.2764875245491775, 24.0], [""#"", 0.6939041010352618, 26.0], [""7з3*"", 0.23947091400623322, 40.0], [""7335"", 0.8162230849266052, 37.5]]",,,ml/output/tracks/best_frames/26_12-20/track_0855_r0.jpg,ml/output/tracks/best_frames_hires/26_12-20/track_0855_r0.jpg,
26_12-20.mp4,856,81231,2037,864,2304,1157,0,"9
I
E
&
{
е
$
;
{
8 6
1
9
8
5
1
3
2
1","[[""9"", 0.2607811767451871, 54.0], [""I"", 0.5607719302878458, 77.0], [""E"", 0.41902677365284546, 99.0], [""&"", 0.21734579680981714, 215.0], [""{"", 0.6864656378102154, 46.0], [""е"", 0.20822276350378388, 24.0], [""$"", 0.33892545950581976, 86.0], ["";"", 0.185514995871082, 112.0], [""{"", 0.26508889492902554, 93.96163152873828], [""8 6"", 0.7225953340530396, 68.0], [""1"", 0.5319911146719427, 28.0], [""9"", 0.26672040529298613, 211.0], [""8"", 0.9906013164714409, 46.5], [""5"", 0.7904970351519438, 22.0], [""1"", 0.5077217892102368, 34.0], [""3"", 0.23314632443632277, 131.5], [""2"", 0.7507760093265148, 45.0], [""1"", 0.369103416972294, 101.99337063164741]]",,,ml/output/tracks/best_frames/26_12-20/track_0856_r2.jpg,ml/output/tracks/best_frames_hires/26_12-20/track_0856_r2.jpg,1 15 15 8 81 8
26_12-20.mp4,854,81231,1996,1880,2346,2159,270,"Iза
1734'
9a
Z5 -
17345
93
. 6","[[""Iза"", 0.2933261849948708, 18.0], [""1734'"", 0.8662946852463457, 86.0], [""9a"", 0.7605155513662183, 30.0], [""Z5 -"", 0.10833961516618729, 30.57086014531157], [""17345"", 0.6656548958250333, 72.5], [""93"", 0.636347166615983, 25.0], ["". 6"", 0.6415607333183289, 45.5]]",,,ml/output/tracks/best_frames/26_12-20/track_0854_r0.jpg,ml/output/tracks/best_frames_hires/26_12-20/track_0854_r0.jpg,
26_12-20.mp4,830,81231,2007,1688,2356,2018,270,"i
25 
17348
93
ъъс
5
3158
63191734
93
6","[[""i"", 0.4372703960837363, 20.0], [""25 "", 0.3504538493207376, 28.0], [""17348"", 0.42696894497438054, 87.0], [""93"", 0.7939844271913526, 30.0], [""ъъс"", 0.05813894079803152, 32.78149192650511], [""5"", 0.551125709093899, 24.834140112506475], [""3158"", 0.6665749042398105, 46.749310928352315], [""63191734"", 0.39041812064695053, 86.5], [""93"", 0.41107956925467776, 27.0], [""6"", 0.9226159017572542, 28.0]]",,,ml/output/tracks/best_frames/26_12-20/track_0830_r0.jpg,ml/output/tracks/best_frames_hires/26_12-20/track_0830_r0.jpg,/
26_12-20.mp4,859,81381,228,1445,462,1761,0,"31
8","[[""31"", 0.8138694472008212, 28.0], [""8"", 0.9861944302543293, 142.9685811255415]]",,,ml/output/tracks/best_frames/26_12-20/track_0859_r1.jpg,ml/output/tracks/best_frames_hires/26_12-20/track_0859_r1.jpg,
26_12-20.mp4,830,81381,2008,1751,2353,2076,270,"Фnta
ат =
2 #
51
315.
11734
9
13
1!
I x
25zc
93
13101734","[[""Фnta"", 0.10322000086307526, 30.0], [""ат ="", 0.11537434160709381, 17.0], [""2 #"", 0.20401815685790028, 19.0], [""51"", 0.11311652454207868, 16.0], [""315."", 0.2023397186425666, 43.0], [""11734"", 0.9957777392358403, 78.0], [""9"", 0.2923634067865919, 28.0], [""13"", 0.34455840128772425, 18.72386843031552], [""1!"", 0.01276213165861745, 25.64146590985041], [""I x"", 0.19869640469551086, 27.692307692307708], [""25zc"", 0.19278675317764282, 28.71390676354099], [""93"", 0.501475090615091, 26.0], [""13101734"", 0.8438134313528998, 99.46886444273025]]",,,ml/output/tracks/best_frames/26_12-20/track_0830_r2.jpg,ml/output/tracks/best_frames_hires/26_12-20/track_0830_r2.jpg,
26_12-20.mp4,856,81381,2035,939,2304,1367,0,"$
8 6
1
6
е
6
Е
8
Fg
9
8
1
'
81
8
8","[[""$"", 0.9065838094124423, 97.0], [""8 6"", 0.7905661110515005, 66.0], [""1"", 0.45505444756622637, 56.0], [""6"", 0.9913985524748483, 40.0], [""е"", 0.37951107257763184, 24.0], [""6"", 0.30585735966737104, 34.0], [""Е"", 0.825309464834735, 97.0], [""8"", 0.9997829316646722, 191.0], [""Fg"", 0.4992324500721376, 66.0], [""9"", 0.34052911404220154, 48.0], [""8"", 0.9545364502060352, 42.0], [""1"", 0.34017088193246536, 96.97707454755312], [""'"", 0.32061722184062447, 103.96900485518756], [""81"", 0.24309615975683535, 124.5], [""8"", 0.999514042779456, 227.0], [""8"", 0.8724052421308812, 88.99116575867407]]",,,ml/output/tracks/best_frames/26_12-20/track_0856_r0.jpg,ml/output/tracks/best_frames_hires/26_12-20/track_0856_r0.jpg,5 1 . 8
26_12-20.mp4,859,81531,218,1406,459,1700,270,"s
699*
735
7699","[[""s"", 0.9053815118450395, 24.0], [""699*"", 0.8245568871498108, 68.86287933270219], [""735"", 0.682007462194452, 26.5], [""7699"", 0.7567352056503296, 66.79442515529618]]",,,ml/output/tracks/best_frames/26_12-20/track_0859_r0.jpg,ml/output/tracks/best_frames_hires/26_12-20/track_0859_r0.jpg,848
26_12-20.mp4,858,81531,2090,0,2457,291,0,"5
8
''
[-1
45","[[""5"", 0.19680428038738285, 85.0], [""8"", 0.9689118823730816, 172.0], [""''"", 0.8676102015652885, 42.0], [""[-1"", 0.7243432795909823, 30.0], [""45"", 0.3305043475403207, 38.0]]",,,ml/output/tracks/best_frames/26_12-20/track_0858_r2.jpg,ml/output/tracks/best_frames_hires/26_12-20/track_0858_r2.jpg,
26_12-20.mp4,858,81681,2094,4,2452,394,270,"-iee
25z6
27.3
1835
53
4273-
1835
33","[[""-iee"", 0.19331669807434082, 18.0], [""25z6"", 0.41414400935173035, 26.0], [""27.3"", 0.19420766830444336, 38.0], [""1835"", 0.9999996423721313, 87.0], [""53"", 0.8290476213852751, 26.0], [""4273-"", 0.2646095841326278, 46.0], [""1835"", 0.9999997615814209, 76.5], [""33"", 0.17445101727285897, 28.0]]",,,ml/output/tracks/best_frames/26_12-20/track_0858_r1.jpg,ml/output/tracks/best_frames_hires/26_12-20/track_0858_r1.jpg,
26_12-20.mp4,861,81681,235,1487,461,1774,90,"€
!ess
669","[[""€"", 0.6545954079019936, 20.0], [""!ess"", 0.2949252144547834, 55.07020126563394], [""669"", 0.9998953938484192, 63.41701333727008]]",,,ml/output/tracks/best_frames/26_12-20/track_0861_r1.jpg,ml/output/tracks/best_frames_hires/26_12-20/track_0861_r1.jpg,
26_12-20.mp4,861,81982,254,1629,498,1905,90,"Vа5
669","[[""Vа5"", 0.13152190235686034, 48.0], [""669"", 0.9992675948080867, 66.9220509986119]]",,,ml/output/tracks/best_frames/26_12-20/track_0861_r0.jpg,ml/output/tracks/best_frames_hires/26_12-20/track_0861_r0.jpg,
26_12-20.mp4,861,82132,266,1708,520,2006,270,"7699
5
45
77699","[[""7699"", 0.9753583073616028, 69.31491071063934], [""5"", 0.6796314416967029, 25.111736484502472], [""45"", 0.6052839978683563, 27.0], [""77699"", 0.5687384960112174, 65.30472399022655]]",,,ml/output/tracks/best_frames/26_12-20/track_0861_r2.jpg,ml/output/tracks/best_frames_hires/26_12-20/track_0861_r2.jpg,
26_12-20.mp4,865,82132,297,1816,528,2091,0,@,"[[""@"", 0.47267124813771844, 151.9752951843543]]",,,ml/output/tracks/best_frames/26_12-20/track_0865_r1.jpg,ml/output/tracks/best_frames_hires/26_12-20/track_0865_r1.jpg,
26_12-20.mp4,858,82132,2089,123,2474,545,90,"e8L   :
Е
1
_
5","[[""e8L   :"", 0.35548234647834503, 91.0], [""Е"", 0.46935991257877063, 24.0], [""1"", 0.7993529038869838, 8.0], [""_"", 0.9734558556662165, 24.611442075295713], [""5"", 0.42279547491122926, 20.0]]",,,ml/output/tracks/best_frames/26_12-20/track_0858_r0.jpg,ml/output/tracks/best_frames_hires/26_12-20/track_0858_r0.jpg,8
26_12-20.mp4,876,82282,188,864,377,1091,270,"23
23","[[""23"", 0.9997901151462144, 36.0], [""23"", 1.0, 37.0]]",,,ml/output/tracks/best_frames/26_12-20/track_0876_r1.jpg,ml/output/tracks/best_frames_hires/26_12-20/track_0876_r1.jpg,
26_12-20.mp4,870,82282,256,3,473,273,180,"!
@
1
{
'","[[""!"", 0.9659048747523435, 24.0], [""@"", 0.1294299496932041, 136.97607077673848], [""1"", 0.5644316837596399, 108.98198189037582], [""{"", 0.9912005782718012, 81.9675266587434], [""'"", 0.7663896651040467, 65.97602406750218]]",,,ml/output/tracks/best_frames/26_12-20/track_0870_r1.jpg,ml/output/tracks/best_frames_hires/26_12-20/track_0870_r1.jpg,6
26_12-20.mp4,865,82282,294,1783,525,2050,90,"!3C
669 ","[[""!3C"", 0.12140508340425299, 42.0], [""669 "", 0.8926762342453003, 68.22244125575367]]",,,ml/output/tracks/best_frames/26_12-20/track_0865_r0.jpg,ml/output/tracks/best_frames_hires/26_12-20/track_0865_r0.jpg,
26_12-20.mp4,878,82432,2075,864,2447,1204,270,ЕEE,"[[""ЕEE"", 0.3960030305003166, 26.0]]",,,ml/output/tracks/best_frames/26_12-20/track_0878_r1.jpg,ml/output/tracks/best_frames_hires/26_12-20/track_0878_r1.jpg,
26_12-20.mp4,876,82432,189,864,375,1026,270,"7
223
223","[[""7"", 0.8666037323665456, 14.0], [""223"", 0.9999722633688242, 36.0], [""223"", 0.9999999311744849, 38.0]]",,,ml/output/tracks/best_frames/26_12-20/track_0876_r0.jpg,ml/output/tracks/best_frames_hires/26_12-20/track_0876_r0.jpg,
26_12-20.mp4,870,82432,243,1,459,331,180,"[
8
1
{
'
6
877
6","[[""["", 0.9215459434806839, 26.0], [""8"", 0.10376642781476964, 143.97846100232272], [""1"", 0.9926494038285263, 152.9910217160986], [""{"", 0.997420546007163, 85.97058351020212], [""'"", 0.5489064607768093, 70.95617746837212], [""6"", 0.9797758524492259, 74.91235493674424], [""877"", 0.4706588671177489, 25.970032157305162], [""6"", 0.9713612928899238, 96.48534200981578]]",,,ml/output/tracks/best_frames/26_12-20/track_0870_r0.jpg,ml/output/tracks/best_frames_hires/26_12-20/track_0870_r0.jpg,1 8
26_12-20.mp4,878,82582,2076,864,2445,1211,270,"2526
5
5
5","[[""2526"", 0.6535520553588867, 26.0], [""5"", 0.9926410240605658, 72.0], [""5"", 0.9202793263223761, 26.0], [""5"", 0.9994577904595623, 62.0]]",,,ml/output/tracks/best_frames/26_12-20/track_0878_r0.jpg,ml/output/tracks/best_frames_hires/26_12-20/track_0878_r0.jpg,
26_12-20.mp4,881,82732,2255,864,2303,915,0,,[],,,ml/output/tracks/best_frames/26_12-20/track_0881_r2.jpg,ml/output/tracks/best_frames_hires/26_12-20/track_0881_r2.jpg,
26_12-20.mp4,881,82883,2254,864,2303,916,0,,[],,,ml/output/tracks/best_frames/26_12-20/track_0881_r1.jpg,ml/output/tracks/best_frames_hires/26_12-20/track_0881_r1.jpg,
26_12-20.mp4,881,83033,2254,864,2303,918,0,,[],,,ml/output/tracks/best_frames/26_12-20/track_0881_r0.jpg,ml/output/tracks/best_frames_hires/26_12-20/track_0881_r0.jpg,
26_12-20.mp4,879,83033,2100,0,2445,236,180,";
g
8
=
5 f
8
:
5
8-
8","[["";"", 0.47048706418537733, 58.0], [""g"", 0.7160434266013773, 68.0], [""8"", 0.9997067666473072, 38.0], [""="", 0.9686570330401914, 66.0], [""5 f"", 0.11977305979000764, 44.0], [""8"", 0.9998141613523934, 96.0], ["":"", 0.3590252950127457, 57.5], [""5"", 0.7977113358930552, 67.0], [""8-"", 0.49370781697546007, 45.0], [""8"", 0.9995717268869306, 136.0]]",,,ml/output/tracks/best_frames/26_12-20/track_0879_r0.jpg,ml/output/tracks/best_frames_hires/26_12-20/track_0879_r0.jpg,
26_12-20.mp4,879,83183,2100,0,2445,235,270,"сух
75L
арmz
14735
4i =шнн
)9999
(1
99
199","[[""сух"", 0.9027246406089254, 24.0], [""75L"", 0.9999023372325798, 26.0], [""арmz"", 0.295852392911911, 8.0], [""14735"", 0.9178911922252093, 24.0], [""4i =шнн"", 0.06187915843464576, 8.0], ["")9999"", 0.782739695175205, 80.0], [""(1"", 0.8924729243272903, 16.0], [""99"", 0.9997260564760706, 29.5], [""199"", 0.9007471408336742, 68.0]]",,,ml/output/tracks/best_frames/26_12-20/track_0879_r2.jpg,ml/output/tracks/best_frames_hires/26_12-20/track_0879_r2.jpg,
26_12-20.mp4,887,83333,2255,864,2303,915,0,,[],,,ml/output/tracks/best_frames/26_12-20/track_0887_r1.jpg,ml/output/tracks/best_frames_hires/26_12-20/track_0887_r1.jpg,
26_12-20.mp4,883,83333,2268,0,2442,66,90,"UI
bl
ZSL
кКэ
a","[[""UI"", 0.4811402747038989, 28.0], [""bl"", 0.8151465503918343, 24.0], [""ZSL"", 0.49058415009667466, 26.0], [""кКэ"", 0.8464355731330578, 20.0], [""a"", 0.22863455721307346, 100.0]]",,,ml/output/tracks/best_frames/26_12-20/track_0883_r2.jpg,ml/output/tracks/best_frames_hires/26_12-20/track_0883_r2.jpg,2
26_12-20.mp4,887,83483,2255,864,2303,915,0,,[],,,ml/output/tracks/best_frames/26_12-20/track_0887_r0.jpg,ml/output/tracks/best_frames_hires/26_12-20/track_0887_r0.jpg,
26_12-20.mp4,883,83633,2270,0,2442,66,270,"сух
75L
751
.
55
14","[[""сух"", 0.8867329662493686, 20.0], [""75L"", 0.9999933927534448, 24.0], [""751"", 0.7667334675788879, 22.0], [""."", 0.9209463882066338, 16.5], [""55"", 0.25547690608530105, 12.0], [""14"", 0.9999182360929683, 24.0]]",,,ml/output/tracks/best_frames/26_12-20/track_0883_r1.jpg,ml/output/tracks/best_frames_hires/26_12-20/track_0883_r1.jpg,5
26_12-20.mp4,879,83784,2266,0,2440,175,270,"сух
75L
яma
1473ч
га/ав
Tl
99
751
::72
5:1
14739
6 : 0
99","[[""сух"", 0.76783182913925, 20.0], [""75L"", 0.9930152893066406, 26.0], [""яma"", 0.1213263998385587, 8.0], [""1473ч"", 0.9386826295635208, 24.0], [""га/ав"", 0.06337951738066797, 12.0], [""Tl"", 0.19637134844288684, 28.0], [""99"", 0.9999967125473989, 32.0], [""751"", 0.7989518683219483, 23.0], [""::72"", 0.6011637449264526, 13.5], [""5:1"", 0.3913621292851221, 13.0], [""14739"", 0.5098647487094463, 27.5], [""6 : 0"", 0.2241528231122441, 14.0], [""99"", 0.999999915706304, 28.0]]",,,ml/output/tracks/best_frames/26_12-20/track_0879_r1.jpg,ml/output/tracks/best_frames_hires/26_12-20/track_0879_r1.jpg,
26_12-20.mp4,883,83784,2270,0,2442,66,90,"UW (
bl
ZSL
хКэ
а","[[""UW ("", 0.34790468215942383, 26.0], [""bl"", 0.7772656889888485, 24.0], [""ZSL"", 0.35516656501138516, 24.0], [""хКэ"", 0.90255478619298, 24.0], [""а"", 0.1703346207050913, 98.0]]",,,ml/output/tracks/best_frames/26_12-20/track_0883_r0.jpg,ml/output/tracks/best_frames_hires/26_12-20/track_0883_r0.jpg,
26_12-20.mp4,844,83934,181,723,369,1029,0,"'
'
3
89
2
1
1
Ё
D
{
1
'
5
5
0","[[""'"", 0.8117635564343892, 74.0], [""'"", 0.52643326216959, 30.0], [""3"", 0.40250050623260236, 176.0], [""89"", 0.3002388276420945, 60.0], [""2"", 0.48207408673705743, 51.0], [""1"", 0.9680011731406921, 118.0], [""1"", 0.9724653064320279, 118.0], [""Ё"", 0.8404057803154643, 46.0], [""D"", 0.10675051492285448, 22.0], [""{"", 0.09015839864355257, 30.0], [""1"", 0.4847894075487744, 92.98803244401314], [""'"", 0.307455094951937, 114.99221423391448], [""5"", 0.899396574358434, 37.0], [""5"", 0.8155712254054812, 40.0], [""0"", 0.37442303457170567, 98.09451772471837]]",,,ml/output/tracks/best_frames/26_12-20/track_0844_r1.jpg,ml/output/tracks/best_frames_hires/26_12-20/track_0844_r1.jpg,
26_12-20.mp4,888,83934,2037,1576,2423,2002,270,"MONGRANA
DOC
вычерь
кр сух
0 75L
Cy>cc
3684 ~
32%
124999
99
Вмно
Dxgg
Тоскана
Италия )
-329
24998
99","[[""MONGRANA"", 0.9654948162404334, 39.0], [""DOC"", 0.999958842455258, 26.0], [""вычерь"", 0.6386848200892178, 32.0], [""кр сух"", 0.4906991919555479, 24.0], [""0 75L"", 0.6160133241041785, 24.0], [""Cy>cc"", 0.45537308820983774, 26.0], [""3684 ~"", 0.4526525636871252, 26.0], [""32%"", 0.9817646741867065, 44.0], [""124999"", 0.24768090682270238, 81.0], [""99"", 0.9998872168962805, 30.0], [""Вмно"", 0.6209771037101746, 32.62649256434224], [""Dxgg"", 0.32616665959358215, 46.74931092835237], [""Тоскана"", 0.9997739864614577, 33.794733192202045], [""Италия )"", 0.8678671939830577, 32.781491926505055], [""-329"", 0.9153066873550415, 39.0], [""24998"", 0.4912127412323411, 78.0], [""99"", 0.9999393090775781, 27.0]]",,,ml/output/tracks/best_frames/26_12-20/track_0888_r2.jpg,ml/output/tracks/best_frames_hires/26_12-20/track_0888_r2.jpg,: 8 8 8
26_12-20.mp4,838,83934,201,1325,436,1623,180,"Iiн
Gi
'
5
i
Ё
6
5
R
1
1
!
1
'
!
'
'
554
9
8
:
1
5
5
6","[[""Iiн"", 0.12662658955944928, 30.0], [""Gi"", 0.31859247376162764, 26.0], [""'"", 0.9979810186899876, 36.0], [""5"", 0.6058094162222147, 32.0], [""i"", 0.1417082990961882, 42.0], [""Ё"", 0.6544478496400643, 61.0], [""6"", 0.9573743175135405, 88.0], [""5"", 0.26939681726686615, 36.794733192202045], [""R"", 0.6661992047359035, 112.83408393944171], [""1"", 0.9993109698286595, 32.90341723552112], [""1"", 0.9402098530305381, 48.95621185796969], [""!"", 0.9624410037349982, 38.93072678605654], [""1"", 0.23672690363024973, 82.98493046644285], [""'"", 0.9526080174504301, 54.96532330749699], [""!"", 0.9872516418050168, 46.95237412036795], [""'"", 0.6387972384445995, 39.934149074525294], [""'"", 0.8519574575616709, 24.834140112506475], [""554"", 0.4741222545939609, 50.0], [""9"", 0.9677221686546069, 40.5], [""8"", 0.18227139671317705, 96.5], ["":"", 0.9342312168869604, 40.0], [""1"", 0.9995987817834617, 85.5], [""5"", 0.18210483220981644, 42.484930466442876], [""5"", 0.27325755054846823, 37.480453010211676], [""6"", 0.5250393109797677, 53.8448405756375]]",,,ml/output/tracks/best_frames/26_12-20/track_0838_r2.jpg,ml/output/tracks/best_frames_hires/26_12-20/track_0838_r2.jpg,
26_12-20.mp4,847,83934,2024,1772,2365,2077,270,"Екно MONGRANA
DOC
вьuepь
кр сух
0 75L
Cyroe
3684 ~
32%
124995
99
Diuca
Тоскана
Италмя)
 -329 
24999","[[""Екно MONGRANA"", 0.886538527438254, 42.0], [""DOC"", 0.9999737086994168, 26.0], [""вьuepь"", 0.1502529960185657, 28.0], [""кр сух"", 0.4601201854826762, 24.0], [""0 75L"", 0.9262199421892932, 26.0], [""Cyroe"", 0.34487972674390666, 26.0], [""3684 ~"", 0.6168265244273948, 26.0], [""32%"", 0.9810241862360424, 40.0], [""124995"", 0.5865681078476626, 81.0], [""99"", 0.9999307112841485, 30.0], [""Diuca"", 0.1311089040228167, 49.78244971748295], [""Тоскана"", 0.999852615450711, 31.766967646379328], [""Италмя)"", 0.8009117553568973, 30.75099504289483], ["" -329 "", 0.33339867617250935, 35.0], [""24999"", 0.9988600590910992, 69.5]]",,,ml/output/tracks/best_frames/26_12-20/track_0847_r2.jpg,ml/output/tracks/best_frames_hires/26_12-20/track_0847_r2.jpg,
26_12-20.mp4,847,84084,2022,1773,2364,2077,270,"#ONGRANA
DOC
кр сух
0 75L
1 -
Су>се
36841
32%
224999
99
Вино
Dxs g
Тоскана
въmepx
Италмя)
6329
124999","[[""#ONGRANA"", 0.7534806009710412, 39.0], [""DOC"", 0.999989263227318, 26.0], [""кр сух"", 0.8994902700736869, 26.0], [""0 75L"", 0.9827234977142127, 24.0], [""1 -"", 0.10546262356166215, 8.0], [""Су>се"", 0.7225759813713086, 26.0], [""36841"", 0.5041070999661671, 26.0], [""32%"", 0.9995295924279644, 40.0], [""224999"", 0.7863352600333882, 81.0], [""99"", 0.9999973026027609, 30.0], [""Вино"", 0.5281739830970764, 32.62649256434223], [""Dxs g"", 0.11343172925276233, 48.772162710265036], [""Тоскана"", 0.9998076011619327, 33.794733192202045], [""въmepx"", 0.535917945819546, 31.766967646379328], [""Италмя)"", 0.9907962705282781, 34.67223788975764], [""6329"", 0.39797013998031616, 33.0], [""124999"", 0.9807252374601708, 67.5]]",,barcode=8031481003435&price1=3684.20&price2=3499.99&price4=2499.99&aP=,ml/output/tracks/best_frames/26_12-20/track_0847_r1.jpg,ml/output/tracks/best_frames_hires/26_12-20/track_0847_r1.jpg,
26_12-20.mp4,888,84084,2037,1579,2414,2001,180,"89
'
g
1
я
8 ;
8]
8
8
&
ш
:
[
1
:","[[""89"", 0.22559378585470136, 32.0], [""'"", 0.9999606613213388, 32.0], [""g"", 0.9977463082933014, 62.0], [""1"", 0.9995813807947798, 123.0], [""я"", 0.7393637349018469, 26.0], [""8 ;"", 0.41567203370539413, 52.0], [""8]"", 0.24639992772329453, 192.0], [""8"", 0.793995562198134, 48.0], [""8"", 0.7379612286859469, 58.0], [""&"", 0.25926604221064053, 74.0], [""ш"", 0.31597744310605336, 75.91487308291882], ["":"", 0.5662125609242139, 83.96911150685469], [""["", 0.47052754026882226, 90.97383540733244], [""1"", 0.6971045262646136, 88.97260241729148], ["":"", 0.22244568652695662, 59.937710302033906]]",,barcode=8031481003435&price1=3684.20&price2=3499.99&price4=2499.99&aP=,ml/output/tracks/best_frames/26_12-20/track_0888_r1.jpg,ml/output/tracks/best_frames_hires/26_12-20/track_0888_r1.jpg,: 8 8 8
26_12-20.mp4,873,84084,313,1841,555,2104,270,"35
1
Zucoicu
699
1
699
4359","[[""35"", 0.9999234621810222, 24.0], [""1"", 0.9999792576911801, 28.0], [""Zucoicu"", 0.11450055736472828, 39.807859172754675], [""699"", 0.9999993117448777, 69.43192086423275], [""1"", 0.9990595407161074, 30.0], [""699"", 0.9999498263679012, 62.03224179122269], [""4359"", 0.28123220801353455, 30.641509433962266]]",,,ml/output/tracks/best_frames/26_12-20/track_0873_r1.jpg,ml/output/tracks/best_frames_hires/26_12-20/track_0873_r1.jpg,
26_12-20.mp4,867,84084,2259,0,2303,159,90,"вамм
CZb |
TLUe
9821 
7.  :","[[""вамм"", 0.3468130826950073, 12.0], [""CZb |"", 0.5441826043422009, 24.0], [""TLUe"", 0.04449731979257727, 8.0], [""9821 "", 0.34500441288870315, 19.5], [""7.  :"", 0.23504006350409765, 14.0]]",,,ml/output/tracks/best_frames/26_12-20/track_0867_r2.jpg,ml/output/tracks/best_frames_hires/26_12-20/track_0867_r2.jpg,
26_12-20.mp4,872,84084,264,0,478,165,180,"ш 0
8
;
9
 
6
8:
2","[[""ш 0"", 0.5448794986355693, 15.0], [""8"", 0.9256244232425992, 149.97458699830736], ["";"", 0.860577936044141, 34.91404880886694], [""9"", 0.3105495100909508, 37.83746200628508], ["" "", 0.8852143491477058, 40.5], [""6"", 0.9995176181922751, 89.48268962853595], [""8:"", 0.6078565877528365, 73.47679271044609], [""2"", 0.9897461693897505, 34.44731066042214]]",,,ml/output/tracks/best_frames/26_12-20/track_0872_r2.jpg,ml/output/tracks/best_frames_hires/26_12-20/track_0872_r2.jpg,0 0
26_12-20.mp4,844,84084,182,722,368,1029,0,"'
'
:
1
1
'
2
1
!
1
Ё
D
1
1
4","[[""'"", 0.9100930202828437, 38.0], [""'"", 0.6317569467148729, 70.0], ["":"", 0.6595568379054981, 34.0], [""1"", 0.2365174221400288, 241.0], [""1"", 0.7496551968842802, 117.0], [""'"", 0.7277849013683557, 62.0], [""2"", 0.18870863530473603, 49.0], [""1"", 0.9888315270964121, 119.0], [""!"", 0.7186844218167607, 26.0], [""1"", 0.9318345149250753, 116.0], [""Ё"", 0.4980344192637318, 40.0], [""D"", 0.3070205094445555, 22.0], [""1"", 0.5571626087330515, 92.98803244401314], [""1"", 0.9265303557949665, 82.5], [""4"", 0.3048972145111897, 100.17900599192433]]",,,ml/output/tracks/best_frames/26_12-20/track_0844_r2.jpg,ml/output/tracks/best_frames_hires/26_12-20/track_0844_r2.jpg,.
26_12-20.mp4,838,84084,201,1325,434,1621,0,"'
't
;
{
{;[
+
Ё
gаояl
'
1
6
;
'
:
'
{
'
i
4
6","[[""'"", 0.991636313807053, 22.0], [""'t"", 0.05401600276215261, 46.0], ["";"", 0.24325670949352585, 32.0], [""{"", 0.21360951544182516, 22.0], [""{;["", 0.43868174073452637, 36.0], [""+"", 0.9542005862442693, 26.0], [""Ё"", 0.598185097973797, 34.0], [""gаояl"", 0.018180813823561726, 42.0], [""'"", 0.459759213916616, 26.0], [""1"", 0.7218550298208335, 88.98691770366622], [""6"", 0.07938846650653719, 200.98632234834204], ["";"", 0.15324380270190208, 46.95237412036789], [""'"", 0.8433647176042456, 57.96885515101695], ["":"", 0.5377305078297958, 68.97808873418604], [""'"", 0.11505105316779751, 38.93072678605654], [""{"", 0.6263128521962678, 64.97527105692893], [""'"", 0.23900217655778988, 96.97707454755314], [""i"", 0.6321874751307668, 54.925254998708624], [""4"", 0.5982756411688115, 88.27781969076236], [""6"", 0.1889283463113003, 47.97784055369259]]",,,ml/output/tracks/best_frames/26_12-20/track_0838_r1.jpg,ml/output/tracks/best_frames_hires/26_12-20/track_0838_r1.jpg,
26_12-20.mp4,862,84084,213,180,413,485,180,"g;
9
;
65
€
я
щ
8
1
;
;
@
'
!
!
8
:
8
1
9
6
3
8
8
:","[[""g;"", 0.6306647230109739, 40.0], [""9"", 0.8820508184808205, 28.0], ["";"", 0.8484721344154913, 46.0], [""65"", 0.32619558451361486, 58.0], [""€"", 0.9218112288377576, 32.0], [""я"", 0.2608488146952368, 24.0], [""щ"", 0.11249043133467751, 26.0], [""8"", 0.9733316566099717, 108.96107411703852], [""1"", 0.9385637549445711, 114.98386569739185], ["";"", 0.19744353612219356, 86.97128050160589], ["";"", 0.9769662208866272, 34.91404880886694], [""@"", 0.2422384141138858, 50.912423715939326], [""'"", 0.9532958877436251, 71.97989898732237], [""!"", 0.9677240449691205, 66.97674339530124], [""!"", 0.9749981830998564, 50.912423715939326], [""8"", 0.9465090750361504, 56.93064661499386], ["":"", 0.9112818264147791, 63.98618303297951], [""8"", 0.30623629896240345, 72.48938652342994], [""1"", 0.8788539477023392, 97.49580958561805], [""9"", 0.40233897705391897, 27.43941217634122], [""6"", 0.3232979605330719, 60.984698895796896], [""3"", 0.8818917326875955, 70.49180326337012], [""8"", 0.40011912691869966, 52.48481156706749], [""8"", 0.9126946126758781, 53.48540279388945], ["":"", 0.7591430932198051, 45.47128050160592]]",,,ml/output/tracks/best_frames/26_12-20/track_0862_r1.jpg,ml/output/tracks/best_frames_hires/26_12-20/track_0862_r1.jpg,6
26_12-20.mp4,889,84084,2085,381,2304,784,270,"Сухос
2526""
2797
35
99
71-
(Пор
9","[[""Сухос"", 0.9884805851862304, 28.0], [""2526\"""", 0.964311925370235, 30.0], [""2797"", 0.5088189840316772, 45.0], [""35"", 0.53178117490742, 79.0], [""99"", 1.0, 32.0], [""71-"", 0.06192864094084215, 14.0], [""(Пор"", 0.9970157742500305, 29.733382424812234], [""9"", 0.5193495055039286, 32.0]]",,,ml/output/tracks/best_frames/26_12-20/track_0889_r2.jpg,ml/output/tracks/best_frames_hires/26_12-20/track_0889_r2.jpg,69 9 5 8 9
26_12-20.mp4,864,84084,2081,516,2457,921,0,"8
5
5
7
5
5
;
=
Ё
5
[8
8
Ё
93 5
8","[[""8"", 0.9434010071778545, 68.0], [""5"", 0.9134349121127663, 58.0], [""5"", 0.8115594995833284, 26.0], [""7"", 0.28894273545293814, 30.0], [""5"", 0.9703383429010479, 59.0], [""5"", 0.9416279904344407, 60.0], ["";"", 0.5460512635836814, 26.0], [""="", 0.924310651134931, 22.0], [""Ё"", 0.11348249105162722, 42.0], [""5"", 0.6244035979327691, 68.0], [""[8"", 0.1503851756697361, 181.0], [""8"", 0.9955860316136409, 42.0], [""Ё"", 0.6092784990234499, 80.0], [""93 5"", 0.33457232876488263, 105.5], [""8"", 0.9979077803675409, 41.0]]",,,ml/output/tracks/best_frames/26_12-20/track_0864_r1.jpg,ml/output/tracks/best_frames_hires/26_12-20/track_0864_r1.jpg,48.
26_12-20.mp4,886,84084,2099,0,2439,168,270,"сух
75L
с1 Ерт
1473ч
'rв
99
)99'
IlTII
'0113""сгэз95
99
199
0113 703303","[[""сух"", 0.9335025075232369, 20.0], [""75L"", 0.9996019238355719, 24.0], [""с1 Ерт"", 0.19071301396580723, 14.0], [""1473ч"", 0.8444502329381257, 26.0], [""'rв"", 0.19539040228802637, 14.0], [""99"", 0.9999946052076528, 32.0], ["")99'"", 0.9749054312705994, 76.0], [""IlTII"", 0.24323807812613343, 48.0], [""'0113\""сгэз95"", 0.1334543503568168, 20.0], [""99"", 0.9999994099441718, 26.0], [""199"", 0.7067447492235277, 64.5], [""0113 703303"", 0.19800970929672232, 19.0]]",,,ml/output/tracks/best_frames/26_12-20/track_0886_r2.jpg,ml/output/tracks/best_frames_hires/26_12-20/track_0886_r2.jpg,
26_12-20.mp4,872,84234,265,0,479,165,0,"97 
g
g5J7
8
6
;
;","[[""97 "", 0.2968287169933319, 45.0], [""g"", 0.6111811869794259, 34.0], [""g5J7"", 0.04144620895385742, 88.0], [""8"", 0.5131243875266343, 154.98155319441486], [""6"", 0.5687039747945164, 37.83746200628508], ["";"", 0.33159650658321027, 68.95348679060248], ["";"", 0.7804877491303728, 54.925254998708624]]",,,ml/output/tracks/best_frames/26_12-20/track_0872_r1.jpg,ml/output/tracks/best_frames_hires/26_12-20/track_0872_r1.jpg,0
26_12-20.mp4,844,84234,182,722,368,1029,0,"1
6
;
1
89
2
1
1
Ё
D
1
1
4","[[""1"", 0.5098787164897658, 117.0], [""6"", 0.8652002608022293, 46.0], ["";"", 0.41586713522079677, 24.0], [""1"", 0.08556583288918151, 237.0], [""89"", 0.12935763465610803, 54.0], [""2"", 0.16082649832614848, 51.0], [""1"", 0.9708736535733955, 118.0], [""1"", 0.7894368663130535, 118.0], [""Ё"", 0.7173051102019521, 40.0], [""D"", 0.3523663084300246, 22.0], [""1"", 0.763617551661028, 92.98803244401314], [""1"", 0.7617364405063007, 81.0], [""4"", 0.26959324029144227, 100.17900599192433]]",,,ml/output/tracks/best_frames/26_12-20/track_0844_r0.jpg,ml/output/tracks/best_frames_hires/26_12-20/track_0844_r0.jpg,.
26_12-20.mp4,889,84234,2085,381,2304,785,270,"Сухос
2526 
2795`
99
35
# 
агаsn
{Пор
2..
1357","[[""Сухос"", 0.9957610061871961, 28.0], [""2526 "", 0.7369643427502571, 30.0], [""2795`"", 0.2649771130092126, 40.0], [""99"", 0.9999994942378553, 30.0], [""35"", 0.9999997471189183, 76.0], [""# "", 0.04797325323846453, 17.0], [""агаsn"", 0.09755658870611879, 14.0], [""{Пор"", 0.5060064196586609, 29.733382424812234], [""2.."", 0.18888494546378182, 18.0], [""1357"", 0.0845344141125679, 13.0]]",,,ml/output/tracks/best_frames/26_12-20/track_0889_r0.jpg,ml/output/tracks/best_frames_hires/26_12-20/track_0889_r0.jpg,69 91 5 1 6 9
26_12-20.mp4,838,84234,201,1325,433,1621,180,"[ic
1
5
;
!
';
6
Ij
{
1
!
!
'
'
!
'
535
5
1
0
1
:
:","[[""[ic"", 0.06834454834461212, 86.0], [""1"", 0.9958307183738135, 28.0], [""5"", 0.8885248968183532, 22.0], ["";"", 0.1041013400482349, 34.0], [""!"", 0.9271437780107625, 57.0], [""';"", 0.2630733663403892, 26.0], [""6"", 0.9889691588308693, 90.0], [""Ij"", 0.28512202379886964, 57.93312801993784], [""{"", 0.5176417470471648, 110.8932127714038], [""1"", 0.9869149257252765, 48.95621185796969], [""!"", 0.38636674092096257, 68.97808873418603], [""!"", 0.6294863809278048, 38.93072678605654], [""'"", 0.3370027484486151, 82.98493046644285], [""'"", 0.5890861430145833, 73.98098454635556], [""!"", 0.24577944892636427, 46.95237412036795], [""'"", 0.5085959645634297, 40.93732773208808], [""535"", 0.21830015489295274, 48.0], [""5"", 0.5946849977808597, 40.5], [""1"", 0.992212614534683, 99.0], [""0"", 0.7364447561258771, 33.0], [""1"", 0.09865854618728154, 47.98828892613891], ["":"", 0.34237018362762583, 35.47808873418606], ["":"", 0.8240295598625522, 47.97723767467922]]",,,ml/output/tracks/best_frames/26_12-20/track_0838_r0.jpg,ml/output/tracks/best_frames_hires/26_12-20/track_0838_r0.jpg,
26_12-20.mp4,847,84234,2022,1773,2364,2077,270,"WONGRANA
DOC
[выцдерж. кр сух
0 75L
Сy>сс
3684*
32%
224999
99
as W
2j
Вино
Da a
Тоскана
 [Италмя)
ai 3
6329
12499
99","[[""WONGRANA"", 0.7490126609953736, 39.0], [""DOC"", 0.9999920850699241, 26.0], [""[выцдерж. кр сух"", 0.368498226144233, 38.0], [""0 75L"", 0.9936640035265797, 24.0], [""Сy>сс"", 0.3976418375407277, 26.0], [""3684*"", 0.8448210311218511, 26.0], [""32%"", 0.9913177490234375, 40.0], [""224999"", 0.7069181681021474, 81.0], [""99"", 0.9977200274583922, 30.0], [""as W"", 0.3422399512315793, 24.0], [""2j"", 0.262743148376862, 14.0], [""Вино"", 0.9229282140731812, 33.65045146956902], [""Da a"", 0.34228837490081787, 48.772162710265036], [""Тоскана"", 0.9998390075965827, 33.794733192202045], ["" [Италмя)"", 0.9502675129935019, 34.67223788975764], [""ai 3"", 0.52938441290191, 12.479880146791913], [""6329"", 0.30644214153289795, 33.0], [""12499"", 0.9908522507171954, 65.0], [""99"", 0.8817553314729678, 28.0]]",,barcode=8031481003435&price1=3684.20&price2=3499.99&price4=2499.99&aP=,ml/output/tracks/best_frames/26_12-20/track_0847_r0.jpg,ml/output/tracks/best_frames_hires/26_12-20/track_0847_r0.jpg,
26_12-20.mp4,862,84234,213,179,413,486,180,"g
9
j
65
я
0
щ
s
ш 9
;
8
;
1
:
;
'
'
!
'
:
9
1
9
9
3
8
8
:","[[""g"", 0.8689277476456461, 54.0], [""9"", 0.9498666869504291, 26.0], [""j"", 0.4483587453660789, 26.0], [""65"", 0.5779427440858269, 38.0], [""я"", 0.2924123963298939, 24.0], [""0"", 0.9288771462482295, 28.0], [""щ"", 0.19360322371871153, 26.0], [""s"", 0.4419996807599915, 22.0], [""ш 9"", 0.8838996887207031, 18.0], ["";"", 0.9874121440005332, 48.95621185796966], [""8"", 0.9793377760454405, 97.95106987738893], ["";"", 0.9302315251979998, 40.86145357211308], [""1"", 0.8982800611804045, 114.98386569739185], ["":"", 0.41276157664528057, 86.97128050160589], ["";"", 0.9839764606260957, 34.91404880886694], [""'"", 0.8247286591563672, 42.94304067756627], [""'"", 0.6991581699178404, 69.9787182707297], [""!"", 0.6474084969038394, 49.95796083947516], [""'"", 0.6710853834414507, 39.934149074525294], ["":"", 0.6739853776333717, 62.98571321958772], [""9"", 0.7779872432935377, 72.48938652342994], [""1"", 0.8952733722090933, 97.49580958561805], [""9"", 0.2654161968408175, 27.43941217634122], [""9"", 0.13175664983697288, 62.48546929228294], [""3"", 0.9344838016733412, 70.49180326337012], [""8"", 0.5474294198337617, 51.9845024275938], [""8"", 0.5893561770295754, 55.48128031658073], ["":"", 0.38681857797270425, 45.47128050160591]]",,,ml/output/tracks/best_frames/26_12-20/track_0862_r0.jpg,ml/output/tracks/best_frames_hires/26_12-20/track_0862_r0.jpg,
26_12-20.mp4,888,84234,2037,1579,2412,2001,270,"Вюно MONGRANA [т
DOC
g
[выдерж. кр сух
(Италия) 0 75L
Сy>ос
3684 
32%
124999
зa
Тоскана
329
2499
99","[[""Вюно MONGRANA [т"", 0.6317317961173927, 50.0], [""DOC"", 0.9999768746626454, 26.0], [""g"", 0.7410746888506345, 22.0], [""[выдерж. кр сух"", 0.6452348030227817, 38.0], [""(Италия) 0 75L"", 0.7349522081627594, 36.0], [""Сy>ос"", 0.31099411112669745, 26.0], [""3684 "", 0.528464219822365, 26.0], [""32%"", 0.9959873826261946, 42.0], [""124999"", 0.9079035831551624, 79.0], [""зa"", 0.033002226735869764, 14.0], [""Тоскана"", 0.9999175898768282, 33.794733192202045], [""329"", 0.972415450741414, 40.0], [""2499"", 0.9999999403953552, 76.5], [""99"", 0.9836720972021169, 27.0]]",,barcode=8031481003435&price1=3684.20&price2=3499.99&price4=2499.99&aP=,ml/output/tracks/best_frames/26_12-20/track_0888_r0.jpg,ml/output/tracks/best_frames_hires/26_12-20/track_0888_r0.jpg,: 8 8 8
26_12-20.mp4,864,84234,2081,516,2457,920,270,"Вмжо
7Lj
2 0
Ралорпл
пля-nи
кp
V!
(Пор
Сухос
2526""
2707
99
35
,
'еа
4
23 
3599
2 5
17 ","[[""Вмжо"", 0.1887669414281845, 24.0], [""7Lj"", 0.2537533695047874, 16.0], [""2 0"", 0.13859011232852936, 14.0], [""Ралорпл"", 0.15798001028487638, 24.0], [""пля-nи"", 0.15729178780738845, 25.0], [""кp"", 0.6961652242157044, 16.0], [""V!"", 0.7511031086264622, 16.0], [""(Пор"", 0.7125359177589417, 28.0], [""Сухос"", 0.9958259725379806, 28.0], [""2526\"""", 0.9953348187856221, 30.0], [""2707"", 0.3869942322983087, 38.0], [""99"", 0.999999915706304, 32.0], [""35"", 0.784537746515254, 81.0], ["","", 0.41867188114350995, 14.0], [""'еа"", 0.052732178243778086, 14.0], [""4"", 0.086195950978607, 20.0], [""23 "", 0.4228184017658966, 37.0], [""3599"", 0.761049891023029, 70.5], [""2 5"", 0.11853087693452835, 12.0], [""17 "", 0.679317691386929, 45.0]]",,,ml/output/tracks/best_frames/26_12-20/track_0864_r0.jpg,ml/output/tracks/best_frames_hires/26_12-20/track_0864_r0.jpg,88.
26_12-20.mp4,873,84234,313,1840,555,2104,270,"35""
1
tuceiau
гs;
699
11
699
235","[[""35\"""", 0.7888376329547783, 26.0], [""1"", 0.9999923706200207, 28.0], [""tuceiau"", 0.2186401240341016, 39.77019647252388], [""гs;"", 0.15388875955597023, 21.059997880006335], [""699"", 0.999999449395897, 68.3714698334222], [""11"", 0.6385414289632687, 30.0], [""699"", 0.9999993117448777, 60.46336317581836], [""235"", 0.46077752085942497, 28.93662065397153]]",,,ml/output/tracks/best_frames/26_12-20/track_0873_r0.jpg,ml/output/tracks/best_frames_hires/26_12-20/track_0873_r0.jpg,
26_12-20.mp4,867,84234,2257,0,2303,159,90,"зка а
CZb |
ш
982 
9 7 
1","[[""зка а"", 0.12581733643665624, 14.0], [""CZb |"", 0.534607618629466, 24.0], [""ш"", 0.9932795805288066, 11.0], [""982 "", 0.5036717653274536, 20.0], [""9 7 "", 0.21682023407619297, 13.0], [""1"", 0.9196046182222659, 7.0]]",,,ml/output/tracks/best_frames/26_12-20/track_0867_r1.jpg,ml/output/tracks/best_frames_hires/26_12-20/track_0867_r1.jpg,
26_12-20.mp4,886,84234,2099,0,2439,168,270,"сух
75L
2 Ерт
1473ч
~еte 3
99
)99'
IЕТ
'011a""cra3n5
99
199
0113
- 3 5","[[""сух"", 0.9284446985022305, 20.0], [""75L"", 0.999590843526888, 24.0], [""2 Ерт"", 0.22019188235875156, 14.0], [""1473ч"", 0.9531562589867244, 26.0], [""~еte 3"", 0.17418218462481538, 16.0], [""99"", 0.9999989884757856, 30.0], ["")99'"", 0.9616052508354187, 76.0], [""IЕТ"", 0.10758198012406148, 48.0], [""'011a\""cra3n5"", 0.3933318470942257, 18.0], [""99"", 0.9999994942378553, 26.0], [""199"", 0.6843296994705513, 66.0], [""0113"", 0.48313869222344935, 18.0], [""- 3 5"", 0.24314174339654118, 19.0]]",,,ml/output/tracks/best_frames/26_12-20/track_0886_r1.jpg,ml/output/tracks/best_frames_hires/26_12-20/track_0886_r1.jpg,
26_12-20.mp4,877,84234,2254,864,2441,918,0,"{""-a","[[""{\""-a"", 0.11622061492377918, 35.0]]",,,ml/output/tracks/best_frames/26_12-20/track_0877_r1.jpg,ml/output/tracks/best_frames_hires/26_12-20/track_0877_r1.jpg,
26_12-20.mp4,890,84384,2255,864,2303,914,0,,[],,,ml/output/tracks/best_frames/26_12-20/track_0890_r2.jpg,ml/output/tracks/best_frames_hires/26_12-20/track_0890_r2.jpg,
26_12-20.mp4,889,84384,2085,382,2304,785,270,"Сухос
2526'
279/
35
99
ча 2
1ъcm
ШПор
7 .
 7
4","[[""Сухос"", 0.9311012008542685, 28.0], [""2526'"", 0.7700450009077332, 30.0], [""279/"", 0.7365744709968567, 45.0], [""35"", 0.9997457628763096, 79.0], [""99"", 0.9900707101628857, 32.0], [""ча 2"", 0.055430468129365605, 16.0], [""1ъcm"", 0.033642079681158066, 14.0], [""ШПор"", 0.33474254608154297, 29.733382424812234], [""7 ."", 0.3359780585388768, 12.0], ["" 7"", 0.17973094968975714, 12.0], [""4"", 0.9988689046580568, 33.0]]",,,ml/output/tracks/best_frames/26_12-20/track_0889_r1.jpg,ml/output/tracks/best_frames_hires/26_12-20/track_0889_r1.jpg,8 8 0 8 8:
26_12-20.mp4,873,84384,314,1842,556,2104,90,"И(
(ssc
s669
7
0 
2 
733 ","[[""И("", 0.1304683409215451, 36.0], [""(ssc"", 0.7324584722518921, 38.53503294469664], [""s669"", 0.7070721983909607, 84.4668525163516], [""7"", 0.17457821500421744, 13.454187447440226], [""0 "", 0.23621989687933742, 28.752033612049317], [""2 "", 0.17291614413261414, 14.857488904634296], [""733 "", 0.20214205980300903, 33.232695556375276]]",,,ml/output/tracks/best_frames/26_12-20/track_0873_r2.jpg,ml/output/tracks/best_frames_hires/26_12-20/track_0873_r2.jpg,
26_12-20.mp4,877,84384,2253,864,2441,919,0,"""A`","[[""\""A`"", 0.0677596793801978, 35.0]]",,,ml/output/tracks/best_frames/26_12-20/track_0877_r2.jpg,ml/output/tracks/best_frames_hires/26_12-20/track_0877_r2.jpg,
26_12-20.mp4,872,84384,264,0,478,165,0,"6
9
@
;
0
1","[[""6"", 0.5415322075737663, 32.0], [""9"", 0.3105385489531933, 154.98155319441486], [""@"", 0.04050218098697744, 84.93337658820192], ["";"", 0.7351032798067401, 68.95348679060248], [""0"", 0.526743039731489, 130.92992810523037], [""1"", 0.9707210785148987, 54.925254998708624]]",,,ml/output/tracks/best_frames/26_12-20/track_0872_r0.jpg,ml/output/tracks/best_frames_hires/26_12-20/track_0872_r0.jpg,7 0 0
26_12-20.mp4,867,84384,2202,0,2303,161,270,"1JL
е apт,
1473""
'ысв
99
)99'
99
199","[[""1JL"", 0.28944652452603287, 15.0], [""е apт,"", 0.25164743525129163, 14.0], [""1473\"""", 0.5359227921387202, 26.0], [""'ысв"", 0.38542595505714417, 14.0], [""99"", 0.9997093555077365, 32.0], ["")99'"", 0.9659256339073181, 74.0], [""99"", 0.9999666198591575, 29.5], [""199"", 0.39948168253604804, 68.5]]",,,ml/output/tracks/best_frames/26_12-20/track_0867_r0.jpg,ml/output/tracks/best_frames_hires/26_12-20/track_0867_r0.jpg,
26_12-20.mp4,864,84384,2081,516,2458,921,0,"'
5
5
7
5
<
5
7
1
Еяi
8
$
:
83 5","[[""'"", 0.7216798214541917, 68.0], [""5"", 0.9724720071719481, 54.0], [""5"", 0.9296548970527887, 26.0], [""7"", 0.23499779208563965, 28.0], [""5"", 0.8517149642650601, 57.0], [""<"", 0.6994851508521869, 26.0], [""5"", 0.9593825267074862, 61.0], [""7"", 0.23926496984495316, 26.0], [""1"", 0.46883614507784444, 89.0], [""Еяi"", 0.3718744483449202, 183.0], [""8"", 0.9998970058259147, 42.0], [""$"", 0.668499311714843, 82.0], ["":"", 0.6103061148044162, 47.90053142316583], [""83 5"", 0.19928238538202733, 111.5]]",,,ml/output/tracks/best_frames/26_12-20/track_0864_r2.jpg,ml/output/tracks/best_frames_hires/26_12-20/track_0864_r2.jpg,7: :
26_12-20.mp4,862,84384,213,179,413,486,180,"g;
9
;
$a
;
0
;
8
1
Ё
;
'
{
9
'
ш
2
:
8
1
9
3
8
8
3","[[""g;"", 0.6514481648695241, 40.0], [""9"", 0.9994197733686292, 28.0], ["";"", 0.9972445898234952, 32.0], [""$a"", 0.12376297594326699, 40.0], ["";"", 0.14536680634052246, 24.0], [""0"", 0.7642707411137373, 28.0], ["";"", 0.3240601384249864, 50.912423715939326], [""8"", 0.989562234704465, 101.9551113054329], [""1"", 0.830739633160249, 114.98386569739185], [""Ё"", 0.19484210853421757, 84.96986093288572], ["";"", 0.4680767081847939, 34.91404880886694], [""'"", 0.7059203267218095, 69.9787182707297], [""{"", 0.25191074728360263, 49.95796083947516], [""9"", 0.47205135965174705, 54.96532330749699], [""'"", 0.7339476612726372, 39.934149074525294], [""ш"", 0.10935126152681196, 33.7947331922021], [""2"", 0.8048422593501527, 23.0], ["":"", 0.3931726195475136, 62.98571321958772], [""8"", 0.4744828522490394, 70.9889079704391], [""1"", 0.9118637709115696, 96.99576498278373], [""9"", 0.21150454849227973, 61.98521907589975], [""3"", 0.5847958014682639, 70.49180326337012], [""8"", 0.8994316214222096, 51.9845024275938], [""8"", 0.7786673766657124, 54.980914100479914], [""3"", 0.2926467649162454, 45.47128050160591]]",,,ml/output/tracks/best_frames/26_12-20/track_0862_r2.jpg,ml/output/tracks/best_frames_hires/26_12-20/track_0862_r2.jpg,59
26_12-20.mp4,886,84384,2099,0,2439,168,270,"ZE
сух
75L
сi арт,
1473""
'ысв
99
)99'
ШШН]
'011alcraans
99
199
0113 /73265","[[""ZE"", 0.9706510193198307, 32.0], [""сух"", 0.9944175896431976, 20.0], [""75L"", 0.7205290794372559, 24.0], [""сi арт,"", 0.21854585782385982, 14.0], [""1473\"""", 0.5942413292270857, 26.0], [""'ысв"", 0.12221061438322067, 14.0], [""99"", 0.9999922449886813, 30.0], ["")99'"", 0.978080689907074, 76.0], [""ШШН]"", 0.31358513445437586, 44.0], [""'011alcraans"", 0.2971117242107523, 20.0], [""99"", 0.9919439981288536, 26.0], [""199"", 0.7028521155918326, 64.5], [""0113 /73265"", 0.19048976081949298, 19.0]]",,,ml/output/tracks/best_frames/26_12-20/track_0886_r0.jpg,ml/output/tracks/best_frames_hires/26_12-20/track_0886_r0.jpg,
26_12-20.mp4,890,84534,2254,864,2303,918,0,,[],,,ml/output/tracks/best_frames/26_12-20/track_0890_r1.jpg,ml/output/tracks/best_frames_hires/26_12-20/track_0890_r1.jpg,
26_12-20.mp4,877,84684,2252,864,2443,964,90,"66
9ZS","[[""66"", 0.8565954224613194, 30.0], [""9ZS"", 0.8397692184151553, 30.0]]",,,ml/output/tracks/best_frames/26_12-20/track_0877_r0.jpg,ml/output/tracks/best_frames_hires/26_12-20/track_0877_r0.jpg,
26_12-20.mp4,890,84684,2254,864,2303,962,90,"9ZS
205","[[""9ZS"", 0.8668453766202817, 31.199999999999996], [""205"", 0.24620900133973586, 15.0]]",,,ml/output/tracks/best_frames/26_12-20/track_0890_r0.jpg,ml/output/tracks/best_frames_hires/26_12-20/track_0890_r0.jpg,
26_12-20.mp4,899,85135,249,0,478,278,270,"7e
sr
""_a
'' _
14эе
1133","[[""7e"", 0.06861319297215816, 15.0], [""sr"", 0.2814642198624777, 16.0], [""\""_a"", 0.10105225593218073, 33.794733192202045], [""'' _"", 0.28669118554481243, 26.66828022501295], [""14эе"", 0.115414559841156, 64.87965619717053], [""1133"", 0.7766192555427551, 64.46369781913168]]",,,ml/output/tracks/best_frames/26_12-20/track_0899_r2.jpg,ml/output/tracks/best_frames_hires/26_12-20/track_0899_r2.jpg,0
26_12-20.mp4,896,85135,2080,715,2304,1060,270,"Ca
I7 .
1835","[[""Ca"", 0.28558236689431593, 24.0], [""I7 ."", 0.6367560882913913, 45.0], [""1835"", 0.9999814033508301, 89.0]]",,,ml/output/tracks/best_frames/26_12-20/track_0896_r2.jpg,ml/output/tracks/best_frames_hires/26_12-20/track_0896_r2.jpg,7 : 8
26_12-20.mp4,900,85285,2394,1612,2591,1899,180,шъ >,"[[""шъ >"", 0.1413136360665658, 89.0]]",,,ml/output/tracks/best_frames/26_12-20/track_0900_r2.jpg,ml/output/tracks/best_frames_hires/26_12-20/track_0900_r2.jpg,
26_12-20.mp4,899,85285,242,3,472,333,180,";
6
'
{E
п
9
8
{
9
2","[["";"", 0.9907085769514765, 36.0], [""6"", 0.8319075220897254, 34.0], [""'"", 0.37697004391907285, 24.0], [""{E"", 0.3865208461939198, 36.0], [""п"", 0.06744574644668067, 24.0], [""9"", 0.9381118994614468, 108.96107411703855], [""8"", 0.5807505034700036, 82.96833389074999], [""{"", 0.9050713088141151, 83.96911150685469], [""9"", 0.25876339325737163, 58.93547964039965], [""2"", 0.9856007077365234, 54.925254998708624]]",,,ml/output/tracks/best_frames/26_12-20/track_0899_r1.jpg,ml/output/tracks/best_frames_hires/26_12-20/track_0899_r1.jpg,0 6
26_12-20.mp4,896,85285,2061,729,2459,1161,270,"5 s
Fiзa
7
1
€vx
{ел -
€ .
I
21835
сэ
e2
F
201835
59","[[""5 s"", 0.3494148146681789, 20.0], [""Fiзa"", 0.1977754384279251, 30.0], [""7"", 0.34200868356663605, 14.0], [""1"", 0.28819804075523336, 16.0], [""€vx"", 0.12093959308716133, 20.0], [""{ел -"", 0.17615315508940502, 41.0], [""€ ."", 0.146605070083536, 26.0], [""I"", 0.09585149295526207, 30.0], [""21835"", 0.9652609948152643, 97.0], [""сэ"", 0.6322210126275488, 26.0], [""e2"", 0.1272265847415693, 27.69230769230768], [""F"", 0.7753562783888732, 32.78149192650511], [""201835"", 0.6436290804474447, 86.0], [""59"", 0.7603664154968167, 28.0]]",,,ml/output/tracks/best_frames/26_12-20/track_0896_r0.jpg,ml/output/tracks/best_frames_hires/26_12-20/track_0896_r0.jpg,2 8
26_12-20.mp4,902,85285,2087,0,2455,386,90,"660 [ (~csz
яF;
5ах 2
I5A
0 (=нчаву)
э
d €rЕzJa
Nшнтг
T75 € a
752 0   ::7
5
8 6:3: /
71- 
175 6 3","[[""660 [ (~csz"", 0.36919935105038554, 76.0], [""яF;"", 0.10396130096105788, 26.0], [""5ах 2"", 0.334404145260948, 18.0], [""I5A"", 0.822323208624756, 26.0], [""0 (=нчаву)"", 0.3764226844574062, 29.0], [""э"", 0.9931970469150123, 20.0], [""d €rЕzJa"", 0.09876574454182083, 20.0], [""Nшнтг"", 0.22755205799965836, 24.0], [""T75 € a"", 0.2680426845597628, 24.0], [""752 0   ::7"", 0.33506179633691974, 26.0], [""5"", 0.8497130742580481, 18.0], [""8 6:3: /"", 0.18213644261601045, 25.0], [""71- "", 0.2236192375421524, 22.0], [""175 6 3"", 0.5031451485087975, 24.0]]",,,ml/output/tracks/best_frames/26_12-20/track_0902_r0.jpg,ml/output/tracks/best_frames_hires/26_12-20/track_0902_r0.jpg,52 8 5
26_12-20.mp4,896,85435,2058,811,2444,1238,270,"Е.
ьn
1
€
Ia
11835
F26
F
ъ?
Crs
27 .
231835","[[""Е."", 0.12170569823316776, 25.0], [""ьn"", 0.05733876755210769, 14.0], [""1"", 0.9705606468523911, 16.0], [""€"", 0.7529024290659123, 24.0], [""Ia"", 0.2148583020233669, 31.0], [""11835"", 0.9585974538825865, 89.0], [""F26"", 0.3440359092278686, 33.65045146956902], [""F"", 0.18042522146102247, 30.75099504289483], [""ъ?"", 0.1373040736572249, 38.84609579056328], [""Crs"", 0.40554764602462495, 36.71025170656333], [""27 ."", 0.52187180519104, 49.782449717482905], [""231835"", 0.7024201654450507, 91.5]]",,,ml/output/tracks/best_frames/26_12-20/track_0896_r1.jpg,ml/output/tracks/best_frames_hires/26_12-20/track_0896_r1.jpg,8 4
26_12-20.mp4,899,85435,226,80,457,438,180,"d
n
8
""
'
1
6
@
4","[[""d"", 0.8920531701960499, 22.0], [""n"", 0.8362755794980927, 24.0], [""8"", 0.49255526691883134, 151.98077936774143], [""\"""", 0.30346833112231764, 34.91404880886694], [""'"", 0.7243326015400839, 82.96833389074999], [""1"", 0.6808744128510149, 34.91404880886694], [""6"", 0.5696201411545623, 52.91921623512164], [""@"", 0.9991035087382585, 58.93547964039965], [""4"", 0.5325286793222972, 51.91592167895044]]",,,ml/output/tracks/best_frames/26_12-20/track_0899_r0.jpg,ml/output/tracks/best_frames_hires/26_12-20/track_0899_r0.jpg,6 9
26_12-20.mp4,902,85435,2080,106,2446,477,0,"&
'
I
U
{
8
;' 9
'
5
3
84
0
4
8
72","[[""&"", 0.22198337176183713, 68.0], [""'"", 0.9240942818296958, 56.0], [""I"", 0.7586282146839949, 160.0], [""U"", 0.7725599128150442, 34.0], [""{"", 0.995153710189701, 56.0], [""8"", 0.9729768626219801, 182.0], ["";' 9"", 0.5092385411262512, 54.0], [""'"", 0.6508091130172033, 62.0], [""5"", 0.9254421889848032, 70.5], [""3"", 0.2971894776528785, 51.5], [""84"", 0.12087401553452386, 139.5], [""0"", 0.31140314567190686, 33.0], [""4"", 0.8740569298230163, 53.0], [""8"", 0.9986548182225761, 185.5], [""72"", 0.11503139627415054, 52.0]]",,,ml/output/tracks/best_frames/26_12-20/track_0902_r1.jpg,ml/output/tracks/best_frames_hires/26_12-20/track_0902_r1.jpg,6 8 79 0 6 7 :
26_12-20.mp4,908,85585,189,1038,415,1262,90,zr ,"[[""zr "", 0.40324111523921763, 41.0]]",,,ml/output/tracks/best_frames/26_12-20/track_0908_r0.jpg,ml/output/tracks/best_frames_hires/26_12-20/track_0908_r0.jpg,
26_12-20.mp4,907,85585,183,864,388,1114,0,"{0
I1","[[""{0"", 0.6101220025060842, 76.0], [""I1"", 0.2526735372665606, 24.0]]",,,ml/output/tracks/best_frames/26_12-20/track_0907_r1.jpg,ml/output/tracks/best_frames_hires/26_12-20/track_0907_r1.jpg,
26_12-20.mp4,900,85585,2363,1693,2561,2057,0,"1v
8.","[[""1v"", 0.6525223374591649, 93.0], [""8."", 0.15157009607938077, 185.0008943233401]]",,,ml/output/tracks/best_frames/26_12-20/track_0900_r0.jpg,ml/output/tracks/best_frames_hires/26_12-20/track_0900_r0.jpg,
26_12-20.mp4,902,85585,2071,188,2440,566,270,"Exc 5 ;
;4 =:т
Гназта 7
57
(еzчив
е -5
Fne
109
25 .
109","[[""Exc 5 ;"", 0.15933305893258817, 26.0], ["";4 =:т"", 0.2073369852863869, 24.0], [""Гназта 7"", 0.06663403508945719, 28.0], [""57"", 0.8640358673246444, 24.0], [""(еzчив"", 0.0753141600524557, 29.0], [""е -5"", 0.16936787962913513, 28.0], [""Fne"", 0.4702697912951376, 26.0], [""109"", 0.9995214715335028, 78.0], [""25 ."", 0.33807793259620667, 39.0], [""109"", 0.9996541597981476, 75.0]]",,,ml/output/tracks/best_frames/26_12-20/track_0902_r2.jpg,ml/output/tracks/best_frames_hires/26_12-20/track_0902_r2.jpg,8 97
26_12-20.mp4,907,85735,196,864,372,1021,270,"- _
'si +
5 =
1555
=>
1555","[[""- _"", 0.2173811667289864, 16.0], [""'si +"", 0.09511005627937472, 20.0], [""5 ="", 0.6853629946708679, 30.0], [""1555"", 0.6477598547935486, 38.0], [""=>"", 0.29234382168479134, 34.67223788975764], [""1555"", 0.8501853346824646, 38.0]]",,,ml/output/tracks/best_frames/26_12-20/track_0907_r0.jpg,ml/output/tracks/best_frames_hires/26_12-20/track_0907_r0.jpg,
26_12-20.mp4,900,85735,2342,1795,2548,2078,180,"ша [
2","[[""ша ["", 0.8080628619634621, 96.0], [""2"", 0.26426940937074406, 38.0]]",,,ml/output/tracks/best_frames/26_12-20/track_0900_r1.jpg,ml/output/tracks/best_frames_hires/26_12-20/track_0900_r1.jpg,
26_12-20.mp4,908,85735,189,1056,417,1279,0,,[],,,ml/output/tracks/best_frames/26_12-20/track_0908_r1.jpg,ml/output/tracks/best_frames_hires/26_12-20/track_0908_r1.jpg,
26_12-20.mp4,923,86336,2004,1459,2303,1825,0,"₽
П
@
8
2
3","[[""₽"", 0.16859106830190118, 36.0], [""П"", 0.921644705742338, 36.0], [""@"", 0.2658626865987266, 261.0], [""8"", 0.8423156098072013, 60.93982809858528], [""2"", 0.27666041098047245, 210.0], [""3"", 0.36655927850276626, 92.49363138049773]]",,,ml/output/tracks/best_frames/26_12-20/track_0923_r1.jpg,ml/output/tracks/best_frames_hires/26_12-20/track_0923_r1.jpg,8
26_12-20.mp4,919,86336,2044,868,2399,1247,0,"&'
I""
5 {
8
{""
""
8","[[""&'"", 0.40779539484465943, 62.0], [""I\"""", 0.6902603142456761, 133.0], [""5 {"", 0.5627983212471008, 48.0], [""8"", 0.17374834480094492, 186.0], [""{\"""", 0.3721940179551019, 58.0], [""\"""", 0.745991645490168, 38.0], [""8"", 0.999993562708724, 135.5]]",,,ml/output/tracks/best_frames/26_12-20/track_0919_r2.jpg,ml/output/tracks/best_frames_hires/26_12-20/track_0919_r2.jpg,
26_12-20.mp4,922,86336,213,346,424,633,270,"В5
35","[[""В5"", 0.2756909886203522, 58.79804058780405], [""35"", 0.6882582171456028, 35.0]]",,,ml/output/tracks/best_frames/26_12-20/track_0922_r0.jpg,ml/output/tracks/best_frames_hires/26_12-20/track_0922_r0.jpg,
26_12-20.mp4,921,86336,203,864,382,1011,270,"~з
1199
1199","[[""~з"", 0.4857583114414245, 17.0], [""1199"", 0.7126759886741638, 42.0], [""1199"", 0.8478551506996155, 39.5]]",,,ml/output/tracks/best_frames/26_12-20/track_0921_r2.jpg,ml/output/tracks/best_frames_hires/26_12-20/track_0921_r2.jpg,
26_12-20.mp4,922,86486,209,420,413,703,270,"В5
35","[[""В5"", 0.6405769796780528, 57.78980419737604], [""35"", 0.9837285544538051, 38.5]]",,,ml/output/tracks/best_frames/26_12-20/track_0922_r1.jpg,ml/output/tracks/best_frames_hires/26_12-20/track_0922_r1.jpg,
26_12-20.mp4,923,86486,2003,1514,2304,1906,180,"[
6
8
1
[","[[""["", 0.20179542364147895, 70.0], [""6"", 0.9970506750422068, 269.0], [""8"", 0.9988357834977855, 60.93982809858528], [""1"", 0.23770179653813361, 98.97802181168561], [""["", 0.7749246012966893, 92.97498724846798]]",,,ml/output/tracks/best_frames/26_12-20/track_0923_r0.jpg,ml/output/tracks/best_frames_hires/26_12-20/track_0923_r0.jpg,4 8
26_12-20.mp4,919,86486,2043,960,2394,1335,0,"3
;
Шl
""
8
8
#?
[
'
5
8","[[""3"", 0.2711679463623682, 94.0], ["";"", 0.36090424982154445, 60.0], [""Шl"", 0.3802207186841754, 162.0], [""\"""", 0.1803110049023795, 123.0], [""8"", 0.678143868762163, 38.0], [""8"", 0.6493150181761997, 185.0], [""#?"", 0.6976816804790358, 56.0], [""["", 0.7429521170946742, 24.0], [""'"", 0.8920621775359905, 40.0], [""5"", 0.8461792742646281, 73.0], [""8"", 0.9999600652867038, 133.5]]",,,ml/output/tracks/best_frames/26_12-20/track_0919_r1.jpg,ml/output/tracks/best_frames_hires/26_12-20/track_0919_r1.jpg,4
26_12-20.mp4,921,86486,195,864,397,1095,0,"Ili
t
6 6
(
a ;
;
5
"";
""
644 ","[[""Ili"", 0.813826179746744, 85.0], [""t"", 0.2863749873620378, 28.0], [""6 6"", 0.4804366970241053, 58.0], [""("", 0.9053731180835634, 30.0], [""a ;"", 0.49725038543399946, 38.0], ["";"", 0.3833365896730925, 81.0], [""5"", 0.9616054663587512, 146.0], [""\"";"", 0.607545511227754, 62.0], [""\"""", 0.402720316617323, 52.0], [""644 "", 0.14843531287085443, 22.0]]",,,ml/output/tracks/best_frames/26_12-20/track_0921_r1.jpg,ml/output/tracks/best_frames_hires/26_12-20/track_0921_r1.jpg,6
26_12-20.mp4,921,86636,202,834,399,1165,0,"(
1
1i
5","[[""("", 0.6269277364767198, 46.0], [""1"", 0.9373773613946277, 22.0], [""1i"", 0.3205971432500124, 26.0], [""5"", 0.5902891898313243, 142.0]]",148847,,ml/output/tracks/best_frames/26_12-20/track_0921_r0.jpg,ml/output/tracks/best_frames_hires/26_12-20/track_0921_r0.jpg,
26_12-20.mp4,928,86636,2069,634,2303,875,0,,[],,,ml/output/tracks/best_frames/26_12-20/track_0928_r1.jpg,ml/output/tracks/best_frames_hires/26_12-20/track_0928_r1.jpg,
26_12-20.mp4,930,86787,199,929,399,1248,270,"= -= -
uis   
е>
ы
I3
1199
1199 -","[[""= -= -"", 0.20397293693891128, 18.0], [""uis   "", 0.2261070532751783, 21.0], [""е>"", 0.5576293875776726, 14.0], [""ы"", 0.013625335616286594, 14.0], [""I3"", 0.7871284002790362, 20.0], [""1199"", 0.989943265914917, 42.0], [""1199 -"", 0.5291963793731361, 44.5]]",,,ml/output/tracks/best_frames/26_12-20/track_0930_r0.jpg,ml/output/tracks/best_frames_hires/26_12-20/track_0930_r0.jpg,
26_12-20.mp4,928,86787,2058,693,2397,1019,270,"5 >
4
5
4","[[""5 >"", 0.631856381893158, 28.0], [""4"", 0.9986815641127584, 66.0], [""5"", 0.9437662334271977, 28.0], [""4"", 1.0, 64.0]]",,,ml/output/tracks/best_frames/26_12-20/track_0928_r0.jpg,ml/output/tracks/best_frames_hires/26_12-20/track_0928_r0.jpg,
26_12-20.mp4,930,86937,189,880,405,1181,180,"'8""
9
7
I
{","[[""'8\"""", 0.22388612706929995, 72.0], [""9"", 0.9260352902507272, 135.0], [""7"", 0.9758807341303424, 22.0], [""I"", 0.4652839882369655, 54.0], [""{"", 0.2592427949407785, 98.0]]",,,ml/output/tracks/best_frames/26_12-20/track_0930_r1.jpg,ml/output/tracks/best_frames_hires/26_12-20/track_0930_r1.jpg,6 1
26_12-20.mp4,936,86937,211,1025,410,1340,180,"M1
7
9
m
""
11","[[""M1"", 0.10603342076244066, 30.0], [""7"", 0.951252787013587, 22.0], [""9"", 0.5660508406152509, 127.0], [""m"", 0.765380521266934, 52.0], [""\"""", 0.9818698949727747, 80.0], [""11"", 0.6483499264566629, 41.0]]",,,ml/output/tracks/best_frames/26_12-20/track_0936_r0.jpg,ml/output/tracks/best_frames_hires/26_12-20/track_0936_r0.jpg,
26_12-20.mp4,939,87087,292,1692,522,1966,270,7223,"[[""7223"", 0.9990444183349609, 63.38600343861515]]",,,ml/output/tracks/best_frames/26_12-20/track_0939_r1.jpg,ml/output/tracks/best_frames_hires/26_12-20/track_0939_r1.jpg,0
26_12-20.mp4,936,87087,210,1086,415,1392,0,"{
""
""""
10","[[""{"", 0.9564309248810474, 95.0], [""\"""", 0.29887724122909276, 129.0], [""\""\"""", 0.9245177153343236, 62.0], [""10"", 0.893491665917387, 62.5]]",,,ml/output/tracks/best_frames/26_12-20/track_0936_r1.jpg,ml/output/tracks/best_frames_hires/26_12-20/track_0936_r1.jpg,
26_12-20.mp4,939,87237,297,1711,526,2006,270,"7223
Fза
155","[[""7223"", 0.6145493633281681, 66.67841260300817], [""Fза"", 0.336494685067659, 51.28909740373331], [""155"", 0.705661626022625, 50.34993041882233]]",,,ml/output/tracks/best_frames/26_12-20/track_0939_r0.jpg,ml/output/tracks/best_frames_hires/26_12-20/track_0939_r0.jpg,4
26_12-20.mp4,946,87387,1989,1442,2344,1820,270,"54
{#г
о
Fе  .
та
25:
1099
= -
7е
2
25 .
1099","[[""54"", 0.2049621984754965, 24.0], [""{#г"", 0.3259421239515462, 37.0], [""о"", 0.2749116565918861, 20.0], [""Fе  ."", 0.16486646785283915, 30.0], [""та"", 0.32498300783564127, 24.0], [""25:"", 0.44219377636909485, 38.0], [""1099"", 0.9999821186065674, 72.0], [""= -"", 0.6153486461995904, 29.73338242481225], [""7е"", 0.3388681169467222, 37.83746200628508], [""2"", 0.10992900059011745, 24.611442075295713], [""25 ."", 0.27780784075154197, 44.0], [""1099"", 0.9999968409538269, 74.0]]",,,ml/output/tracks/best_frames/26_12-20/track_0946_r2.jpg,ml/output/tracks/best_frames_hires/26_12-20/track_0946_r2.jpg,17 3 89
26_12-20.mp4,939,87387,311,1829,552,2096,180,"[i}
{","[[""[i}"", 0.0731071867616341, 54.0], [""{"", 0.48052044466408006, 104.95782340923424]]",,,ml/output/tracks/best_frames/26_12-20/track_0939_r2.jpg,ml/output/tracks/best_frames_hires/26_12-20/track_0939_r2.jpg,4
26_12-20.mp4,948,87387,351,1935,576,2159,270,277,"[[""277"", 0.5063111782073975, 63.946274058226265]]",,,ml/output/tracks/best_frames/26_12-20/track_0948_r1.jpg,ml/output/tracks/best_frames_hires/26_12-20/track_0948_r1.jpg,4
26_12-20.mp4,945,87537,182,633,416,963,270,"785
2
785","[[""785"", 0.9967264136801108, 51.0], [""2"", 0.9986855537625985, 19.0], [""785"", 0.9996129353387648, 55.0]]",,,ml/output/tracks/best_frames/26_12-20/track_0945_r2.jpg,ml/output/tracks/best_frames_hires/26_12-20/track_0945_r2.jpg,6
26_12-20.mp4,948,87537,306,1913,562,2135,0,{i |,"[[""{i |"", 0.1072347231723688, 52.0]]",,,ml/output/tracks/best_frames/26_12-20/track_0948_r2.jpg,ml/output/tracks/best_frames_hires/26_12-20/track_0948_r2.jpg,
26_12-20.mp4,948,87687,317,1903,577,2159,90,659,"[[""659"", 0.19460909785178054, 57.829107060652404]]",,,ml/output/tracks/best_frames/26_12-20/track_0948_r0.jpg,ml/output/tracks/best_frames_hires/26_12-20/track_0948_r0.jpg,
26_12-20.mp4,946,87687,1977,1625,2344,2002,270,"5
5
Гва:=
25:
1099""
€ =
навг
Таззг
25 -
1099:","[[""5"", 0.9741639180545327, 24.0], [""5"", 0.13708891464877215, 20.0], [""Гва:="", 0.15343040220644544, 39.0], [""25:"", 0.5185857043162945, 38.0], [""1099\"""", 0.7824077972656809, 78.0], [""€ ="", 0.8599227840328861, 32.62649256434224], [""навг"", 0.1033104732632637, 36.71025170656333], [""Таззг"", 0.28594777645422914, 41.781107457779626], [""25 -"", 0.6620884999998092, 38.0], [""1099:"", 0.6268711513906647, 73.0]]",,,ml/output/tracks/best_frames/26_12-20/track_0946_r0.jpg,ml/output/tracks/best_frames_hires/26_12-20/track_0946_r0.jpg,9 8 8
26_12-20.mp4,946,87838,1972,1699,2338,2081,270,"5
а
еs<
2ez
I:
1099
€ .
нав
7=е
-5:
1099","[[""5"", 0.2413748571236738, 24.0], [""а"", 0.600449163075897, 20.0], [""еs<"", 0.024274482824647038, 33.0], [""2ez"", 0.22325866114698686, 21.0], [""I:"", 0.15570437746640212, 41.0], [""1099"", 0.9963614344596863, 75.0], [""€ ."", 0.3867705083311016, 32.62649256434224], [""нав"", 0.3172181827855226, 36.71025170656333], [""7=е"", 0.13060891749155384, 41.781107457779626], [""-5:"", 0.7358347494214119, 40.5], [""1099"", 0.9999893307685852, 73.5]]",,,ml/output/tracks/best_frames/26_12-20/track_0946_r1.jpg,ml/output/tracks/best_frames_hires/26_12-20/track_0946_r1.jpg,: 11
26_12-20.mp4,956,87988,2028,1064,2304,1278,0,"5
'1g
9
8
@
8
2
9
8
8
3","[[""5"", 0.999961018942205, 30.0], [""'1g"", 0.39872904261704795, 76.0], [""9"", 0.998041635854463, 28.0], [""8"", 0.9949565504677516, 74.9379635940021], [""@"", 0.4705224704417823, 64.94731066042209], [""8"", 0.6049827051080037, 62.5], [""2"", 0.3388215056255639, 72.0], [""9"", 0.885562412887694, 66.0], [""8"", 0.9891008722404457, 71.48592656519638], [""8"", 0.2880758845557274, 66.98381977505922], [""3"", 0.9754965116317784, 66.48355691416397]]",,,ml/output/tracks/best_frames/26_12-20/track_0956_r1.jpg,ml/output/tracks/best_frames_hires/26_12-20/track_0956_r1.jpg,8 2 9 8 : 8
26_12-20.mp4,919,87988,1984,1940,2312,2157,270,"SAN
ка 92
075L
Сутgz
25,109
Еино
VALENTIN
Гарнача
[Испан-я)
1250
1109","[[""SAN"", 0.9999972469798912, 26.0], [""ка 92"", 0.2679561090311914, 26.0], [""075L"", 0.9966586828231812, 24.0], [""Сутgz"", 0.28622233123975604, 20.0], [""25,109"", 0.8433751058454827, 72.0], [""Еино"", 0.4255649745464325, 32.62649256434223], [""VALENTIN"", 0.8565002073700159, 38.74214642660087], [""Гарнача"", 0.9645262517507799, 34.80683447104218], [""[Испан-я)"", 0.4980221408336836, 37.726879868210176], [""1250"", 0.6804457854784128, 40.5], [""1109"", 0.5589410654089367, 69.5]]",,,ml/output/tracks/best_frames/26_12-20/track_0919_r0.jpg,ml/output/tracks/best_frames_hires/26_12-20/track_0919_r0.jpg, 1 51 - 8 92
26_12-20.mp4,913,87988,2020,1243,2367,1577,180,";
ш
;
5
8
3
=
€
6
I:
1
&
'
@
4

6
5
8
5
:
5
8
8
3","[["";"", 0.8604475585713232, 73.0], [""ш"", 0.6261234274872187, 26.0], ["";"", 0.8995289653974261, 45.0], [""5"", 0.8436338303909565, 24.0], [""8"", 0.6994906344158522, 228.0], [""3"", 0.2495731448835139, 89.0], [""="", 0.9234735067312982, 34.0], [""€"", 0.8023412357388793, 30.0], [""6"", 0.9821209238953124, 48.0], [""I:"", 0.7705899247570482, 133.0], [""1"", 0.6875531168791582, 98.97802181168561], [""&"", 0.9536935250310741, 87.93822301370938], [""'"", 0.15406646060576268, 75.939696961967], [""@"", 0.9898626346168307, 66.95054211385786], [""4"", 0.8189661522707503, 28.5], ["""", 0.0, 16.5], [""6"", 0.9994426550420599, 46.0], [""5"", 0.98692357089989, 38.5], [""8"", 0.9702273766055356, 49.0], [""5"", 0.9841863661999959, 39.972977291230976], ["":"", 0.1517437464208946, 114.49479556857875], [""5"", 0.9616111943888086, 43.45836036762621], [""8"", 0.8952874715774328, 70.98571344013976], [""8"", 0.9175598255105832, 66.48355691416398], [""3"", 0.1599167359941589, 66.48355691416398]]",,,ml/output/tracks/best_frames/26_12-20/track_0913_r1.jpg,ml/output/tracks/best_frames_hires/26_12-20/track_0913_r1.jpg,8 41
26_12-20.mp4,936,88138,248,1559,473,1844,180,"9
9
8
'
!
4
'
6 2 9","[[""9"", 0.9637944642293093, 26.0], [""9"", 0.8191518251874754, 48.0], [""8"", 0.8820554087835184, 91.80288369340826], [""'"", 0.8440778836778442, 70.95617746837212], [""!"", 0.5965767485438533, 58.96991404929261], [""4"", 0.16879095424102175, 46.89603210815676], [""'"", 0.43429275689357283, 48.95621185796969], [""6 2 9"", 0.4709344837848707, 28.5]]",,,ml/output/tracks/best_frames/26_12-20/track_0936_r2.jpg,ml/output/tracks/best_frames_hires/26_12-20/track_0936_r2.jpg,
26_12-20.mp4,960,88288,1974,1777,2337,2159,270,"кp.9х
0 75L
Cyое
257
Вико
SAN
VALENTIN
Гарнача
(Испанья )
-2572
1109","[[""кp.9х"", 0.12032405147593782, 26.0], [""0 75L"", 0.9201737773115278, 26.0], [""Cyое"", 0.3043941855430603, 26.0], [""257"", 0.7282068133354187, 38.0], [""Вико"", 0.9421889781951904, 32.62649256434224], [""SAN"", 0.9999997935234566, 30.570860145311542], [""VALENTIN"", 0.9888711700363638, 38.74214642660087], [""Гарнача"", 0.9962763320253638, 43.80244722357588], [""(Испанья )"", 0.5644141765335203, 37.726879868210176], [""-2572"", 0.8643373786156417, 39.0], [""1109"", 0.30320438742637634, 67.0]]",,,ml/output/tracks/best_frames/26_12-20/track_0960_r1.jpg,ml/output/tracks/best_frames_hires/26_12-20/track_0960_r1.jpg,5 2 5 2 3 5 6 1 8 9 7
26_12-20.mp4,952,88438,267,3,489,272,180,";
@
5
6
7
2
1
4
1
'
;
9 9
5
2","[["";"", 0.9803887102041386, 32.0], [""@"", 0.875741192226215, 143.0], [""5"", 0.18533633203823285, 32.0], [""6"", 0.5094088643555814, 46.0], [""7"", 0.9267536661838136, 44.948016054078394], [""2"", 0.577680440269944, 38.84609579056328], [""1"", 0.850035623157229, 89.98721050957943], [""4"", 0.519485250998347, 58.96991404929264], [""1"", 0.9003912717139997, 104.96962313413498], [""'"", 0.8934324980579191, 51.96116135138186], ["";"", 0.9982144465587375, 40.86145357211308], [""9 9"", 0.9839388728141785, 30.5], [""5"", 0.8807400483647143, 39.961969092711], [""2"", 0.9744449086314297, 41.96581718217017]]",,,ml/output/tracks/best_frames/26_12-20/track_0952_r2.jpg,ml/output/tracks/best_frames_hires/26_12-20/track_0952_r2.jpg,9 6
26_12-20.mp4,949,88438,2060,1,2402,377,90,"[IIII
66
ааич
01Z
гud
7","[[""[IIII"", 0.9509123297526348, 32.0], [""66"", 0.9999224506794843, 30.0], [""ааич"", 0.09973164647817612, 8.0], [""01Z"", 0.8566569685935974, 26.0], [""гud"", 0.5094032119199082, 12.0], [""7"", 0.11444847601258434, 7.5]]",,,ml/output/tracks/best_frames/26_12-20/track_0949_r1.jpg,ml/output/tracks/best_frames_hires/26_12-20/track_0949_r1.jpg,
26_12-20.mp4,954,88438,287,2,497,122,270,"vu
ве","[[""vu"", 0.9627967254062589, 18.0], [""ве"", 0.2233736555874491, 24.611442075295713]]",,,ml/output/tracks/best_frames/26_12-20/track_0954_r2.jpg,ml/output/tracks/best_frames_hires/26_12-20/track_0954_r2.jpg,75 8 9
26_12-20.mp4,960,88438,1974,1778,2336,2159,270,"SAN
кp 9х
0, 75L
Сухо€
259,
Вино
VALENTIN
Гернача
(Испания)
-2598
1109","[[""SAN"", 0.9999518911197696, 27.0], [""кp 9х"", 0.1982347289977326, 24.0], [""0, 75L"", 0.49263005914371366, 28.0], [""Сухо€"", 0.7189286459674155, 24.0], [""259,"", 0.16369040310382843, 38.0], [""Вино"", 0.9996596574783325, 32.62649256434224], [""VALENTIN"", 0.8846607833047325, 36.71025170656333], [""Гернача"", 0.8728977260214353, 39.75619300942765], [""(Испания)"", 0.4574109575338769, 36.71025170656333], [""-2598"", 0.2974518098460975, 40.5], [""1109"", 0.5544962231833305, 74.0]]",,,ml/output/tracks/best_frames/26_12-20/track_0960_r0.jpg,ml/output/tracks/best_frames_hires/26_12-20/track_0960_r0.jpg,3 5 8 5 2 3 5 8 1 3 2 7
26_12-20.mp4,953,88438,2066,10,2404,129,270,"шоn
2105
{яrIvn
99
IIIIIII
99","[[""шоn"", 0.13721264860656557, 8.0], [""2105"", 0.6714946627616882, 26.0], [""{яrIvn"", 0.010230022459438534, 14.0], [""99"", 0.9999991570631338, 30.0], [""IIIIIII"", 0.8779675225543144, 28.0], [""99"", 0.999999915706304, 28.0]]",,,ml/output/tracks/best_frames/26_12-20/track_0953_r1.jpg,ml/output/tracks/best_frames_hires/26_12-20/track_0953_r1.jpg,
26_12-20.mp4,944,88438,234,98,460,404,180,"F
<
8
5
8
;
2
1
!
1
2
;
1
9
1
5
3
9
:
5
5","[[""F"", 0.90324111649808, 38.0], [""<"", 0.12845037994146935, 32.0], [""8"", 0.4116624316093329, 46.0], [""5"", 0.6889600324357161, 32.0], [""8"", 0.6857232952445571, 129.97326016985852], ["";"", 0.47856802254395703, 38.84609579056331], [""2"", 0.19662855841172533, 36.828097617733874], [""1"", 0.6087850598964941, 91.97442101915885], [""!"", 0.7788638892466828, 60.93982809858528], [""1"", 0.963801369092895, 104.96962313413496], [""2"", 0.41681039253730034, 50.95960811756083], ["";"", 0.9998784102209015, 40.93732773208808], [""1"", 0.9122172622429758, 66.49074300434451], [""9"", 0.5771407395975672, 59.98415082125784], [""1"", 0.9658744135387032, 93.49543184044899], [""5"", 0.21663642351290946, 60.48442846782897], [""3"", 0.6042069656868989, 36.46713310127908], [""9"", 0.7708455203242579, 56.982318010856325], ["":"", 0.701605799978072, 51.484183778462835], [""5"", 0.4051591878948422, 43.96911150685467], [""5"", 0.30647007093637413, 26.434317786954495]]",,,ml/output/tracks/best_frames/26_12-20/track_0944_r2.jpg,ml/output/tracks/best_frames_hires/26_12-20/track_0944_r2.jpg,05
26_12-20.mp4,912,88438,200,1013,396,1310,0,"Е
&
'
F :
6
8
7
1
1
1
!
91
1
1","[[""Е"", 0.17495995803109565, 32.0], [""&"", 0.8546994573771407, 32.0], [""'"", 0.2061848712831429, 80.0], [""F :"", 0.3595831096172333, 48.0], [""6"", 0.3905802232938562, 140.0], [""8"", 0.5319711166959031, 26.0], [""7"", 0.1142192814189622, 22.0], [""1"", 0.7280993849767334, 28.0], [""1"", 0.5799331789579334, 94.98853727377657], [""1"", 0.5126238514638004, 78.98334414705049], [""!"", 0.8964595734723844, 48.95621185796966], [""91"", 0.5202460087623955, 57.5], [""1"", 0.9034892502759249, 20.0], [""1"", 0.46670018424288173, 31.5]]",,,ml/output/tracks/best_frames/26_12-20/track_0912_r2.jpg,ml/output/tracks/best_frames_hires/26_12-20/track_0912_r2.jpg,
26_12-20.mp4,945,88588,184,864,380,1124,0,"Е;
:
'
:
'
'
1
[
5
1
:
1
:
6
5
:
:
0
:
:","[[""Е;"", 0.590465283258696, 38.0], ["":"", 0.05522074164612811, 36.0], [""'"", 0.8576545045988873, 24.0], ["":"", 0.6030806251581033, 83.0], [""'"", 0.5546317332246851, 26.0], [""'"", 0.995691539427046, 32.0], [""1"", 0.12577572814486704, 94.98853727377659], [""["", 0.9910645714813313, 78.9833441470505], [""5"", 0.41992648183014936, 59.0], [""1"", 0.9921584679100057, 73.5], ["":"", 0.41028897661741226, 64.5], [""1"", 0.9998011687894746, 97.5], ["":"", 0.2859641121764902, 40.5], [""6"", 0.25345587722583574, 12.0], [""5"", 0.36598679961697655, 25.0], ["":"", 0.7360655748709668, 82.0], ["":"", 0.16245617771915022, 26.0], [""0"", 0.9997538479666481, 88.5], ["":"", 0.9675404093096098, 34.5], ["":"", 0.945838613837001, 39.98290859108508]]",,,ml/output/tracks/best_frames/26_12-20/track_0945_r1.jpg,ml/output/tracks/best_frames_hires/26_12-20/track_0945_r1.jpg,8 8 : 0 : 5 1
26_12-20.mp4,912,88588,196,1014,400,1310,0,"g;
:
'
'
[
!
:
₽ ;
6
g
5
8
1
[
6
5
9
1","[[""g;"", 0.2992373497468762, 40.0], ["":"", 0.5943504224799199, 28.0], [""'"", 0.5169793163624945, 56.0], [""'"", 0.3934731654124022, 22.0], [""["", 0.9897939643718843, 34.0], [""!"", 0.6389631278225352, 38.0], ["":"", 0.8407892998790523, 83.0], [""₽ ;"", 0.5138424038887024, 48.0], [""6"", 0.663443123994373, 138.0], [""g"", 0.3797879852784014, 22.0], [""5"", 0.41872942523610845, 36.0], [""8"", 0.9838676733062499, 35.0], [""1"", 0.7388269184530181, 94.98853727377657], [""["", 0.748242649444709, 92.98803244401314], [""6"", 0.25285104517900336, 33.7947331922021], [""5"", 0.7082247487645112, 31.5], [""9"", 0.9901086335916354, 59.5], [""1"", 0.7025084524702976, 30.0]]",,,ml/output/tracks/best_frames/26_12-20/track_0912_r1.jpg,ml/output/tracks/best_frames_hires/26_12-20/track_0912_r1.jpg,
26_12-20.mp4,913,88588,2016,1256,2372,1591,0,"'
5
41
8
8
[
2
g
15
П
п
8
:
8
[
;
5
2
9
9
8
5","[[""'"", 0.3118239789856183, 48.0], [""5"", 0.9999936819176334, 32.0], [""41"", 0.5386992849414223, 67.0], [""8"", 0.10102246135836968, 78.0], [""8"", 0.3321597798649236, 66.0], [""["", 0.9985209216211501, 127.0], [""2"", 0.39407826849941685, 46.0], [""g"", 0.5537080128424918, 89.0], [""15"", 0.14394337604876084, 226.0], [""П"", 0.7245581565014483, 28.0], [""п"", 0.9104247840811333, 24.0], [""8"", 0.9999960660973137, 38.0], ["":"", 0.9874698332164513, 76.941359030635], [""8"", 0.8250493546887618, 68.95348679060248], [""["", 0.16215001405806007, 103.98014876083994], ["";"", 0.5741438340771801, 52.868635573909046], [""5"", 0.9559998478653711, 76.941359030635], [""2"", 0.858105434561228, 25.0], [""9"", 0.10875169189752398, 17.5], [""9"", 0.8786476593708272, 88.0], [""8"", 0.9999761582841984, 37.0], [""5"", 0.6782559815293467, 73.98692397991445]]",,,ml/output/tracks/best_frames/26_12-20/track_0913_r2.jpg,ml/output/tracks/best_frames_hires/26_12-20/track_0913_r2.jpg,44 8 8
26_12-20.mp4,956,88588,2030,1081,2303,1281,270,"Вин
кp
(Исп
Crc
18
Reci
7 .
5 :","[[""Вин"", 0.6226471621083873, 26.0], [""кp"", 0.9638862080872155, 24.0], [""(Исп"", 0.9668567180633545, 30.0], [""Crc"", 0.8324106243576725, 28.0], [""18"", 0.9999993256504904, 38.0], [""Reci"", 0.8490362201814721, 34.67223788975764], [""7 ."", 0.6796542406082153, 15.5], [""5 :"", 0.21489251579712285, 9.0]]",,,ml/output/tracks/best_frames/26_12-20/track_0956_r2.jpg,ml/output/tracks/best_frames_hires/26_12-20/track_0956_r2.jpg,5 5 9 0 2 3 2
26_12-20.mp4,962,88588,230,1474,454,1783,270,"0 -
np
0 -5L
nnv
25
мUcно
Еина
Maз
(qе,zъ)
ы5J
799
97
2 0","[[""0 -"", 0.38863720939681606, 12.0], [""np"", 0.5814879479214624, 14.0], [""0 -5L"", 0.6263095639246429, 18.0], [""nnv"", 0.29836957354160004, 14.0], [""25"", 0.25925872789186516, 20.0], [""мUcно"", 0.46536387717297667, 29.58249558416665], [""Еина"", 0.5480840203510402, 22.69154186132451], [""Maз"", 0.7402154207229614, 21.825266590385098], [""(qе,zъ)"", 0.02605853252706414, 29.251494299735313], [""ы5J"", 0.2443387858086889, 19.004271034773012], [""799"", 0.9641049739147675, 50.063880159554344], [""97"", 0.2604076602718025, 39.8441746598661], [""2 0"", 0.6192509415579228, 22.0]]",,,ml/output/tracks/best_frames/26_12-20/track_0962_r1.jpg,ml/output/tracks/best_frames_hires/26_12-20/track_0962_r1.jpg,53 3 9 8 8
26_12-20.mp4,953,88588,2066,10,2404,129,270,"EuI
210
Npi 
99
2)
МIIIIII
99
3","[[""EuI"", 0.24543580851543137, 12.0], [""210"", 0.9999989867210388, 26.0], [""Npi "", 0.11808937602753307, 14.0], [""99"", 0.9999899690647899, 32.0], [""2)"", 0.32916317467129214, 52.0], [""МIIIIII"", 0.31788151399471143, 32.0], [""99"", 0.9865824051074997, 28.0], [""3"", 0.4659232600251926, 46.0]]",,,ml/output/tracks/best_frames/26_12-20/track_0953_r2.jpg,ml/output/tracks/best_frames_hires/26_12-20/track_0953_r2.jpg,
26_12-20.mp4,949,88588,2060,1,2402,376,270,"пЗя
Lui
210
1р _
99
2)
ШIIIIII
99
3","[[""пЗя"", 0.16189487957849302, 26.0], [""Lui"", 0.10357343762063558, 12.0], [""210"", 1.0, 24.0], [""1р _"", 0.3439185350304633, 8.0], [""99"", 0.9999055923646383, 30.0], [""2)"", 0.363481998107243, 50.0], [""ШIIIIII"", 0.5586867545231798, 32.0], [""99"", 0.9540604504544467, 28.0], [""3"", 0.3739403402020806, 50.0]]",,,ml/output/tracks/best_frames/26_12-20/track_0949_r2.jpg,ml/output/tracks/best_frames_hires/26_12-20/track_0949_r2.jpg,
26_12-20.mp4,944,88588,235,97,459,402,180,"D
;
@
<
8
€
8
 
;
1
9
[
i
9
;
3
5
9
1
1
2
3
:
9","[[""D"", 0.7202737603269185, 24.0], ["";"", 0.3580437510186272, 40.0], [""@"", 0.15653906350498037, 32.0], [""<"", 0.8448292622066589, 38.0], [""8"", 0.9999313366279239, 28.0], [""€"", 0.1593731737229973, 22.0], [""8"", 0.6123479922136745, 131.97411164009475], ["" "", 0.36721166275674477, 34.91404880886694], ["";"", 0.8574064553286007, 40.86145357211308], [""1"", 0.9645097756453289, 79.96581718217018], [""9"", 0.442059598798906, 61.94184046297744], [""["", 0.8249809228614744, 94.97606488802626], [""i"", 0.5053337385336967, 38.93072678605654], [""9"", 0.22890499198253167, 52.91921623512167], ["";"", 0.9998852047488391, 42.87465546417616], [""3"", 0.5135620336865863, 48.0], [""5"", 0.17429882540860664, 23.0], [""9"", 0.4281958974886244, 60.48442846782898], [""1"", 0.9626264940612863, 64.49013414849838], [""1"", 0.9618025671575801, 92.99538105961625], [""2"", 0.6459627682854716, 60.48442846782897], [""3"", 0.4927846997682117, 35.9661465126743], ["":"", 0.4573419300152324, 52.97933657012507], [""9"", 0.4298636612366522, 44.46986093288575]]",,,ml/output/tracks/best_frames/26_12-20/track_0944_r1.jpg,ml/output/tracks/best_frames_hires/26_12-20/track_0944_r1.jpg,07 52
26_12-20.mp4,952,88588,268,3,489,271,270,"Вико
DEI
сy
с
0 7sL
ErTis
voт
Vастam 
тис
ичм)
7нъ
~воP/
239
119
239
309/","[[""Вико"", 0.7188275456428528, 24.0], [""DEI"", 0.9973663749599443, 20.0], [""сy"", 0.2578493244218734, 16.0], [""с"", 0.9033947514769949, 14.0], [""0 7sL"", 0.4234231593097659, 18.0], [""ErTis"", 0.49866495388397303, 28.713906763541047], [""voт"", 0.9053403413210459, 25.64146590985041], [""Vастam "", 0.31252011639241223, 34.80683447104218], [""тис"", 0.7739971120391549, 24.834140112506475], [""ичм)"", 0.15296758711338043, 19.748314552243073], [""7нъ"", 0.14243249655722218, 15.627466942413491], [""~воP/"", 0.3248409153843438, 30.75099504289483], [""239"", 0.9689603447914124, 57.78980419737604], [""119"", 0.3083257056209634, 18.0], [""239"", 0.6348246582413032, 54.5], [""309/"", 0.7968106269836426, 29.425254998708628]]",,,ml/output/tracks/best_frames/26_12-20/track_0952_r1.jpg,ml/output/tracks/best_frames_hires/26_12-20/track_0952_r1.jpg,. 7 6 5
26_12-20.mp4,954,88588,287,2,497,122,270,"Ва
vD","[[""Ва"", 0.1599982218997578, 18.0], [""vD"", 0.3832037803957939, 18.0]]",,,ml/output/tracks/best_frames/26_12-20/track_0954_r1.jpg,ml/output/tracks/best_frames_hires/26_12-20/track_0954_r1.jpg,9 7 75 6
26_12-20.mp4,944,88738,235,98,459,402,180,"g
@
e
8
;
€
8
1
3
;
1
5
{
'
8
;
9
1
5
1
5
1
5
3
7","[[""g"", 0.9738337941384465, 50.0], [""@"", 0.19276934165461856, 32.0], [""e"", 0.42091098746118405, 32.0], [""8"", 0.9974681687527323, 30.0], ["";"", 0.9444892516373926, 36.0], [""€"", 0.8231363912591547, 22.0], [""8"", 0.8024685224705195, 131.97411164009475], [""1"", 0.9374636948110471, 44.886081355132546], [""3"", 0.08585435152144161, 37.92703581925986], ["";"", 0.7955687618489584, 38.84609579056331], [""1"", 0.9681435641926015, 77.9829085910851], [""5"", 0.617401425921571, 62.94375423053782], [""{"", 0.9836494073243216, 90.97383540733244], [""'"", 0.557809426932895, 38.93072678605654], [""8"", 0.26128718223086267, 53.92232270276372], ["";"", 0.9999038004170338, 40.86145357211308], [""9"", 0.11209381717109412, 23.0], [""1"", 0.8321438081964203, 64.49013414849838], [""5"", 0.7791472350147757, 59.98415082125784], [""1"", 0.9929438573635707, 88.4948833364314], [""5"", 0.3500751951904171, 62.485469292282936], [""1"", 0.18627529672091114, 36.467133101279074], [""5"", 0.7286142798047877, 57.482644833104644], [""3"", 0.9037941955683984, 52.478911704617126], [""7"", 0.18014242946055337, 44.46986093288575]]",,,ml/output/tracks/best_frames/26_12-20/track_0944_r0.jpg,ml/output/tracks/best_frames_hires/26_12-20/track_0944_r0.jpg,05
26_12-20.mp4,962,88738,230,1475,454,1783,180,"6""
2
!
6
;
8
'
4
4
{","[[""6\"""", 0.10121701404056886, 46.0], [""2"", 0.9435774741939582, 26.0], [""!"", 0.8862348418085766, 59.0], [""6"", 0.8201985033072248, 84.0], ["";"", 0.9879182555127421, 44.94801605407839], [""8"", 0.9439215396869862, 95.80106284633167], [""'"", 0.8952111107261693, 72.95864239600142], [""4"", 0.1913566286243915, 49.95796083947522], [""4"", 0.9801363685166962, 42.94304067756627], [""{"", 0.4813369809096777, 50.95960811756083]]",,,ml/output/tracks/best_frames/26_12-20/track_0962_r0.jpg,ml/output/tracks/best_frames_hires/26_12-20/track_0962_r0.jpg,5 9 8 8 9
26_12-20.mp4,912,88738,196,1013,397,1309,0,";
;
{
5 1
:
;
₽
(
gК
'
1
i
!
8
7
6
01
8
5
9","[["";"", 0.8135311165405348, 42.0], ["";"", 0.7237110106089517, 34.0], [""{"", 0.5178730031123138, 70.0], [""5 1"", 0.1603099009063232, 24.0], ["":"", 0.8587891219265806, 81.0], ["";"", 0.43980556940812576, 30.0], [""₽"", 0.863967671347158, 34.0], [""("", 0.171495834010571, 139.0], [""gК"", 0.30136389862972657, 50.0], [""'"", 0.4102966888201678, 68.97808873418604], [""1"", 0.5766698173579563, 78.98334414705049], [""i"", 0.33999625044458526, 26.856953381770495], [""!"", 0.9524709618190741, 40.93732773208808], [""8"", 0.9525899832513893, 36.923047895281684], [""7"", 0.29104056837071823, 33.90895995607002], [""6"", 0.9569857093666201, 32.73999010527109], [""01"", 0.26804894160478016, 58.0], [""8"", 0.5875242543800283, 33.0], [""5"", 0.9808587802253896, 18.0], [""9"", 0.6030878460973419, 31.5]]",,,ml/output/tracks/best_frames/26_12-20/track_0912_r0.jpg,ml/output/tracks/best_frames_hires/26_12-20/track_0912_r0.jpg,
26_12-20.mp4,952,88738,268,3,489,271,180,";
8
5 €
9
1
;
g
1
g
{
g
5
95 3
9","[["";"", 0.47066206420426226, 35.0], [""8"", 0.8546015946424781, 46.0], [""5 €"", 0.6743208169937134, 40.0], [""9"", 0.10273017523874106, 146.97937715686783], [""1"", 0.8087326266673109, 40.93732773208809], ["";"", 0.9632395813298444, 36.923047895281655], [""g"", 0.43445303404832103, 36.8280976177339], [""1"", 0.9195998169161612, 81.9675266587434], [""g"", 0.19091837316733606, 60.93982809858527], [""{"", 0.9759850748437771, 92.97498724846798], [""g"", 0.37932140527851743, 50.95960811756083], [""5"", 0.9980143638571839, 35.0], [""95 3"", 0.36007206634024347, 29.5], [""9"", 0.3044379333745475, 32.941840462977396]]",,,ml/output/tracks/best_frames/26_12-20/track_0952_r0.jpg,ml/output/tracks/best_frames_hires/26_12-20/track_0952_r0.jpg,7 8 7
26_12-20.mp4,913,88738,2015,1257,2372,1592,0,"5
[
8
2
8
6
g
п
1
a?
8
:
[
:
'
1
3
;
5
2
1
9 8
8","[[""5"", 0.9999480254251125, 30.0], [""["", 0.9284602504971105, 44.0], [""8"", 0.7812554787006434, 66.0], [""2"", 0.9608603834527116, 48.0], [""8"", 0.36239682133987117, 261.0], [""6"", 0.8395535851242499, 18.0], [""g"", 0.823676821567588, 91.0], [""п"", 0.3335397610379722, 24.0], [""1"", 0.48009075414876534, 197.0], [""a?"", 0.5161515920953548, 36.0], [""8"", 0.9999641183257246, 40.0], ["":"", 0.8403243660761497, 52.919216235121624], [""["", 0.7630623154697425, 127.97994512739388], ["":"", 0.9088789644234261, 76.941359030635], [""'"", 0.26462907366534694, 71.9322930253486], [""1"", 0.15779962783619172, 57.89203868188389], [""3"", 0.2741058858924248, 100.9789117046171], ["";"", 0.2523473508318972, 50.857122361103734], [""5"", 0.639865939485734, 76.941359030635], [""2"", 0.7707306044753892, 24.0], [""1"", 0.16443602235114074, 16.5], [""9 8"", 0.25904908776283264, 118.0], [""8"", 0.9999970197699817, 37.0]]",,,ml/output/tracks/best_frames/26_12-20/track_0913_r0.jpg,ml/output/tracks/best_frames_hires/26_12-20/track_0913_r0.jpg,2 8 2
26_12-20.mp4,945,88738,184,864,380,1122,180,":
0
:
'
i;
'
i
;","[["":"", 0.10479956400467927, 30.0], [""0"", 0.9014600866269262, 87.0], ["":"", 0.696412060995172, 83.0], [""'"", 0.988347935987921, 40.0], [""i;"", 0.5216679534591238, 36.0], [""'"", 0.7125929572658265, 52.0], [""i"", 0.3715216279013056, 84.98564025080294], ["";"", 0.9368491751931884, 48.95621185796966]]",,,ml/output/tracks/best_frames/26_12-20/track_0945_r0.jpg,ml/output/tracks/best_frames_hires/26_12-20/track_0945_r0.jpg,: : 00 : :
26_12-20.mp4,953,88738,2066,10,2404,129,90,"[lIIIIlI
66
5ша
01Z
яе","[[""[lIIIIlI"", 0.3238849369927872, 38.0], [""66"", 0.9999704973335122, 30.0], [""5ша"", 0.10075650364160538, 8.0], [""01Z"", 0.35652048761413696, 24.0], [""яе"", 0.38752067915766625, 8.0]]",,,ml/output/tracks/best_frames/26_12-20/track_0953_r0.jpg,ml/output/tracks/best_frames_hires/26_12-20/track_0953_r0.jpg,
26_12-20.mp4,949,88738,2060,1,2402,375,270,"Пanя
aui
210""
шnr
9)99
IIIIII
99
3","[[""Пanя"", 0.0843186005949974, 28.0], [""aui"", 0.306879208400416, 8.0], [""210\"""", 0.6854195535543316, 24.0], [""шnr"", 0.13400298771352837, 8.0], [""9)99"", 0.8074719905853271, 60.0], [""IIIIII"", 0.740972108854346, 26.0], [""99"", 1.0, 28.0], [""3"", 0.7623213779203439, 51.0]]",,,ml/output/tracks/best_frames/26_12-20/track_0949_r0.jpg,ml/output/tracks/best_frames_hires/26_12-20/track_0949_r0.jpg,
26_12-20.mp4,954,88738,287,2,497,122,180,"#;
cs g","[[""#;"", 0.5639677189740937, 36.0], [""cs g"", 0.16469712555408478, 38.53503294469665]]",,,ml/output/tracks/best_frames/26_12-20/track_0954_r0.jpg,ml/output/tracks/best_frames_hires/26_12-20/track_0954_r0.jpg,2 9 75
26_12-20.mp4,956,88738,2030,1082,2303,1281,270,"Вин
кр.
(Иcn
Cyc
18
еie -
Rcc
7 
636-","[[""Вин"", 0.9853342125257695, 26.0], [""кр."", 0.8715201512350349, 24.0], [""(Иcn"", 0.5603390336036682, 30.0], [""Cyc"", 0.9367220719791365, 26.0], [""18"", 0.999994015152757, 38.0], [""еie -"", 0.12793997942724578, 17.0], [""Rcc"", 0.9724431522947805, 33.65045146956902], [""7 "", 0.6168711987686231, 16.5], [""636-"", 0.21831843256950378, 15.0]]",,,ml/output/tracks/best_frames/26_12-20/track_0956_r0.jpg,ml/output/tracks/best_frames_hires/26_12-20/track_0956_r0.jpg,25 9 2 2 3 2
