video,track_id,frame_ts_ms,x_min_orig,y_min_orig,x_max_orig,y_max_orig,ocr_angle,ocr_text,ocr_items_json,barcode_raw,qr_raw,crop_path,hires_crop,bottom_extra_text
43_15.mp4,25,0,1119,168,1318,401,180,"я
1
5
8
Ё
6
;
!
{
;
8
81
3
8
8
1
1
2
:","[[""я"", 0.1552401988208496, 24.0], [""1"", 0.9784247731269922, 56.0], [""5"", 0.9658377435609964, 32.0], [""8"", 0.43235958774090477, 107.0], [""Ё"", 0.1674523577791298, 59.0], [""6"", 0.8539761989866612, 22.0], ["";"", 0.13104785400458585, 73.95979797464463], [""!"", 0.8769191869451021, 63.974482241425335], [""{"", 0.9261635471419005, 60.97187711526897], ["";"", 0.6548641416785017, 34.91404880886694], [""8"", 0.8376055413310759, 17.5], [""81"", 0.6635301268347772, 108.5], [""3"", 0.6586556180543681, 32.0], [""8"", 0.9987118818687044, 50.5], [""8"", 0.3870359925900999, 73.48968857843391], [""1"", 0.995643602264181, 63.98997256369694], [""1"", 0.8577719734670417, 62.489463299845056], [""2"", 0.25597789737781795, 61.489101969212186], ["":"", 0.24561695251448246, 34.96403610125333]]",,,ml/output/tracks/best_frames/43_15/track_0025_r1.jpg,ml/output/tracks/best_frames_hires/43_15/track_0025_r1.jpg,
43_15.mp4,20,0,282,981,429,1190,270,"nur
~ER
305
16
305","[[""nur"", 0.4402332015692917, 14.0], [""~ER"", 0.2703319267627408, 16.0], [""305"", 0.9999975222818565, 40.0], [""16"", 0.9965608940604344, 15.0], [""305"", 1.0, 40.5]]",,,ml/output/tracks/best_frames/43_15/track_0020_r1.jpg,ml/output/tracks/best_frames_hires/43_15/track_0020_r1.jpg,
43_15.mp4,26,0,3292,1255,3358,1425,0,"{
9","[[""{"", 0.9989998458443097, 139.98923050116133], [""9"", 0.4746250032599484, 102.99350497244728]]",,,ml/output/tracks/best_frames/43_15/track_0026_r0.jpg,ml/output/tracks/best_frames_hires/43_15/track_0026_r0.jpg,6
43_15.mp4,25,150,1119,168,1318,401,180,"g
я
1
5
$
Ё
2
!
{
;
8
5
8
1
1
1
8
5","[[""g"", 0.9655952471757843, 24.0], [""я"", 0.42337655781568984, 24.0], [""1"", 0.857269475093009, 54.0], [""5"", 0.9637041181239425, 32.0], [""$"", 0.25121269305487104, 100.0], [""Ё"", 0.16768693285770553, 59.0], [""2"", 0.05554349562687211, 72.95864239600144], [""!"", 0.8841196789731498, 63.974482241425335], [""{"", 0.9680686140551451, 60.97187711526897], ["";"", 0.7053522417158185, 33.90895995607002], [""8"", 0.9689558859964933, 107.5], [""5"", 0.24691442995958823, 32.0], [""8"", 0.21144060124294128, 73.48968857843391], [""1"", 0.9380801478010348, 63.98997256369694], [""1"", 0.8646635551900914, 62.489463299845056], [""1"", 0.11473125440929621, 62.48546929228293], [""8"", 0.2931650299181001, 52.47252726460704], [""5"", 0.9224459856807385, 34.4629065853934]]",,,ml/output/tracks/best_frames/43_15/track_0025_r0.jpg,ml/output/tracks/best_frames_hires/43_15/track_0025_r0.jpg,
43_15.mp4,26,150,3292,1255,3358,1425,0,"{
9","[[""{"", 0.9911222486141611, 145.98475219898444], [""9"", 0.4023091854191172, 102.99350497244728]]",,,ml/output/tracks/best_frames/43_15/track_0026_r1.jpg,ml/output/tracks/best_frames_hires/43_15/track_0026_r1.jpg,6
43_15.mp4,12,150,3285,287,3378,500,90,э2с,"[[""э2с"", 0.4045171723267944, 36.0]]",,,ml/output/tracks/best_frames/43_15/track_0012_r2.jpg,ml/output/tracks/best_frames_hires/43_15/track_0012_r2.jpg,
43_15.mp4,20,301,282,981,429,1190,270,"ггъ #г
14и
iER
305
16
305","[[""ггъ #г"", 0.2164129817229837, 14.0], [""14и"", 0.11357795582806574, 6.0], [""iER"", 0.1270969659090042, 16.0], [""305"", 0.6605467796325684, 40.0], [""16"", 0.5411977903577005, 14.0], [""305"", 1.0, 40.5]]",,,ml/output/tracks/best_frames/43_15/track_0020_r0.jpg,ml/output/tracks/best_frames_hires/43_15/track_0020_r0.jpg,
43_15.mp4,12,301,3285,287,3378,500,90,э2+с,"[[""э2+с"", 0.15525087714195251, 36.0]]",,,ml/output/tracks/best_frames/43_15/track_0012_r0.jpg,ml/output/tracks/best_frames_hires/43_15/track_0012_r0.jpg,
43_15.mp4,12,451,3286,287,3378,500,90,=е€с,"[[""=е€с"", 0.3702956736087799, 36.0]]",,,ml/output/tracks/best_frames/43_15/track_0012_r1.jpg,ml/output/tracks/best_frames_hires/43_15/track_0012_r1.jpg,
43_15.mp4,29,451,3292,1255,3358,1425,0,"{
","[[""{"", 0.9932192269582316, 138.98907101782686], ["""", 0.0, 99.0]]",,,ml/output/tracks/best_frames/43_15/track_0029_r0.jpg,ml/output/tracks/best_frames_hires/43_15/track_0029_r0.jpg,6
43_15.mp4,5,451,3274,1294,3360,1487,0,"{
3","[[""{"", 0.9967952457995501, 140.98938652342997], [""3"", 0.4295622572741742, 26.0]]",,,ml/output/tracks/best_frames/43_15/track_0005_r1.jpg,ml/output/tracks/best_frames_hires/43_15/track_0005_r1.jpg,8
43_15.mp4,29,602,3292,1255,3358,1425,0,"4
'
3","[[""4"", 0.9020520206036089, 43.0], [""'"", 0.24047925645574253, 106.9708055877789], [""3"", 0.3310203368379838, 99.0]]",,,ml/output/tracks/best_frames/43_15/track_0029_r1.jpg,ml/output/tracks/best_frames_hires/43_15/track_0029_r1.jpg,3
43_15.mp4,24,602,284,865,427,934,90,91,"[[""91"", 0.9986096058662894, 16.0]]",,,ml/output/tracks/best_frames/43_15/track_0024_r2.jpg,ml/output/tracks/best_frames_hires/43_15/track_0024_r2.jpg,
43_15.mp4,24,752,284,865,426,934,90,91,"[[""91"", 0.9890985023414817, 16.0]]",,,ml/output/tracks/best_frames/43_15/track_0024_r0.jpg,ml/output/tracks/best_frames_hires/43_15/track_0024_r0.jpg,
43_15.mp4,29,752,3292,1255,3358,1425,0,"{
5","[[""{"", 0.9962784171229941, 140.98938652342997], [""5"", 0.36618147159197534, 103.99363527326716]]",,,ml/output/tracks/best_frames/43_15/track_0029_r2.jpg,ml/output/tracks/best_frames_hires/43_15/track_0029_r2.jpg,6
43_15.mp4,24,902,284,865,426,934,90,91,"[[""91"", 0.9915353060443002, 16.0]]",,,ml/output/tracks/best_frames/43_15/track_0024_r1.jpg,ml/output/tracks/best_frames_hires/43_15/track_0024_r1.jpg,
43_15.mp4,31,902,1118,168,1318,400,0,"8
{
3
{ilg
;
$
1
[
9
:
|","[[""8"", 0.4088524135718252, 32.0], [""{"", 0.8218901623537, 102.0], [""3"", 0.5116955659561064, 24.0], [""{ilg"", 0.2753409445285797, 78.0], ["";"", 0.7122439118242063, 62.94375423053785], [""$"", 0.5196495439499849, 36.92304789528164], [""1"", 0.4623824193718207, 61.972787847664286], [""["", 0.7937914144461047, 63.9744822414253], [""9"", 0.32469787413960205, 60.903219460599445], ["":"", 0.45246930135869334, 74.96090602042335], [""|"", 0.4162293740870524, 90.97383540733244]]",,,ml/output/tracks/best_frames/43_15/track_0031_r2.jpg,ml/output/tracks/best_frames_hires/43_15/track_0031_r2.jpg,
43_15.mp4,9,902,2271,0,2463,133,270,"FENIUT
€ СГаяы
ЕЕия) Z5r
105
99
244""
99
2449","[[""FENIUT"", 0.508653874069155, 16.0], [""€ СГаяы"", 0.29670805149734253, 16.0], [""ЕЕия) Z5r"", 0.5672409365543577, 16.0], [""105"", 0.8446836563878938, 16.0], [""99"", 0.7071441997177997, 18.0], [""244\"""", 0.755194902420044, 60.0], [""99"", 0.9825523761143762, 18.0], [""2449"", 0.8498409390449524, 57.5]]",,,ml/output/tracks/best_frames/43_15/track_0009_r0.jpg,ml/output/tracks/best_frames_hires/43_15/track_0009_r0.jpg,
43_15.mp4,13,1053,3317,778,3400,970,90,zz,"[[""zz"", 0.4430098172451499, 26.0]]",,,ml/output/tracks/best_frames/43_15/track_0013_r0.jpg,ml/output/tracks/best_frames_hires/43_15/track_0013_r0.jpg,
43_15.mp4,31,1053,1118,168,1318,400,0,"8
g
{
3
{BнNiE
;
5
1
[
:
1","[[""8"", 0.9635503522370072, 50.0], [""g"", 0.7489982771052475, 32.0], [""{"", 0.3982853278535572, 109.0], [""3"", 0.8580460251587319, 24.0], [""{BнNiE"", 0.11276151670995335, 76.0], ["";"", 0.7570651269364959, 62.94375423053785], [""5"", 0.11806180306302849, 34.91404880886695], [""1"", 0.5216651877975806, 61.972787847664286], [""["", 0.43675091074945627, 63.9744822414253], ["":"", 0.6148398175739658, 74.96090602042335], [""1"", 0.13623351527229843, 88.97260241729151]]",,,ml/output/tracks/best_frames/43_15/track_0031_r1.jpg,ml/output/tracks/best_frames_hires/43_15/track_0031_r1.jpg,
43_15.mp4,16,1053,3204,1687,3304,1869,270,"6 
""еа","[[""6 "", 0.4515116526661233, 20.0], [""\""еа"", 0.09800225642289333, 45.820855000871994]]",,,ml/output/tracks/best_frames/43_15/track_0016_r2.jpg,ml/output/tracks/best_frames_hires/43_15/track_0016_r2.jpg,
43_15.mp4,31,1203,1118,168,1318,400,0,"8
g
{3
3
{BнNE
;
5
1
[
:
1","[[""8"", 0.9628833563270156, 50.0], [""g"", 0.877709163324969, 32.0], [""{3"", 0.4972125606691966, 102.0], [""3"", 0.4819045910052324, 24.0], [""{BнNE"", 0.06059803245903048, 76.0], ["";"", 0.8441473220529794, 62.94375423053785], [""5"", 0.1784019443160867, 34.91404880886695], [""1"", 0.4032050795869715, 60.971877115268924], [""["", 0.2888949344670131, 63.9744822414253], ["":"", 0.6665362940339037, 74.96090602042335], [""1"", 0.14523527840378225, 88.97260241729151]]",,,ml/output/tracks/best_frames/43_15/track_0031_r0.jpg,ml/output/tracks/best_frames_hires/43_15/track_0031_r0.jpg,
43_15.mp4,16,1203,3204,1687,3304,1869,270,юе1е,"[[""юе1е"", 0.21051278710365295, 53.87388251842563]]",,,ml/output/tracks/best_frames/43_15/track_0016_r1.jpg,ml/output/tracks/best_frames_hires/43_15/track_0016_r1.jpg,
43_15.mp4,9,1354,2270,0,2463,133,270,"FEWUИ
€ огаач
сЕкн) ISr
1D5
59
244
59
2449","[[""FEWUИ"", 0.34336832810517204, 16.0], [""€ огаач"", 0.2533038271989947, 16.0], [""сЕкн) ISr"", 0.17007915799445988, 16.0], [""1D5"", 0.5388994525801089, 14.0], [""59"", 0.992369438793288, 18.0], [""244"", 0.9999997246979434, 54.0], [""59"", 0.5234056465360778, 18.0], [""2449"", 0.8650073750905382, 57.0]]",,,ml/output/tracks/best_frames/43_15/track_0009_r2.jpg,ml/output/tracks/best_frames_hires/43_15/track_0009_r2.jpg,
43_15.mp4,18,1354,2255,1381,2455,1620,0,"5
;
&
₽
8
{
[
я
9
1","[[""5"", 0.9549979519148479, 21.0], ["";"", 0.21050546899780276, 22.0], [""&"", 0.6256536684579714, 48.0], [""₽"", 0.12071275494227596, 43.0], [""8"", 0.999630485343971, 100.0], [""{"", 0.12796973029484437, 59.0], [""["", 0.37589788605462005, 93.0], [""я"", 0.22023415603130392, 26.0], [""9"", 0.20048588244334642, 24.0], [""1"", 0.6623142534412096, 95.97657785227781]]",,,ml/output/tracks/best_frames/43_15/track_0018_r2.jpg,ml/output/tracks/best_frames_hires/43_15/track_0018_r2.jpg,
43_15.mp4,7,1354,1097,710,1288,921,270,"mЁn ЧАСТНАЛ
аi
ПА СЕЮЛ Гарным
ПА
[Россич} SUDr
1Ga
16%
3059
а,ШЕШ
169
99
305
9:","[[""mЁn ЧАСТНАЛ"", 0.38218629842938007, 16.0], [""аi"", 0.31575694592674003, 26.0], [""ПА СЕЮЛ Гарным"", 0.3476585509575293, 18.0], [""ПА"", 0.8570332807187506, 20.0], [""[Россич} SUDr"", 0.43478868120037034, 16.0], [""1Ga"", 0.4826717966700878, 14.0], [""16%"", 0.9739946765352031, 24.0], [""3059"", 0.8647210001945496, 54.0], [""а,ШЕШ"", 0.3136874988806763, 28.0], [""169"", 0.9999705427375312, 21.0], [""99"", 0.9999954481433951, 18.0], [""305"", 0.9999998623489704, 50.0], [""9:"", 0.6138833712443026, 30.0]]",,,ml/output/tracks/best_frames/43_15/track_0007_r1.jpg,ml/output/tracks/best_frames_hires/43_15/track_0007_r1.jpg,8 89 :
43_15.mp4,5,1354,3273,1294,3360,1488,270,"z5
5","[[""z5"", 0.4811436084395664, 27.0], [""5"", 0.5367621966654248, 16.0]]",,,ml/output/tracks/best_frames/43_15/track_0005_r0.jpg,ml/output/tracks/best_frames_hires/43_15/track_0005_r0.jpg,6
43_15.mp4,13,1504,3317,778,3399,969,90,=,"[[""="", 0.9512601118757438, 24.0]]",,,ml/output/tracks/best_frames/43_15/track_0013_r1.jpg,ml/output/tracks/best_frames_hires/43_15/track_0013_r1.jpg,
43_15.mp4,34,1504,1635,1040,1944,1214,0,"=
[1
1
I
ё
1
@
8
Е
1
1
3
1
11","[[""="", 0.9920707202675203, 22.0], [""[1"", 0.1602096813691017, 115.0], [""1"", 0.999614871873522, 97.0], [""I"", 0.9960033375703006, 147.0], [""ё"", 0.707394527717188, 49.0], [""1"", 0.42582132352073643, 109.0], [""@"", 0.17499543743810708, 50.0], [""8"", 0.6818573421369365, 62.0], [""Е"", 0.13286286876514541, 22.0], [""1"", 0.7801868911560952, 118.99273464614146], [""1"", 0.8589784818733257, 90.98749362423399], [""3"", 0.6910283096881962, 15.0], [""1"", 0.7778956630674294, 18.0], [""11"", 0.23994828862129866, 65.5]]",,,ml/output/tracks/best_frames/43_15/track_0034_r2.jpg,ml/output/tracks/best_frames_hires/43_15/track_0034_r2.jpg,4 7
43_15.mp4,14,1504,2278,394,2485,622,180,"8
я
[
[
jё
8
[
f
5
8
1
1
1
5
0
.:
8
1
1
5","[[""8"", 0.9880887656237434, 24.0], [""я"", 0.1643198813283897, 28.0], [""["", 0.8675493958791946, 65.0], [""["", 0.6025371421661738, 83.0], [""jё"", 0.7381772038819574, 34.0], [""8"", 0.96991224344562, 116.0], [""["", 0.9807169918411809, 53.0], [""f"", 0.9222761997350837, 26.0], [""5"", 0.20975559594561233, 28.0], [""8"", 0.8766627862890495, 42.0], [""1"", 0.8770434380997791, 118.99273464614146], [""1"", 0.2982424840915918, 78.9833441470505], [""1"", 0.9373914422420206, 66.97674339530124], [""5"", 0.8224084538145604, 50.5], [""0"", 0.3902081767637924, 28.5], ["".:"", 0.15798065385053636, 87.5], [""8"", 0.7715395931347899, 43.0], [""1"", 0.9999672177140475, 77.99568574500816], [""1"", 0.9713480165777391, 68.49129726641729], [""5"", 0.9919333477871852, 30.451609730299715]]",,,ml/output/tracks/best_frames/43_15/track_0014_r2.jpg,ml/output/tracks/best_frames_hires/43_15/track_0014_r2.jpg,-:
43_15.mp4,11,1504,2250,1266,2469,1508,0,"&
5
₽
Ё
8
[
:
я
[5;
5
1
6
9
5","[[""&"", 0.9210920255829933, 50.0], [""5"", 0.858582992998894, 28.0], [""₽"", 0.15202905090114882, 50.0], [""Ё"", 0.9666131161742477, 30.0], [""8"", 0.9228104542678786, 88.0], [""["", 0.9807872354299576, 59.0], ["":"", 0.1595717581469822, 77.0], [""я"", 0.27160887068839656, 28.0], [""[5;"", 0.1355658916673403, 50.0], [""5"", 0.7790029779079397, 22.0], [""1"", 0.46386125680925616, 96.97707454755316], [""6"", 0.45007832130922054, 53.5], [""9"", 0.2504808828816749, 36.0], [""5"", 0.2991307462280055, 24.0]]",,,ml/output/tracks/best_frames/43_15/track_0011_r0.jpg,ml/output/tracks/best_frames_hires/43_15/track_0011_r0.jpg,
43_15.mp4,33,1504,3292,1255,3358,1425,0,"{
9","[[""{"", 0.9988679515234686, 140.98938652342997], [""9"", 0.6336246411465574, 103.99363527326716]]",,,ml/output/tracks/best_frames/43_15/track_0033_r0.jpg,ml/output/tracks/best_frames_hires/43_15/track_0033_r0.jpg,3
43_15.mp4,7,1504,1097,706,1288,921,0,"$
I
[
5
{
8
8
g
[ll
81 = =
191
8
::
89 : :","[[""$"", 0.23272019764991914, 52.0], [""I"", 0.7399027971177965, 73.0], [""["", 0.20852044810080717, 26.0], [""5"", 0.9777354380162819, 34.0], [""{"", 0.9973264944245699, 94.0], [""8"", 0.9303218982023544, 108.0], [""8"", 0.8650944808125338, 24.0], [""g"", 0.6569144463687202, 30.0], [""[ll"", 0.21279650648583323, 72.0], [""81 = ="", 0.22029109313796322, 23.0], [""191"", 0.16149566958019385, 82.0], [""8"", 0.9961534844177464, 24.0], [""::"", 0.6019266583788745, 47.0], [""89 : :"", 0.7077056522356721, 24.0]]",,,ml/output/tracks/best_frames/43_15/track_0007_r2.jpg,ml/output/tracks/best_frames_hires/43_15/track_0007_r2.jpg,8 89:
43_15.mp4,18,1654,2254,1380,2455,1621,0,"2
5
8
[
1
9
6
₽
1","[[""2"", 0.3540570949198809, 23.0], [""5"", 0.6388567884428653, 50.0], [""8"", 0.9999144095616117, 92.0], [""["", 0.9554418535592504, 59.0], [""1"", 0.6798193581192926, 99.0], [""9"", 0.22836251631065707, 26.0], [""6"", 0.2761556369505378, 22.0], [""₽"", 0.5922504508464641, 43.94561242937074], [""1"", 0.9793659713882938, 95.97657785227781]]",,,ml/output/tracks/best_frames/43_15/track_0018_r1.jpg,ml/output/tracks/best_frames_hires/43_15/track_0018_r1.jpg,
43_15.mp4,34,1654,1636,1039,1945,1214,0,"Б8
1
Ш
Ill
Ё
1
1
g
ШJ
;
Е
1
1
1
1
8
981","[[""Б8"", 0.45108939033252254, 56.0], [""1"", 0.9917596570499541, 97.0], [""Ш"", 0.8748310097306309, 77.0], [""Ill"", 0.43746963143348694, 91.0], [""Ё"", 0.2525717254639517, 26.0], [""1"", 0.7723815884539285, 58.0], [""1"", 0.2682384894092458, 93.0], [""g"", 0.9837340623280397, 34.0], [""ШJ"", 0.3428899177524133, 93.0], ["";"", 0.9537162263825394, 37.0], [""Е"", 0.7360797911274517, 24.0], [""1"", 0.7065352336297934, 84.0], [""1"", 0.6903669992953496, 102.99026852925964], [""1"", 0.8460657817866526, 90.98749362423399], [""1"", 0.428734312175326, 88.98691770366622], [""8"", 0.6686045809417784, 44.94801605407838], [""981"", 0.09378293551209625, 65.5]]",,,ml/output/tracks/best_frames/43_15/track_0034_r1.jpg,ml/output/tracks/best_frames_hires/43_15/track_0034_r1.jpg,7
43_15.mp4,6,1654,286,510,436,711,0,"8
0
5:","[[""8"", 0.8796785605063953, 104.0], [""0"", 0.9510935073033124, 35.0], [""5:"", 0.857220530188824, 20.0]]",,,ml/output/tracks/best_frames/43_15/track_0006_r0.jpg,ml/output/tracks/best_frames_hires/43_15/track_0006_r0.jpg,
43_15.mp4,22,1654,2274,490,2482,724,180,"&

1
1
:
8
I
&
1
5
8
1
2:
8
5
1
7
2
1
8
7
1","[[""&"", 0.37532480374341404, 24.0], ["""", 0.0, 28.0], [""1"", 0.9344912921631163, 74.0], [""1"", 0.4239845860883271, 88.0], ["":"", 0.18358456218345864, 28.0], [""8"", 0.5116637593002906, 112.0], [""I"", 0.9945731081618447, 67.0], [""&"", 0.955952060021005, 28.0], [""1"", 0.5861712359353675, 54.96532330749699], [""5"", 0.42704404762733716, 38.0], [""8"", 0.9999732972974016, 25.0], [""1"", 0.998312113255654, 83.5], [""2:"", 0.5906120808731659, 33.5], [""8"", 0.2926042685681409, 112.5], [""5"", 0.9342906726419677, 17.0], [""1"", 0.3198294417977685, 68.5], [""7"", 0.38976575054349283, 11.0], [""2"", 0.4510465387358096, 55.0], [""1"", 0.7934585888182397, 10.0], [""8"", 0.6680092366560899, 30.0], [""7"", 0.6138786259068105, 13.0], [""1"", 0.9929641702096639, 54.980914100479914]]",,,ml/output/tracks/best_frames/43_15/track_0022_r2.jpg,ml/output/tracks/best_frames_hires/43_15/track_0022_r2.jpg,0
43_15.mp4,33,1654,3292,1255,3358,1425,0,"{
9","[[""{"", 0.9817370102975111, 144.9845328676509], [""9"", 0.32547774952058717, 103.99363527326716]]",,,ml/output/tracks/best_frames/43_15/track_0033_r2.jpg,ml/output/tracks/best_frames_hires/43_15/track_0033_r2.jpg,3
43_15.mp4,35,1654,1118,167,1318,400,0,"Ё
9
g
$
3
{iila
[
[
;
:
1","[[""Ё"", 0.3172686305720731, 30.0], [""9"", 0.8318471782789771, 53.0], [""g"", 0.46281838588018687, 30.0], [""$"", 0.11620366919510161, 109.0], [""3"", 0.9464350830505772, 24.0], [""{iila"", 0.29845459068793373, 78.0], [""["", 0.34549807961083445, 62.97365533021107], [""["", 0.6479492985423718, 63.9744822414253], ["";"", 0.423386641504667, 62.94375423053785], ["":"", 0.38516268911104135, 72.95864239600141], [""1"", 0.9515131275983357, 86.97128050160592]]",,,ml/output/tracks/best_frames/43_15/track_0035_r1.jpg,ml/output/tracks/best_frames_hires/43_15/track_0035_r1.jpg,
43_15.mp4,1,1654,1096,948,1296,1384,270,"И-я ЧАЕП
ЧАСТНдя
ПACNA
НыF
ПА СЕКА Фнтнес
гатнт'
Cтсgu Га
uu!
cтI 6 (Россмн}
2J0
1Gau
2 по цене
99
от цены без
1593)
05'
11%а
319
карты
'nenn
ШПШШП|
оrrmie
ш ПШПI1
мы
99
119
99
07 4:.. 623
159
05
319
1:-- 
9
//","[[""И-я ЧАЕП"", 0.19991054194482255, 16.0], [""ЧАСТНдя"", 0.8498520030134615, 16.0], [""ПACNA"", 0.07963592382784294, 14.0], [""НыF"", 0.036791961437255355, 14.0], [""ПА СЕКА Фнтнес"", 0.4082003871698146, 19.0], [""гатнт'"", 0.1369833655299396, 8.0], [""Cтсgu Га"", 0.06538903202919849, 14.0], [""uu!"", 0.10640162195709738, 25.0], [""cтI 6 (Россмн}"", 0.27181766506722493, 16.0], [""2J0"", 0.9545619349746053, 16.0], [""1Gau"", 0.3313296437263489, 16.0], [""2 по цене"", 0.8067498975622563, 28.0], [""99"", 0.9998930329741906, 16.0], [""от цены без"", 0.9949413675923905, 28.0], [""1593)"", 0.9778385009337591, 24.0], [""05'"", 0.9879887815046144, 50.0], [""11%а"", 0.9384961128234863, 20.0], [""319"", 0.9999296278479316, 50.0], [""карты"", 0.9060439690484245, 24.0], [""'nenn"", 0.03287409696716558, 8.0], [""ШПШШП|"", 0.7555038543807302, 20.0], [""оrrmie"", 0.04792534709706372, 8.0], [""ш ПШПI1"", 0.1309570426870334, 24.0], [""мы"", 0.9877218899089847, 19.748314552243073], [""99"", 0.9999993256504904, 16.0], [""119"", 0.9999715751162594, 21.0], [""99"", 0.9999988198884456, 15.0], [""07 4:.. 623"", 0.4641011742388931, 24.0], [""159"", 0.9997291076875467, 18.5], [""05"", 0.9999994942378553, 48.0], [""319"", 1.0, 51.0], [""1:-- "", 0.16703982257674682, 22.0], [""9"", 0.8622501638551263, 28.0], [""//"", 0.6544952577904058, 19.0]]",,,ml/output/tracks/best_frames/43_15/track_0001_r2.jpg,ml/output/tracks/best_frames_hires/43_15/track_0001_r2.jpg,6 3 9 2 :5 6 5
43_15.mp4,7,1654,1095,708,1290,919,180,"2E Бf
3
1
1
ё
8
=
а
#
8
:
1","[[""2E Бf"", 0.16088096375335428, 17.0], [""3"", 0.8942762082397735, 28.0], [""1"", 0.8878714813190527, 72.0], [""1"", 0.7612294197896894, 95.0], [""ё"", 0.5111076863602513, 32.0], [""8"", 0.9611983523357139, 124.0], [""="", 0.11916557231718716, 22.0], [""а"", 0.7286563055335229, 36.0], [""#"", 0.5010650102119065, 69.0], [""8"", 0.9243075566919892, 26.0], ["":"", 0.2929038078220856, 72.0], [""1"", 0.8406883019156943, 73.0]]",,,ml/output/tracks/best_frames/43_15/track_0007_r0.jpg,ml/output/tracks/best_frames_hires/43_15/track_0007_r0.jpg,8 89 7:
43_15.mp4,2,1654,1112,1434,1310,1646,270,"ЧХЕПИЛ
IACEKA €
галат -
aaana
7u
~teau
1
99
1593
)799""
Иял
[Гага
99
159
799","[[""ЧХЕПИЛ"", 0.5477062366073573, 16.0], [""IACEKA €"", 0.4349830811381302, 14.0], [""галат -"", 0.4739083180405636, 13.0], [""aaana"", 0.5193722276229936, 13.0], [""7u"", 0.09843772743518223, 14.0], [""~teau"", 0.08997416574275867, 8.0], [""1"", 0.6539395279187374, 14.0], [""99"", 0.9991420822859316, 18.0], [""1593"", 0.4532344686589478, 20.0], ["")799\"""", 0.7720597231473711, 66.0], [""Иял"", 0.1755058392318684, 14.585247978209196], [""[Гага"", 0.16475539716093993, 13.632455532033688], [""99"", 0.999994015152757, 16.0], [""159"", 0.9939524862248849, 20.0], [""799"", 0.9999988299663297, 55.5]]",,,ml/output/tracks/best_frames/43_15/track_0002_r1.jpg,ml/output/tracks/best_frames_hires/43_15/track_0002_r1.jpg,1.:
43_15.mp4,3,1654,1125,90,1326,302,0,"3
{8i
;
8
1
[
g
1
g
8
1
5
3","[[""3"", 0.9957724285713176, 24.0], [""{8i"", 0.009638812680109831, 77.0], ["";"", 0.7359744509045782, 61.94184046297738], [""8"", 0.2647559677631115, 36.923047895281655], [""1"", 0.7673974896256972, 62.97365533021106], [""["", 0.31106131149352123, 64.97527105692893], [""g"", 0.6024774591213742, 58.895969922490835], [""1"", 0.6173643337229464, 74.96090602042335], [""g"", 0.5310676006397195, 36.828097617733874], [""8"", 0.34528355818474665, 113.94274230143975], [""1"", 0.6223233638809376, 95.97657785227784], [""5"", 0.8689254140750933, 47.5], [""3"", 0.7188692724080035, 24.0]]",,,ml/output/tracks/best_frames/43_15/track_0003_r0.jpg,ml/output/tracks/best_frames_hires/43_15/track_0003_r0.jpg,38-:
43_15.mp4,0,1654,2213,1887,2412,2066,0,"В
5
1
9
пя
E
1
8
[","[[""В"", 0.4275181325294888, 28.0], [""5"", 0.42651198965169, 48.0], [""1"", 0.7936274699672897, 67.0], [""9"", 0.8674317944758094, 98.0], [""пя"", 0.6864834264564974, 34.0], [""E"", 0.8215142195741123, 28.0], [""1"", 0.9998090358358382, 84.96986093288575], [""8"", 0.617566668343045, 72.95864239600142], [""["", 0.9939416892632522, 58.935479640399635]]",,,ml/output/tracks/best_frames/43_15/track_0000_r0.jpg,ml/output/tracks/best_frames_hires/43_15/track_0000_r0.jpg,6.
43_15.mp4,4,1654,1135,1698,1338,1889,0,"5
Е!
'
8
1
1
g
1
@
8
1","[[""5"", 0.782615521456492, 40.0], [""Е!"", 0.19059151736030114, 38.0], [""'"", 0.34107652766025254, 30.0], [""8"", 0.9963044755031412, 22.0], [""1"", 0.8350549522973871, 78.98334414705049], [""1"", 0.9988263714697041, 75.98198486082066], [""g"", 0.13533281219236049, 52.96262749935431], [""1"", 0.9593106019221977, 72.98045301021166], [""@"", 0.9221387109034964, 105.5006282030352], [""8"", 0.8055867772200145, 20.0], [""1"", 0.6029486191961588, 55.48648641778186]]",,,ml/output/tracks/best_frames/43_15/track_0004_r2.jpg,ml/output/tracks/best_frames_hires/43_15/track_0004_r2.jpg, -0
43_15.mp4,11,1654,2250,1266,2469,1508,0,"&
g
₽
Е
8
If
9
5
1
0
9
8","[[""&"", 0.8585326244181637, 50.0], [""g"", 0.5425479221840455, 28.0], [""₽"", 0.11178720543809106, 50.0], [""Е"", 0.2655007719065203, 32.0], [""8"", 0.9949451353040253, 90.0], [""If"", 0.2748209817047631, 87.0], [""9"", 0.6139348545742997, 26.0], [""5"", 0.5301208462501705, 24.0], [""1"", 0.32533351696486434, 95.97657785227783], [""0"", 0.29845084712224335, 53.5], [""9"", 0.5366525062931125, 36.0], [""8"", 0.4754196669410682, 24.0]]",,,ml/output/tracks/best_frames/43_15/track_0011_r1.jpg,ml/output/tracks/best_frames_hires/43_15/track_0011_r1.jpg,
43_15.mp4,10,1654,279,916,428,1106,180,"jF
8
'
5","[[""jF"", 0.12357885773707226, 30.0], [""8"", 0.975819616145035, 92.0], [""'"", 0.9827797763443336, 44.0], [""5"", 0.09832890654568249, 30.0]]",,,ml/output/tracks/best_frames/43_15/track_0010_r2.jpg,ml/output/tracks/best_frames_hires/43_15/track_0010_r2.jpg,
43_15.mp4,8,1654,341,105,503,288,270,"149
449 ","[[""149"", 0.9996031626288698, 52.809496481471626], [""449 "", 0.4389300048351288, 49.44256100321181]]",,,ml/output/tracks/best_frames/43_15/track_0008_r2.jpg,ml/output/tracks/best_frames_hires/43_15/track_0008_r2.jpg,6
43_15.mp4,0,1805,2213,1887,2412,2066,0,"В
1
я
пя
E
1
В
8
[","[[""В"", 0.09008773675953652, 28.0], [""1"", 0.6562119566480117, 67.0], [""я"", 0.1850434594317143, 96.0], [""пя"", 0.4213172152231861, 34.0], [""E"", 0.5945887517785344, 30.0], [""1"", 0.999882224689884, 84.96986093288575], [""В"", 0.5743285688686797, 54.87882435268244], [""8"", 0.6264990974408171, 72.95864239600142], [""["", 0.9978772949637005, 58.935479640399635]]",,,ml/output/tracks/best_frames/43_15/track_0000_r1.jpg,ml/output/tracks/best_frames_hires/43_15/track_0000_r1.jpg,
43_15.mp4,34,1805,1636,1039,1945,1214,0,"Б8
1
3
[Il
Ё
]
1
g
1
1
1
1
1
'
8
;
9","[[""Б8"", 0.4566263375309556, 56.0], [""1"", 0.9926509478436998, 97.0], [""3"", 0.24053233985468125, 62.0], [""[Il"", 0.16549576029669366, 93.0], [""Ё"", 0.534590652877398, 26.0], [""]"", 0.08667238161067647, 59.0], [""1"", 0.36836838722229004, 93.0], [""g"", 0.9724867018578607, 34.0], [""1"", 0.40953543955589566, 91.0], [""1"", 0.7025851902017308, 84.0], [""1"", 0.6605781320013513, 102.99026852925964], [""1"", 0.784025406685064, 88.98691770366622], [""1"", 0.2948287210146283, 70.97932119800072], [""'"", 0.3896257719148366, 78.9833441470505], [""8"", 0.5991429714551124, 44.94801605407838], ["";"", 0.9925102098561958, 36.92304789528163], [""9"", 0.4679628432650276, 65.5]]",,,ml/output/tracks/best_frames/43_15/track_0034_r0.jpg,ml/output/tracks/best_frames_hires/43_15/track_0034_r0.jpg,5:57
43_15.mp4,10,1805,279,916,428,1106,180,"8
Ё
'","[[""8"", 0.9846736699309453, 92.0], [""Ё"", 0.5799498829405003, 48.0], [""'"", 0.5111485098842081, 30.0]]",,,ml/output/tracks/best_frames/43_15/track_0010_r1.jpg,ml/output/tracks/best_frames_hires/43_15/track_0010_r1.jpg,
43_15.mp4,22,1805,2274,490,2482,724,180,"5
=
[
ё
8
'
I
&
1
5
8
9
1
:
85
5
1
7
1
1
2
:","[[""5"", 0.18674216574031366, 28.0], [""="", 0.09668762967363875, 77.0], [""["", 0.18652110429002633, 81.0], [""ё"", 0.7704551762259513, 28.0], [""8"", 0.9519328404407048, 113.0], [""'"", 0.3460853765218417, 24.0], [""I"", 0.9951661968369905, 67.0], [""&"", 0.9545727885461588, 28.0], [""1"", 0.9968499948855971, 84.98564025080293], [""5"", 0.6131596491289635, 37.0], [""8"", 0.9999502903440352, 26.0], [""9"", 0.8656537243953153, 12.0], [""1"", 0.9986060950217315, 89.0], ["":"", 0.3095595375782523, 28.0], [""85"", 0.18880904065558327, 115.5], [""5"", 0.9998244124249176, 20.0], [""1"", 0.9634761651693822, 55.5], [""7"", 0.19552534675881716, 11.0], [""1"", 0.9976381912283614, 57.0], [""1"", 0.8532264888464312, 10.0], [""2"", 0.5876720155506554, 38.0], ["":"", 0.9085386194902298, 31.47187711526894]]",,,ml/output/tracks/best_frames/43_15/track_0022_r1.jpg,ml/output/tracks/best_frames_hires/43_15/track_0022_r1.jpg,6
43_15.mp4,35,1805,1118,167,1318,400,0,"Е
9
g
$
3
{ila
i
;
1
:
[","[[""Е"", 0.29387513752553573, 30.0], [""9"", 0.9212580410651618, 53.0], [""g"", 0.6876317024414824, 30.0], [""$"", 0.14199910570866425, 109.0], [""3"", 0.8991985147551986, 24.0], [""{ila"", 0.3106915042995775, 78.0], [""i"", 0.39609290959403154, 66.95054211385786], ["";"", 0.521379545217826, 62.94375423053785], [""1"", 0.22201816770800153, 60.97187711526893], ["":"", 0.43746031537752117, 72.95864239600141], [""["", 0.6146824173370646, 90.97383540733244]]",,,ml/output/tracks/best_frames/43_15/track_0035_r2.jpg,ml/output/tracks/best_frames_hires/43_15/track_0035_r2.jpg,
43_15.mp4,1,1805,1096,948,1296,1385,270,"Итя ЧАСП И
Mui ЧАСТНдя
IACEKA €
Ншчч
ПАСЕКА Фнтнеc
Елап _
Eтсuu |Гос
cтI 5 (Россин}
2J0
IJ
2 по цене
99
от цены без
159)
059
11%
319
карты
ШШ
ШШ|
w ПШПИЛп1]
99
99
07 4:.. 623
159
05
119
319
::--
9
7/7/","[[""Итя ЧАСП И"", 0.2748132439537546, 16.0], [""Mui ЧАСТНдя"", 0.9086455021657773, 16.0], [""IACEKA €"", 0.31070556887731465, 14.0], [""Ншчч"", 0.05102183297276497, 14.0], [""ПАСЕКА Фнтнеc"", 0.41481936088979576, 19.0], [""Елап _"", 0.19518968280099602, 14.0], [""Eтсuu |Гос"", 0.18496475371033866, 14.0], [""cтI 5 (Россин}"", 0.26088855547190704, 16.0], [""2J0"", 0.9615007986755041, 16.0], [""IJ"", 0.3749077234660594, 14.0], [""2 по цене"", 0.7283541023930462, 28.0], [""99"", 0.9997516797998661, 16.0], [""от цены без"", 0.9982587401671844, 28.0], [""159)"", 0.9365782737731934, 24.0], [""059"", 0.9772037642643776, 50.0], [""11%"", 0.918799068724915, 20.0], [""319"", 0.9999997935234566, 52.0], [""карты"", 0.8408286339643675, 24.0], [""ШШ"", 0.3883991809988855, 24.0], [""ШШ|"", 0.43898251894286666, 28.0], [""w ПШПИЛп1]"", 0.05054669854120656, 24.0], [""99"", 0.9999500984960464, 15.0], [""99"", 0.9999619837542963, 15.0], [""07 4:.. 623"", 0.4426541103699358, 24.0], [""159"", 0.9989975548833107, 18.5], [""05"", 0.9999957010241584, 46.5], [""119"", 0.9997095465660095, 21.0], [""319"", 1.0, 49.5], [""::--"", 0.14941495656967163, 22.0], [""9"", 0.6218920716571041, 28.0], [""7/7/"", 0.42860308289527893, 18.0]]",,,ml/output/tracks/best_frames/43_15/track_0001_r0.jpg,ml/output/tracks/best_frames_hires/43_15/track_0001_r0.jpg,6 3 91 6 5
43_15.mp4,14,1805,2278,395,2486,622,180,"&
5
[
1
2
8
₽
[
{
g
u
g
1
0
:
:
8
5","[[""&"", 0.4466942470708659, 24.0], [""5"", 0.21346747391959298, 28.0], [""["", 0.2395343836369399, 68.0], [""1"", 0.9875618788427722, 94.0], [""2"", 0.16820120965889274, 28.0], [""8"", 0.5194263112187834, 112.0], [""₽"", 0.12249190165076218, 28.0], [""["", 0.9236317169745725, 53.0], [""{"", 0.3306168294457734, 26.0], [""g"", 0.2621117993287534, 38.0], [""u"", 0.6542411031716711, 28.0], [""g"", 0.6615649219859279, 50.0], [""1"", 0.8390955450368551, 66.97674339530124], [""0"", 0.6947288539413989, 27.5], ["":"", 0.4787769350872537, 51.5], ["":"", 0.9317451041012106, 88.5], [""8"", 0.9642116091823851, 51.5], [""5"", 0.9996061712902247, 30.451609730299715]]",,,ml/output/tracks/best_frames/43_15/track_0014_r0.jpg,ml/output/tracks/best_frames_hires/43_15/track_0014_r0.jpg,8/-:
43_15.mp4,8,1805,341,105,503,288,270,"149
449 ","[[""149"", 0.9998399823920231, 52.809496481471626], [""449 "", 0.5402509959762872, 49.44256100321181]]",,,ml/output/tracks/best_frames/43_15/track_0008_r1.jpg,ml/output/tracks/best_frames_hires/43_15/track_0008_r1.jpg,6
43_15.mp4,3,1805,1125,90,1326,302,180,"@#-n}
а
1
8
1
{
3
1
{
:
3
5
1
1
3
2
:","[[""@#-n}"", 0.05255313921003179, 30.0], [""а"", 0.5519146890336835, 24.0], [""1"", 0.8454860472192003, 56.0], [""8"", 0.6606083615566583, 109.0], [""1"", 0.9467754933305059, 103.0], [""{"", 0.17815478037755383, 24.0], [""3"", 0.9987036617440168, 34.80683447104218], [""1"", 0.3546676632382173, 62.973655330211045], [""{"", 0.691966377367649, 58.96991404929261], ["":"", 0.6403277435171653, 62.94375423053785], [""3"", 0.9999996423721633, 17.0], [""5"", 0.9997686281537632, 52.97933657012507], [""1"", 0.9241015013715561, 64.99029186503554], [""1"", 0.9100266065462534, 63.489806983307744], [""3"", 0.11662282954788683, 62.489463299845056], [""2"", 0.8375601558108237, 49.476064888026286], ["":"", 0.7402845038362251, 34.46290658539339]]",,,ml/output/tracks/best_frames/43_15/track_0003_r1.jpg,ml/output/tracks/best_frames_hires/43_15/track_0003_r1.jpg,28-9
43_15.mp4,4,1805,1138,1688,1343,1893,180,"#
9
#
9
1
!
{
'
5
:
1
1
1
2","[[""#"", 0.5357346384841009, 22.0], [""9"", 0.3969114095554147, 22.0], [""#"", 0.973044241456833, 40.0], [""9"", 0.9217538882594454, 102.57542439021529], [""1"", 0.9686593795662226, 106.99099094518789], [""!"", 0.34401523839548886, 55.96656400996892], [""{"", 0.22773693617688195, 76.98245580136529], [""'"", 0.20466411413737262, 52.96262749935431], [""5"", 0.9997767334640493, 26.0], ["":"", 0.6400594343631951, 48.47425152043752], [""1"", 0.8976192278339603, 70.99192287587101], [""1"", 0.7652039659857088, 70.49180326337012], [""1"", 0.999917032055464, 65.49044583560837], [""2"", 0.8865516775728253, 46.38324247719706]]",,,ml/output/tracks/best_frames/43_15/track_0004_r0.jpg,ml/output/tracks/best_frames_hires/43_15/track_0004_r0.jpg,
43_15.mp4,18,1805,2254,1380,2456,1621,0,"2
5
8
[
1
5
5
₽
1","[[""2"", 0.2267173240896092, 25.0], [""5"", 0.7862896971689146, 50.0], [""8"", 0.967583678211895, 90.0], [""["", 0.9395887717756182, 59.0], [""1"", 0.7320412615043246, 99.0], [""5"", 0.29076441714383705, 26.0], [""5"", 0.5593483610601311, 22.0], [""₽"", 0.48813614565416685, 43.94561242937074], [""1"", 0.28071848021440715, 95.97657785227781]]",,,ml/output/tracks/best_frames/43_15/track_0018_r0.jpg,ml/output/tracks/best_frames_hires/43_15/track_0018_r0.jpg,
43_15.mp4,17,1805,3325,865,3392,963,90,7,"[[""7"", 0.30181013740631, 21.84]]",,,ml/output/tracks/best_frames/43_15/track_0017_r2.jpg,ml/output/tracks/best_frames_hires/43_15/track_0017_r2.jpg,
43_15.mp4,2,1805,1112,1434,1310,1646,180,"9
₽
I
Il
i
8
'
{
1
8
8
:
1
1
1
2","[[""9"", 0.9691334360975681, 22.0], [""₽"", 0.8554914919962044, 59.0], [""I"", 0.6140318130421782, 26.0], [""Il"", 0.2573795043936687, 54.0], [""i"", 0.7830757074218333, 26.0], [""8"", 0.9994685164153658, 78.1216869611069], [""'"", 0.4976105051554356, 42.94304067756627], [""{"", 0.3191353564262158, 48.95621185796966], [""1"", 0.9045349588156029, 44.94801605407838], [""8"", 0.5228431912751716, 56.0], [""8"", 0.9664898231992289, 19.5], ["":"", 0.8259496272691571, 41.0], [""1"", 0.957168457333669, 26.0], [""1"", 0.3120598070576399, 26.0], [""1"", 0.8167247438632899, 68.5], [""2"", 0.6943120953258166, 47.0]]",,,ml/output/tracks/best_frames/43_15/track_0002_r2.jpg,ml/output/tracks/best_frames_hires/43_15/track_0002_r2.jpg,
43_15.mp4,6,1805,286,510,436,711,0,"8
3
0
:","[[""8"", 0.9867871473549172, 108.0], [""3"", 0.6759346276582825, 43.880570000581315], [""0"", 0.9090427390694913, 35.0], ["":"", 0.9970648400631035, 19.0]]",,,ml/output/tracks/best_frames/43_15/track_0006_r2.jpg,ml/output/tracks/best_frames_hires/43_15/track_0006_r2.jpg,
43_15.mp4,11,1805,2250,1266,2469,1508,0,"&
g
Е
[
1
2
9
8
1
92
0
9
8","[[""&"", 0.27129341807284746, 50.0], [""g"", 0.7378779746744648, 28.0], [""Е"", 0.11241283905420474, 46.0], [""["", 0.9485502126183043, 59.0], [""1"", 0.9828413482691758, 107.0], [""2"", 0.720788208898071, 82.0], [""9"", 0.45105038166992983, 26.0], [""8"", 0.9813782075463031, 24.0], [""1"", 0.6192458242208545, 95.97657785227783], [""92"", 0.9286528349913558, 17.5], [""0"", 0.7970746575138641, 37.0], [""9"", 0.579998362165103, 36.0], [""8"", 0.3840012184196304, 23.0]]",,,ml/output/tracks/best_frames/43_15/track_0011_r2.jpg,ml/output/tracks/best_frames_hires/43_15/track_0011_r2.jpg,
43_15.mp4,33,1955,3292,1255,3358,1425,0,"{
9","[[""{"", 0.9880039234514157, 140.98938652342997], [""9"", 0.29713138207085876, 103.99363527326716]]",,,ml/output/tracks/best_frames/43_15/track_0033_r1.jpg,ml/output/tracks/best_frames_hires/43_15/track_0033_r1.jpg,
43_15.mp4,35,1955,1118,167,1318,400,180,"g
а
Jltidl]
1
5
8
%
8
1
{
ё
:
2
8
3
8
8
1
1
:
4","[[""g"", 0.7147897069954787, 24.0], [""а"", 0.5155073021104641, 24.0], [""Jltidl]"", 0.1781726026943366, 74.0], [""1"", 0.8553213692907526, 56.0], [""5"", 0.26866139366035213, 32.0], [""8"", 0.6996272319374839, 109.0], [""%"", 0.8211966965241722, 24.0], [""8"", 0.09001622630770445, 76.96298958171178], [""1"", 0.6462139124377906, 62.973655330211045], [""{"", 0.5193984749344658, 58.96991404929258], [""ё"", 0.1337897293368009, 62.94375423053782], ["":"", 0.1023348507587265, 34.91404880886694], [""2"", 0.32936481801118944, 15.0], [""8"", 0.997228399777228, 107.5], [""3"", 0.993500338142951, 32.0], [""8"", 0.9958617673119221, 52.5], [""8"", 0.5362589009970442, 73.98983479932292], [""1"", 0.8894990621873013, 64.49013414849838], [""1"", 0.943266467956164, 61.489101969212186], ["":"", 0.409588232506394, 63.485951066460075], [""4"", 0.3077298675913518, 34.4629065853934]]",,,ml/output/tracks/best_frames/43_15/track_0035_r0.jpg,ml/output/tracks/best_frames_hires/43_15/track_0035_r0.jpg,
43_15.mp4,20,1955,283,981,429,1189,180,"8
'
'
9","[[""8"", 0.9485517219468562, 88.0], [""'"", 0.9483533135907898, 44.0], [""'"", 0.48377151232722326, 30.0], [""9"", 0.26521454859539517, 93.0]]",,,ml/output/tracks/best_frames/43_15/track_0020_r2.jpg,ml/output/tracks/best_frames_hires/43_15/track_0020_r2.jpg,
43_15.mp4,22,1955,2274,490,2482,724,180,"&
5
1
1
ё
8
I
&
'
5
8
1
:
8:
5
1
3
1
1
8
5","[[""&"", 0.4955628725786063, 24.0], [""5"", 0.2337557984173424, 28.0], [""1"", 0.9298547883588668, 74.0], [""1"", 0.9805706099248859, 94.0], [""ё"", 0.8502092864094699, 28.0], [""8"", 0.9181979147938932, 113.0], [""I"", 0.9940392655683219, 67.0], [""&"", 0.8694514356609808, 28.0], [""'"", 0.614515318475469, 54.96532330749699], [""5"", 0.7977313526426002, 37.0], [""8"", 0.9999233498956848, 26.0], [""1"", 0.9995978283007076, 89.0], ["":"", 0.34028088384913247, 28.0], [""8:"", 0.7736193364596621, 115.0], [""5"", 0.9002955777464337, 18.0], [""1"", 0.8951727623395165, 71.5], [""3"", 0.13157188282078014, 11.0], [""1"", 0.12014982051278267, 54.0], [""1"", 0.8091797307635638, 10.0], [""8"", 0.5909974754216627, 39.0], [""5"", 0.9637041181239425, 31.47187711526894]]",,,ml/output/tracks/best_frames/43_15/track_0022_r0.jpg,ml/output/tracks/best_frames_hires/43_15/track_0022_r0.jpg,.
43_15.mp4,0,1955,2214,1887,2412,2066,0,"B
9
1
[
В
8
[
E
5
8","[[""B"", 0.044006482485574816, 28.0], [""9"", 0.7342989197170802, 96.0], [""1"", 0.9988827251606871, 83.96911150685469], [""["", 0.5402064459963327, 98.97802181168561], [""В"", 0.47730553922589536, 53.87388251842563], [""8"", 0.38448227187675243, 72.95864239600142], [""["", 0.997207329105013, 56.967739820199824], [""E"", 0.35168221938477373, 42.87465546417616], [""5"", 0.4052979070087339, 31.0], [""8"", 0.995103288715601, 20.0]]",,,ml/output/tracks/best_frames/43_15/track_0000_r2.jpg,ml/output/tracks/best_frames_hires/43_15/track_0000_r2.jpg,
43_15.mp4,1,1955,1096,948,1296,1385,270,"Ияя ЧАСП |
Mui ЧАСТНдя
IACEKA €
Н1ч
ПАСЕКА Фчтнес
пгптнп'
Етстu |Гос
ст 5 /Россмн}
2J0
Jiu
2 по цене
99
от цены без
159)
059
11%
319
карты
ШШШШ
щгоnsu
u ПШПШП]
99
99
67 4:-. 623
159
05
119
319
:--
99
41","[[""Ияя ЧАСП |"", 0.3962911586032251, 16.0], [""Mui ЧАСТНдя"", 0.8121827318277594, 16.0], [""IACEKA €"", 0.17207044382178624, 14.0], [""Н1ч"", 0.3239487559291562, 14.0], [""ПАСЕКА Фчтнес"", 0.6187837841467233, 19.0], [""пгптнп'"", 0.17081306256053644, 8.0], [""Етстu |Гос"", 0.3197307173672714, 14.0], [""ст 5 /Россмн}"", 0.3088935771690882, 16.0], [""2J0"", 0.9395851902609618, 16.0], [""Jiu"", 0.10747192866834174, 16.0], [""2 по цене"", 0.7158048935218675, 28.0], [""99"", 0.9994797660622332, 16.0], [""от цены без"", 0.8895575846321063, 28.0], [""159)"", 0.9331746101379395, 24.0], [""059"", 0.9727408135277769, 50.0], [""11%"", 0.9717944562981873, 20.0], [""319"", 0.6548703459077283, 54.0], [""карты"", 0.9791055634249847, 24.0], [""ШШШШ"", 0.14472797513008118, 28.0], [""щгоnsu"", 0.023459496469499446, 8.0], [""u ПШПШП]"", 0.21397657735698897, 26.0], [""99"", 0.9995563910971464, 15.0], [""99"", 0.9999336615049439, 16.0], [""67 4:-. 623"", 0.4627591777836121, 24.0], [""159"", 0.7116872462356695, 18.5], [""05"", 0.9999965439601713, 46.5], [""119"", 0.6515225172042847, 21.0], [""319"", 1.0, 49.5], ["":--"", 0.1423458028791305, 22.0], [""99"", 0.46196168455804454, 28.0], [""41"", 0.17378862762937528, 18.0]]",,,ml/output/tracks/best_frames/43_15/track_0001_r1.jpg,ml/output/tracks/best_frames_hires/43_15/track_0001_r1.jpg,6 2  1 6 5
43_15.mp4,2,1955,1112,1434,1310,1646,0,"#
Ё
Е
8
{M
;
5
'
1
5
5","[[""#"", 0.05419510777354564, 44.0], [""Ё"", 0.2004122559994812, 52.0], [""Е"", 0.5720507772004026, 26.0], [""8"", 0.9981245259587581, 102.0], [""{M"", 0.2044715367728367, 97.0], ["";"", 0.13380287611912767, 26.0], [""5"", 0.9911739933137511, 22.0], [""'"", 0.9793211421632328, 40.93732773208808], [""1"", 0.9191811226490962, 58.96991404929264], [""5"", 0.9035891932317242, 22.0], [""5"", 0.6054996464754971, 21.0]]",,,ml/output/tracks/best_frames/43_15/track_0002_r0.jpg,ml/output/tracks/best_frames_hires/43_15/track_0002_r0.jpg,871
43_15.mp4,3,1955,1125,90,1326,303,180,"g
я
stid]
1
&
8
8
3
1
{
а
:
3
9
5
1
1
3
2","[[""g"", 0.9942985018881245, 28.0], [""я"", 0.3246868698716412, 26.0], [""stid]"", 0.09095491901212113, 78.0], [""1"", 0.9168707053426353, 56.0], [""&"", 0.19722390335729845, 104.0], [""8"", 0.3895655761850527, 24.0], [""8"", 0.21385898046597518, 74.96090602042335], [""3"", 0.9998147573435432, 34.80683447104218], [""1"", 0.41644590072468546, 62.973655330211045], [""{"", 0.9227736949824816, 60.97187711526894], [""а"", 0.16418373492946703, 60.93982809858528], ["":"", 0.12211323498779425, 36.923047895281655], [""3"", 0.9999997615814351, 17.0], [""9"", 0.21426229543239916, 41.5], [""5"", 0.9992745046881204, 52.97933657012507], [""1"", 0.9840782768156977, 65.49044583560837], [""1"", 0.22595551874060593, 64.49013414849838], [""3"", 0.1380462309832673, 62.489463299845056], [""2"", 0.10495417929948658, 34.9640361012533]]",,,ml/output/tracks/best_frames/43_15/track_0003_r2.jpg,ml/output/tracks/best_frames_hires/43_15/track_0003_r2.jpg,2879
43_15.mp4,4,1955,1138,1688,1343,1893,0,"5
'
1
1
1
5
@
8
1","[[""5"", 0.6420664847573789, 40.0], [""'"", 0.2330803072428722, 30.0], [""1"", 0.7910310972034154, 96.97707454755316], [""1"", 0.9744338470972345, 76.98245580136528], [""1"", 0.9992096794143812, 76.98245580136528], [""5"", 0.13496455581795264, 50.95960811756082], [""@"", 0.8881732179622901, 108.6487398335427], [""8"", 0.8758212921980544, 19.0], [""1"", 0.623566362203892, 53.48540279388945]]",,,ml/output/tracks/best_frames/43_15/track_0004_r1.jpg,ml/output/tracks/best_frames_hires/43_15/track_0004_r1.jpg,
43_15.mp4,5,1955,3273,1294,3359,1488,0,"{
4","[[""{"", 0.9880557051820951, 149.98558452580608], [""4"", 0.9321173897708981, 42.5]]",,,ml/output/tracks/best_frames/43_15/track_0005_r2.jpg,ml/output/tracks/best_frames_hires/43_15/track_0005_r2.jpg,8
43_15.mp4,8,1955,341,105,502,288,270,"149
2149 ","[[""149"", 0.8291881084442139, 50.79206421631358], [""2149 "", 0.5964015795219618, 51.44767081466489]]",,,ml/output/tracks/best_frames/43_15/track_0008_r0.jpg,ml/output/tracks/best_frames_hires/43_15/track_0008_r0.jpg,3
43_15.mp4,6,1955,286,510,436,711,0,"8
3
","[[""8"", 0.8028978692746023, 106.0], [""3"", 0.7921568431561496, 41.86829814905059], ["""", 0.0, 34.5]]",,,ml/output/tracks/best_frames/43_15/track_0006_r1.jpg,ml/output/tracks/best_frames_hires/43_15/track_0006_r1.jpg,
43_15.mp4,10,1955,279,916,428,1106,180,";
8
Ё
'","[["";"", 0.14627419120473917, 30.0], [""8"", 0.9749983008094922, 92.0], [""Ё"", 0.5204974572736774, 48.0], [""'"", 0.5007165672735461, 30.0]]",,,ml/output/tracks/best_frames/43_15/track_0010_r0.jpg,ml/output/tracks/best_frames_hires/43_15/track_0010_r0.jpg,
43_15.mp4,13,1955,3317,778,3399,969,90,=,"[[""="", 0.970811752931823, 24.0]]",,,ml/output/tracks/best_frames/43_15/track_0013_r2.jpg,ml/output/tracks/best_frames_hires/43_15/track_0013_r2.jpg,
43_15.mp4,14,1955,2278,395,2485,622,180,"8
Е
1
[
jё
8
{
'
5
!
g
1
1
1
:
1:
09
5","[[""8"", 0.3342473304684326, 24.0], [""Е"", 0.14550896612126962, 28.0], [""1"", 0.8615001491882737, 75.0], [""["", 0.42072601005565957, 83.0], [""jё"", 0.26167999337565767, 34.0], [""8"", 0.44964624026091826, 117.0], [""{"", 0.35141871985956996, 26.0], [""'"", 0.9888956592108258, 74.0], [""5"", 0.2740099043792412, 28.0], [""!"", 0.7373084302503798, 52.0], [""g"", 0.4050935550145027, 52.0], [""1"", 0.9657592510603905, 54.96532330749693], [""1"", 0.7338833223659549, 64.97527105692893], [""1"", 0.3525864870403126, 66.97674339530124], ["":"", 0.8076924355181383, 51.5], [""1:"", 0.30692928665114616, 88.5], [""09"", 0.7141628219251179, 92.5], [""5"", 0.9991462861436027, 29.447984961245417]]",,,ml/output/tracks/best_frames/43_15/track_0014_r1.jpg,ml/output/tracks/best_frames_hires/43_15/track_0014_r1.jpg, -:
43_15.mp4,17,1955,3325,865,3392,963,270,2,"[[""2"", 0.6427070190411541, 17.16]]",,,ml/output/tracks/best_frames/43_15/track_0017_r0.jpg,ml/output/tracks/best_frames_hires/43_15/track_0017_r0.jpg,
43_15.mp4,9,1955,2270,0,2463,133,270,"REMIUH
€ ОПадл
солн) ISr
105
99
244
99
2449","[[""REMIUH"", 0.3087080570640325, 16.0], [""€ ОПадл"", 0.21063246371310568, 16.0], [""солн) ISr"", 0.4103344702932446, 16.0], [""105"", 0.926971983956528, 16.0], [""99"", 0.6952033897950073, 20.0], [""244"", 0.9999998623489704, 54.0], [""99"", 0.9771120038119684, 18.0], [""2449"", 0.5471080541610718, 57.5]]",,,ml/output/tracks/best_frames/43_15/track_0009_r1.jpg,ml/output/tracks/best_frames_hires/43_15/track_0009_r1.jpg,21
43_15.mp4,16,2106,3216,1676,3330,1855,270,zae:,"[[""zae:"", 0.30359241366386414, 45.82085500087199]]",,,ml/output/tracks/best_frames/43_15/track_0016_r0.jpg,ml/output/tracks/best_frames_hires/43_15/track_0016_r0.jpg,
43_15.mp4,17,2106,3325,865,3392,966,90,=,"[[""="", 0.18503469067674416, 19.32]]",,,ml/output/tracks/best_frames/43_15/track_0017_r1.jpg,ml/output/tracks/best_frames_hires/43_15/track_0017_r1.jpg,
43_15.mp4,37,2106,285,864,425,1023,90,"gOg
ang t","[[""gOg"", 0.9318387744424166, 53.0], [""ang t"", 0.15609617930320135, 14.0]]",,,ml/output/tracks/best_frames/43_15/track_0037_r0.jpg,ml/output/tracks/best_frames_hires/43_15/track_0037_r0.jpg,6
43_15.mp4,41,2256,3196,1758,3293,1929,0,,[],,,ml/output/tracks/best_frames/43_15/track_0041_r1.jpg,ml/output/tracks/best_frames_hires/43_15/track_0041_r1.jpg,
43_15.mp4,42,2256,3292,362,3384,595,0,,[],,,ml/output/tracks/best_frames/43_15/track_0042_r0.jpg,ml/output/tracks/best_frames_hires/43_15/track_0042_r0.jpg,
43_15.mp4,40,2256,286,1014,431,1222,270,"305
305","[[""305"", 0.9998494801155602, 43.0], [""305"", 0.9990705693011028, 44.5]]",,,ml/output/tracks/best_frames/43_15/track_0040_r0.jpg,ml/output/tracks/best_frames_hires/43_15/track_0040_r0.jpg,
43_15.mp4,37,2256,284,864,424,1036,270,"305
305","[[""305"", 0.9999575347777906, 43.0], [""305"", 0.999910940314393, 48.0]]",,,ml/output/tracks/best_frames/43_15/track_0037_r1.jpg,ml/output/tracks/best_frames_hires/43_15/track_0037_r1.jpg,8
43_15.mp4,38,2256,3272,1390,3350,1577,0,,[],,,ml/output/tracks/best_frames/43_15/track_0038_r0.jpg,ml/output/tracks/best_frames_hires/43_15/track_0038_r0.jpg,
43_15.mp4,39,2256,302,444,446,644,180,8,"[[""8"", 0.9837892792163849, 90.0]]",,,ml/output/tracks/best_frames/43_15/track_0039_r0.jpg,ml/output/tracks/best_frames_hires/43_15/track_0039_r0.jpg,9
43_15.mp4,39,2406,298,476,448,681,270,"305
305","[[""305"", 0.9638222557639, 43.0], [""305"", 0.9994324175589746, 40.5]]",,,ml/output/tracks/best_frames/43_15/track_0039_r1.jpg,ml/output/tracks/best_frames_hires/43_15/track_0039_r1.jpg,9
43_15.mp4,40,2406,288,1041,435,1264,0,8,"[[""8"", 0.8998142441032684, 90.0]]",,,ml/output/tracks/best_frames/43_15/track_0040_r2.jpg,ml/output/tracks/best_frames_hires/43_15/track_0040_r2.jpg,
43_15.mp4,41,2406,3202,1717,3304,1905,0,,[],,,ml/output/tracks/best_frames/43_15/track_0041_r0.jpg,ml/output/tracks/best_frames_hires/43_15/track_0041_r0.jpg,
43_15.mp4,38,2406,3266,1355,3352,1549,0,,[],,,ml/output/tracks/best_frames/43_15/track_0038_r1.jpg,ml/output/tracks/best_frames_hires/43_15/track_0038_r1.jpg,
43_15.mp4,42,2406,3300,413,3386,569,0,,[],,,ml/output/tracks/best_frames/43_15/track_0042_r2.jpg,ml/output/tracks/best_frames_hires/43_15/track_0042_r2.jpg,
43_15.mp4,47,2406,3267,1426,3346,1618,0,,[],,,ml/output/tracks/best_frames/43_15/track_0047_r2.jpg,ml/output/tracks/best_frames_hires/43_15/track_0047_r2.jpg,
43_15.mp4,57,2557,3248,1483,3336,1639,0,,[],,,ml/output/tracks/best_frames/43_15/track_0057_r1.jpg,ml/output/tracks/best_frames_hires/43_15/track_0057_r1.jpg,
43_15.mp4,58,2557,1098,1058,1294,1257,0,"Е
""
@
I
Лlilh
6","[[""Е"", 0.5922740284817429, 32.0], [""\"""", 0.4590215275009122, 64.0], [""@"", 0.8552448581778869, 113.0], [""I"", 0.9925371690187603, 92.0], [""Лlilh"", 0.23761788059793088, 16.0], [""6"", 0.9717237830119849, 60.5]]",,,ml/output/tracks/best_frames/43_15/track_0058_r2.jpg,ml/output/tracks/best_frames_hires/43_15/track_0058_r2.jpg,
43_15.mp4,55,2557,2192,2073,2390,2159,270,"14
14","[[""14"", 0.9985170903523618, 52.0], [""14"", 0.9971935846392401, 49.0]]",,,ml/output/tracks/best_frames/43_15/track_0055_r2.jpg,ml/output/tracks/best_frames_hires/43_15/track_0055_r2.jpg,
43_15.mp4,54,2557,292,1080,439,1301,0,8,"[[""8"", 0.9430191816429669, 91.0]]",,,ml/output/tracks/best_frames/43_15/track_0054_r1.jpg,ml/output/tracks/best_frames_hires/43_15/track_0054_r1.jpg,
43_15.mp4,53,2557,1127,1616,1326,1842,180,"F
8
8","[[""F"", 0.3583992101062563, 61.0], [""8"", 0.9992455475504727, 99.0], [""8"", 0.9967760839746376, 125.67700652622112]]",,,ml/output/tracks/best_frames/43_15/track_0053_r0.jpg,ml/output/tracks/best_frames_hires/43_15/track_0053_r0.jpg,
43_15.mp4,51,2557,2279,103,2455,313,270,"га5и
#nlc
244
244","[[""га5и"", 0.0793550526485111, 18.0], [""#nlc"", 0.18669535155624017, 14.0], [""244"", 0.9035292330183562, 57.0], [""244"", 0.829925000667572, 56.5]]",,,ml/output/tracks/best_frames/43_15/track_0051_r1.jpg,ml/output/tracks/best_frames_hires/43_15/track_0051_r1.jpg,
43_15.mp4,52,2557,2274,597,2474,840,270,"679
679","[[""679"", 0.9999876114175069, 67.0], [""679"", 0.9995531269033144, 49.5]]",,,ml/output/tracks/best_frames/43_15/track_0052_r1.jpg,ml/output/tracks/best_frames_hires/43_15/track_0052_r1.jpg,
43_15.mp4,39,2557,296,516,445,716,270,"305
305","[[""305"", 0.9998730868285932, 41.0], [""305"", 0.9998034369163669, 43.0]]",,,ml/output/tracks/best_frames/43_15/track_0039_r2.jpg,ml/output/tracks/best_frames_hires/43_15/track_0039_r2.jpg,1
43_15.mp4,42,2557,3300,454,3388,615,0,,[],,,ml/output/tracks/best_frames/43_15/track_0042_r1.jpg,ml/output/tracks/best_frames_hires/43_15/track_0042_r1.jpg,
43_15.mp4,41,2557,3175,1755,3292,1950,0,,[],,,ml/output/tracks/best_frames/43_15/track_0041_r2.jpg,ml/output/tracks/best_frames_hires/43_15/track_0041_r2.jpg,
43_15.mp4,40,2557,278,1015,427,1214,270,"305
305","[[""305"", 0.999874600964339, 49.0], [""305"", 0.9999235352440539, 39.0]]",,,ml/output/tracks/best_frames/43_15/track_0040_r1.jpg,ml/output/tracks/best_frames_hires/43_15/track_0040_r1.jpg,
43_15.mp4,38,2557,3265,1355,3339,1516,0,,[],,,ml/output/tracks/best_frames/43_15/track_0038_r2.jpg,ml/output/tracks/best_frames_hires/43_15/track_0038_r2.jpg,
43_15.mp4,47,2557,3248,1387,3343,1600,0,,[],,,ml/output/tracks/best_frames/43_15/track_0047_r1.jpg,ml/output/tracks/best_frames_hires/43_15/track_0047_r1.jpg,
43_15.mp4,51,2707,2263,103,2449,304,270,"244
244","[[""244"", 0.8310680102838117, 63.0], [""244"", 0.9530123405132993, 43.0]]",,,ml/output/tracks/best_frames/43_15/track_0051_r0.jpg,ml/output/tracks/best_frames_hires/43_15/track_0051_r0.jpg,
43_15.mp4,63,2707,2270,668,2469,909,270,"679
679","[[""679"", 0.999982931291694, 68.0], [""679"", 0.6636823199166045, 49.5]]",,,ml/output/tracks/best_frames/43_15/track_0063_r1.jpg,ml/output/tracks/best_frames_hires/43_15/track_0063_r1.jpg,
43_15.mp4,62,2707,294,1113,441,1345,270,"305
305","[[""305"", 0.9999281465077696, 43.0], [""305"", 0.8361077904701233, 42.5]]",,,ml/output/tracks/best_frames/43_15/track_0062_r1.jpg,ml/output/tracks/best_frames_hires/43_15/track_0062_r1.jpg,
43_15.mp4,66,2707,3304,1043,3373,1147,0,,[],,,ml/output/tracks/best_frames/43_15/track_0066_r1.jpg,ml/output/tracks/best_frames_hires/43_15/track_0066_r1.jpg,
43_15.mp4,61,2707,2276,168,2458,386,270,"244
744","[[""244"", 0.808554470539093, 62.0], [""744"", 0.48299890756607056, 55.5]]",,,ml/output/tracks/best_frames/43_15/track_0061_r0.jpg,ml/output/tracks/best_frames_hires/43_15/track_0061_r0.jpg,
43_15.mp4,60,2707,2226,1529,2435,1777,270,"469
469","[[""469"", 0.9999964898995394, 68.0], [""469"", 0.9997449369983048, 51.5]]",,,ml/output/tracks/best_frames/43_15/track_0060_r1.jpg,ml/output/tracks/best_frames_hires/43_15/track_0060_r1.jpg,
43_15.mp4,67,2707,1126,1660,1325,1885,0,8,"[[""8"", 0.9999866486041356, 99.0]]",,,ml/output/tracks/best_frames/43_15/track_0067_r0.jpg,ml/output/tracks/best_frames_hires/43_15/track_0067_r0.jpg,2
43_15.mp4,64,2707,355,136,501,307,0,,[],,,ml/output/tracks/best_frames/43_15/track_0064_r0.jpg,ml/output/tracks/best_frames_hires/43_15/track_0064_r0.jpg,
43_15.mp4,57,2707,3234,1451,3334,1657,0,,[],,,ml/output/tracks/best_frames/43_15/track_0057_r0.jpg,ml/output/tracks/best_frames_hires/43_15/track_0057_r0.jpg,
43_15.mp4,55,2707,2180,2078,2384,2159,270,"514
514","[[""514"", 1.0, 56.0], [""514"", 0.999911904335022, 50.0]]",,,ml/output/tracks/best_frames/43_15/track_0055_r1.jpg,ml/output/tracks/best_frames_hires/43_15/track_0055_r1.jpg,7
43_15.mp4,54,2707,283,1057,434,1252,180,8,"[[""8"", 0.9996353720277149, 91.0]]",,,ml/output/tracks/best_frames/43_15/track_0054_r0.jpg,ml/output/tracks/best_frames_hires/43_15/track_0054_r0.jpg,
43_15.mp4,53,2707,1118,1585,1321,1798,0,8,"[[""8"", 0.9999966621426779, 101.0]]",,,ml/output/tracks/best_frames/43_15/track_0053_r1.jpg,ml/output/tracks/best_frames_hires/43_15/track_0053_r1.jpg,
43_15.mp4,52,2707,2267,573,2467,805,270,"679
679","[[""679"", 0.9999696480094156, 67.0], [""679"", 0.5833727717399597, 44.5]]",,,ml/output/tracks/best_frames/43_15/track_0052_r0.jpg,ml/output/tracks/best_frames_hires/43_15/track_0052_r0.jpg,
43_15.mp4,47,2707,3251,1404,3344,1585,0,,[],,,ml/output/tracks/best_frames/43_15/track_0047_r0.jpg,ml/output/tracks/best_frames_hires/43_15/track_0047_r0.jpg,
43_15.mp4,64,2858,341,205,489,385,270,"1
1","[[""1"", 0.2144030003495665, 44.722907144226156], [""1"", 0.24228840531904527, 32.0]]",,,ml/output/tracks/best_frames/43_15/track_0064_r1.jpg,ml/output/tracks/best_frames_hires/43_15/track_0064_r1.jpg,
43_15.mp4,68,2858,3219,1500,3323,1718,0,,[],,,ml/output/tracks/best_frames/43_15/track_0068_r0.jpg,ml/output/tracks/best_frames_hires/43_15/track_0068_r0.jpg,
43_15.mp4,67,2858,1120,1648,1321,1854,270,"799
799","[[""799"", 0.9999965587250227, 57.40232405865794], [""799"", 0.9999507210936407, 54.0]]",,,ml/output/tracks/best_frames/43_15/track_0067_r1.jpg,ml/output/tracks/best_frames_hires/43_15/track_0067_r1.jpg,9
43_15.mp4,74,2858,297,1182,446,1406,180,"8
8","[[""8"", 0.9830940379005284, 95.0], [""8"", 0.9788666553593117, 94.5]]",,,ml/output/tracks/best_frames/43_15/track_0074_r2.jpg,ml/output/tracks/best_frames_hires/43_15/track_0074_r2.jpg,
43_15.mp4,66,2858,3288,1015,3373,1215,0,,[],,,ml/output/tracks/best_frames/43_15/track_0066_r0.jpg,ml/output/tracks/best_frames_hires/43_15/track_0066_r0.jpg,
43_15.mp4,80,2858,1130,1725,1326,1953,270,"'799'
178
1
799","[[""'799'"", 0.4374964607663878, 55.0], [""178"", 0.9864088682530502, 59.31938314672658], [""1"", 0.9995824534540851, 30.5], [""799"", 0.9999816236100062, 54.5]]",,,ml/output/tracks/best_frames/43_15/track_0080_r0.jpg,ml/output/tracks/best_frames_hires/43_15/track_0080_r0.jpg,5
43_15.mp4,75,2858,3289,1100,3362,1251,0,,[],,,ml/output/tracks/best_frames/43_15/track_0075_r2.jpg,ml/output/tracks/best_frames_hires/43_15/track_0075_r2.jpg,
43_15.mp4,77,2858,3297,579,3385,746,0,,[],,,ml/output/tracks/best_frames/43_15/track_0077_r2.jpg,ml/output/tracks/best_frames_hires/43_15/track_0077_r2.jpg,
43_15.mp4,62,2858,286,1110,438,1310,180,8,"[[""8"", 0.9475448023549724, 99.0]]",,,ml/output/tracks/best_frames/43_15/track_0062_r0.jpg,ml/output/tracks/best_frames_hires/43_15/track_0062_r0.jpg,
43_15.mp4,83,2858,314,373,462,540,270,1a,"[[""1a"", 0.24830306874492322, 36.0]]",,,ml/output/tracks/best_frames/43_15/track_0083_r2.jpg,ml/output/tracks/best_frames_hires/43_15/track_0083_r2.jpg,
43_15.mp4,55,2858,2183,2079,2386,2159,270,"5
5","[[""5"", 0.9970991222107841, 34.0], [""5"", 1.0, 41.0]]",,,ml/output/tracks/best_frames/43_15/track_0055_r0.jpg,ml/output/tracks/best_frames_hires/43_15/track_0055_r0.jpg,9
43_15.mp4,61,2858,2267,189,2450,367,270,"244
244","[[""244"", 0.9994269609451294, 57.0], [""244"", 0.9695187541650434, 49.0]]",,,ml/output/tracks/best_frames/43_15/track_0061_r1.jpg,ml/output/tracks/best_frames_hires/43_15/track_0061_r1.jpg,
43_15.mp4,60,2858,2212,1515,2427,1735,270,"469
469","[[""469"", 0.9988967397322669, 60.0], [""469"", 0.8421644155182696, 52.0]]",,,ml/output/tracks/best_frames/43_15/track_0060_r0.jpg,ml/output/tracks/best_frames_hires/43_15/track_0060_r0.jpg,57
43_15.mp4,82,2858,276,797,428,984,0,9,"[[""9"", 0.9795904868634722, 93.0]]",,,ml/output/tracks/best_frames/43_15/track_0082_r1.jpg,ml/output/tracks/best_frames_hires/43_15/track_0082_r1.jpg,
43_15.mp4,63,2858,2263,656,2469,888,270,"679
679","[[""679"", 0.999999449395897, 67.0], [""679"", 0.9583091735839844, 51.5]]",,,ml/output/tracks/best_frames/43_15/track_0063_r2.jpg,ml/output/tracks/best_frames_hires/43_15/track_0063_r2.jpg,11
43_15.mp4,86,3008,3110,1910,3217,2109,0,,[],,,ml/output/tracks/best_frames/43_15/track_0086_r1.jpg,ml/output/tracks/best_frames_hires/43_15/track_0086_r1.jpg,
43_15.mp4,75,3008,3272,1080,3360,1283,0,,[],,,ml/output/tracks/best_frames/43_15/track_0075_r1.jpg,ml/output/tracks/best_frames_hires/43_15/track_0075_r1.jpg,
43_15.mp4,85,3008,368,47,511,231,0,,[],,,ml/output/tracks/best_frames/43_15/track_0085_r1.jpg,ml/output/tracks/best_frames_hires/43_15/track_0085_r1.jpg,
43_15.mp4,77,3008,3278,566,3374,777,0,,[],,,ml/output/tracks/best_frames/43_15/track_0077_r1.jpg,ml/output/tracks/best_frames_hires/43_15/track_0077_r1.jpg,
43_15.mp4,81,3008,1084,1020,1289,1233,0,"#
8
{
0","[[""#"", 0.06358132039065456, 62.0], [""8"", 0.9963420763235185, 106.0], [""{"", 0.6932489590833626, 50.0], [""0"", 0.27514540810494736, 53.5]]",,,ml/output/tracks/best_frames/43_15/track_0081_r0.jpg,ml/output/tracks/best_frames_hires/43_15/track_0081_r0.jpg,
43_15.mp4,83,3008,316,336,460,529,270,"1a
6","[[""1a"", 0.20146166331560397, 41.0], [""6"", 0.7327524396521454, 33.5]]",,,ml/output/tracks/best_frames/43_15/track_0083_r1.jpg,ml/output/tracks/best_frames_hires/43_15/track_0083_r1.jpg,
43_15.mp4,74,3008,295,1165,444,1364,270,"305
305","[[""305"", 0.9858556080398048, 43.0], [""305"", 0.6729981605530899, 45.0]]",,,ml/output/tracks/best_frames/43_15/track_0074_r0.jpg,ml/output/tracks/best_frames_hires/43_15/track_0074_r0.jpg,
43_15.mp4,82,3008,276,870,429,961,90,50,"[[""50"", 0.9936340220444552, 32.0]]",,,ml/output/tracks/best_frames/43_15/track_0082_r0.jpg,ml/output/tracks/best_frames_hires/43_15/track_0082_r0.jpg,
43_15.mp4,80,3008,1123,1699,1321,1900,180,8,"[[""8"", 0.9999557738425757, 100.5869176491247]]",,,ml/output/tracks/best_frames/43_15/track_0080_r1.jpg,ml/output/tracks/best_frames_hires/43_15/track_0080_r1.jpg,
43_15.mp4,84,3008,3198,1592,3294,1805,0,,[],,,ml/output/tracks/best_frames/43_15/track_0084_r1.jpg,ml/output/tracks/best_frames_hires/43_15/track_0084_r1.jpg,
43_15.mp4,72,3008,2262,235,2457,446,270,"244
244","[[""244"", 0.9999069484831985, 62.0], [""244"", 0.5570118427276611, 52.0]]",,,ml/output/tracks/best_frames/43_15/track_0072_r1.jpg,ml/output/tracks/best_frames_hires/43_15/track_0072_r1.jpg,
43_15.mp4,87,3008,1133,1772,1325,1993,180,"~
8
8","[[""~"", 0.890430227519662, 87.5577900872195], [""8"", 0.9998604107935627, 97.61935357482582], [""8"", 0.9999767543236295, 101.51356909594145]]",,,ml/output/tracks/best_frames/43_15/track_0087_r0.jpg,ml/output/tracks/best_frames_hires/43_15/track_0087_r0.jpg,5  7
43_15.mp4,59,3008,1120,6,1331,226,270,"377
377","[[""377"", 0.9998723297608355, 74.81558731147746], [""377"", 0.9999860284334476, 68.45328540348692]]",,,ml/output/tracks/best_frames/43_15/track_0059_r2.jpg,ml/output/tracks/best_frames_hires/43_15/track_0059_r2.jpg,
43_15.mp4,63,3008,2255,726,2463,946,270,"679
679","[[""679"", 0.9999989676173402, 68.0], [""679"", 0.9999989676173402, 51.5]]",,,ml/output/tracks/best_frames/43_15/track_0063_r0.jpg,ml/output/tracks/best_frames_hires/43_15/track_0063_r0.jpg,
43_15.mp4,58,3008,1099,1153,1295,1491,270,"#:гя
9 _ш 
~ГEL
пьса
305
319
305
319","[[""#:гя"", 0.5212650895118713, 14.0], [""9 _ш "", 0.08635931354332607, 16.0], [""~ГEL"", 0.12984539568424225, 16.0], [""пьса"", 0.24660687148571014, 14.0], [""305"", 0.9999972469798912, 54.0], [""319"", 0.9999998623489704, 52.0], [""305"", 0.999984789576592, 49.0], [""319"", 0.9999987611408254, 54.5]]",,,ml/output/tracks/best_frames/43_15/track_0058_r1.jpg,ml/output/tracks/best_frames_hires/43_15/track_0058_r1.jpg,9:
43_15.mp4,65,3008,3206,88,3332,298,0,,[],,,ml/output/tracks/best_frames/43_15/track_0065_r1.jpg,ml/output/tracks/best_frames_hires/43_15/track_0065_r1.jpg,
43_15.mp4,68,3008,3209,1528,3302,1734,0,,[],,,ml/output/tracks/best_frames/43_15/track_0068_r1.jpg,ml/output/tracks/best_frames_hires/43_15/track_0068_r1.jpg,
43_15.mp4,70,3008,276,766,428,968,270,"305
305","[[""305"", 0.5121505290395704, 36.0], [""305"", 0.9999954575173651, 37.0]]",,,ml/output/tracks/best_frames/43_15/track_0070_r0.jpg,ml/output/tracks/best_frames_hires/43_15/track_0070_r0.jpg,
43_15.mp4,95,3158,309,466,450,640,270,"14g
0","[[""14g"", 0.23049510322065392, 48.772162710265036], [""0"", 0.49806958532485623, 42.93344591224427]]",,,ml/output/tracks/best_frames/43_15/track_0095_r2.jpg,ml/output/tracks/best_frames_hires/43_15/track_0095_r2.jpg,
43_15.mp4,81,3158,1085,1071,1287,1287,180,"8
3","[[""8"", 0.9976323568837451, 104.0], [""3"", 0.9283581373698588, 60.0]]",,,ml/output/tracks/best_frames/43_15/track_0081_r1.jpg,ml/output/tracks/best_frames_hires/43_15/track_0081_r1.jpg,
43_15.mp4,65,3158,3206,165,3341,440,0,,[],,,ml/output/tracks/best_frames/43_15/track_0065_r0.jpg,ml/output/tracks/best_frames_hires/43_15/track_0065_r0.jpg,
43_15.mp4,72,3158,2251,293,2444,497,270,"""
2 - =
244
244","[[""\"""", 0.2987371393118252, 14.0], [""2 - ="", 0.1937922758811296, 16.0], [""244"", 0.976541036086304, 60.0], [""244"", 0.4692301241495011, 45.0]]",,,ml/output/tracks/best_frames/43_15/track_0072_r0.jpg,ml/output/tracks/best_frames_hires/43_15/track_0072_r0.jpg,
43_15.mp4,92,3158,3281,694,3369,876,0,,[],,,ml/output/tracks/best_frames/43_15/track_0092_r1.jpg,ml/output/tracks/best_frames_hires/43_15/track_0092_r1.jpg,
43_15.mp4,93,3158,3270,1245,3346,1296,0,,[],,,ml/output/tracks/best_frames/43_15/track_0093_r0.jpg,ml/output/tracks/best_frames_hires/43_15/track_0093_r0.jpg,
43_15.mp4,85,3158,363,93,502,271,0,,[],,,ml/output/tracks/best_frames/43_15/track_0085_r0.jpg,ml/output/tracks/best_frames_hires/43_15/track_0085_r0.jpg,
43_15.mp4,58,3158,1093,1160,1296,1571,270,"еъ
чи;
ЕсEE
гт а
1е .
2 -:цс -
1
305
319
: .
2
305
319","[[""еъ"", 0.22320986097463724, 14.0], [""чи;"", 0.16117326813257626, 16.0], [""ЕсEE"", 0.09118083119392395, 16.0], [""гт а"", 0.10034832918908787, 14.0], [""1е ."", 0.1183668405904862, 14.0], [""2 -:цс -"", 0.19125495326495248, 18.0], [""1"", 0.5395236848322646, 16.0], [""305"", 0.9999991052683532, 55.0], [""319"", 0.8406130441858679, 54.0], ["": ."", 0.2061382679451462, 16.0], [""2"", 0.35239673725059006, 20.0], [""305"", 0.9944678156480945, 50.5], [""319"", 1.0, 51.5]]",,,ml/output/tracks/best_frames/43_15/track_0058_r0.jpg,ml/output/tracks/best_frames_hires/43_15/track_0058_r0.jpg,1
43_15.mp4,68,3158,3208,1573,3294,1732,90, _,"[["" _"", 0.09391763414414539, 30.750995042894814]]",,,ml/output/tracks/best_frames/43_15/track_0068_r2.jpg,ml/output/tracks/best_frames_hires/43_15/track_0068_r2.jpg,
43_15.mp4,77,3158,3273,600,3374,813,0,,[],,,ml/output/tracks/best_frames/43_15/track_0077_r0.jpg,ml/output/tracks/best_frames_hires/43_15/track_0077_r0.jpg,
43_15.mp4,76,3158,2199,1628,2392,1834,0,"8
6","[[""8"", 0.9999949932161059, 96.0], [""6"", 0.995145980399684, 51.0]]",,,ml/output/tracks/best_frames/43_15/track_0076_r2.jpg,ml/output/tracks/best_frames_hires/43_15/track_0076_r2.jpg,
43_15.mp4,94,3158,303,1288,454,1487,270,"305
305","[[""305"", 0.9993817660044733, 45.0], [""305"", 0.998793379811761, 45.0]]",,,ml/output/tracks/best_frames/43_15/track_0094_r1.jpg,ml/output/tracks/best_frames_hires/43_15/track_0094_r1.jpg,
43_15.mp4,70,3158,278,818,427,1013,270,"305
305","[[""305"", 0.9991377592086792, 36.0], [""305"", 0.9999885749731856, 36.0]]",,,ml/output/tracks/best_frames/43_15/track_0070_r1.jpg,ml/output/tracks/best_frames_hires/43_15/track_0070_r1.jpg,
43_15.mp4,86,3158,3109,1941,3210,2128,0,,[],,,ml/output/tracks/best_frames/43_15/track_0086_r0.jpg,ml/output/tracks/best_frames_hires/43_15/track_0086_r0.jpg,
43_15.mp4,75,3158,3268,1115,3359,1317,0,,[],,,ml/output/tracks/best_frames/43_15/track_0075_r0.jpg,ml/output/tracks/best_frames_hires/43_15/track_0075_r0.jpg,
43_15.mp4,97,3158,1096,530,1294,761,270,"234
234","[[""234"", 1.0, 50.0], [""234"", 1.0, 52.5]]",,,ml/output/tracks/best_frames/43_15/track_0097_r1.jpg,ml/output/tracks/best_frames_hires/43_15/track_0097_r1.jpg,
43_15.mp4,74,3158,295,1212,453,1409,270,"305
305","[[""305"", 0.9396321773529053, 43.0], [""305"", 0.9970701916721004, 45.5]]",,,ml/output/tracks/best_frames/43_15/track_0074_r1.jpg,ml/output/tracks/best_frames_hires/43_15/track_0074_r1.jpg,
43_15.mp4,87,3158,1124,1755,1320,1945,270,"799
799","[[""799"", 0.9999538870471185, 55.547001962252295], [""799"", 0.9202588796615601, 52.8975089301333]]",,,ml/output/tracks/best_frames/43_15/track_0087_r1.jpg,ml/output/tracks/best_frames_hires/43_15/track_0087_r1.jpg,
43_15.mp4,83,3158,311,377,464,566,270,"146
2","[[""146"", 0.1383827266805749, 44.0], [""2"", 0.517166444766648, 25.0]]",,,ml/output/tracks/best_frames/43_15/track_0083_r0.jpg,ml/output/tracks/best_frames_hires/43_15/track_0083_r0.jpg,
43_15.mp4,84,3158,3189,1618,3285,1813,0,,[],,,ml/output/tracks/best_frames/43_15/track_0084_r0.jpg,ml/output/tracks/best_frames_hires/43_15/track_0084_r0.jpg,
43_15.mp4,89,3309,3251,1170,3346,1374,0,,[],,,ml/output/tracks/best_frames/43_15/track_0089_r1.jpg,ml/output/tracks/best_frames_hires/43_15/track_0089_r1.jpg,
43_15.mp4,102,3309,1090,590,1289,820,270,"#ст 7
""}
234
234","[[""#ст 7"", 0.0774191284461197, 20.0], [""\""}"", 0.10196160299057672, 16.0], [""234"", 1.0, 50.0], [""234"", 1.0, 54.5]]",,,ml/output/tracks/best_frames/43_15/track_0102_r1.jpg,ml/output/tracks/best_frames_hires/43_15/track_0102_r1.jpg,
43_15.mp4,104,3309,2257,449,2450,653,270,"244
244","[[""244"", 0.9999611136850882, 54.0], [""244"", 0.9999694415337118, 54.0]]",,,ml/output/tracks/best_frames/43_15/track_0104_r1.jpg,ml/output/tracks/best_frames_hires/43_15/track_0104_r1.jpg,
43_15.mp4,92,3309,3271,666,3367,870,0,,[],,,ml/output/tracks/best_frames/43_15/track_0092_r0.jpg,ml/output/tracks/best_frames_hires/43_15/track_0092_r0.jpg,
43_15.mp4,93,3309,3261,1251,3334,1295,0,,[],,,ml/output/tracks/best_frames/43_15/track_0093_r2.jpg,ml/output/tracks/best_frames_hires/43_15/track_0093_r2.jpg,
43_15.mp4,94,3309,300,1256,452,1449,270,"305
305","[[""305"", 0.9998585649059062, 43.0], [""305"", 0.5687488913536072, 45.14580572687245]]",,,ml/output/tracks/best_frames/43_15/track_0094_r0.jpg,ml/output/tracks/best_frames_hires/43_15/track_0094_r0.jpg,
43_15.mp4,95,3309,305,424,456,617,270,"149
149","[[""149"", 0.9049025098662615, 48.772162710265036], [""149"", 0.8834724278458718, 40.0]]",,,ml/output/tracks/best_frames/43_15/track_0095_r0.jpg,ml/output/tracks/best_frames_hires/43_15/track_0095_r0.jpg,
43_15.mp4,101,3309,3276,760,3365,932,0,,[],,,ml/output/tracks/best_frames/43_15/track_0101_r1.jpg,ml/output/tracks/best_frames_hires/43_15/track_0101_r1.jpg,
43_15.mp4,97,3309,1094,509,1290,715,270,"сд7
Гл =д
234
234","[[""сд7"", 0.3347233788283944, 16.0], [""Гл =д"", 0.041098483838784304, 20.0], [""234"", 1.0, 50.0], [""234"", 0.9999606609344482, 54.5]]",,,ml/output/tracks/best_frames/43_15/track_0097_r0.jpg,ml/output/tracks/best_frames_hires/43_15/track_0097_r0.jpg,-.
43_15.mp4,107,3309,281,932,432,1141,270,"305
9305","[[""305"", 0.9998529213227234, 36.0], [""9305"", 0.6965137720108032, 36.0]]",,,ml/output/tracks/best_frames/43_15/track_0107_r2.jpg,ml/output/tracks/best_frames_hires/43_15/track_0107_r2.jpg,
43_15.mp4,99,3309,305,1325,461,1533,270,"305
305","[[""305"", 0.9999463162910359, 43.0], [""305"", 0.9463178515434265, 45.18750786873005]]",,,ml/output/tracks/best_frames/43_15/track_0099_r1.jpg,ml/output/tracks/best_frames_hires/43_15/track_0099_r1.jpg,
43_15.mp4,100,3309,2238,940,2440,1193,270,"679
2079","[[""679"", 0.999999449395897, 64.0], [""2079"", 0.7106923303091222, 42.5]]",,,ml/output/tracks/best_frames/43_15/track_0100_r1.jpg,ml/output/tracks/best_frames_hires/43_15/track_0100_r1.jpg,
43_15.mp4,70,3309,278,863,427,1051,180,8,"[[""8"", 0.7365426615060109, 90.0]]",,,ml/output/tracks/best_frames/43_15/track_0070_r2.jpg,ml/output/tracks/best_frames_hires/43_15/track_0070_r2.jpg,
43_15.mp4,85,3309,351,164,489,330,90,e5 x,"[[""e5 x"", 0.09741422701946069, 50.79206421631358]]",,,ml/output/tracks/best_frames/43_15/track_0085_r2.jpg,ml/output/tracks/best_frames_hires/43_15/track_0085_r2.jpg,
43_15.mp4,84,3309,3189,1619,3281,1774,0,,[],,,ml/output/tracks/best_frames/43_15/track_0084_r2.jpg,ml/output/tracks/best_frames_hires/43_15/track_0084_r2.jpg,
43_15.mp4,81,3309,1080,1126,1282,1340,270,"чг
=да=
305
305","[[""чг"", 0.7814352829261103, 16.0], [""=да="", 0.08051993697881699, 14.0], [""305"", 0.9406383633613586, 55.0], [""305"", 0.9999962145976122, 47.0]]",,,ml/output/tracks/best_frames/43_15/track_0081_r2.jpg,ml/output/tracks/best_frames_hires/43_15/track_0081_r2.jpg,
43_15.mp4,59,3309,1104,117,1318,333,270,"377
377","[[""377"", 0.9997982751404438, 71.8367270859857], [""377"", 0.590653121471405, 67.95245246377354]]",,,ml/output/tracks/best_frames/43_15/track_0059_r0.jpg,ml/output/tracks/best_frames_hires/43_15/track_0059_r0.jpg,1
43_15.mp4,71,3309,2242,842,2445,1069,0,"5
@","[[""5"", 0.9325258962786762, 34.0], [""@"", 0.4503672372923262, 117.0]]",,,ml/output/tracks/best_frames/43_15/track_0071_r2.jpg,ml/output/tracks/best_frames_hires/43_15/track_0071_r2.jpg,58
43_15.mp4,72,3309,2251,356,2438,560,270,"244
244","[[""244"", 0.9999977975838318, 56.0], [""244"", 0.9991282381213134, 49.5]]",,,ml/output/tracks/best_frames/43_15/track_0072_r2.jpg,ml/output/tracks/best_frames_hires/43_15/track_0072_r2.jpg,
43_15.mp4,76,3309,2187,1703,2394,1934,270,"469
469","[[""469"", 0.999983137767771, 54.0], [""469"", 0.968671977519989, 50.0]]",,,ml/output/tracks/best_frames/43_15/track_0076_r1.jpg,ml/output/tracks/best_frames_hires/43_15/track_0076_r1.jpg,
43_15.mp4,100,3459,2235,983,2437,1238,90,629,"[[""629"", 0.9724109252501681, 67.0]]",,,ml/output/tracks/best_frames/43_15/track_0100_r0.jpg,ml/output/tracks/best_frames_hires/43_15/track_0100_r0.jpg,
43_15.mp4,119,3459,3276,812,3353,940,0,,[],,,ml/output/tracks/best_frames/43_15/track_0119_r1.jpg,ml/output/tracks/best_frames_hires/43_15/track_0119_r1.jpg,
43_15.mp4,102,3459,1085,556,1283,783,270,"==- =
=
234
234","[[""==- ="", 0.08211382376789168, 16.0], [""="", 0.1924317136312102, 16.0], [""234"", 1.0, 53.0], [""234"", 0.9836881241580171, 54.5]]",,,ml/output/tracks/best_frames/43_15/track_0102_r0.jpg,ml/output/tracks/best_frames_hires/43_15/track_0102_r0.jpg,2099
43_15.mp4,65,3459,3206,238,3334,463,0,,[],,,ml/output/tracks/best_frames/43_15/track_0065_r2.jpg,ml/output/tracks/best_frames_hires/43_15/track_0065_r2.jpg,
43_15.mp4,103,3459,300,479,447,670,90,БР 1,"[[""БР 1"", 0.3179898262023926, 39.0]]",,,ml/output/tracks/best_frames/43_15/track_0103_r0.jpg,ml/output/tracks/best_frames_hires/43_15/track_0103_r0.jpg,
43_15.mp4,118,3459,2181,1801,2382,2023,270,"469
469","[[""469"", 0.9999990364428464, 61.0], [""469"", 0.986929353676116, 45.0]]",,,ml/output/tracks/best_frames/43_15/track_0118_r1.jpg,ml/output/tracks/best_frames_hires/43_15/track_0118_r1.jpg,
43_15.mp4,59,3459,1100,169,1313,388,270,"377
377","[[""377"", 0.9999126609319456, 72.84193198126638], [""377"", 0.9999116973860673, 69.44939252044418]]",,,ml/output/tracks/best_frames/43_15/track_0059_r1.jpg,ml/output/tracks/best_frames_hires/43_15/track_0059_r1.jpg,
43_15.mp4,104,3459,2248,403,2440,612,270,";
e
244
244","[["";"", 0.33451189703271567, 16.0], [""e"", 0.09707561645260743, 16.0], [""244"", 0.9981822967529297, 56.0], [""244"", 0.9999981417113152, 51.5]]",,,ml/output/tracks/best_frames/43_15/track_0104_r0.jpg,ml/output/tracks/best_frames_hires/43_15/track_0104_r0.jpg,
43_15.mp4,101,3459,3270,727,3364,922,0,,[],,,ml/output/tracks/best_frames/43_15/track_0101_r0.jpg,ml/output/tracks/best_frames_hires/43_15/track_0101_r0.jpg,
43_15.mp4,115,3459,1090,250,1305,462,270,"377
377","[[""377"", 0.9989507794380188, 71.83672708598573], [""377"", 0.9996772153129727, 69.95027141133988]]",,,ml/output/tracks/best_frames/43_15/track_0115_r1.jpg,ml/output/tracks/best_frames_hires/43_15/track_0115_r1.jpg,
43_15.mp4,106,3459,346,205,479,375,0,,[],,,ml/output/tracks/best_frames/43_15/track_0106_r2.jpg,ml/output/tracks/best_frames_hires/43_15/track_0106_r2.jpg,
43_15.mp4,107,3459,278,926,428,1105,270,"305
305","[[""305"", 0.9158573497169211, 36.0], [""305"", 0.9524871110916138, 37.0]]",,,ml/output/tracks/best_frames/43_15/track_0107_r1.jpg,ml/output/tracks/best_frames_hires/43_15/track_0107_r1.jpg,
43_15.mp4,113,3459,309,1390,459,1575,270,"305
305","[[""305"", 0.9796946048736572, 45.0], [""305"", 0.9995604243789508, 46.5]]",,,ml/output/tracks/best_frames/43_15/track_0113_r2.jpg,ml/output/tracks/best_frames_hires/43_15/track_0113_r2.jpg,
43_15.mp4,109,3459,3175,0,3307,117,0,,[],,,ml/output/tracks/best_frames/43_15/track_0109_r1.jpg,ml/output/tracks/best_frames_hires/43_15/track_0109_r1.jpg,
43_15.mp4,112,3459,2256,490,2442,698,270," 
5e
244
244","[["" "", 0.28356777027625313, 16.0], [""5e"", 0.08081845484507838, 14.0], [""244"", 0.9999999311744849, 56.0], [""244"", 1.0, 54.0]]",,,ml/output/tracks/best_frames/43_15/track_0112_r1.jpg,ml/output/tracks/best_frames_hires/43_15/track_0112_r1.jpg,
43_15.mp4,116,3459,1093,646,1291,887,270,"=- =
=
234
234","[[""=- ="", 0.1984881623742051, 16.0], [""="", 0.052661685157900706, 16.0], [""234"", 0.9992092847824097, 53.0], [""234"", 0.9997749924659729, 55.5]]",,,ml/output/tracks/best_frames/43_15/track_0116_r1.jpg,ml/output/tracks/best_frames_hires/43_15/track_0116_r1.jpg,
43_15.mp4,120,3459,3251,1164,3347,1352,0,,[],,,ml/output/tracks/best_frames/43_15/track_0120_r0.jpg,ml/output/tracks/best_frames_hires/43_15/track_0120_r0.jpg,
43_15.mp4,111,3459,1083,1077,1300,1277,270,"#
Гд€
~э,:
30:
30:","[[""#"", 0.8565910269044572, 16.0], [""Гд€"", 0.11413043807065709, 14.0], [""~э,:"", 0.13092218339443207, 12.0], [""30:"", 0.5400384068489075, 52.0], [""30:"", 0.7249279131135689, 50.5]]",,,ml/output/tracks/best_frames/43_15/track_0111_r0.jpg,ml/output/tracks/best_frames_hires/43_15/track_0111_r0.jpg,8
43_15.mp4,99,3459,299,1301,461,1498,270,"305
305","[[""305"", 0.9999043941497803, 43.68791862582083], [""305"", 0.9982866644859314, 44.14961840639427]]",,,ml/output/tracks/best_frames/43_15/track_0099_r0.jpg,ml/output/tracks/best_frames_hires/43_15/track_0099_r0.jpg,
43_15.mp4,98,3459,2255,0,2437,150,0,(,"[[""("", 0.956863148552717, 39.0]]",,,ml/output/tracks/best_frames/43_15/track_0098_r2.jpg,ml/output/tracks/best_frames_hires/43_15/track_0098_r2.jpg,
43_15.mp4,89,3459,3242,1228,3338,1431,0,,[],,,ml/output/tracks/best_frames/43_15/track_0089_r0.jpg,ml/output/tracks/best_frames_hires/43_15/track_0089_r0.jpg,
43_15.mp4,71,3459,2238,891,2438,1118,180,"П
@
1
5","[[""П"", 0.6950635434873789, 26.0], [""@"", 0.5253276822318789, 123.0], [""1"", 0.9995704158660033, 17.5], [""5"", 0.7238496485186694, 67.97236606595902]]",,,ml/output/tracks/best_frames/43_15/track_0071_r1.jpg,ml/output/tracks/best_frames_hires/43_15/track_0071_r1.jpg,
43_15.mp4,95,3459,312,416,461,598,270,"0
126","[[""0"", 0.6157164491079961, 28.0], [""126"", 0.21578778720485883, 45.5]]",,,ml/output/tracks/best_frames/43_15/track_0095_r1.jpg,ml/output/tracks/best_frames_hires/43_15/track_0095_r1.jpg,2
43_15.mp4,76,3459,2184,1723,2387,1926,270,"469
469","[[""469"", 0.9999959392956953, 56.0], [""469"", 0.9999620084121807, 50.0]]",,,ml/output/tracks/best_frames/43_15/track_0076_r0.jpg,ml/output/tracks/best_frames_hires/43_15/track_0076_r0.jpg,
43_15.mp4,93,3459,3259,1251,3335,1295,0,,[],,,ml/output/tracks/best_frames/43_15/track_0093_r1.jpg,ml/output/tracks/best_frames_hires/43_15/track_0093_r1.jpg,
43_15.mp4,91,3459,3160,1707,3262,1907,0,,[],,,ml/output/tracks/best_frames/43_15/track_0091_r1.jpg,ml/output/tracks/best_frames_hires/43_15/track_0091_r1.jpg,
43_15.mp4,120,3610,3249,1216,3335,1376,0,,[],,,ml/output/tracks/best_frames/43_15/track_0120_r1.jpg,ml/output/tracks/best_frames_hires/43_15/track_0120_r1.jpg,
43_15.mp4,112,3610,2240,451,2439,666,270,"F
Сeccы
Fs
244
244","[[""F"", 0.4962380616465367, 14.0], [""Сeccы"", 0.13053885226686626, 16.0], [""Fs"", 0.5732970414964286, 14.0], [""244"", 0.9999997246979434, 56.0], [""244"", 0.7126640430621468, 48.5]]",,,ml/output/tracks/best_frames/43_15/track_0112_r0.jpg,ml/output/tracks/best_frames_hires/43_15/track_0112_r0.jpg,
43_15.mp4,113,3610,313,1361,459,1546,270,"305
305","[[""305"", 0.9977127970780477, 45.86948889352101], [""305"", 0.8891114592552185, 46.28819280530527]]",,,ml/output/tracks/best_frames/43_15/track_0113_r1.jpg,ml/output/tracks/best_frames_hires/43_15/track_0113_r1.jpg,
43_15.mp4,86,3610,3084,2047,3174,2154,0,,[],,,ml/output/tracks/best_frames/43_15/track_0086_r2.jpg,ml/output/tracks/best_frames_hires/43_15/track_0086_r2.jpg,
43_15.mp4,130,3610,3643,1614,3698,1717,0,,[],,,ml/output/tracks/best_frames/43_15/track_0130_r0.jpg,ml/output/tracks/best_frames_hires/43_15/track_0130_r0.jpg,
43_15.mp4,114,3610,297,523,444,720,90,6,"[[""6"", 0.8168686812282999, 32.0]]",,,ml/output/tracks/best_frames/43_15/track_0114_r1.jpg,ml/output/tracks/best_frames_hires/43_15/track_0114_r1.jpg,
43_15.mp4,129,3610,1083,706,1284,940,0,"{
8
;","[[""{"", 0.41205895286111627, 42.0], [""8"", 0.8071674501227477, 127.0], ["";"", 0.36420046183492616, 73.0]]",,,ml/output/tracks/best_frames/43_15/track_0129_r2.jpg,ml/output/tracks/best_frames_hires/43_15/track_0129_r2.jpg,
43_15.mp4,127,3610,322,1414,471,1626,270,"305
305","[[""305"", 0.9999368872691985, 44.79832194056377], [""305"", 0.9140509458704551, 43.62911759842858]]",,,ml/output/tracks/best_frames/43_15/track_0127_r1.jpg,ml/output/tracks/best_frames_hires/43_15/track_0127_r1.jpg,
43_15.mp4,128,3610,335,322,465,478,270,1еa,"[[""1еa"", 0.043888393068284, 40.76914368584494]]",,,ml/output/tracks/best_frames/43_15/track_0128_r1.jpg,ml/output/tracks/best_frames_hires/43_15/track_0128_r1.jpg,
43_15.mp4,111,3610,1084,1096,1304,1287,90,"=вз
2
 -
2 ","[[""=вз"", 0.465518271334966, 16.0], [""2"", 0.2874213283853102, 14.0], ["" -"", 0.18908485583793522, 14.0], [""2 "", 0.13725958033804483, 18.0]]",,,ml/output/tracks/best_frames/43_15/track_0111_r1.jpg,ml/output/tracks/best_frames_hires/43_15/track_0111_r1.jpg,
43_15.mp4,116,3610,1082,610,1281,835,270,"~отд
#=в
F _
5=
234
234","[[""~отд"", 0.06834658980369568, 16.0], [""#=в"", 0.08078150939678591, 16.0], [""F _"", 0.7905479669570923, 20.0], [""5="", 0.27438125914113165, 14.0], [""234"", 0.998556507481771, 52.0], [""234"", 0.902591347694397, 54.5]]",,,ml/output/tracks/best_frames/43_15/track_0116_r0.jpg,ml/output/tracks/best_frames_hires/43_15/track_0116_r0.jpg,92.
43_15.mp4,126,3610,2237,1047,2433,1304,270,"679
679","[[""679"", 0.999999449395897, 74.0], [""679"", 0.8449914134609628, 47.0]]",,,ml/output/tracks/best_frames/43_15/track_0126_r1.jpg,ml/output/tracks/best_frames_hires/43_15/track_0126_r1.jpg,
43_15.mp4,125,3610,283,1036,435,1240,270,"305
305","[[""305"", 0.9989767035832666, 41.0], [""305"", 0.9998722672462463, 38.5]]",,,ml/output/tracks/best_frames/43_15/track_0125_r2.jpg,ml/output/tracks/best_frames_hires/43_15/track_0125_r2.jpg,
43_15.mp4,124,3610,1087,313,1293,517,270,"377
377","[[""377"", 0.9999949069135972, 72.84193198126638], [""377"", 0.9998422535856824, 66.4498157720902]]",,,ml/output/tracks/best_frames/43_15/track_0124_r1.jpg,ml/output/tracks/best_frames_hires/43_15/track_0124_r1.jpg,
43_15.mp4,123,3610,2252,542,2438,740,270,"5
#Ee
1 =r
244
244","[[""5"", 0.8253786684008446, 14.0], [""#Ee"", 0.26720242253513493, 16.0], [""1 =r"", 0.19779962301254272, 12.0], [""244"", 0.9999997935234566, 56.0], [""244"", 0.9999960081211735, 56.0]]",,,ml/output/tracks/best_frames/43_15/track_0123_r1.jpg,ml/output/tracks/best_frames_hires/43_15/track_0123_r1.jpg,
43_15.mp4,119,3610,3276,864,3357,969,0,,[],,,ml/output/tracks/best_frames/43_15/track_0119_r2.jpg,ml/output/tracks/best_frames_hires/43_15/track_0119_r2.jpg,
43_15.mp4,115,3610,1096,223,1308,443,270,"377
377","[[""377"", 0.9999663443988409, 72.84193198126638], [""377"", 0.9994898827145389, 69.95027141133988]]",,,ml/output/tracks/best_frames/43_15/track_0115_r0.jpg,ml/output/tracks/best_frames_hires/43_15/track_0115_r0.jpg,
43_15.mp4,87,3610,1138,1904,1335,2084,270,"799
799","[[""799"", 0.9999778382169381, 55.703958094953464], [""799"", 0.9999618019366884, 54.82558050739152]]",,,ml/output/tracks/best_frames/43_15/track_0087_r2.jpg,ml/output/tracks/best_frames_hires/43_15/track_0087_r2.jpg,
43_15.mp4,118,3610,2182,1766,2383,1974,270,"469
469","[[""469"", 0.9999868543381323, 56.0], [""469"", 0.9988017751712758, 53.5]]",,,ml/output/tracks/best_frames/43_15/track_0118_r0.jpg,ml/output/tracks/best_frames_hires/43_15/track_0118_r0.jpg,
43_15.mp4,98,3610,2243,6,2435,153,270,"299
299","[[""299"", 0.9999965587250227, 60.0], [""299"", 1.0, 55.0]]",,,ml/output/tracks/best_frames/43_15/track_0098_r1.jpg,ml/output/tracks/best_frames_hires/43_15/track_0098_r1.jpg,
43_15.mp4,71,3610,2239,864,2456,1107,270,"679
679","[[""679"", 0.999995231628418, 72.0], [""679"", 0.9999995870469189, 65.0]]",,,ml/output/tracks/best_frames/43_15/track_0071_r0.jpg,ml/output/tracks/best_frames_hires/43_15/track_0071_r0.jpg,1
43_15.mp4,100,3610,2237,955,2434,1182,90,"629
0-","[[""629"", 0.9434536235651688, 68.0], [""0-"", 0.8426738245080043, 26.0]]",,,ml/output/tracks/best_frames/43_15/track_0100_r2.jpg,ml/output/tracks/best_frames_hires/43_15/track_0100_r2.jpg,
43_15.mp4,101,3610,3271,726,3359,916,0,,[],,,ml/output/tracks/best_frames/43_15/track_0101_r2.jpg,ml/output/tracks/best_frames_hires/43_15/track_0101_r2.jpg,
43_15.mp4,91,3610,3150,1741,3254,1950,0,,[],,,ml/output/tracks/best_frames/43_15/track_0091_r0.jpg,ml/output/tracks/best_frames_hires/43_15/track_0091_r0.jpg,
43_15.mp4,106,3610,339,226,481,412,270,"1в5
169","[[""1в5"", 0.2554485707580013, 36.0], [""169"", 0.17129746232673643, 34.0]]",,,ml/output/tracks/best_frames/43_15/track_0106_r1.jpg,ml/output/tracks/best_frames_hires/43_15/track_0106_r1.jpg,
43_15.mp4,107,3610,276,950,436,1152,270,"305
305","[[""305"", 0.9403465390205383, 40.0], [""305"", 0.8933206796646118, 39.5]]",,,ml/output/tracks/best_frames/43_15/track_0107_r0.jpg,ml/output/tracks/best_frames_hires/43_15/track_0107_r0.jpg,
43_15.mp4,103,3610,309,459,457,631,90,621,"[[""621"", 0.5358125451155717, 37.0]]",,,ml/output/tracks/best_frames/43_15/track_0103_r2.jpg,ml/output/tracks/best_frames_hires/43_15/track_0103_r2.jpg,6
43_15.mp4,109,3610,3171,0,3306,133,0,,[],,,ml/output/tracks/best_frames/43_15/track_0109_r0.jpg,ml/output/tracks/best_frames_hires/43_15/track_0109_r0.jpg,
43_15.mp4,89,3610,3240,1268,3327,1461,0,,[],,,ml/output/tracks/best_frames/43_15/track_0089_r2.jpg,ml/output/tracks/best_frames_hires/43_15/track_0089_r2.jpg,
43_15.mp4,131,3760,2173,1830,2375,2038,0,"8
1","[[""8"", 0.999999046325911, 86.0], [""1"", 0.783330908922153, 24.0]]",,,ml/output/tracks/best_frames/43_15/track_0131_r2.jpg,ml/output/tracks/best_frames_hires/43_15/track_0131_r2.jpg,
43_15.mp4,126,3760,2229,1010,2434,1241,270,"679
2679","[[""679"", 0.9999998623489704, 67.0], [""2679"", 0.8988587390017492, 50.5]]",,,ml/output/tracks/best_frames/43_15/track_0126_r0.jpg,ml/output/tracks/best_frames_hires/43_15/track_0126_r0.jpg,129:
43_15.mp4,91,3760,3138,1786,3240,1978,0,,[],,,ml/output/tracks/best_frames/43_15/track_0091_r2.jpg,ml/output/tracks/best_frames_hires/43_15/track_0091_r2.jpg,
43_15.mp4,136,3760,303,643,436,843,90,551,"[[""551"", 0.3784515686845164, 42.0]]",,,ml/output/tracks/best_frames/43_15/track_0136_r1.jpg,ml/output/tracks/best_frames_hires/43_15/track_0136_r1.jpg,
43_15.mp4,129,3760,1079,670,1279,891,0,"1
{f
8
;
2/","[[""1"", 0.6484579750637209, 32.0], [""{f"", 0.28411152195109063, 71.0], [""8"", 0.2630027592831006, 122.0], ["";"", 0.9357026109743316, 75.0], [""2/"", 0.26371882012524944, 60.0]]",,,ml/output/tracks/best_frames/43_15/track_0129_r0.jpg,ml/output/tracks/best_frames_hires/43_15/track_0129_r0.jpg,:
43_15.mp4,143,3760,3209,328,3337,585,0,,[],,,ml/output/tracks/best_frames/43_15/track_0143_r0.jpg,ml/output/tracks/best_frames_hires/43_15/track_0143_r0.jpg,
43_15.mp4,128,3760,335,353,465,533,270,"165
0","[[""165"", 0.7300170645383873, 39.0], [""0"", 0.2853155904304572, 44.9401800687978]]",,,ml/output/tracks/best_frames/43_15/track_0128_r2.jpg,ml/output/tracks/best_frames_hires/43_15/track_0128_r2.jpg,
43_15.mp4,132,3760,2230,1114,2424,1325,90,629,"[[""629"", 0.9946109976052218, 73.0]]",,,ml/output/tracks/best_frames/43_15/track_0132_r1.jpg,ml/output/tracks/best_frames_hires/43_15/track_0132_r1.jpg,
43_15.mp4,137,3760,1096,1379,1295,1755,270,"~
Гzi
га;
305
319
305
319","[[""~"", 0.07113361112737948, 16.0], [""Гzi"", 0.12058034896258815, 16.0], [""га;"", 0.08484619495561359, 16.0], [""305"", 0.9999983481878129, 55.0], [""319"", 0.9999989676173402, 55.0], [""305"", 0.9999996558724309, 55.0], [""319"", 0.7513523697853088, 51.5]]",,,ml/output/tracks/best_frames/43_15/track_0137_r0.jpg,ml/output/tracks/best_frames_hires/43_15/track_0137_r0.jpg,
43_15.mp4,135,3760,3266,898,3350,1063,0,,[],,,ml/output/tracks/best_frames/43_15/track_0135_r0.jpg,ml/output/tracks/best_frames_hires/43_15/track_0135_r0.jpg,
43_15.mp4,127,3760,331,1469,480,1661,270,"305
305","[[""305"", 0.9997741869000112, 46.979072899552364], [""305"", 0.9998554678170458, 44.798510454622956]]",,,ml/output/tracks/best_frames/43_15/track_0127_r2.jpg,ml/output/tracks/best_frames_hires/43_15/track_0127_r2.jpg,
43_15.mp4,130,3760,3644,1643,3700,1748,0,,[],,,ml/output/tracks/best_frames/43_15/track_0130_r1.jpg,ml/output/tracks/best_frames_hires/43_15/track_0130_r1.jpg,
43_15.mp4,125,3760,280,1012,431,1208,270,"305
305","[[""305"", 0.9998783174806536, 40.0], [""305"", 0.9985588192939758, 38.0]]",,,ml/output/tracks/best_frames/43_15/track_0125_r0.jpg,ml/output/tracks/best_frames_hires/43_15/track_0125_r0.jpg,
43_15.mp4,133,3760,2254,612,2439,815,270,"1
#E =
244
244","[[""1"", 0.1430881479726489, 14.0], [""#E ="", 0.21443611205111412, 16.0], [""244"", 0.9999999311744849, 60.0], [""244"", 0.9999999311744849, 55.0]]",,,ml/output/tracks/best_frames/43_15/track_0133_r1.jpg,ml/output/tracks/best_frames_hires/43_15/track_0133_r1.jpg,
43_15.mp4,142,3760,3176,40,3318,237,0,,[],,,ml/output/tracks/best_frames/43_15/track_0142_r1.jpg,ml/output/tracks/best_frames_hires/43_15/track_0142_r1.jpg,
43_15.mp4,113,3760,309,1385,474,1582,270,"305
305","[[""305"", 0.987938404083252, 44.83737294935969], [""305"", 0.7257359027862549, 45.83526353708807]]",,,ml/output/tracks/best_frames/43_15/track_0113_r0.jpg,ml/output/tracks/best_frames_hires/43_15/track_0113_r0.jpg,
43_15.mp4,109,3760,3168,1,3294,160,0,,[],,,ml/output/tracks/best_frames/43_15/track_0109_r2.jpg,ml/output/tracks/best_frames_hires/43_15/track_0109_r2.jpg,
43_15.mp4,114,3760,296,571,440,766,270,"149
0","[[""149"", 0.9400459833731493, 36.0], [""0"", 0.7607502251084419, 27.0]]",,,ml/output/tracks/best_frames/43_15/track_0114_r0.jpg,ml/output/tracks/best_frames_hires/43_15/track_0114_r0.jpg,
43_15.mp4,139,3760,1088,378,1288,570,270,"377
377","[[""377"", 0.9999727451456574, 73.0], [""377"", 0.9933007165407076, 68.94849016908802]]",,,ml/output/tracks/best_frames/43_15/track_0139_r2.jpg,ml/output/tracks/best_frames_hires/43_15/track_0139_r2.jpg,
43_15.mp4,106,3760,334,267,474,450,270,"155
0","[[""155"", 0.5121090863946323, 41.0], [""0"", 0.5496686621975186, 42.93344591224427]]",,,ml/output/tracks/best_frames/43_15/track_0106_r0.jpg,ml/output/tracks/best_frames_hires/43_15/track_0106_r0.jpg,
43_15.mp4,138,3760,2246,80,2432,299,270,"299
299","[[""299"", 0.9999954575173651, 56.0], [""299"", 0.9999999311744849, 56.0]]",,,ml/output/tracks/best_frames/43_15/track_0138_r2.jpg,ml/output/tracks/best_frames_hires/43_15/track_0138_r2.jpg,
43_15.mp4,119,3760,3263,823,3355,1012,0,,[],,,ml/output/tracks/best_frames/43_15/track_0119_r0.jpg,ml/output/tracks/best_frames_hires/43_15/track_0119_r0.jpg,
43_15.mp4,103,3760,308,497,452,673,270,"1a
149","[[""1a"", 0.9258498033968223, 31.0], [""149"", 0.517008591011598, 39.5]]",,,ml/output/tracks/best_frames/43_15/track_0103_r1.jpg,ml/output/tracks/best_frames_hires/43_15/track_0103_r1.jpg,6
43_15.mp4,123,3760,2239,531,2442,728,270,"1
C-E€а
244
244","[[""1"", 0.2500302204681226, 18.0], [""C-E€а"", 0.23321458621551813, 21.0], [""244"", 1.0, 60.0], [""244"", 1.0, 55.5]]",,,ml/output/tracks/best_frames/43_15/track_0123_r0.jpg,ml/output/tracks/best_frames_hires/43_15/track_0123_r0.jpg,
43_15.mp4,124,3760,1090,275,1302,501,270,"377
377","[[""377"", 0.9999712309900008, 74.81558731147746], [""377"", 1.0, 66.5]]",,,ml/output/tracks/best_frames/43_15/track_0124_r0.jpg,ml/output/tracks/best_frames_hires/43_15/track_0124_r0.jpg,
43_15.mp4,98,3760,2243,1,2434,202,270,"299
299","[[""299"", 0.9999946316117284, 56.0], [""299"", 1.0, 55.0]]",,,ml/output/tracks/best_frames/43_15/track_0098_r0.jpg,ml/output/tracks/best_frames_hires/43_15/track_0098_r0.jpg,
43_15.mp4,134,3760,1081,864,1289,1007,0,,[],,,ml/output/tracks/best_frames/43_15/track_0134_r2.jpg,ml/output/tracks/best_frames_hires/43_15/track_0134_r2.jpg,
43_15.mp4,153,3910,3260,950,3341,1113,0,,[],,,ml/output/tracks/best_frames/43_15/track_0153_r2.jpg,ml/output/tracks/best_frames_hires/43_15/track_0153_r2.jpg,
43_15.mp4,137,3910,1094,1430,1293,1659,180,"9
;
8
U
(~
3
8
8","[[""9"", 0.9934157392154361, 98.0], ["";"", 0.21438365378959734, 38.0], [""8"", 0.9999728204666667, 99.0], [""U"", 0.5582170072921713, 30.0], [""(~"", 0.20035293038442525, 52.0], [""3"", 0.16809948387185614, 23.0], [""8"", 0.9217877659104943, 55.0], [""8"", 0.9015530127246087, 132.5]]",,,ml/output/tracks/best_frames/43_15/track_0137_r1.jpg,ml/output/tracks/best_frames_hires/43_15/track_0137_r1.jpg,8 37
43_15.mp4,136,3910,293,622,439,821,270,"129
149","[[""129"", 0.7017241716384888, 36.0], [""149"", 0.8593348516516284, 39.0]]",,,ml/output/tracks/best_frames/43_15/track_0136_r0.jpg,ml/output/tracks/best_frames_hires/43_15/track_0136_r0.jpg,
43_15.mp4,135,3910,3255,867,3348,1062,0,,[],,,ml/output/tracks/best_frames/43_15/track_0135_r2.jpg,ml/output/tracks/best_frames_hires/43_15/track_0135_r2.jpg,
43_15.mp4,154,3910,327,392,453,562,270,"155
0","[[""155"", 0.798839601006825, 41.0], [""0"", 0.3069347123461377, 27.5]]",,,ml/output/tracks/best_frames/43_15/track_0154_r1.jpg,ml/output/tracks/best_frames_hires/43_15/track_0154_r1.jpg,
43_15.mp4,142,3910,3176,38,3302,218,0,,[],,,ml/output/tracks/best_frames/43_15/track_0142_r2.jpg,ml/output/tracks/best_frames_hires/43_15/track_0142_r2.jpg,
43_15.mp4,138,3910,2237,37,2428,253,270,"299
299","[[""299"", 0.9999978664093272, 56.0], [""299"", 1.0, 54.5]]",,,ml/output/tracks/best_frames/43_15/track_0138_r1.jpg,ml/output/tracks/best_frames_hires/43_15/track_0138_r1.jpg,0
43_15.mp4,139,3910,1085,333,1293,556,270,"377
377","[[""377"", 0.9996675113413345, 66.0], [""377"", 1.0, 64.5]]",,,ml/output/tracks/best_frames/43_15/track_0139_r0.jpg,ml/output/tracks/best_frames_hires/43_15/track_0139_r0.jpg,
43_15.mp4,148,3910,302,690,433,894,270,"149
149","[[""149"", 0.9332640374380237, 43.0], [""149"", 0.593727293971855, 44.5]]",,,ml/output/tracks/best_frames/43_15/track_0148_r2.jpg,ml/output/tracks/best_frames_hires/43_15/track_0148_r2.jpg,
43_15.mp4,143,3910,3210,394,3335,609,0,,[],,,ml/output/tracks/best_frames/43_15/track_0143_r1.jpg,ml/output/tracks/best_frames_hires/43_15/track_0143_r1.jpg,
43_15.mp4,147,3910,2245,132,2430,332,270,"299
299","[[""299"", 0.9999973846308725, 56.0], [""299"", 1.0, 55.0]]",,,ml/output/tracks/best_frames/43_15/track_0147_r1.jpg,ml/output/tracks/best_frames_hires/43_15/track_0147_r1.jpg,
43_15.mp4,114,3910,300,562,446,743,90,651,"[[""651"", 0.8581710563813493, 36.0]]",,,ml/output/tracks/best_frames/43_15/track_0114_r2.jpg,ml/output/tracks/best_frames_hires/43_15/track_0114_r2.jpg,6
43_15.mp4,149,3910,2219,1166,2418,1407,270,"679
5019","[[""679"", 0.9999986234898187, 72.0], [""5019"", 0.5543141961097717, 41.5]]",,,ml/output/tracks/best_frames/43_15/track_0149_r2.jpg,ml/output/tracks/best_frames_hires/43_15/track_0149_r2.jpg,
43_15.mp4,146,3910,292,1115,441,1344,270,"305
305","[[""305"", 0.998945185887279, 41.0], [""305"", 0.5434874892234802, 39.5]]",,,ml/output/tracks/best_frames/43_15/track_0146_r1.jpg,ml/output/tracks/best_frames_hires/43_15/track_0146_r1.jpg,
43_15.mp4,125,3910,282,1059,432,1248,0,"8
9","[[""8"", 0.913519907984611, 93.0], [""9"", 0.606062281924725, 28.0]]",,,ml/output/tracks/best_frames/43_15/track_0125_r1.jpg,ml/output/tracks/best_frames_hires/43_15/track_0125_r1.jpg,
43_15.mp4,127,3910,315,1432,481,1628,90,sog,"[[""sog"", 0.7181293448492004, 48.129760386924005]]",,,ml/output/tracks/best_frames/43_15/track_0127_r0.jpg,ml/output/tracks/best_frames_hires/43_15/track_0127_r0.jpg,
43_15.mp4,134,3910,1089,807,1282,1048,180,"1
8
1
3
6
8
7
1","[[""1"", 0.7339506229727455, 77.0], [""8"", 0.3922947420193488, 129.0], [""1"", 0.1540962680396385, 34.0], [""3"", 0.4046301030700903, 68.0], [""6"", 0.60375013438696, 76.5], [""8"", 0.994926466896132, 106.5], [""7"", 0.3146624740908841, 34.0], [""1"", 0.6327641750227144, 65.5]]",,,ml/output/tracks/best_frames/43_15/track_0134_r1.jpg,ml/output/tracks/best_frames_hires/43_15/track_0134_r1.jpg,
43_15.mp4,145,3910,1140,0,1344,134,0,,[],,,ml/output/tracks/best_frames/43_15/track_0145_r1.jpg,ml/output/tracks/best_frames_hires/43_15/track_0145_r1.jpg,
43_15.mp4,129,3910,1078,723,1279,947,270,"'a Ч Ея
ПAд
з7
234
234","[[""'a Ч Ея"", 0.15136590417251108, 18.0], [""ПAд"", 0.4359288726089321, 16.0], [""з7"", 0.29448165951297617, 14.0], [""234"", 0.9557840824127197, 48.0], [""234"", 1.0, 50.0]]",,,ml/output/tracks/best_frames/43_15/track_0129_r1.jpg,ml/output/tracks/best_frames_hires/43_15/track_0129_r1.jpg,--
43_15.mp4,150,3910,3212,1456,3296,1612,0,,[],,,ml/output/tracks/best_frames/43_15/track_0150_r2.jpg,ml/output/tracks/best_frames_hires/43_15/track_0150_r2.jpg,
43_15.mp4,131,3910,2170,1884,2366,2079,270,"469
469","[[""469"", 0.9999687532814072, 60.0], [""469"", 0.9996492734146026, 53.5]]",,,ml/output/tracks/best_frames/43_15/track_0131_r1.jpg,ml/output/tracks/best_frames_hires/43_15/track_0131_r1.jpg,
43_15.mp4,132,3910,2218,1071,2428,1294,270,"679
7679","[[""679"", 0.9999989676173402, 72.0], [""7679"", 0.8073554039001465, 45.5]]",,,ml/output/tracks/best_frames/43_15/track_0132_r0.jpg,ml/output/tracks/best_frames_hires/43_15/track_0132_r0.jpg,
43_15.mp4,133,3910,2228,584,2437,793,270,"{-
C2 = =
1
2 =
244
244","[[""{-"", 0.17180886410162935, 16.0], [""C2 = ="", 0.5379629269172163, 18.0], [""1"", 0.41966873918433123, 14.0], [""2 ="", 0.4203430712223053, 14.0], [""244"", 1.0, 56.0], [""244"", 0.9520520567893982, 50.0]]",,,ml/output/tracks/best_frames/43_15/track_0133_r0.jpg,ml/output/tracks/best_frames_hires/43_15/track_0133_r0.jpg,
43_15.mp4,128,3910,330,315,468,495,90,69 >,"[[""69 >"", 0.3700502974544539, 48.772162710265036]]",,,ml/output/tracks/best_frames/43_15/track_0128_r0.jpg,ml/output/tracks/best_frames_hires/43_15/track_0128_r0.jpg,
43_15.mp4,151,3910,2236,667,2429,878,270,"Га
22 =_
1е
244
яk
244","[[""Га"", 0.10817431724877817, 16.0], [""22 =_"", 0.3215753362745124, 16.0], [""1е"", 0.13768355149900208, 14.0], [""244"", 1.0, 56.0], [""яk"", 0.0458644966385521, 18.011438999424854], [""244"", 0.6344854630649875, 52.5]]",,,ml/output/tracks/best_frames/43_15/track_0151_r1.jpg,ml/output/tracks/best_frames_hires/43_15/track_0151_r1.jpg,
43_15.mp4,151,4061,2220,648,2435,861,270,"244
244","[[""244"", 1.0, 56.0], [""244"", 1.0, 50.5]]",,,ml/output/tracks/best_frames/43_15/track_0151_r0.jpg,ml/output/tracks/best_frames_hires/43_15/track_0151_r0.jpg,
43_15.mp4,150,4061,3205,1415,3297,1614,0,,[],,,ml/output/tracks/best_frames/43_15/track_0150_r0.jpg,ml/output/tracks/best_frames_hires/43_15/track_0150_r0.jpg,
43_15.mp4,162,4061,1086,894,1280,1120,270,"АCzа
зв
ii
234
234","[[""АCzа"", 0.04029454290866852, 16.0], [""зв"", 0.26140036128759997, 14.0], [""ii"", 0.05822749069140045, 14.0], [""234"", 1.0, 50.0], [""234"", 1.0, 50.0]]",,,ml/output/tracks/best_frames/43_15/track_0162_r1.jpg,ml/output/tracks/best_frames_hires/43_15/track_0162_r1.jpg,
43_15.mp4,153,4061,3245,934,3341,1133,0,,[],,,ml/output/tracks/best_frames/43_15/track_0153_r1.jpg,ml/output/tracks/best_frames_hires/43_15/track_0153_r1.jpg,
43_15.mp4,154,4061,328,373,460,553,270,"159
69","[[""159"", 0.7823971773871645, 41.0], [""69"", 0.7156982913590622, 41.42762419300249]]",,,ml/output/tracks/best_frames/43_15/track_0154_r0.jpg,ml/output/tracks/best_frames_hires/43_15/track_0154_r0.jpg,
43_15.mp4,157,4061,3657,164,3839,342,0,,[],,,ml/output/tracks/best_frames/43_15/track_0157_r1.jpg,ml/output/tracks/best_frames_hires/43_15/track_0157_r1.jpg,
43_15.mp4,159,4061,3202,1496,3281,1689,0,,[],,,ml/output/tracks/best_frames/43_15/track_0159_r2.jpg,ml/output/tracks/best_frames_hires/43_15/track_0159_r2.jpg,
43_15.mp4,161,4061,1071,494,1275,697,270,"377
377","[[""377"", 0.9742353558540344, 72.84193198126638], [""377"", 1.0, 59.0]]",,,ml/output/tracks/best_frames/43_15/track_0161_r1.jpg,ml/output/tracks/best_frames_hires/43_15/track_0161_r1.jpg,
43_15.mp4,171,4061,320,442,448,619,0,6,"[[""6"", 0.8370254411656539, 71.0]]",,,ml/output/tracks/best_frames/43_15/track_0171_r1.jpg,ml/output/tracks/best_frames_hires/43_15/track_0171_r1.jpg,
43_15.mp4,169,4061,2214,1236,2413,1477,90,629,"[[""629"", 0.9963772857904672, 75.82137568997706]]",,,ml/output/tracks/best_frames/43_15/track_0169_r2.jpg,ml/output/tracks/best_frames_hires/43_15/track_0169_r2.jpg,
43_15.mp4,168,4061,3190,150,3320,377,0,,[],,,ml/output/tracks/best_frames/43_15/track_0168_r0.jpg,ml/output/tracks/best_frames_hires/43_15/track_0168_r0.jpg,
43_15.mp4,167,4061,1099,1482,1294,1705,270,"#ег=
ес
~=
~э
305
319
305
319","[[""#ег="", 0.025381406769156456, 19.0], [""ес"", 0.0349508811177638, 16.0], [""~="", 0.2868193333244342, 16.0], [""~э"", 0.14932650997650695, 16.0], [""305"", 0.999999380570387, 53.0], [""319"", 0.9999701297860799, 48.0], [""305"", 1.0, 54.5], [""319"", 0.9694492816925049, 45.0]]",,,ml/output/tracks/best_frames/43_15/track_0167_r0.jpg,ml/output/tracks/best_frames_hires/43_15/track_0167_r0.jpg,5 8
43_15.mp4,149,4061,2212,1151,2411,1358,270,"679
0/3","[[""679"", 0.9999988299663297, 74.0], [""0/3"", 0.4771643533290067, 40.0]]",,,ml/output/tracks/best_frames/43_15/track_0149_r1.jpg,ml/output/tracks/best_frames_hires/43_15/track_0149_r1.jpg,7
43_15.mp4,163,4061,2228,724,2423,937,270,"244
244","[[""244"", 1.0, 56.0], [""244"", 0.9999926686286926, 49.5]]",,,ml/output/tracks/best_frames/43_15/track_0163_r1.jpg,ml/output/tracks/best_frames_hires/43_15/track_0163_r1.jpg,
43_15.mp4,152,4061,320,1477,490,1674,270,"305
305","[[""305"", 0.9999597371820783, 47.06028684063051], [""305"", 0.9999748099038658, 46.03096820419269]]",,,ml/output/tracks/best_frames/43_15/track_0152_r0.jpg,ml/output/tracks/best_frames_hires/43_15/track_0152_r0.jpg,
43_15.mp4,160,4061,294,1181,445,1387,270,"305
305","[[""305"", 0.9938522577285767, 41.0], [""305"", 0.9995026145753727, 43.5]]",,,ml/output/tracks/best_frames/43_15/track_0160_r0.jpg,ml/output/tracks/best_frames_hires/43_15/track_0160_r0.jpg,
43_15.mp4,146,4061,287,1104,438,1304,0,8,"[[""8"", 0.8831509292073214, 93.0]]",,,ml/output/tracks/best_frames/43_15/track_0146_r0.jpg,ml/output/tracks/best_frames_hires/43_15/track_0146_r0.jpg,
43_15.mp4,139,4061,1080,396,1281,615,270,"377
377","[[""377"", 0.9999878867191166, 65.0], [""377"", 0.8249370455741882, 63.5]]",,,ml/output/tracks/best_frames/43_15/track_0139_r1.jpg,ml/output/tracks/best_frames_hires/43_15/track_0139_r1.jpg,
43_15.mp4,135,4061,3258,898,3344,1056,0,,[],,,ml/output/tracks/best_frames/43_15/track_0135_r1.jpg,ml/output/tracks/best_frames_hires/43_15/track_0135_r1.jpg,
43_15.mp4,78,4061,2226,651,2304,856,270,244,"[[""244"", 0.6160077740160124, 56.0]]",,,ml/output/tracks/best_frames/43_15/track_0078_r0.jpg,ml/output/tracks/best_frames_hires/43_15/track_0078_r0.jpg,
43_15.mp4,137,4061,1090,1405,1284,1611,270,"егя
~тэ
305
305","[[""егя"", 0.16970390033640306, 14.0], [""~тэ"", 0.11483799002782054, 19.0], [""305"", 0.9930136799812317, 53.0], [""305"", 0.7163026928901672, 48.5]]",,,ml/output/tracks/best_frames/43_15/track_0137_r2.jpg,ml/output/tracks/best_frames_hires/43_15/track_0137_r2.jpg,
43_15.mp4,131,4061,2159,1913,2355,2106,180,8,"[[""8"", 0.9999983310706426, 82.0]]",,,ml/output/tracks/best_frames/43_15/track_0131_r0.jpg,ml/output/tracks/best_frames_hires/43_15/track_0131_r0.jpg,
43_15.mp4,142,4061,3176,84,3315,285,0,,[],,,ml/output/tracks/best_frames/43_15/track_0142_r0.jpg,ml/output/tracks/best_frames_hires/43_15/track_0142_r0.jpg,
43_15.mp4,134,4061,1078,790,1275,1016,270,"пев
234
234","[[""пев"", 0.07145003384434143, 14.0], [""234"", 0.9478919506072998, 50.0], [""234"", 1.0, 50.0]]",,,ml/output/tracks/best_frames/43_15/track_0134_r0.jpg,ml/output/tracks/best_frames_hires/43_15/track_0134_r0.jpg,
43_15.mp4,147,4061,2235,120,2430,319,270,"299
299","[[""299"", 0.9999999311744849, 56.0], [""299"", 0.9860255122184753, 55.0]]",,,ml/output/tracks/best_frames/43_15/track_0147_r0.jpg,ml/output/tracks/best_frames_hires/43_15/track_0147_r0.jpg,
43_15.mp4,148,4061,290,672,436,870,90,651,"[[""651"", 0.770084023475647, 37.0]]",,,ml/output/tracks/best_frames/43_15/track_0148_r0.jpg,ml/output/tracks/best_frames_hires/43_15/track_0148_r0.jpg,
43_15.mp4,160,4211,291,1159,441,1357,180,8,"[[""8"", 0.9991414006554464, 89.0]]",,,ml/output/tracks/best_frames/43_15/track_0160_r1.jpg,ml/output/tracks/best_frames_hires/43_15/track_0160_r1.jpg,
43_15.mp4,161,4211,1078,462,1280,678,270,"377
377","[[""377"", 0.9999935304043551, 68.0], [""377"", 1.0, 61.5]]",,,ml/output/tracks/best_frames/43_15/track_0161_r0.jpg,ml/output/tracks/best_frames_hires/43_15/track_0161_r0.jpg,
43_15.mp4,162,4211,1080,862,1275,1078,270,"т2:
234
234","[[""т2:"", 0.018135456503331142, 12.0], [""234"", 0.933363676071167, 54.0], [""234"", 1.0, 50.0]]",,,ml/output/tracks/best_frames/43_15/track_0162_r0.jpg,ml/output/tracks/best_frames_hires/43_15/track_0162_r0.jpg,1
43_15.mp4,163,4211,2221,721,2430,928,180,"$
6","[[""$"", 0.9395858829675809, 114.0], [""6"", 0.7348760892985098, 25.0]]",,,ml/output/tracks/best_frames/43_15/track_0163_r0.jpg,ml/output/tracks/best_frames_hires/43_15/track_0163_r0.jpg,
43_15.mp4,164,4211,2236,174,2429,379,270,"299
299","[[""299"", 1.0, 56.0], [""299"", 1.0, 55.0]]",,,ml/output/tracks/best_frames/43_15/track_0164_r1.jpg,ml/output/tracks/best_frames_hires/43_15/track_0164_r1.jpg,
43_15.mp4,166,4211,290,727,433,918,270,"149
49","[[""149"", 0.8964880108833313, 43.0], [""49"", 0.9914011945880717, 35.5]]",,,ml/output/tracks/best_frames/43_15/track_0166_r2.jpg,ml/output/tracks/best_frames_hires/43_15/track_0166_r2.jpg,
43_15.mp4,167,4211,1096,1467,1289,1664,270," а
е
305
305","[["" а"", 0.10770322320934231, 16.0], [""е"", 0.1294124094308735, 14.0], [""305"", 0.9999976599328428, 57.0], [""305"", 1.0, 53.0]]",,,ml/output/tracks/best_frames/43_15/track_0167_r1.jpg,ml/output/tracks/best_frames_hires/43_15/track_0167_r1.jpg,
43_15.mp4,177,4211,1084,960,1281,1185,270,"1
234
234","[[""1"", 0.15052842195376925, 14.0], [""234"", 0.6315858960151672, 50.0], [""234"", 1.0, 49.0]]",,,ml/output/tracks/best_frames/43_15/track_0177_r2.jpg,ml/output/tracks/best_frames_hires/43_15/track_0177_r2.jpg,
43_15.mp4,184,4211,2233,864,2423,1011,0,1,"[[""1"", 0.4955556555845, 60.0]]",,,ml/output/tracks/best_frames/43_15/track_0184_r1.jpg,ml/output/tracks/best_frames_hires/43_15/track_0184_r1.jpg,
43_15.mp4,168,4211,3181,125,3311,343,0,,[],,,ml/output/tracks/best_frames/43_15/track_0168_r1.jpg,ml/output/tracks/best_frames_hires/43_15/track_0168_r1.jpg,
43_15.mp4,180,4211,3195,194,3321,416,0,,[],,,ml/output/tracks/best_frames/43_15/track_0180_r0.jpg,ml/output/tracks/best_frames_hires/43_15/track_0180_r0.jpg,
43_15.mp4,169,4211,2211,1204,2412,1424,270,"679
679","[[""679"", 0.9999984170133134, 77.83216847251543], [""679"", 0.8126529608393722, 45.0]]",,,ml/output/tracks/best_frames/43_15/track_0169_r0.jpg,ml/output/tracks/best_frames_hires/43_15/track_0169_r0.jpg,
43_15.mp4,170,4211,3243,993,3336,1202,0,,[],,,ml/output/tracks/best_frames/43_15/track_0170_r0.jpg,ml/output/tracks/best_frames_hires/43_15/track_0170_r0.jpg,
43_15.mp4,171,4211,321,421,453,603,270,"159
156","[[""159"", 0.4218752157936735, 41.0], [""156"", 0.6079657200985575, 34.0]]",,,ml/output/tracks/best_frames/43_15/track_0171_r0.jpg,ml/output/tracks/best_frames_hires/43_15/track_0171_r0.jpg,
43_15.mp4,148,4211,296,670,437,843,90,6,"[[""6"", 0.9747191135338404, 32.0]]",,,ml/output/tracks/best_frames/43_15/track_0148_r1.jpg,ml/output/tracks/best_frames_hires/43_15/track_0148_r1.jpg,8
43_15.mp4,176,4211,302,1226,446,1433,0,8,"[[""8"", 0.9995316815447417, 93.0]]",,,ml/output/tracks/best_frames/43_15/track_0176_r1.jpg,ml/output/tracks/best_frames_hires/43_15/track_0176_r1.jpg,
43_15.mp4,179,4211,1102,1539,1298,1767,270,"= -
е
305
319
305
319","[[""= -"", 0.3918149471282959, 19.0], [""е"", 0.21960870081127215, 14.0], [""305"", 0.8355076313018799, 57.0], [""319"", 0.9976710677146912, 48.0], [""305"", 0.9999986234898187, 54.5], [""319"", 0.6371180415153503, 44.0]]",,,ml/output/tracks/best_frames/43_15/track_0179_r0.jpg,ml/output/tracks/best_frames_hires/43_15/track_0179_r0.jpg,8
43_15.mp4,149,4211,2215,1081,2433,1284,90,29,"[[""29"", 0.9778273344481025, 66.0]]",,,ml/output/tracks/best_frames/43_15/track_0149_r0.jpg,ml/output/tracks/best_frames_hires/43_15/track_0149_r0.jpg,9
43_15.mp4,173,4211,2214,1282,2412,1518,270,"679
679","[[""679"", 1.0, 75.82137568997706], [""679"", 0.9965849031202121, 47.0]]",,,ml/output/tracks/best_frames/43_15/track_0173_r1.jpg,ml/output/tracks/best_frames_hires/43_15/track_0173_r1.jpg,
43_15.mp4,150,4211,3209,1431,3295,1585,0,,[],,,ml/output/tracks/best_frames/43_15/track_0150_r1.jpg,ml/output/tracks/best_frames_hires/43_15/track_0150_r1.jpg,
43_15.mp4,152,4211,338,1542,490,1728,270,"305
305","[[""305"", 0.9980124462874839, 47.14427753468203], [""305"", 0.9999955951683134, 47.123014167463324]]",,,ml/output/tracks/best_frames/43_15/track_0152_r2.jpg,ml/output/tracks/best_frames_hires/43_15/track_0152_r2.jpg,
43_15.mp4,156,4211,2159,1966,2356,2146,180,8,"[[""8"", 0.9998961714040355, 82.0]]",,,ml/output/tracks/best_frames/43_15/track_0156_r1.jpg,ml/output/tracks/best_frames_hires/43_15/track_0156_r1.jpg,65
43_15.mp4,159,4211,3195,1490,3284,1695,0,,[],,,ml/output/tracks/best_frames/43_15/track_0159_r1.jpg,ml/output/tracks/best_frames_hires/43_15/track_0159_r1.jpg,
43_15.mp4,145,4211,1135,0,1327,163,180,"8
8","[[""8"", 0.9988847505872087, 103.94388913179114], [""8"", 0.6420565505834475, 85.97270117943671]]",,,ml/output/tracks/best_frames/43_15/track_0145_r2.jpg,ml/output/tracks/best_frames_hires/43_15/track_0145_r2.jpg,
43_15.mp4,157,4211,3665,157,3839,377,0,,[],,,ml/output/tracks/best_frames/43_15/track_0157_r2.jpg,ml/output/tracks/best_frames_hires/43_15/track_0157_r2.jpg,
43_15.mp4,153,4211,3254,952,3343,1118,0,,[],,,ml/output/tracks/best_frames/43_15/track_0153_r0.jpg,ml/output/tracks/best_frames_hires/43_15/track_0153_r0.jpg,
43_15.mp4,158,4211,3218,585,3337,766,0,,[],,,ml/output/tracks/best_frames/43_15/track_0158_r1.jpg,ml/output/tracks/best_frames_hires/43_15/track_0158_r1.jpg,
43_15.mp4,189,4362,2234,857,2417,1080,270,"244
244","[[""244"", 0.9957125186920166, 60.0], [""244"", 0.5923541188240051, 52.5]]",,,ml/output/tracks/best_frames/43_15/track_0189_r2.jpg,ml/output/tracks/best_frames_hires/43_15/track_0189_r2.jpg,
43_15.mp4,196,4362,1106,1609,1306,1844,180,"8
9
8","[[""8"", 0.9805329537632588, 97.0], [""9"", 0.9996683872527825, 100.49721781788548], [""8"", 0.9989443228738679, 101.5]]",,,ml/output/tracks/best_frames/43_15/track_0196_r0.jpg,ml/output/tracks/best_frames_hires/43_15/track_0196_r0.jpg,8
43_15.mp4,173,4362,2207,1272,2406,1487,270,"679
079","[[""679"", 0.9999995182214076, 76.82689739850247], [""079"", 0.560491352468428, 42.0]]",,,ml/output/tracks/best_frames/43_15/track_0173_r0.jpg,ml/output/tracks/best_frames_hires/43_15/track_0173_r0.jpg,
43_15.mp4,174,4362,1074,528,1277,748,270,"377
377","[[""377"", 0.9999950445645353, 71.79644162042086], [""377"", 1.0, 62.5]]",,,ml/output/tracks/best_frames/43_15/track_0174_r1.jpg,ml/output/tracks/best_frames_hires/43_15/track_0174_r1.jpg,
43_15.mp4,176,4362,294,1207,452,1410,270,"305
305","[[""305"", 0.9999658626224209, 43.0], [""305"", 0.999927940033214, 44.0]]",,,ml/output/tracks/best_frames/43_15/track_0176_r0.jpg,ml/output/tracks/best_frames_hires/43_15/track_0176_r0.jpg,
43_15.mp4,177,4362,1079,928,1276,1150,270,"1 € -
234
234","[[""1 € -"", 0.07616487278719936, 18.0], [""234"", 0.8669691681861877, 54.0], [""234"", 0.9996744990348816, 50.0]]",,,ml/output/tracks/best_frames/43_15/track_0177_r0.jpg,ml/output/tracks/best_frames_hires/43_15/track_0177_r0.jpg,
43_15.mp4,140,4362,392,16,540,191,0,,[],,,ml/output/tracks/best_frames/43_15/track_0140_r2.jpg,ml/output/tracks/best_frames_hires/43_15/track_0140_r2.jpg,
43_15.mp4,145,4362,1133,17,1321,218,270,"336
336","[[""336"", 0.9989734692284175, 61.0], [""336"", 0.9999822430381455, 58.5]]",,,ml/output/tracks/best_frames/43_15/track_0145_r0.jpg,ml/output/tracks/best_frames_hires/43_15/track_0145_r0.jpg,
43_15.mp4,179,4362,1103,1530,1290,1714,270,"305
305","[[""305"", 0.999999449395897, 60.65640235470278], [""305"", 0.6018235087394714, 53.064417623236125]]",,,ml/output/tracks/best_frames/43_15/track_0179_r1.jpg,ml/output/tracks/best_frames_hires/43_15/track_0179_r1.jpg,
43_15.mp4,194,4362,2209,1350,2407,1587,270,"679
2 679","[[""679"", 0.9999995182214076, 78.83720376710863], [""2 679"", 0.4079496454229335, 45.0]]",,,ml/output/tracks/best_frames/43_15/track_0194_r1.jpg,ml/output/tracks/best_frames_hires/43_15/track_0194_r1.jpg,
43_15.mp4,170,4362,3240,1052,3330,1258,0,,[],,,ml/output/tracks/best_frames/43_15/track_0170_r1.jpg,ml/output/tracks/best_frames_hires/43_15/track_0170_r1.jpg,
43_15.mp4,184,4362,2224,797,2427,993,270,"244
244","[[""244"", 0.9999999311744849, 60.0], [""244"", 0.9999999311744849, 51.5]]",,,ml/output/tracks/best_frames/43_15/track_0184_r0.jpg,ml/output/tracks/best_frames_hires/43_15/track_0184_r0.jpg,
43_15.mp4,193,4362,3217,554,3335,756,0,,[],,,ml/output/tracks/best_frames/43_15/track_0193_r0.jpg,ml/output/tracks/best_frames_hires/43_15/track_0193_r0.jpg,
43_15.mp4,186,4362,1123,89,1329,308,270,"336
336","[[""336"", 0.9984320442418245, 63.0], [""336"", 0.9998604655265808, 62.441611175557796]]",,,ml/output/tracks/best_frames/43_15/track_0186_r0.jpg,ml/output/tracks/best_frames_hires/43_15/track_0186_r0.jpg,
43_15.mp4,187,4362,2232,325,2430,541,270,"299
299","[[""299"", 1.0, 62.0], [""299"", 1.0, 55.0]]",,,ml/output/tracks/best_frames/43_15/track_0187_r2.jpg,ml/output/tracks/best_frames_hires/43_15/track_0187_r2.jpg,
43_15.mp4,191,4362,1087,1015,1280,1250,270,"234
234","[[""234"", 1.0, 54.0], [""234"", 1.0, 50.0]]",,,ml/output/tracks/best_frames/43_15/track_0191_r2.jpg,ml/output/tracks/best_frames_hires/43_15/track_0191_r2.jpg,
43_15.mp4,181,4362,318,484,446,660,270,"169
169","[[""169"", 0.8476440869851363, 39.0], [""169"", 0.6888980510035915, 34.0]]",,,ml/output/tracks/best_frames/43_15/track_0181_r1.jpg,ml/output/tracks/best_frames_hires/43_15/track_0181_r1.jpg,
43_15.mp4,159,4362,3182,1533,3278,1729,0,,[],,,ml/output/tracks/best_frames/43_15/track_0159_r0.jpg,ml/output/tracks/best_frames_hires/43_15/track_0159_r0.jpg,
43_15.mp4,164,4362,2241,106,2431,295,270,"299
29
299
29","[[""299"", 0.9999868543381323, 56.0], [""29"", 1.0, 54.0], [""299"", 0.9999935304043551, 57.0], [""29"", 1.0, 56.5]]",,,ml/output/tracks/best_frames/43_15/track_0164_r0.jpg,ml/output/tracks/best_frames_hires/43_15/track_0164_r0.jpg,6
43_15.mp4,156,4362,2158,1992,2354,2159,270,"469
469","[[""469"", 0.9993083356251875, 52.0], [""469"", 0.9999538182220287, 51.0]]",,,ml/output/tracks/best_frames/43_15/track_0156_r0.jpg,ml/output/tracks/best_frames_hires/43_15/track_0156_r0.jpg,8
43_15.mp4,138,4362,2238,10,2434,213,270,"299
299","[[""299"", 0.9999215393248215, 56.0], [""299"", 0.9999835507199419, 57.0]]",,,ml/output/tracks/best_frames/43_15/track_0138_r0.jpg,ml/output/tracks/best_frames_hires/43_15/track_0138_r0.jpg,
43_15.mp4,158,4362,3219,648,3336,825,0,,[],,,ml/output/tracks/best_frames/43_15/track_0158_r0.jpg,ml/output/tracks/best_frames_hires/43_15/track_0158_r0.jpg,
43_15.mp4,169,4362,2212,1257,2303,1482,270,679,"[[""679"", 0.9999995870469189, 78.83720376710863]]",,,ml/output/tracks/best_frames/43_15/track_0169_r1.jpg,ml/output/tracks/best_frames_hires/43_15/track_0169_r1.jpg,
43_15.mp4,186,4512,1128,94,1318,279,270,"336
336","[[""336"", 0.9995778203010559, 68.81948429575579], [""336"", 0.8856032490730286, 60.5]]",,,ml/output/tracks/best_frames/43_15/track_0186_r2.jpg,ml/output/tracks/best_frames_hires/43_15/track_0186_r2.jpg,
43_15.mp4,210,4512,368,161,514,344,0,,[],,,ml/output/tracks/best_frames/43_15/track_0210_r1.jpg,ml/output/tracks/best_frames_hires/43_15/track_0210_r1.jpg,
43_15.mp4,209,4512,2151,2082,2348,2159,90,Y,"[[""Y"", 0.690725405095364, 46.0]]",,,ml/output/tracks/best_frames/43_15/track_0209_r1.jpg,ml/output/tracks/best_frames_hires/43_15/track_0209_r1.jpg,
43_15.mp4,188,4512,3231,1152,3316,1331,0,,[],,,ml/output/tracks/best_frames/43_15/track_0188_r2.jpg,ml/output/tracks/best_frames_hires/43_15/track_0188_r2.jpg,
43_15.mp4,189,4512,2219,857,2413,1064,270,"244
244","[[""244"", 0.9998945600551552, 56.0], [""244"", 0.9969043204198863, 48.0]]",,,ml/output/tracks/best_frames/43_15/track_0189_r0.jpg,ml/output/tracks/best_frames_hires/43_15/track_0189_r0.jpg,
43_15.mp4,190,4512,297,1255,463,1455,180,8,"[[""8"", 0.9543313611979762, 91.0]]",,,ml/output/tracks/best_frames/43_15/track_0190_r0.jpg,ml/output/tracks/best_frames_hires/43_15/track_0190_r0.jpg,
43_15.mp4,191,4512,1078,982,1276,1203,270,"Аег . -
га+
234
234","[[""Аег . -"", 0.08726174986495859, 20.0], [""га+"", 0.4351961520763437, 14.0], [""234"", 0.5994917050663393, 54.0], [""234"", 0.9917281866073608, 50.0]]",,,ml/output/tracks/best_frames/43_15/track_0191_r1.jpg,ml/output/tracks/best_frames_hires/43_15/track_0191_r1.jpg,3
43_15.mp4,192,4512,3168,1599,3265,1799,0,,[],,,ml/output/tracks/best_frames/43_15/track_0192_r0.jpg,ml/output/tracks/best_frames_hires/43_15/track_0192_r0.jpg,
43_15.mp4,203,4512,1087,1073,1282,1319,270,"ЕГ. =
234
234","[[""ЕГ. ="", 0.018216505891303834, 16.0], [""234"", 1.0, 54.0], [""234"", 0.9948050379753113, 50.0]]",,,ml/output/tracks/best_frames/43_15/track_0203_r2.jpg,ml/output/tracks/best_frames_hires/43_15/track_0203_r2.jpg,
43_15.mp4,202,4512,302,905,433,1113,90,61,"[[""61"", 0.9265954805761936, 32.0]]",,,ml/output/tracks/best_frames/43_15/track_0202_r2.jpg,ml/output/tracks/best_frames_hires/43_15/track_0202_r2.jpg,
43_15.mp4,164,4512,2238,55,2434,263,270,"299
299","[[""299"", 0.9999936680552679, 63.0], [""299"", 0.9999985546643163, 54.0]]",,,ml/output/tracks/best_frames/43_15/track_0164_r2.jpg,ml/output/tracks/best_frames_hires/43_15/track_0164_r2.jpg,
43_15.mp4,193,4512,3218,640,3329,814,0,,[],,,ml/output/tracks/best_frames/43_15/track_0193_r1.jpg,ml/output/tracks/best_frames_hires/43_15/track_0193_r1.jpg,
43_15.mp4,194,4512,2205,1335,2399,1542,270,"679
679","[[""679"", 0.9999997935234566, 73.80951493365001], [""679"", 0.7322289714584491, 46.0]]",,,ml/output/tracks/best_frames/43_15/track_0194_r0.jpg,ml/output/tracks/best_frames_hires/43_15/track_0194_r0.jpg,
43_15.mp4,205,4512,1113,173,1319,403,270,"336
336","[[""336"", 0.9988524227866085, 65.0], [""336"", 0.999814173421723, 64.44594567112742]]",,,ml/output/tracks/best_frames/43_15/track_0205_r0.jpg,ml/output/tracks/best_frames_hires/43_15/track_0205_r0.jpg,
43_15.mp4,158,4512,3218,713,3334,876,0,,[],,,ml/output/tracks/best_frames/43_15/track_0158_r2.jpg,ml/output/tracks/best_frames_hires/43_15/track_0158_r2.jpg,
43_15.mp4,196,4512,1107,1580,1296,1793,270,"маа
Гъэ 
305
305","[[""маа"", 0.3671416302350614, 20.0], [""Гъэ "", 0.17685073614120483, 19.0], [""305"", 0.9999322295188904, 55.0], [""305"", 1.0, 53.5]]",,,ml/output/tracks/best_frames/43_15/track_0196_r2.jpg,ml/output/tracks/best_frames_hires/43_15/track_0196_r2.jpg,-::
43_15.mp4,201,4512,1076,678,1279,898,270,"377
377","[[""377"", 0.9999881620207366, 63.0], [""377"", 0.9996369481086731, 60.5]]",,,ml/output/tracks/best_frames/43_15/track_0201_r2.jpg,ml/output/tracks/best_frames_hires/43_15/track_0201_r2.jpg,
43_15.mp4,207,4512,312,608,439,768,0,5,"[[""5"", 0.7138399152072594, 87.0]]",,,ml/output/tracks/best_frames/43_15/track_0207_r1.jpg,ml/output/tracks/best_frames_hires/43_15/track_0207_r1.jpg,
43_15.mp4,208,4512,3188,205,3290,385,0,,[],,,ml/output/tracks/best_frames/43_15/track_0208_r1.jpg,ml/output/tracks/best_frames_hires/43_15/track_0208_r1.jpg,
43_15.mp4,181,4512,315,542,442,712,270,"159
159","[[""159"", 0.8634044528007507, 41.0], [""159"", 0.7174463729260688, 33.0]]",,,ml/output/tracks/best_frames/43_15/track_0181_r2.jpg,ml/output/tracks/best_frames_hires/43_15/track_0181_r2.jpg,
43_15.mp4,170,4512,3237,1076,3322,1273,0,,[],,,ml/output/tracks/best_frames/43_15/track_0170_r2.jpg,ml/output/tracks/best_frames_hires/43_15/track_0170_r2.jpg,
43_15.mp4,140,4512,381,81,529,269,0,,[],,,ml/output/tracks/best_frames/43_15/track_0140_r1.jpg,ml/output/tracks/best_frames_hires/43_15/track_0140_r1.jpg,
43_15.mp4,78,4512,2221,835,2304,1055,270,244,"[[""244"", 0.9999965587250227, 56.0]]",,,ml/output/tracks/best_frames/43_15/track_0078_r2.jpg,ml/output/tracks/best_frames_hires/43_15/track_0078_r2.jpg,
43_15.mp4,172,4512,290,830,438,1022,90,6,"[[""6"", 0.9984571928511379, 32.0]]",,,ml/output/tracks/best_frames/43_15/track_0172_r1.jpg,ml/output/tracks/best_frames_hires/43_15/track_0172_r1.jpg,
43_15.mp4,174,4512,1073,589,1277,803,270,"377
377","[[""377"", 0.9999935304043551, 63.0], [""377"", 0.5735118985176086, 60.0]]",,,ml/output/tracks/best_frames/43_15/track_0174_r2.jpg,ml/output/tracks/best_frames_hires/43_15/track_0174_r2.jpg,
43_15.mp4,177,4512,1076,864,1283,1094,270,"(1. -
23
234","[[""(1. -"", 0.43851106274381746, 16.0], [""23"", 0.9999998314126101, 48.0], [""234"", 0.8978736400604248, 50.0]]",,,ml/output/tracks/best_frames/43_15/track_0177_r1.jpg,ml/output/tracks/best_frames_hires/43_15/track_0177_r1.jpg,8 5
43_15.mp4,206,4512,3233,1241,3322,1296,0,,[],,,ml/output/tracks/best_frames/43_15/track_0206_r1.jpg,ml/output/tracks/best_frames_hires/43_15/track_0206_r1.jpg,
43_15.mp4,181,4662,312,563,441,744,90,651,"[[""651"", 0.8044875051195769, 41.0]]",,,ml/output/tracks/best_frames/43_15/track_0181_r0.jpg,ml/output/tracks/best_frames_hires/43_15/track_0181_r0.jpg,
43_15.mp4,201,4662,1082,712,1265,900,270,"377
377","[[""377"", 0.9999921538953669, 60.0], [""377"", 0.9999998623489704, 61.0]]",,,ml/output/tracks/best_frames/43_15/track_0201_r1.jpg,ml/output/tracks/best_frames_hires/43_15/track_0201_r1.jpg,
43_15.mp4,207,4662,319,631,436,800,0,6,"[[""6"", 0.909987259824959, 78.0]]",,,ml/output/tracks/best_frames/43_15/track_0207_r2.jpg,ml/output/tracks/best_frames_hires/43_15/track_0207_r2.jpg,
43_15.mp4,180,4662,3195,310,3320,527,0,,[],,,ml/output/tracks/best_frames/43_15/track_0180_r2.jpg,ml/output/tracks/best_frames_hires/43_15/track_0180_r2.jpg,
43_15.mp4,196,4662,1110,1615,1302,1828,270,"~ILA:
305
305","[[""~ILA:"", 0.26769686520062874, 14.0], [""305"", 0.9999944939607979, 57.0], [""305"", 0.9999995182214076, 53.0]]",,,ml/output/tracks/best_frames/43_15/track_0196_r1.jpg,ml/output/tracks/best_frames_hires/43_15/track_0196_r1.jpg,
43_15.mp4,174,4662,1069,628,1272,845,270,"377
377","[[""377"", 0.9999668950005018, 65.0], [""377"", 0.7396831956363472, 56.5]]",,,ml/output/tracks/best_frames/43_15/track_0174_r0.jpg,ml/output/tracks/best_frames_hires/43_15/track_0174_r0.jpg,
43_15.mp4,194,4662,2195,1367,2376,1572,270,"679
7049","[[""679"", 0.9999999311744849, 75.82137568997706], [""7049"", 0.3279691236647596, 37.5]]",,,ml/output/tracks/best_frames/43_15/track_0194_r2.jpg,ml/output/tracks/best_frames_hires/43_15/track_0194_r2.jpg,
43_15.mp4,157,4662,3665,238,3839,401,0,,[],,,ml/output/tracks/best_frames/43_15/track_0157_r0.jpg,ml/output/tracks/best_frames_hires/43_15/track_0157_r0.jpg,
43_15.mp4,214,4662,3151,0,3279,110,0,,[],,,ml/output/tracks/best_frames/43_15/track_0214_r2.jpg,ml/output/tracks/best_frames_hires/43_15/track_0214_r2.jpg,
43_15.mp4,210,4662,368,185,510,349,0,,[],,,ml/output/tracks/best_frames/43_15/track_0210_r2.jpg,ml/output/tracks/best_frames_hires/43_15/track_0210_r2.jpg,
43_15.mp4,208,4662,3182,254,3311,446,0,,[],,,ml/output/tracks/best_frames/43_15/track_0208_r0.jpg,ml/output/tracks/best_frames_hires/43_15/track_0208_r0.jpg,
43_15.mp4,175,4662,2231,117,2422,325,90,"662;
""]
П
57","[[""662;"", 0.8408395648002625, 56.0], [""\""]"", 0.15623914267537503, 8.0], [""П"", 0.9042441716466989, 14.0], [""57"", 0.21379698290415206, 13.0]]",,,ml/output/tracks/best_frames/43_15/track_0175_r2.jpg,ml/output/tracks/best_frames_hires/43_15/track_0175_r2.jpg,2
43_15.mp4,203,4662,1085,1099,1281,1337,270,"чдстн+iя
псв,
Fe
е
234
234","[[""чдстн+iя"", 0.06574629140640495, 16.0], [""псв,"", 0.28150632977485657, 16.0], [""Fe"", 0.5494350465677228, 14.0], [""е"", 0.15205861411322985, 16.0], [""234"", 1.0, 52.0], [""234"", 0.882465660572052, 51.0]]",,,ml/output/tracks/best_frames/43_15/track_0203_r1.jpg,ml/output/tracks/best_frames_hires/43_15/track_0203_r1.jpg,
43_15.mp4,140,4662,377,105,520,293,90,шu,"[[""шu"", 0.1474265545320683, 36.0]]",,,ml/output/tracks/best_frames/43_15/track_0140_r0.jpg,ml/output/tracks/best_frames_hires/43_15/track_0140_r0.jpg,
43_15.mp4,172,4662,290,864,436,1058,90,61,"[[""61"", 0.9283843548418398, 32.0]]",,,ml/output/tracks/best_frames/43_15/track_0172_r0.jpg,ml/output/tracks/best_frames_hires/43_15/track_0172_r0.jpg,
43_15.mp4,191,4662,1079,1025,1273,1245,0,"9
I
9
'
К","[[""9"", 0.786627994114216, 50.0], [""I"", 0.8779743177790102, 70.0], [""9"", 0.12315881318951316, 32.0], [""'"", 0.2106729214312617, 76.0], [""К"", 0.26514904783013904, 120.0]]",,,ml/output/tracks/best_frames/43_15/track_0191_r0.jpg,ml/output/tracks/best_frames_hires/43_15/track_0191_r0.jpg,0
43_15.mp4,209,4662,2146,2084,2339,2159,0,,[],,,ml/output/tracks/best_frames/43_15/track_0209_r0.jpg,ml/output/tracks/best_frames_hires/43_15/track_0209_r0.jpg,
43_15.mp4,190,4662,306,1280,467,1488,270,"305
305","[[""305"", 0.9998156187217005, 44.75994520048414], [""305"", 0.9998512268066406, 44.28165746451721]]",,,ml/output/tracks/best_frames/43_15/track_0190_r1.jpg,ml/output/tracks/best_frames_hires/43_15/track_0190_r1.jpg,
43_15.mp4,186,4662,1121,117,1313,317,270,"336
336","[[""336"", 0.9998501683568659, 57.0], [""336"", 0.999998279362313, 60.5]]",,,ml/output/tracks/best_frames/43_15/track_0186_r1.jpg,ml/output/tracks/best_frames_hires/43_15/track_0186_r1.jpg,
43_15.mp4,189,4662,2209,906,2405,1092,270,"Га
€NL 5 = =
1c) .
Juy
244
244","[[""Га"", 0.15141206090978457, 16.0], [""€NL 5 = ="", 0.3358358580025094, 25.0], [""1c) ."", 0.14277001221674684, 16.0], [""Juy"", 0.15457150121233068, 14.0], [""244"", 0.9565907120704651, 54.0], [""244"", 0.999629452624025, 49.0]]",,,ml/output/tracks/best_frames/43_15/track_0189_r1.jpg,ml/output/tracks/best_frames_hires/43_15/track_0189_r1.jpg,
43_15.mp4,156,4662,2146,1998,2351,2151,0,,[],,,ml/output/tracks/best_frames/43_15/track_0156_r2.jpg,ml/output/tracks/best_frames_hires/43_15/track_0156_r2.jpg,
43_15.mp4,166,4662,299,783,438,936,0,,[],,,ml/output/tracks/best_frames/43_15/track_0166_r1.jpg,ml/output/tracks/best_frames_hires/43_15/track_0166_r1.jpg,
43_15.mp4,215,4662,2218,963,2416,1186,270,"|=
FLLE = = .
1
ze
я
Jus
244
244","[[""|="", 0.0900734495627573, 18.0], [""FLLE = = ."", 0.2769908554039107, 26.0], [""1"", 0.36988920353918786, 14.0], [""ze"", 0.10604201631490154, 14.0], [""я"", 0.9490106134965259, 32.0], [""Jus"", 0.20270166524207747, 14.0], [""244"", 0.8070206045713433, 56.0], [""244"", 0.736988365650177, 58.5]]",,,ml/output/tracks/best_frames/43_15/track_0215_r1.jpg,ml/output/tracks/best_frames_hires/43_15/track_0215_r1.jpg,
43_15.mp4,188,4662,3214,1153,3308,1338,0,,[],,,ml/output/tracks/best_frames/43_15/track_0188_r0.jpg,ml/output/tracks/best_frames_hires/43_15/track_0188_r0.jpg,
43_15.mp4,78,4662,2212,870,2304,1095,270,244,"[[""244"", 0.9449276328086853, 56.0]]",,,ml/output/tracks/best_frames/43_15/track_0078_r1.jpg,ml/output/tracks/best_frames_hires/43_15/track_0078_r1.jpg,
43_15.mp4,187,4662,2226,325,2421,555,270,"LLE
299
58
2997","[[""LLE"", 0.47833359241485596, 12.0], [""299"", 0.9999717815920222, 56.0], [""58"", 0.12750633688196455, 21.0], [""2997"", 0.7817390561103821, 55.0]]",,,ml/output/tracks/best_frames/43_15/track_0187_r1.jpg,ml/output/tracks/best_frames_hires/43_15/track_0187_r1.jpg,1
43_15.mp4,205,4662,1111,186,1314,408,0,8,"[[""8"", 0.9997097464447826, 109.0]]",,,ml/output/tracks/best_frames/43_15/track_0205_r1.jpg,ml/output/tracks/best_frames_hires/43_15/track_0205_r1.jpg,
43_15.mp4,202,4662,304,944,436,1146,90,61,"[[""61"", 0.9403987689411982, 32.0]]",,,ml/output/tracks/best_frames/43_15/track_0202_r1.jpg,ml/output/tracks/best_frames_hires/43_15/track_0202_r1.jpg,
43_15.mp4,220,4813,1081,1169,1281,1410,270,"чсн а
7_
234
234","[[""чсн а"", 0.23349941847189373, 16.0], [""7_"", 0.8514608569120911, 14.0], [""234"", 1.0, 54.0], [""234"", 1.0, 52.0]]",,,ml/output/tracks/best_frames/43_15/track_0220_r1.jpg,ml/output/tracks/best_frames_hires/43_15/track_0220_r1.jpg,
43_15.mp4,207,4813,308,616,438,786,270,"169
169","[[""169"", 0.9763878583908081, 41.0], [""169"", 0.585603511780048, 30.0]]",,,ml/output/tracks/best_frames/43_15/track_0207_r0.jpg,ml/output/tracks/best_frames_hires/43_15/track_0207_r0.jpg,
43_15.mp4,217,4813,1120,1721,1314,1949,180,"8
9
8
8","[[""8"", 0.9599441231151253, 90.0], [""9"", 0.9946200684418649, 97.20350143095874], [""8"", 0.988387993699039, 94.5], [""8"", 0.495671637364584, 42.5]]",,,ml/output/tracks/best_frames/43_15/track_0217_r0.jpg,ml/output/tracks/best_frames_hires/43_15/track_0217_r0.jpg,9
43_15.mp4,223,4813,354,249,495,437,0,,[],,,ml/output/tracks/best_frames/43_15/track_0223_r0.jpg,ml/output/tracks/best_frames_hires/43_15/track_0223_r0.jpg,
43_15.mp4,224,4813,1118,776,1261,960,270,"377
377","[[""377"", 0.9999951133900054, 63.0], [""377"", 1.0, 61.5]]",,,ml/output/tracks/best_frames/43_15/track_0224_r2.jpg,ml/output/tracks/best_frames_hires/43_15/track_0224_r2.jpg,
43_15.mp4,218,4813,2209,1032,2393,1261,270,".
#Ee=
244
244","[[""."", 0.8185449329719319, 16.0], [""#Ee="", 0.14514485001564026, 25.0], [""244"", 0.9831287264823914, 54.0], [""244"", 0.8610920906066895, 47.0]]",,,ml/output/tracks/best_frames/43_15/track_0218_r1.jpg,ml/output/tracks/best_frames_hires/43_15/track_0218_r1.jpg,
43_15.mp4,225,4813,2187,1497,2382,1728,270,"679
0/9","[[""679"", 0.9999998623489704, 74.81558731147749], [""0/9"", 0.530298809761388, 41.5]]",,,ml/output/tracks/best_frames/43_15/track_0225_r1.jpg,ml/output/tracks/best_frames_hires/43_15/track_0225_r1.jpg,
43_15.mp4,226,4813,3203,829,3311,1011,0,,[],,,ml/output/tracks/best_frames/43_15/track_0226_r0.jpg,ml/output/tracks/best_frames_hires/43_15/track_0226_r0.jpg,
43_15.mp4,215,4813,2210,940,2416,1155,270,".
€зE = =
244
244","[[""."", 0.9180658702471192, 16.0], [""€зE = ="", 0.1300269487753187, 26.0], [""244"", 0.9998969435691833, 56.0], [""244"", 0.9462189078330994, 55.0]]",,,ml/output/tracks/best_frames/43_15/track_0215_r0.jpg,ml/output/tracks/best_frames_hires/43_15/track_0215_r0.jpg,
43_15.mp4,214,4813,3148,0,3279,118,0,,[],,,ml/output/tracks/best_frames/43_15/track_0214_r1.jpg,ml/output/tracks/best_frames_hires/43_15/track_0214_r1.jpg,
43_15.mp4,216,4813,3137,1714,3228,1912,0,,[],,,ml/output/tracks/best_frames/43_15/track_0216_r1.jpg,ml/output/tracks/best_frames_hires/43_15/track_0216_r1.jpg,
43_15.mp4,188,4813,3209,1218,3296,1399,0,,[],,,ml/output/tracks/best_frames/43_15/track_0188_r1.jpg,ml/output/tracks/best_frames_hires/43_15/track_0188_r1.jpg,
43_15.mp4,175,4813,2223,166,2421,381,270,"5ui:
299
299","[[""5ui:"", 0.28824368119239807, 14.0], [""299"", 0.9999995870469189, 54.0], [""299"", 0.9424950480461121, 53.5]]",,,ml/output/tracks/best_frames/43_15/track_0175_r1.jpg,ml/output/tracks/best_frames_hires/43_15/track_0175_r1.jpg,
43_15.mp4,180,4813,3185,315,3317,533,0,,[],,,ml/output/tracks/best_frames/43_15/track_0180_r1.jpg,ml/output/tracks/best_frames_hires/43_15/track_0180_r1.jpg,
43_15.mp4,187,4813,2219,396,2411,608,270,"299
299 ","[[""299"", 0.9999988987918347, 56.0], [""299 "", 0.6011073572674484, 56.0]]",,,ml/output/tracks/best_frames/43_15/track_0187_r0.jpg,ml/output/tracks/best_frames_hires/43_15/track_0187_r0.jpg,20
43_15.mp4,172,4813,296,855,441,1023,90,61,"[[""61"", 0.9495311143719812, 32.0]]",,,ml/output/tracks/best_frames/43_15/track_0172_r2.jpg,ml/output/tracks/best_frames_hires/43_15/track_0172_r2.jpg,8
43_15.mp4,190,4813,310,1332,478,1532,0,8,"[[""8"", 0.9836380572097028, 93.75042163582053]]",,,ml/output/tracks/best_frames/43_15/track_0190_r2.jpg,ml/output/tracks/best_frames_hires/43_15/track_0190_r2.jpg,
43_15.mp4,206,4813,3215,1182,3303,1296,0,,[],,,ml/output/tracks/best_frames/43_15/track_0206_r0.jpg,ml/output/tracks/best_frames_hires/43_15/track_0206_r0.jpg,
43_15.mp4,201,4813,1069,689,1270,903,270,"377
377","[[""377"", 0.9999951133900054, 62.0], [""377"", 0.8474220633506775, 58.0]]",,,ml/output/tracks/best_frames/43_15/track_0201_r0.jpg,ml/output/tracks/best_frames_hires/43_15/track_0201_r0.jpg,
43_15.mp4,202,4813,297,919,435,1109,270,"149
1149","[[""149"", 0.8209925068406375, 32.0], [""1149"", 0.2750508487224579, 31.0]]",,,ml/output/tracks/best_frames/43_15/track_0202_r0.jpg,ml/output/tracks/best_frames_hires/43_15/track_0202_r0.jpg,
43_15.mp4,203,4813,1079,1082,1274,1293,180,"&
3
'
5","[[""&"", 0.8987721727863232, 100.0], [""3"", 0.1740404717415709, 22.0], [""'"", 0.8876914298554404, 52.0], [""5"", 0.7704199140815184, 43.0]]",,,ml/output/tracks/best_frames/43_15/track_0203_r0.jpg,ml/output/tracks/best_frames_hires/43_15/track_0203_r0.jpg,4
43_15.mp4,192,4813,3142,1636,3234,1831,0,,[],,,ml/output/tracks/best_frames/43_15/track_0192_r1.jpg,ml/output/tracks/best_frames_hires/43_15/track_0192_r1.jpg,
43_15.mp4,222,4963,2215,461,2412,669,270,"299
299 ","[[""299"", 0.9999993117448777, 56.0], [""299 "", 0.9365065693855286, 58.0]]",,,ml/output/tracks/best_frames/43_15/track_0222_r0.jpg,ml/output/tracks/best_frames_hires/43_15/track_0222_r0.jpg,69.
43_15.mp4,235,4963,3205,903,3310,1098,0,,[],,,ml/output/tracks/best_frames/43_15/track_0235_r0.jpg,ml/output/tracks/best_frames_hires/43_15/track_0235_r0.jpg,
43_15.mp4,234,4963,2210,1119,2407,1296,270,"244
244","[[""244"", 0.9062015805396267, 56.0], [""244"", 0.9999998623489704, 58.0]]",,,ml/output/tracks/best_frames/43_15/track_0234_r2.jpg,ml/output/tracks/best_frames_hires/43_15/track_0234_r2.jpg,
43_15.mp4,236,4963,1103,332,1301,555,0,8,"[[""8"", 0.9999629262545717, 112.0]]",,,ml/output/tracks/best_frames/43_15/track_0236_r2.jpg,ml/output/tracks/best_frames_hires/43_15/track_0236_r2.jpg,
43_15.mp4,223,4963,354,296,490,442,0,,[],,,ml/output/tracks/best_frames/43_15/track_0223_r2.jpg,ml/output/tracks/best_frames_hires/43_15/track_0223_r2.jpg,
43_15.mp4,205,4963,1110,227,1300,435,270,"336
336","[[""336"", 0.9998278693708471, 63.0], [""336"", 0.7511881589889526, 57.5]]",,,ml/output/tracks/best_frames/43_15/track_0205_r2.jpg,ml/output/tracks/best_frames_hires/43_15/track_0205_r2.jpg,
43_15.mp4,232,4963,3192,466,3326,639,0,,[],,,ml/output/tracks/best_frames/43_15/track_0232_r1.jpg,ml/output/tracks/best_frames_hires/43_15/track_0232_r1.jpg,
43_15.mp4,233,4963,316,737,437,924,270,"169
1 69","[[""169"", 0.8094151179637904, 39.0], [""1 69"", 0.5143620371818542, 36.0]]",,,ml/output/tracks/best_frames/43_15/track_0233_r2.jpg,ml/output/tracks/best_frames_hires/43_15/track_0233_r2.jpg,
43_15.mp4,225,4963,2186,1472,2367,1683,270,"679
078","[[""679"", 0.9999997935234566, 73.80951493365001], [""078"", 0.1973825127543632, 39.5]]",,,ml/output/tracks/best_frames/43_15/track_0225_r0.jpg,ml/output/tracks/best_frames_hires/43_15/track_0225_r0.jpg,5
43_15.mp4,221,4963,314,1381,486,1578,270,"305
305","[[""305"", 0.9999979352348233, 44.877111895037274], [""305"", 0.9999972469798912, 44.87711189503729]]",,,ml/output/tracks/best_frames/43_15/track_0221_r0.jpg,ml/output/tracks/best_frames_hires/43_15/track_0221_r0.jpg,
43_15.mp4,226,4963,3199,818,3311,1023,0,,[],,,ml/output/tracks/best_frames/43_15/track_0226_r1.jpg,ml/output/tracks/best_frames_hires/43_15/track_0226_r1.jpg,
43_15.mp4,228,4963,2184,1545,2381,1773,90,629,"[[""629"", 0.9937784323952257, 75.82137568997706]]",,,ml/output/tracks/best_frames/43_15/track_0228_r0.jpg,ml/output/tracks/best_frames_hires/43_15/track_0228_r0.jpg,
43_15.mp4,231,4963,1133,1800,1324,2025,270,"иau
тэ;
305
319
2ад7
305
319","[[""иau"", 0.22225435187548678, 14.0], [""тэ;"", 0.15655115926013025, 18.0], [""305"", 0.9998064041137695, 55.0], [""319"", 0.9999839636721358, 55.0], [""2ад7"", 0.06551897525787354, 16.759112712512604], [""305"", 0.9246327877044678, 54.5], [""319"", 0.9999300047790276, 49.0]]",,,ml/output/tracks/best_frames/43_15/track_0231_r0.jpg,ml/output/tracks/best_frames_hires/43_15/track_0231_r0.jpg,8
43_15.mp4,224,4963,1066,750,1270,967,270,"377
377","[[""377"", 0.999997040503424, 61.0], [""377"", 1.0, 56.5]]",,,ml/output/tracks/best_frames/43_15/track_0224_r0.jpg,ml/output/tracks/best_frames_hires/43_15/track_0224_r0.jpg,
43_15.mp4,220,4963,1082,1145,1274,1353,180,"&
7
U
{","[[""&"", 0.20599367413119385, 108.0], [""7"", 0.8974782815244033, 22.0], [""U"", 0.8587221770219209, 38.0], [""{"", 0.7602163004995113, 24.0]]",,,ml/output/tracks/best_frames/43_15/track_0220_r0.jpg,ml/output/tracks/best_frames_hires/43_15/track_0220_r0.jpg,
43_15.mp4,219,4963,298,964,444,1158,90,67 1,"[[""67 1"", 0.31545132398605347, 39.0]]",,,ml/output/tracks/best_frames/43_15/track_0219_r0.jpg,ml/output/tracks/best_frames_hires/43_15/track_0219_r0.jpg,
43_15.mp4,206,4963,3211,1250,3300,1296,0,,[],,,ml/output/tracks/best_frames/43_15/track_0206_r2.jpg,ml/output/tracks/best_frames_hires/43_15/track_0206_r2.jpg,
43_15.mp4,230,4963,1090,1227,1285,1465,270,"шг 
7 =
1 '
1
234
234","[[""шг "", 0.05541718897275294, 16.0], [""7 ="", 0.310444992132113, 14.0], [""1 '"", 0.45543416319976915, 12.0], [""1"", 0.14965605796943748, 12.0], [""234"", 0.9999997935234566, 54.0], [""234"", 1.0, 51.0]]",,,ml/output/tracks/best_frames/43_15/track_0230_r1.jpg,ml/output/tracks/best_frames_hires/43_15/track_0230_r1.jpg,
43_15.mp4,192,4963,3141,1658,3224,1842,0,,[],,,ml/output/tracks/best_frames/43_15/track_0192_r2.jpg,ml/output/tracks/best_frames_hires/43_15/track_0192_r2.jpg,
43_15.mp4,210,4963,364,195,508,379,0,,[],,,ml/output/tracks/best_frames/43_15/track_0210_r0.jpg,ml/output/tracks/best_frames_hires/43_15/track_0210_r0.jpg,
43_15.mp4,218,4963,2205,1008,2392,1215,270,"Fв
FE= =
244
1-
244","[[""Fв"", 0.15547850195615676, 20.0], [""FE= ="", 0.5240107571054405, 24.0], [""244"", 0.8681462407112122, 54.0], [""1-"", 0.7672100153205444, 17.695996608010176], [""244"", 0.9986440539360046, 48.0]]",,,ml/output/tracks/best_frames/43_15/track_0218_r0.jpg,ml/output/tracks/best_frames_hires/43_15/track_0218_r0.jpg,
43_15.mp4,214,4963,3147,0,3281,116,0,,[],,,ml/output/tracks/best_frames/43_15/track_0214_r0.jpg,ml/output/tracks/best_frames_hires/43_15/track_0214_r0.jpg,
43_15.mp4,217,4963,1122,1721,1313,1935,270,"Еода
:
305
305","[[""Еода"", 0.19299903512001038, 17.0], ["":"", 0.6024311027030969, 14.0], [""305"", 0.9999976599328428, 55.0], [""305"", 0.9999991740938607, 54.5]]",,,ml/output/tracks/best_frames/43_15/track_0217_r1.jpg,ml/output/tracks/best_frames_hires/43_15/track_0217_r1.jpg,0
43_15.mp4,175,4963,2221,222,2421,439,270,"299
299","[[""299"", 0.999999380570387, 54.0], [""299"", 0.9999986234898187, 53.5]]",,,ml/output/tracks/best_frames/43_15/track_0175_r0.jpg,ml/output/tracks/best_frames_hires/43_15/track_0175_r0.jpg,
43_15.mp4,216,4963,3126,1714,3218,1902,0,,[],,,ml/output/tracks/best_frames/43_15/track_0216_r0.jpg,ml/output/tracks/best_frames_hires/43_15/track_0216_r0.jpg,
43_15.mp4,166,4963,307,670,438,839,90,691,"[[""691"", 0.946052092185588, 32.0]]",,,ml/output/tracks/best_frames/43_15/track_0166_r0.jpg,ml/output/tracks/best_frames_hires/43_15/track_0166_r0.jpg,
43_15.mp4,242,5114,1086,1280,1284,1528,0,"V
8","[[""V"", 0.4557472525576145, 50.0], [""8"", 0.599881291677562, 106.0]]",,,ml/output/tracks/best_frames/43_15/track_0242_r1.jpg,ml/output/tracks/best_frames_hires/43_15/track_0242_r1.jpg,
43_15.mp4,232,5114,3191,440,3326,631,0,,[],,,ml/output/tracks/best_frames/43_15/track_0232_r0.jpg,ml/output/tracks/best_frames_hires/43_15/track_0232_r0.jpg,
43_15.mp4,233,5114,306,725,434,890,270,"1 69
169","[[""1 69"", 0.7682986259460449, 39.0], [""169"", 0.36141687645480564, 29.0]]",,,ml/output/tracks/best_frames/43_15/track_0233_r0.jpg,ml/output/tracks/best_frames_hires/43_15/track_0233_r0.jpg,
43_15.mp4,248,5114,400,1790,548,1950,180,"8
0","[[""8"", 0.9971328097563834, 84.83268858753473], [""0"", 0.4473317050138945, 28.5]]",,,ml/output/tracks/best_frames/43_15/track_0248_r1.jpg,ml/output/tracks/best_frames_hires/43_15/track_0248_r1.jpg,
43_15.mp4,246,5114,3196,517,3327,732,0,,[],,,ml/output/tracks/best_frames/43_15/track_0246_r2.jpg,ml/output/tracks/best_frames_hires/43_15/track_0246_r2.jpg,
43_15.mp4,235,5114,3195,883,3309,1096,0,,[],,,ml/output/tracks/best_frames/43_15/track_0235_r2.jpg,ml/output/tracks/best_frames_hires/43_15/track_0235_r2.jpg,
43_15.mp4,236,5114,1103,297,1304,557,270,"336
336","[[""336"", 0.9992579601879296, 56.0], [""336"", 0.5343221426010132, 57.5]]",,,ml/output/tracks/best_frames/43_15/track_0236_r0.jpg,ml/output/tracks/best_frames_hires/43_15/track_0236_r0.jpg,
43_15.mp4,243,5114,3101,1816,3198,2039,0,,[],,,ml/output/tracks/best_frames/43_15/track_0243_r1.jpg,ml/output/tracks/best_frames_hires/43_15/track_0243_r1.jpg,
43_15.mp4,237,5114,2218,514,2418,754,270,"299
299","[[""299"", 0.9999975222818565, 56.0], [""299"", 0.9999996558724309, 56.0]]",,,ml/output/tracks/best_frames/43_15/track_0237_r2.jpg,ml/output/tracks/best_frames_hires/43_15/track_0237_r2.jpg,
43_15.mp4,240,5114,2172,1621,2367,1839,270,"679
079","[[""679"", 0.9999999311744849, 73.80951493365001], [""079"", 0.9858736502993597, 39.5]]",,,ml/output/tracks/best_frames/43_15/track_0240_r0.jpg,ml/output/tracks/best_frames_hires/43_15/track_0240_r0.jpg,
43_15.mp4,241,5114,1064,915,1258,1113,270,"377
377","[[""377"", 0.9999919474190405, 61.0], [""377"", 0.9999986923153217, 58.0]]",,,ml/output/tracks/best_frames/43_15/track_0241_r1.jpg,ml/output/tracks/best_frames_hires/43_15/track_0241_r1.jpg,
43_15.mp4,230,5114,1080,1209,1273,1423,180,"&
4","[[""&"", 0.971551048328255, 92.0], [""4"", 0.2379350606273114, 17.5]]",,,ml/output/tracks/best_frames/43_15/track_0230_r0.jpg,ml/output/tracks/best_frames_hires/43_15/track_0230_r0.jpg,
43_15.mp4,234,5114,2203,1088,2404,1284,270,"244
244","[[""244"", 0.9964133501052856, 54.0], [""244"", 0.9999119639396667, 58.5]]",,,ml/output/tracks/best_frames/43_15/track_0234_r1.jpg,ml/output/tracks/best_frames_hires/43_15/track_0234_r1.jpg,
43_15.mp4,222,5114,2223,383,2422,615,270,"299
299
299
299","[[""299"", 0.999972469844606, 54.0], [""299"", 0.999996902852449, 56.0], [""299"", 0.9999983481878129, 57.0], [""299"", 0.9999997246979434, 60.0]]",,,ml/output/tracks/best_frames/43_15/track_0222_r2.jpg,ml/output/tracks/best_frames_hires/43_15/track_0222_r2.jpg,8
43_15.mp4,228,5114,2179,1543,2353,1740,270,"679
079","[[""679"", 0.9999999311744849, 73.80951493365001], [""079"", 0.5777185559272766, 38.5]]",,,ml/output/tracks/best_frames/43_15/track_0228_r2.jpg,ml/output/tracks/best_frames_hires/43_15/track_0228_r2.jpg,
43_15.mp4,229,5114,299,1018,442,1214,0,,[],,,ml/output/tracks/best_frames/43_15/track_0229_r1.jpg,ml/output/tracks/best_frames_hires/43_15/track_0229_r1.jpg,
43_15.mp4,152,5114,358,1687,541,1900,270,"305
3","[[""305"", 0.999966826175292, 51.68756514823656], [""3"", 0.2384281252535061, 20.5]]",,,ml/output/tracks/best_frames/43_15/track_0152_r1.jpg,ml/output/tracks/best_frames_hires/43_15/track_0152_r1.jpg,5
43_15.mp4,216,5114,3107,1749,3205,1948,0,,[],,,ml/output/tracks/best_frames/43_15/track_0216_r2.jpg,ml/output/tracks/best_frames_hires/43_15/track_0216_r2.jpg,
43_15.mp4,224,5114,1063,808,1270,1027,270,"377
377","[[""377"", 0.9999976599328428, 54.0], [""377"", 0.9999988987918347, 55.5]]",,,ml/output/tracks/best_frames/43_15/track_0224_r1.jpg,ml/output/tracks/best_frames_hires/43_15/track_0224_r1.jpg,
43_15.mp4,244,5264,303,1086,445,1262,0,,[],,,ml/output/tracks/best_frames/43_15/track_0244_r2.jpg,ml/output/tracks/best_frames_hires/43_15/track_0244_r2.jpg,
43_15.mp4,221,5264,337,1496,488,1670,270,"305
305","[[""305"", 0.9999968340269625, 48.12976038692403], [""305"", 0.9999975911073493, 45.495001401638675]]",,,ml/output/tracks/best_frames/43_15/track_0221_r1.jpg,ml/output/tracks/best_frames_hires/43_15/track_0221_r1.jpg,
43_15.mp4,255,5264,1090,1353,1285,1595,270,"234
234","[[""234"", 0.9999997246979434, 50.0], [""234"", 1.0, 54.5]]",,,ml/output/tracks/best_frames/43_15/track_0255_r2.jpg,ml/output/tracks/best_frames_hires/43_15/track_0255_r2.jpg,
43_15.mp4,239,5264,2233,0,2424,133,270,"9
9","[[""9"", 0.9999978542339392, 54.0], [""9"", 0.9995632180061595, 47.0]]",,,ml/output/tracks/best_frames/43_15/track_0239_r2.jpg,ml/output/tracks/best_frames_hires/43_15/track_0239_r2.jpg,
43_15.mp4,252,5264,2219,464,2417,659,270,"299
29
299
29","[[""299"", 0.9993497648599646, 54.0], [""29"", 0.8366431593894958, 54.0], [""299"", 0.9997642763322381, 52.5], [""29"", 0.41182971000671387, 62.0]]",,,ml/output/tracks/best_frames/43_15/track_0252_r0.jpg,ml/output/tracks/best_frames_hires/43_15/track_0252_r0.jpg,8
43_15.mp4,219,5264,313,843,435,1037,0,6,"[[""6"", 0.994824685536301, 76.0]]",,,ml/output/tracks/best_frames/43_15/track_0219_r2.jpg,ml/output/tracks/best_frames_hires/43_15/track_0219_r2.jpg,
43_15.mp4,242,5264,1082,1273,1275,1480,270,"234
234","[[""234"", 1.0, 54.0], [""234"", 0.9774208664894104, 55.5]]",,,ml/output/tracks/best_frames/43_15/track_0242_r0.jpg,ml/output/tracks/best_frames_hires/43_15/track_0242_r0.jpg,
43_15.mp4,243,5264,3091,1817,3194,2020,0,,[],,,ml/output/tracks/best_frames/43_15/track_0243_r0.jpg,ml/output/tracks/best_frames_hires/43_15/track_0243_r0.jpg,
43_15.mp4,251,5264,1093,439,1298,668,180,"8
8
8","[[""8"", 0.9999055884711652, 111.0], [""8"", 0.2598016854690286, 31.0], [""8"", 0.9999736549205274, 105.5]]",,,ml/output/tracks/best_frames/43_15/track_0251_r0.jpg,ml/output/tracks/best_frames_hires/43_15/track_0251_r0.jpg,
43_15.mp4,249,5264,1153,0,1351,130,0,,[],,,ml/output/tracks/best_frames/43_15/track_0249_r2.jpg,ml/output/tracks/best_frames_hires/43_15/track_0249_r2.jpg,
43_15.mp4,245,5264,3178,1379,3259,1580,0,,[],,,ml/output/tracks/best_frames/43_15/track_0245_r1.jpg,ml/output/tracks/best_frames_hires/43_15/track_0245_r1.jpg,
43_15.mp4,246,5264,3196,535,3324,751,0,,[],,,ml/output/tracks/best_frames/43_15/track_0246_r0.jpg,ml/output/tracks/best_frames_hires/43_15/track_0246_r0.jpg,
43_15.mp4,241,5264,1064,883,1266,1095,270,"377
377","[[""377"", 0.9999926356734838, 60.0], [""377"", 0.9999976599328428, 57.5]]",,,ml/output/tracks/best_frames/43_15/track_0241_r0.jpg,ml/output/tracks/best_frames_hires/43_15/track_0241_r0.jpg,
43_15.mp4,256,5264,1071,980,1258,1173,270,"377
377","[[""377"", 0.9999806600552249, 63.0], [""377"", 0.9999995182214076, 58.0]]",,,ml/output/tracks/best_frames/43_15/track_0256_r1.jpg,ml/output/tracks/best_frames_hires/43_15/track_0256_r1.jpg,
43_15.mp4,237,5264,2216,623,2417,874,270,"299
299 :","[[""299"", 0.9999997935234566, 56.0], [""299 :"", 0.9281003244694184, 57.0]]",,,ml/output/tracks/best_frames/43_15/track_0237_r1.jpg,ml/output/tracks/best_frames_hires/43_15/track_0237_r1.jpg,
43_15.mp4,248,5264,407,1835,554,1989,270,"305
305","[[""305"", 0.9999474863164742, 53.91152490811936], [""305"", 0.9997781786601937, 51.9079094402277]]",,,ml/output/tracks/best_frames/43_15/track_0248_r0.jpg,ml/output/tracks/best_frames_hires/43_15/track_0248_r0.jpg,
43_15.mp4,222,5264,2222,353,2421,571,0,8,"[[""8"", 0.9999542241566814, 106.0]]",,,ml/output/tracks/best_frames/43_15/track_0222_r1.jpg,ml/output/tracks/best_frames_hires/43_15/track_0222_r1.jpg,
43_15.mp4,235,5264,3194,930,3307,1143,0,,[],,,ml/output/tracks/best_frames/43_15/track_0235_r1.jpg,ml/output/tracks/best_frames_hires/43_15/track_0235_r1.jpg,
43_15.mp4,257,5264,2169,1682,2360,1896,270,"679
079","[[""679"", 0.9999998623489704, 76.82689739850247], [""079"", 0.8985908337701904, 41.5]]",,,ml/output/tracks/best_frames/43_15/track_0257_r0.jpg,ml/output/tracks/best_frames_hires/43_15/track_0257_r0.jpg,
43_15.mp4,228,5264,2178,1507,2303,1719,270,"679
1","[[""679"", 0.9999998623489704, 72.80313980688248], [""1"", 0.2196332259524434, 18.5]]",,,ml/output/tracks/best_frames/43_15/track_0228_r1.jpg,ml/output/tracks/best_frames_hires/43_15/track_0228_r1.jpg,9
43_15.mp4,234,5264,2197,1132,2403,1294,270,"244
244","[[""244"", 0.9257258772850037, 54.0], [""244"", 0.9999991740938607, 60.0]]",,,ml/output/tracks/best_frames/43_15/track_0234_r0.jpg,ml/output/tracks/best_frames_hires/43_15/track_0234_r0.jpg,
43_15.mp4,233,5264,305,778,433,948,180,"0
1","[[""0"", 0.5665969972114091, 51.0], [""1"", 0.7569328853841206, 24.0]]",,,ml/output/tracks/best_frames/43_15/track_0233_r1.jpg,ml/output/tracks/best_frames_hires/43_15/track_0233_r1.jpg,
43_15.mp4,258,5264,2194,1178,2396,1418,270,"244
244","[[""244"", 0.9999935304043551, 54.0], [""244"", 0.9999746722533008, 54.0]]",,,ml/output/tracks/best_frames/43_15/track_0258_r0.jpg,ml/output/tracks/best_frames_hires/43_15/track_0258_r0.jpg,
43_15.mp4,236,5264,1100,370,1304,572,180,"8
0","[[""8"", 0.9996564683360845, 109.0], [""0"", 0.9938349669496915, 45.0]]",,,ml/output/tracks/best_frames/43_15/track_0236_r1.jpg,ml/output/tracks/best_frames_hires/43_15/track_0236_r1.jpg,
43_15.mp4,259,5264,3082,1886,3189,2126,0,,[],,,ml/output/tracks/best_frames/43_15/track_0259_r0.jpg,ml/output/tracks/best_frames_hires/43_15/track_0259_r0.jpg,
43_15.mp4,231,5264,1135,1879,1321,2095,270,"305
379
305
315","[[""305"", 0.9999236035380537, 55.0], [""379"", 0.9756684995341615, 54.90318602323896], [""305"", 0.7306952476501465, 54.5], [""315"", 0.37612053751945496, 37.5]]",,,ml/output/tracks/best_frames/43_15/track_0231_r1.jpg,ml/output/tracks/best_frames_hires/43_15/track_0231_r1.jpg,5
43_15.mp4,248,5415,415,1874,557,2025,180,8,"[[""8"", 0.9961791842199688, 84.69377437381458]]",,,ml/output/tracks/best_frames/43_15/track_0248_r2.jpg,ml/output/tracks/best_frames_hires/43_15/track_0248_r2.jpg,
43_15.mp4,264,5415,1071,1038,1268,1255,270,"377
377","[[""377"", 0.9999977975838318, 56.0], [""377"", 0.999997040503424, 56.5]]",,,ml/output/tracks/best_frames/43_15/track_0264_r1.jpg,ml/output/tracks/best_frames_hires/43_15/track_0264_r1.jpg,
43_15.mp4,272,5415,1156,2081,1325,2159,180,9,"[[""9"", 0.9916398751020985, 77.09907665979782]]",,,ml/output/tracks/best_frames/43_15/track_0272_r1.jpg,ml/output/tracks/best_frames_hires/43_15/track_0272_r1.jpg,
43_15.mp4,249,5415,1148,0,1348,174,90,65,"[[""65"", 0.9999054237819103, 52.0]]",,,ml/output/tracks/best_frames/43_15/track_0249_r1.jpg,ml/output/tracks/best_frames_hires/43_15/track_0249_r1.jpg,
43_15.mp4,261,5415,2215,523,2415,718,90,"57
1eu -
662","[[""57"", 0.633762936902143, 56.0], [""1eu -"", 0.1812127564808629, 16.0], [""662"", 0.9901975857994177, 56.0]]",,,ml/output/tracks/best_frames/43_15/track_0261_r0.jpg,ml/output/tracks/best_frames_hires/43_15/track_0261_r0.jpg,6
43_15.mp4,256,5415,1063,947,1268,1159,270,"377
16
377","[[""377"", 0.9999978664093272, 54.0], [""16"", 0.21026914436717337, 20.0], [""377"", 0.9999999311744849, 55.5]]",,,ml/output/tracks/best_frames/43_15/track_0256_r0.jpg,ml/output/tracks/best_frames_hires/43_15/track_0256_r0.jpg,
43_15.mp4,259,5415,3081,1862,3175,2048,0,,[],,,ml/output/tracks/best_frames/43_15/track_0259_r1.jpg,ml/output/tracks/best_frames_hires/43_15/track_0259_r1.jpg,
43_15.mp4,258,5415,2194,1235,2367,1423,180,~,"[[""~"", 0.9152143834037361, 115.0]]",,,ml/output/tracks/best_frames/43_15/track_0258_r2.jpg,ml/output/tracks/best_frames_hires/43_15/track_0258_r2.jpg,
43_15.mp4,252,5415,2223,427,2420,646,90,"u 
662","[[""u "", 0.5069238993276091, 16.0], [""662"", 0.9723291926212274, 56.0]]",,,ml/output/tracks/best_frames/43_15/track_0252_r1.jpg,ml/output/tracks/best_frames_hires/43_15/track_0252_r1.jpg,11
43_15.mp4,267,5415,312,898,437,1082,0,0,"[[""0"", 0.6515335662741997, 48.0]]",,,ml/output/tracks/best_frames/43_15/track_0267_r2.jpg,ml/output/tracks/best_frames_hires/43_15/track_0267_r2.jpg,
43_15.mp4,266,5415,1095,495,1293,728,180,"In
8
8","[[""In"", 0.7776042656634367, 24.0], [""8"", 0.6992074115470679, 106.0], [""8"", 0.9994063066728565, 116.5]]",,,ml/output/tracks/best_frames/43_15/track_0266_r1.jpg,ml/output/tracks/best_frames_hires/43_15/track_0266_r1.jpg,
43_15.mp4,255,5415,1084,1336,1273,1540,270,"234
234","[[""234"", 0.9999995182214076, 52.0], [""234"", 0.9999998623489704, 56.0]]",,,ml/output/tracks/best_frames/43_15/track_0255_r1.jpg,ml/output/tracks/best_frames_hires/43_15/track_0255_r1.jpg,
43_15.mp4,270,5415,3181,1094,3273,1201,0,,[],,,ml/output/tracks/best_frames/43_15/track_0270_r0.jpg,ml/output/tracks/best_frames_hires/43_15/track_0270_r0.jpg,
43_15.mp4,251,5415,1098,426,1295,623,180,"In
8
0","[[""In"", 0.8410664977939073, 24.0], [""8"", 0.999897840248142, 111.0], [""0"", 0.46380856580050533, 33.0]]",,,ml/output/tracks/best_frames/43_15/track_0251_r1.jpg,ml/output/tracks/best_frames_hires/43_15/track_0251_r1.jpg,
43_15.mp4,263,5415,341,448,473,609,270,"1ъ0=
226","[[""1ъ0="", 0.23680107295513153, 28.0], [""226"", 0.10571584020488367, 26.0]]",,,ml/output/tracks/best_frames/43_15/track_0263_r0.jpg,ml/output/tracks/best_frames_hires/43_15/track_0263_r0.jpg,
43_15.mp4,237,5415,2209,664,2406,883,0,"5
8","[[""5"", 0.9544467720060226, 50.0], [""8"", 0.9999427803595609, 112.0]]",,,ml/output/tracks/best_frames/43_15/track_0237_r0.jpg,ml/output/tracks/best_frames_hires/43_15/track_0237_r0.jpg,2
43_15.mp4,239,5415,2228,7,2417,161,270,"259
259 :","[[""259"", 1.0, 60.0], [""259 :"", 0.8639489531587994, 52.0]]",,,ml/output/tracks/best_frames/43_15/track_0239_r1.jpg,ml/output/tracks/best_frames_hires/43_15/track_0239_r1.jpg,
43_15.mp4,232,5415,3192,531,3315,711,0,,[],,,ml/output/tracks/best_frames/43_15/track_0232_r2.jpg,ml/output/tracks/best_frames_hires/43_15/track_0232_r2.jpg,
43_15.mp4,221,5415,341,1538,495,1710,270,"305
305","[[""305"", 0.9999939799308777, 45.04322489205475], [""305"", 0.9999979352348233, 44.527875974976595]]",,,ml/output/tracks/best_frames/43_15/track_0221_r2.jpg,ml/output/tracks/best_frames_hires/43_15/track_0221_r2.jpg,
43_15.mp4,231,5415,1134,1873,1319,2085,90,"18
908","[[""18"", 0.7477058418064129, 48.0], [""908"", 0.7656982944465796, 54.680038078383745]]",,,ml/output/tracks/best_frames/43_15/track_0231_r2.jpg,ml/output/tracks/best_frames_hires/43_15/track_0231_r2.jpg,4
43_15.mp4,219,5415,305,840,431,1001,270,"159
159","[[""159"", 0.35239591707276474, 32.0], [""159"", 0.7755487098446421, 29.0]]",,,ml/output/tracks/best_frames/43_15/track_0219_r1.jpg,ml/output/tracks/best_frames_hires/43_15/track_0219_r1.jpg,
43_15.mp4,244,5415,301,1123,449,1296,0,,[],,,ml/output/tracks/best_frames/43_15/track_0244_r1.jpg,ml/output/tracks/best_frames_hires/43_15/track_0244_r1.jpg,
43_15.mp4,245,5415,3165,1422,3251,1616,0,,[],,,ml/output/tracks/best_frames/43_15/track_0245_r2.jpg,ml/output/tracks/best_frames_hires/43_15/track_0245_r2.jpg,
43_15.mp4,223,5415,347,375,482,549,270,"120*
2.","[[""120*"", 0.5539821982383728, 28.0], [""2."", 0.11329452186636921, 36.5]]",,,ml/output/tracks/best_frames/43_15/track_0223_r1.jpg,ml/output/tracks/best_frames_hires/43_15/track_0223_r1.jpg,
43_15.mp4,265,5565,2209,730,2407,940,270,"299
15
299","[[""299"", 0.9999997246979434, 62.0], [""15"", 0.9337444773536193, 20.0], [""299"", 1.0, 60.5]]",,,ml/output/tracks/best_frames/43_15/track_0265_r0.jpg,ml/output/tracks/best_frames_hires/43_15/track_0265_r0.jpg,49
43_15.mp4,281,5565,1066,1099,1258,1295,270,"377
377","[[""377"", 0.9999991052683532, 54.0], [""377"", 0.9999999311744849, 56.5]]",,,ml/output/tracks/best_frames/43_15/track_0281_r0.jpg,ml/output/tracks/best_frames_hires/43_15/track_0281_r0.jpg,
43_15.mp4,282,5565,3169,1146,3296,1308,0,,[],,,ml/output/tracks/best_frames/43_15/track_0282_r0.jpg,ml/output/tracks/best_frames_hires/43_15/track_0282_r0.jpg,
43_15.mp4,264,5565,1066,1007,1264,1223,270,"377
377","[[""377"", 0.9999991740938607, 54.0], [""377"", 0.9999995870469189, 56.5]]",,,ml/output/tracks/best_frames/43_15/track_0264_r0.jpg,ml/output/tracks/best_frames_hires/43_15/track_0264_r0.jpg,04:
43_15.mp4,266,5565,1096,477,1295,690,270,"336
336","[[""336"", 0.9996424600119027, 63.0], [""336"", 0.9999999311744849, 56.5]]",,,ml/output/tracks/best_frames/43_15/track_0266_r0.jpg,ml/output/tracks/best_frames_hires/43_15/track_0266_r0.jpg,
43_15.mp4,283,5565,2191,1377,2379,1573,270,"244
244","[[""244"", 0.9436042065516227, 52.0], [""244"", 0.6671341061592102, 48.0]]",,,ml/output/tracks/best_frames/43_15/track_0283_r1.jpg,ml/output/tracks/best_frames_hires/43_15/track_0283_r1.jpg,
43_15.mp4,263,5565,349,426,475,595,270,"189
195","[[""189"", 0.3520693366852895, 39.0], [""195"", 0.11423657981516318, 34.5]]",,,ml/output/tracks/best_frames/43_15/track_0263_r1.jpg,ml/output/tracks/best_frames_hires/43_15/track_0263_r1.jpg,
43_15.mp4,280,5565,336,506,467,676,270,"1m
339","[[""1m"", 0.7976729486902084, 32.0], [""339"", 0.1339199177469017, 26.0]]",,,ml/output/tracks/best_frames/43_15/track_0280_r0.jpg,ml/output/tracks/best_frames_hires/43_15/track_0280_r0.jpg,
43_15.mp4,273,5565,2238,84,2425,298,270,"259
259","[[""259"", 1.0, 56.0], [""259"", 1.0, 55.5]]",,,ml/output/tracks/best_frames/43_15/track_0273_r2.jpg,ml/output/tracks/best_frames_hires/43_15/track_0273_r2.jpg,
43_15.mp4,287,5565,3184,1095,3260,1202,270,8,"[[""8"", 0.2211157607484262, 32.49]]",,,ml/output/tracks/best_frames/43_15/track_0287_r2.jpg,ml/output/tracks/best_frames_hires/43_15/track_0287_r2.jpg,
43_15.mp4,278,5565,3199,689,3324,854,0,,[],,,ml/output/tracks/best_frames/43_15/track_0278_r1.jpg,ml/output/tracks/best_frames_hires/43_15/track_0278_r1.jpg,
43_15.mp4,284,5565,312,946,435,1135,90,691,"[[""691"", 0.8233091195773586, 30.0]]",,,ml/output/tracks/best_frames/43_15/track_0284_r1.jpg,ml/output/tracks/best_frames_hires/43_15/track_0284_r1.jpg,
43_15.mp4,277,5565,1150,54,1338,270,0,8,"[[""8"", 0.9742839341979028, 104.0]]",,,ml/output/tracks/best_frames/43_15/track_0277_r2.jpg,ml/output/tracks/best_frames_hires/43_15/track_0277_r2.jpg,
43_15.mp4,276,5565,1098,1463,1286,1712,270,"234
234","[[""234"", 1.0, 57.0], [""234"", 0.6716307401657104, 55.5]]",,,ml/output/tracks/best_frames/43_15/track_0276_r2.jpg,ml/output/tracks/best_frames_hires/43_15/track_0276_r2.jpg,
43_15.mp4,286,5565,315,1250,452,1430,270,"2
4 .  ","[[""2"", 0.3754237687490445, 30.0], [""4 .  "", 0.19533794690265058, 28.5]]",,,ml/output/tracks/best_frames/43_15/track_0286_r1.jpg,ml/output/tracks/best_frames_hires/43_15/track_0286_r1.jpg,
43_15.mp4,275,5565,3739,437,3839,534,0,,[],,,ml/output/tracks/best_frames/43_15/track_0275_r0.jpg,ml/output/tracks/best_frames_hires/43_15/track_0275_r0.jpg,
43_15.mp4,270,5565,3181,1131,3268,1243,0,,[],,,ml/output/tracks/best_frames/43_15/track_0270_r1.jpg,ml/output/tracks/best_frames_hires/43_15/track_0270_r1.jpg,
43_15.mp4,272,5565,1149,2078,1338,2159,0,,[],,,ml/output/tracks/best_frames/43_15/track_0272_r0.jpg,ml/output/tracks/best_frames_hires/43_15/track_0272_r0.jpg,
43_15.mp4,274,5565,1088,567,1290,777,180,"1L
8
8","[[""1L"", 0.10487612766743991, 24.0], [""8"", 0.9381924933614414, 106.0], [""8"", 0.999992489828859, 122.0]]",,,ml/output/tracks/best_frames/43_15/track_0274_r1.jpg,ml/output/tracks/best_frames_hires/43_15/track_0274_r1.jpg,
43_15.mp4,267,5565,309,888,434,1059,90,691,"[[""691"", 0.8177169949251877, 30.0]]",,,ml/output/tracks/best_frames/43_15/track_0267_r1.jpg,ml/output/tracks/best_frames_hires/43_15/track_0267_r1.jpg,
43_15.mp4,279,5565,363,1625,513,1839,180,"8
8","[[""8"", 0.9797297158998077, 86.820967616373], [""8"", 0.9711984587273861, 82.74258005430619]]",,,ml/output/tracks/best_frames/43_15/track_0279_r2.jpg,ml/output/tracks/best_frames_hires/43_15/track_0279_r2.jpg,
43_15.mp4,261,5565,2223,482,2420,702,270,"299
299
15","[[""299"", 0.9999991740938607, 54.0], [""299"", 0.9999999311744849, 56.0], [""15"", 0.7592798544418853, 21.0]]",,,ml/output/tracks/best_frames/43_15/track_0261_r1.jpg,ml/output/tracks/best_frames_hires/43_15/track_0261_r1.jpg,9
43_15.mp4,239,5565,2230,9,2416,213,270,"259
259","[[""259"", 1.0, 56.0], [""259"", 1.0, 56.5]]",,,ml/output/tracks/best_frames/43_15/track_0239_r0.jpg,ml/output/tracks/best_frames_hires/43_15/track_0239_r0.jpg,
43_15.mp4,259,5565,3067,1897,3171,2089,0,,[],,,ml/output/tracks/best_frames/43_15/track_0259_r2.jpg,ml/output/tracks/best_frames_hires/43_15/track_0259_r2.jpg,
43_15.mp4,244,5565,309,1171,461,1375,270,"4 ! ;
1","[[""4 ! ;"", 0.28937888239805737, 36.0], [""1"", 0.7874095266579992, 30.5]]",,,ml/output/tracks/best_frames/43_15/track_0244_r0.jpg,ml/output/tracks/best_frames_hires/43_15/track_0244_r0.jpg,
43_15.mp4,258,5565,2190,1280,2353,1476,270,"244
2","[[""244"", 0.9915944933891296, 50.0], [""2"", 0.8997224253310065, 36.0]]",,,ml/output/tracks/best_frames/43_15/track_0258_r1.jpg,ml/output/tracks/best_frames_hires/43_15/track_0258_r1.jpg,
43_15.mp4,246,5565,3194,601,3329,800,0,,[],,,ml/output/tracks/best_frames/43_15/track_0246_r1.jpg,ml/output/tracks/best_frames_hires/43_15/track_0246_r1.jpg,
43_15.mp4,257,5565,2164,1750,2344,1935,270,"679
079","[[""679"", 0.9999998623489704, 74.81558731147749], [""079"", 0.5722634196281433, 41.5]]",,,ml/output/tracks/best_frames/43_15/track_0257_r1.jpg,ml/output/tracks/best_frames_hires/43_15/track_0257_r1.jpg,
43_15.mp4,255,5565,1086,1391,1277,1603,270,"234
234","[[""234"", 0.9999999311744849, 61.0], [""234"", 0.9999998623489704, 51.5]]",,,ml/output/tracks/best_frames/43_15/track_0255_r0.jpg,ml/output/tracks/best_frames_hires/43_15/track_0255_r0.jpg,
43_15.mp4,262,5565,2211,864,2410,1012,270,"99
99","[[""99"", 0.9999916549341934, 56.0], [""99"", 0.9431257247924805, 55.0]]",,,ml/output/tracks/best_frames/43_15/track_0262_r2.jpg,ml/output/tracks/best_frames_hires/43_15/track_0262_r2.jpg,
43_15.mp4,249,5565,1146,0,1345,173,270,"259
259","[[""259"", 0.9999996558724309, 67.81313090610178], [""259"", 0.9999999311744849, 63.94490834920338]]",,,ml/output/tracks/best_frames/43_15/track_0249_r0.jpg,ml/output/tracks/best_frames_hires/43_15/track_0249_r0.jpg,
43_15.mp4,262,5715,2214,864,2406,1019,180,"{
8
..
8","[[""{"", 0.10709837775042175, 22.0], [""8"", 0.9998374051388623, 115.0], ["".."", 0.4309130199171176, 17.5], [""8"", 0.9998632716188673, 93.5]]",,,ml/output/tracks/best_frames/43_15/track_0262_r1.jpg,ml/output/tracks/best_frames_hires/43_15/track_0262_r1.jpg,
43_15.mp4,279,5715,357,1631,508,1802,180,8,"[[""8"", 0.8438714473341093, 87.78349240575648]]",,,ml/output/tracks/best_frames/43_15/track_0279_r0.jpg,ml/output/tracks/best_frames_hires/43_15/track_0279_r0.jpg,
43_15.mp4,294,5715,3199,741,3330,933,0,,[],,,ml/output/tracks/best_frames/43_15/track_0294_r1.jpg,ml/output/tracks/best_frames_hires/43_15/track_0294_r1.jpg,
43_15.mp4,229,5715,316,992,437,1173,90,691,"[[""691"", 0.7365273729262861, 28.0]]",,,ml/output/tracks/best_frames/43_15/track_0229_r2.jpg,ml/output/tracks/best_frames_hires/43_15/track_0229_r2.jpg,
43_15.mp4,292,5715,1066,1159,1258,1354,270,"377
377","[[""377"", 0.9999991740938607, 54.0], [""377"", 0.9830427765846252, 51.5]]",,,ml/output/tracks/best_frames/43_15/track_0292_r1.jpg,ml/output/tracks/best_frames_hires/43_15/track_0292_r1.jpg,
43_15.mp4,280,5715,345,459,471,648,180,F,"[[""F"", 0.528997266058596, 78.0]]",,,ml/output/tracks/best_frames/43_15/track_0280_r1.jpg,ml/output/tracks/best_frames_hires/43_15/track_0280_r1.jpg,
43_15.mp4,281,5715,1068,1065,1264,1275,270,"377
1
377","[[""377"", 0.999999449395897, 52.0], [""1"", 0.9975301990835739, 16.0], [""377"", 1.0, 52.0]]",,,ml/output/tracks/best_frames/43_15/track_0281_r1.jpg,ml/output/tracks/best_frames_hires/43_15/track_0281_r1.jpg,658
43_15.mp4,291,5715,1144,93,1332,313,270,"259
259","[[""259"", 0.999993943357101, 62.0], [""259"", 1.0, 64.44594567112742]]",,,ml/output/tracks/best_frames/43_15/track_0291_r2.jpg,ml/output/tracks/best_frames_hires/43_15/track_0291_r2.jpg,
43_15.mp4,282,5715,3182,1121,3302,1324,0,,[],,,ml/output/tracks/best_frames/43_15/track_0282_r1.jpg,ml/output/tracks/best_frames_hires/43_15/track_0282_r1.jpg,
43_15.mp4,283,5715,2191,1350,2366,1529,270,"244
244","[[""244"", 0.9999090820478816, 52.0], [""244"", 0.9728169964682085, 42.5]]",,,ml/output/tracks/best_frames/43_15/track_0283_r0.jpg,ml/output/tracks/best_frames_hires/43_15/track_0283_r0.jpg,
43_15.mp4,290,5715,346,532,475,713,270,"qар
499","[[""qар"", 0.19524034537905605, 33.0], [""499"", 0.5375863890549835, 37.5]]",,,ml/output/tracks/best_frames/43_15/track_0290_r2.jpg,ml/output/tracks/best_frames_hires/43_15/track_0290_r2.jpg,
43_15.mp4,284,5715,311,936,435,1102,90,691,"[[""691"", 0.9123745825021828, 36.0]]",,,ml/output/tracks/best_frames/43_15/track_0284_r0.jpg,ml/output/tracks/best_frames_hires/43_15/track_0284_r0.jpg,
43_15.mp4,286,5715,318,1244,457,1415,0,,[],,,ml/output/tracks/best_frames/43_15/track_0286_r0.jpg,ml/output/tracks/best_frames_hires/43_15/track_0286_r0.jpg,
43_15.mp4,289,5715,2193,1422,2377,1615,180,"N
9","[[""N"", 0.9915058561066559, 86.0], [""9"", 0.22012977715688553, 103.0]]",,,ml/output/tracks/best_frames/43_15/track_0289_r1.jpg,ml/output/tracks/best_frames_hires/43_15/track_0289_r1.jpg,
43_15.mp4,278,5715,3199,674,3320,856,90,1,"[[""1"", 0.08553342367094174, 32.0]]",,,ml/output/tracks/best_frames/43_15/track_0278_r0.jpg,ml/output/tracks/best_frames_hires/43_15/track_0278_r0.jpg,
43_15.mp4,277,5715,1139,23,1334,224,180,"I5
8
8","[[""I5"", 0.17548676817265513, 32.0], [""8"", 0.8780826695810653, 101.0], [""8"", 0.9340729078815038, 99.48045601308772]]",,,ml/output/tracks/best_frames/43_15/track_0277_r1.jpg,ml/output/tracks/best_frames_hires/43_15/track_0277_r1.jpg,
43_15.mp4,297,5715,2207,899,2411,1119,270,"299
299","[[""299"", 0.9999993117448777, 67.0], [""299"", 1.0, 60.5]]",,,ml/output/tracks/best_frames/43_15/track_0297_r2.jpg,ml/output/tracks/best_frames_hires/43_15/track_0297_r2.jpg,
43_15.mp4,287,5715,3185,1104,3257,1231,0,,[],,,ml/output/tracks/best_frames/43_15/track_0287_r1.jpg,ml/output/tracks/best_frames_hires/43_15/track_0287_r1.jpg,
43_15.mp4,265,5715,2222,636,2421,864,270,"299
29
 -
299
299","[[""299"", 0.9999811418326, 54.0], [""29"", 1.0, 52.0], ["" -"", 0.5212371204906543, 21.0], [""299"", 0.9997333058927803, 57.5], [""299"", 0.9709768981229671, 57.0]]",,,ml/output/tracks/best_frames/43_15/track_0265_r1.jpg,ml/output/tracks/best_frames_hires/43_15/track_0265_r1.jpg,8
43_15.mp4,267,5715,312,865,444,1036,90,691,"[[""691"", 0.9468146770180005, 30.0]]",,,ml/output/tracks/best_frames/43_15/track_0267_r0.jpg,ml/output/tracks/best_frames_hires/43_15/track_0267_r0.jpg,1
43_15.mp4,295,5715,3168,1200,3289,1369,0,,[],,,ml/output/tracks/best_frames/43_15/track_0295_r1.jpg,ml/output/tracks/best_frames_hires/43_15/track_0295_r1.jpg,
43_15.mp4,273,5715,2236,67,2429,270,270,"259
259","[[""259"", 1.0, 62.0], [""259"", 0.9930784106254578, 55.5]]",,,ml/output/tracks/best_frames/43_15/track_0273_r0.jpg,ml/output/tracks/best_frames_hires/43_15/track_0273_r0.jpg,7.
43_15.mp4,298,5715,321,1309,456,1481,0,,[],,,ml/output/tracks/best_frames/43_15/track_0298_r1.jpg,ml/output/tracks/best_frames_hires/43_15/track_0298_r1.jpg,
43_15.mp4,288,5715,1088,632,1288,833,180,"5
$
5
8","[[""5"", 0.8072222865632881, 22.0], [""$"", 0.7866088572519061, 104.0], [""5"", 0.649117055776415, 22.0], [""8"", 0.988497741764153, 108.0]]",,,ml/output/tracks/best_frames/43_15/track_0288_r1.jpg,ml/output/tracks/best_frames_hires/43_15/track_0288_r1.jpg,
43_15.mp4,245,5715,3152,1527,3253,1734,0,,[],,,ml/output/tracks/best_frames/43_15/track_0245_r0.jpg,ml/output/tracks/best_frames_hires/43_15/track_0245_r0.jpg,
43_15.mp4,275,5715,3774,463,3839,552,0,,[],,,ml/output/tracks/best_frames/43_15/track_0275_r1.jpg,ml/output/tracks/best_frames_hires/43_15/track_0275_r1.jpg,
43_15.mp4,276,5715,1093,1451,1282,1650,270,"234
234","[[""234"", 0.9999988987918347, 53.0], [""234"", 0.602942705154419, 58.0]]",,,ml/output/tracks/best_frames/43_15/track_0276_r0.jpg,ml/output/tracks/best_frames_hires/43_15/track_0276_r0.jpg,1
43_15.mp4,274,5715,1093,539,1292,751,270,"336
336","[[""336"", 0.996956812664314, 57.0], [""336"", 1.0, 57.0]]",,,ml/output/tracks/best_frames/43_15/track_0274_r0.jpg,ml/output/tracks/best_frames_hires/43_15/track_0274_r0.jpg,
43_15.mp4,299,5866,2233,209,2429,416,270,"259
259 :","[[""259"", 1.0, 56.0], [""259 :"", 0.889825117520037, 56.0]]",,,ml/output/tracks/best_frames/43_15/track_0299_r1.jpg,ml/output/tracks/best_frames_hires/43_15/track_0299_r1.jpg,
43_15.mp4,302,5866,1089,676,1287,896,270,"336
336","[[""336"", 0.9990522640170512, 54.0], [""336"", 0.999999380570387, 56.5]]",,,ml/output/tracks/best_frames/43_15/track_0302_r1.jpg,ml/output/tracks/best_frames_hires/43_15/track_0302_r1.jpg,
43_15.mp4,298,5866,324,1310,461,1465,0,,[],,,ml/output/tracks/best_frames/43_15/track_0298_r0.jpg,ml/output/tracks/best_frames_hires/43_15/track_0298_r0.jpg,
43_15.mp4,291,5866,1133,83,1336,327,270,"259
259","[[""259"", 0.9999960081211735, 64.0], [""259"", 1.0, 62.0]]",,,ml/output/tracks/best_frames/43_15/track_0291_r1.jpg,ml/output/tracks/best_frames_hires/43_15/track_0291_r1.jpg,
43_15.mp4,306,5866,1074,1218,1273,1433,0,$,"[[""$"", 0.6760217597627758, 114.0]]",,,ml/output/tracks/best_frames/43_15/track_0306_r2.jpg,ml/output/tracks/best_frames_hires/43_15/track_0306_r2.jpg,
43_15.mp4,307,5866,2193,1467,2377,1664,270,"244
244","[[""244"", 0.9999342719221859, 60.0], [""244"", 0.8933768272399902, 54.0]]",,,ml/output/tracks/best_frames/43_15/track_0307_r2.jpg,ml/output/tracks/best_frames_hires/43_15/track_0307_r2.jpg,
43_15.mp4,294,5866,3195,710,3329,901,90,1,"[[""1"", 0.825954719234133, 38.0]]",,,ml/output/tracks/best_frames/43_15/track_0294_r2.jpg,ml/output/tracks/best_frames_hires/43_15/track_0294_r2.jpg,
43_15.mp4,290,5866,337,522,463,692,90,661,"[[""661"", 0.7747432610276896, 41.0]]",,,ml/output/tracks/best_frames/43_15/track_0290_r1.jpg,ml/output/tracks/best_frames_hires/43_15/track_0290_r1.jpg,
43_15.mp4,309,5866,1102,1578,1300,1814,270,"234
234","[[""234"", 0.7748578190803528, 60.0], [""234"", 0.9999759793281555, 52.5]]",,,ml/output/tracks/best_frames/43_15/track_0309_r1.jpg,ml/output/tracks/best_frames_hires/43_15/track_0309_r1.jpg,
43_15.mp4,311,5866,316,1044,442,1230,90,69!,"[[""69!"", 0.7867310176452741, 30.0]]",,,ml/output/tracks/best_frames/43_15/track_0311_r2.jpg,ml/output/tracks/best_frames_hires/43_15/track_0311_r2.jpg,
43_15.mp4,289,5866,2188,1392,2362,1597,270,"244
3244","[[""244"", 0.9516347050666809, 54.0], [""3244"", 0.27720150351524353, 43.0]]",,,ml/output/tracks/best_frames/43_15/track_0289_r0.jpg,ml/output/tracks/best_frames_hires/43_15/track_0289_r0.jpg,
43_15.mp4,303,5866,2219,706,2426,951,0,"8
8
8","[[""8"", 0.9998689932817548, 116.0], [""8"", 0.9994316908741894, 117.0], [""8"", 0.9999171512598117, 113.5]]",,,ml/output/tracks/best_frames/43_15/track_0303_r0.jpg,ml/output/tracks/best_frames_hires/43_15/track_0303_r0.jpg,8
43_15.mp4,292,5866,1070,1127,1269,1335,270,"377
377","[[""377"", 0.999997040503424, 54.0], [""377"", 0.9963467717170715, 52.0]]",,,ml/output/tracks/best_frames/43_15/track_0292_r0.jpg,ml/output/tracks/best_frames_hires/43_15/track_0292_r0.jpg,65 8
43_15.mp4,273,5866,2234,119,2428,329,180,"8
0","[[""8"", 0.9993480314865479, 100.0], [""0"", 0.9802353892826012, 37.0]]",,,ml/output/tracks/best_frames/43_15/track_0273_r1.jpg,ml/output/tracks/best_frames_hires/43_15/track_0273_r1.jpg,1
43_15.mp4,277,5866,1147,12,1344,233,270,"259
259","[[""259"", 0.9999998623489704, 64.0], [""259"", 1.0, 64.44594567112742]]",,,ml/output/tracks/best_frames/43_15/track_0277_r0.jpg,ml/output/tracks/best_frames_hires/43_15/track_0277_r0.jpg,91
43_15.mp4,279,5866,373,1695,525,1899,180,"8
9","[[""8"", 0.7382398002328614, 87.82527080734286], [""9"", 0.9346761439139897, 72.10697145189376]]",,,ml/output/tracks/best_frames/43_15/track_0279_r1.jpg,ml/output/tracks/best_frames_hires/43_15/track_0279_r1.jpg,
43_15.mp4,262,5866,2214,829,2408,1070,0,"'n
8","[[""'n"", 0.4631710701815383, 28.0], [""8"", 0.9889505465720596, 117.0]]",,,ml/output/tracks/best_frames/43_15/track_0262_r0.jpg,ml/output/tracks/best_frames_hires/43_15/track_0262_r0.jpg,1
43_15.mp4,288,5866,1092,589,1288,804,270,"336
336","[[""336"", 0.9990245997256718, 54.0], [""336"", 0.9999998623489704, 55.5]]",,,ml/output/tracks/best_frames/43_15/track_0288_r0.jpg,ml/output/tracks/best_frames_hires/43_15/track_0288_r0.jpg,
43_15.mp4,229,5866,310,972,440,1159,270,"1 59
4 69","[[""1 59"", 0.583852106423186, 30.0], [""4 69"", 0.5120244959995687, 27.5]]",,,ml/output/tracks/best_frames/43_15/track_0229_r0.jpg,ml/output/tracks/best_frames_hires/43_15/track_0229_r0.jpg,
43_15.mp4,265,5866,2223,602,2421,827,270,"сз :
299
45
71-
299
15","[[""сз :"", 0.15336953103542328, 18.0], [""299"", 0.9999999311744849, 56.0], [""45"", 0.38179499228014097, 20.0], [""71-"", 0.26324471979881525, 21.0], [""299"", 0.9999972469798912, 58.0], [""15"", 0.20587030957189825, 19.0]]",,,ml/output/tracks/best_frames/43_15/track_0265_r2.jpg,ml/output/tracks/best_frames_hires/43_15/track_0265_r2.jpg,19
43_15.mp4,287,5866,3188,1103,3303,1268,0,,[],,,ml/output/tracks/best_frames/43_15/track_0287_r0.jpg,ml/output/tracks/best_frames_hires/43_15/track_0287_r0.jpg,
43_15.mp4,257,5866,2162,1824,2341,2007,270,"679
079","[[""679"", 0.999993117451632, 67.0], [""079"", 0.9122067973620586, 40.5]]",,,ml/output/tracks/best_frames/43_15/track_0257_r2.jpg,ml/output/tracks/best_frames_hires/43_15/track_0257_r2.jpg,
43_15.mp4,276,5866,1101,1522,1282,1704,270,"234
234","[[""234"", 0.9999982105368138, 57.0], [""234"", 0.999881386756897, 52.5]]",,,ml/output/tracks/best_frames/43_15/track_0276_r1.jpg,ml/output/tracks/best_frames_hires/43_15/track_0276_r1.jpg,
43_15.mp4,306,6016,1072,1188,1272,1401,270,"377
377","[[""377"", 0.9999966963759913, 54.0], [""377"", 0.99886554479599, 51.0]]",,,ml/output/tracks/best_frames/43_15/track_0306_r0.jpg,ml/output/tracks/best_frames_hires/43_15/track_0306_r0.jpg,978
43_15.mp4,304,6016,3202,864,3331,982,0,,[],,,ml/output/tracks/best_frames/43_15/track_0304_r2.jpg,ml/output/tracks/best_frames_hires/43_15/track_0304_r2.jpg,
43_15.mp4,307,6016,2189,1454,2349,1644,270,"244
244","[[""244"", 0.9990561177573278, 54.0], [""244"", 0.850409916763748, 36.0]]",,,ml/output/tracks/best_frames/43_15/track_0307_r0.jpg,ml/output/tracks/best_frames_hires/43_15/track_0307_r0.jpg,
43_15.mp4,322,6016,1089,772,1287,994,270,"336
3336","[[""336"", 0.9986682074990458, 60.0], [""3336"", 0.49229010939598083, 54.5]]",,,ml/output/tracks/best_frames/43_15/track_0322_r1.jpg,ml/output/tracks/best_frames_hires/43_15/track_0322_r1.jpg,
43_15.mp4,309,6016,1101,1557,1288,1758,270,"234
234","[[""234"", 0.9999413608912129, 57.0], [""234"", 0.8925616145133972, 56.0]]",,,ml/output/tracks/best_frames/43_15/track_0309_r0.jpg,ml/output/tracks/best_frames_hires/43_15/track_0309_r0.jpg,1
43_15.mp4,303,6016,2224,671,2422,888,270,"Er= =
299
15
15
299
15-","[[""Er= ="", 0.2363279706854158, 16.0], [""299"", 0.9999998623489704, 56.0], [""15"", 0.7905036026020874, 20.0], [""15"", 0.4888045255251002, 19.0], [""299"", 1.0, 59.0], [""15-"", 0.5874579818539827, 20.0]]",,,ml/output/tracks/best_frames/43_15/track_0303_r1.jpg,ml/output/tracks/best_frames_hires/43_15/track_0303_r1.jpg,
43_15.mp4,312,6016,3056,2084,3146,2159,0,,[],,,ml/output/tracks/best_frames/43_15/track_0312_r1.jpg,ml/output/tracks/best_frames_hires/43_15/track_0312_r1.jpg,
43_15.mp4,302,6016,1091,652,1288,870,270,"~
336
336","[[""~"", 0.06800778178959277, 8.0], [""336"", 0.9992543127992606, 54.0], [""336"", 0.9999998623489704, 52.5]]",,,ml/output/tracks/best_frames/43_15/track_0302_r0.jpg,ml/output/tracks/best_frames_hires/43_15/track_0302_r0.jpg,
43_15.mp4,313,6016,1125,216,1325,413,270,"259
259","[[""259"", 1.0, 61.0], [""259"", 1.0, 65.44793449931393]]",,,ml/output/tracks/best_frames/43_15/track_0313_r1.jpg,ml/output/tracks/best_frames_hires/43_15/track_0313_r1.jpg,
43_15.mp4,299,6016,2239,178,2434,384,270,"259
259","[[""259"", 1.0, 56.0], [""259"", 0.9030978083610535, 57.5]]",,,ml/output/tracks/best_frames/43_15/track_0299_r0.jpg,ml/output/tracks/best_frames_hires/43_15/track_0299_r0.jpg,2.
43_15.mp4,310,6016,327,1325,475,1523,90,a' ',"[[""a' '"", 0.19149404814236426, 32.0]]",,,ml/output/tracks/best_frames/43_15/track_0310_r0.jpg,ml/output/tracks/best_frames_hires/43_15/track_0310_r0.jpg,
43_15.mp4,315,6016,2194,1517,2377,1718,270,"244
244","[[""244"", 0.9988758198990071, 54.0], [""244"", 0.9997210553988723, 55.0]]",,,ml/output/tracks/best_frames/43_15/track_0315_r2.jpg,ml/output/tracks/best_frames_hires/43_15/track_0315_r2.jpg,
43_15.mp4,290,6016,338,576,467,746,180,€,"[[""€"", 0.8975013200683613, 80.0]]",,,ml/output/tracks/best_frames/43_15/track_0290_r0.jpg,ml/output/tracks/best_frames_hires/43_15/track_0290_r0.jpg,
43_15.mp4,318,6016,332,650,458,805,0,5,"[[""5"", 0.9591338372022307, 80.0]]",,,ml/output/tracks/best_frames/43_15/track_0318_r0.jpg,ml/output/tracks/best_frames_hires/43_15/track_0318_r0.jpg,
43_15.mp4,291,6016,1133,131,1332,338,270,"259
259","[[""259"", 0.9999998623489704, 61.0], [""259"", 0.9985986351966858, 61.5]]",,,ml/output/tracks/best_frames/43_15/track_0291_r0.jpg,ml/output/tracks/best_frames_hires/43_15/track_0291_r0.jpg,
43_15.mp4,282,6016,3183,1158,3300,1286,0,,[],,,ml/output/tracks/best_frames/43_15/track_0282_r2.jpg,ml/output/tracks/best_frames_hires/43_15/track_0282_r2.jpg,
43_15.mp4,320,6016,1110,1627,1301,1853,270,"аог 
234
234","[[""аог "", 0.11374331265687943, 16.0], [""234"", 0.9998931147398896, 61.0], [""234"", 0.979138195514679, 55.0]]",,,ml/output/tracks/best_frames/43_15/track_0320_r1.jpg,ml/output/tracks/best_frames_hires/43_15/track_0320_r1.jpg,
43_15.mp4,292,6016,1074,1153,1275,1296,270,"37
18
37","[[""37"", 0.9999993256504904, 52.0], [""18"", 0.4821562556247425, 18.0], [""37"", 0.9998557431137813, 52.0]]",,,ml/output/tracks/best_frames/43_15/track_0292_r2.jpg,ml/output/tracks/best_frames_hires/43_15/track_0292_r2.jpg,5
43_15.mp4,316,6016,2217,986,2409,1244,270,"299
-15
299","[[""299"", 1.0, 62.0], [""-15"", 0.403626024723053, 20.0], [""299"", 0.6594107151031494, 57.0]]",,,ml/output/tracks/best_frames/43_15/track_0316_r1.jpg,ml/output/tracks/best_frames_hires/43_15/track_0316_r1.jpg,
43_15.mp4,240,6016,2166,1793,2303,2006,270,"679
 3","[[""679"", 0.9999997935234566, 71.83672708598573], ["" 3"", 0.1487569897440204, 22.0]]",,,ml/output/tracks/best_frames/43_15/track_0240_r1.jpg,ml/output/tracks/best_frames_hires/43_15/track_0240_r1.jpg,2
43_15.mp4,295,6016,3167,1257,3289,1423,270,2шL,"[[""2шL"", 0.07986061948169307, 28.0]]",,,ml/output/tracks/best_frames/43_15/track_0295_r0.jpg,ml/output/tracks/best_frames_hires/43_15/track_0295_r0.jpg,
43_15.mp4,297,6016,2214,893,2412,1127,270,"15
299
15
299","[[""15"", 0.8670726158426337, 20.0], [""299"", 1.0, 60.0], [""15"", 0.45826859744662934, 20.0], [""299"", 1.0, 58.0]]",,,ml/output/tracks/best_frames/43_15/track_0297_r0.jpg,ml/output/tracks/best_frames_hires/43_15/track_0297_r0.jpg,
43_15.mp4,294,6016,3204,732,3328,905,0,,[],,,ml/output/tracks/best_frames/43_15/track_0294_r0.jpg,ml/output/tracks/best_frames_hires/43_15/track_0294_r0.jpg,
43_15.mp4,312,6167,3056,2110,3160,2159,0,,[],,,ml/output/tracks/best_frames/43_15/track_0312_r0.jpg,ml/output/tracks/best_frames_hires/43_15/track_0312_r0.jpg,
43_15.mp4,313,6167,1131,190,1326,391,270,"259
259","[[""259"", 0.9999995870469189, 62.0], [""259"", 1.0, 60.5]]",,,ml/output/tracks/best_frames/43_15/track_0313_r0.jpg,ml/output/tracks/best_frames_hires/43_15/track_0313_r0.jpg,
43_15.mp4,322,6167,1092,714,1288,934,0,8,"[[""8"", 0.9885084087476095, 110.0]]",,,ml/output/tracks/best_frames/43_15/track_0322_r0.jpg,ml/output/tracks/best_frames_hires/43_15/track_0322_r0.jpg,
43_15.mp4,316,6167,2217,969,2416,1200,270,"299
299","[[""299"", 0.9999998623489704, 62.0], [""299"", 0.9975883960723877, 56.0]]",,,ml/output/tracks/best_frames/43_15/track_0316_r0.jpg,ml/output/tracks/best_frames_hires/43_15/track_0316_r0.jpg,
43_15.mp4,311,6167,316,1097,441,1259,270,"1 69
71 69","[[""1 69"", 0.6659885048866272, 32.0], [""71 69"", 0.2992153281497794, 27.5]]",,,ml/output/tracks/best_frames/43_15/track_0311_r0.jpg,ml/output/tracks/best_frames_hires/43_15/track_0311_r0.jpg,
43_15.mp4,321,6167,3181,1210,3291,1395,0,,[],,,ml/output/tracks/best_frames/43_15/track_0321_r0.jpg,ml/output/tracks/best_frames_hires/43_15/track_0321_r0.jpg,
43_15.mp4,318,6167,338,622,464,796,0,5,"[[""5"", 0.9982336222039976, 68.0]]",,,ml/output/tracks/best_frames/43_15/track_0318_r1.jpg,ml/output/tracks/best_frames_hires/43_15/track_0318_r1.jpg,
43_15.mp4,328,6167,1093,864,1283,1018,270,"36
36","[[""36"", 0.9999950266754979, 52.0], [""36"", 0.999999915706304, 50.0]]",,,ml/output/tracks/best_frames/43_15/track_0328_r2.jpg,ml/output/tracks/best_frames_hires/43_15/track_0328_r2.jpg,
43_15.mp4,319,6167,332,1376,483,1569,0,,[],,,ml/output/tracks/best_frames/43_15/track_0319_r2.jpg,ml/output/tracks/best_frames_hires/43_15/track_0319_r2.jpg,
43_15.mp4,299,6167,2241,225,2439,442,270,"259
259","[[""259"", 1.0, 56.0], [""259"", 1.0, 57.5]]",,,ml/output/tracks/best_frames/43_15/track_0299_r2.jpg,ml/output/tracks/best_frames_hires/43_15/track_0299_r2.jpg,2
43_15.mp4,307,6167,2191,1526,2357,1701,180,~,"[[""~"", 0.38208804773672966, 105.0]]",,,ml/output/tracks/best_frames/43_15/track_0307_r1.jpg,ml/output/tracks/best_frames_hires/43_15/track_0307_r1.jpg,
43_15.mp4,306,6167,1078,1250,1274,1457,270,"377
13
377","[[""377"", 0.9999936680552679, 54.0], [""13"", 0.2853014354064143, 19.0], [""377"", 0.9998295903205872, 54.0]]",,,ml/output/tracks/best_frames/43_15/track_0306_r1.jpg,ml/output/tracks/best_frames_hires/43_15/track_0306_r1.jpg,6551
43_15.mp4,304,6167,3207,865,3339,1011,90,u &,"[[""u &"", 0.10944828386331988, 36.0]]",,,ml/output/tracks/best_frames/43_15/track_0304_r1.jpg,ml/output/tracks/best_frames_hires/43_15/track_0304_r1.jpg,
43_15.mp4,303,6167,2227,729,2427,950,270,"5=
299
299
15","[[""5="", 0.09936303305238675, 17.0], [""299"", 0.9999981417113152, 56.0], [""299"", 0.9999998623489704, 58.0], [""15"", 0.5256335008889549, 19.0]]",,,ml/output/tracks/best_frames/43_15/track_0303_r2.jpg,ml/output/tracks/best_frames_hires/43_15/track_0303_r2.jpg,94
43_15.mp4,332,6167,1079,1328,1280,1553,270,"377
377","[[""377"", 0.9999718504172777, 56.0], [""377"", 1.0, 52.0]]",,,ml/output/tracks/best_frames/43_15/track_0332_r1.jpg,ml/output/tracks/best_frames_hires/43_15/track_0332_r1.jpg,
43_15.mp4,329,6167,332,692,458,850,0,5,"[[""5"", 0.8010014937217989, 80.0]]",,,ml/output/tracks/best_frames/43_15/track_0329_r0.jpg,ml/output/tracks/best_frames_hires/43_15/track_0329_r0.jpg,
43_15.mp4,320,6167,1109,1626,1295,1807,0,8,"[[""8"", 0.9081967478125854, 99.0]]",,,ml/output/tracks/best_frames/43_15/track_0320_r0.jpg,ml/output/tracks/best_frames_hires/43_15/track_0320_r0.jpg,
43_15.mp4,334,6167,1112,1681,1306,1922,270,"234
234","[[""234"", 0.9991971254348755, 55.0], [""234"", 0.9999398467419232, 56.0]]",,,ml/output/tracks/best_frames/43_15/track_0334_r1.jpg,ml/output/tracks/best_frames_hires/43_15/track_0334_r1.jpg,
43_15.mp4,240,6167,2168,1834,2303,2045,90,629,"[[""629"", 0.9998123840030909, 70.83126269161357]]",,,ml/output/tracks/best_frames/43_15/track_0240_r2.jpg,ml/output/tracks/best_frames_hires/43_15/track_0240_r2.jpg,9
43_15.mp4,297,6167,2225,819,2425,1041,270,"299
29
299
7157
29","[[""299"", 0.9999996558724309, 56.0], [""29"", 1.0, 54.0], [""299"", 1.0, 55.5], [""7157"", 0.26241619532137045, 20.0], [""29"", 1.0, 56.0]]",,,ml/output/tracks/best_frames/43_15/track_0297_r1.jpg,ml/output/tracks/best_frames_hires/43_15/track_0297_r1.jpg,6
43_15.mp4,344,6317,1122,1746,1317,1986,270,"234
234","[[""234"", 0.9999990364428464, 60.48909109576198], [""234"", 0.7877845764160156, 54.5]]",,,ml/output/tracks/best_frames/43_15/track_0344_r1.jpg,ml/output/tracks/best_frames_hires/43_15/track_0344_r1.jpg,
43_15.mp4,343,6317,2149,2079,2349,2159,270,"79
5","[[""79"", 0.999884772460696, 54.0], [""5"", 0.829984339138182, 30.5]]",,,ml/output/tracks/best_frames/43_15/track_0343_r1.jpg,ml/output/tracks/best_frames_hires/43_15/track_0343_r1.jpg,
43_15.mp4,341,6317,1083,1397,1284,1625,0,9,"[[""9"", 0.9802364515110185, 106.0]]",,,ml/output/tracks/best_frames/43_15/track_0341_r1.jpg,ml/output/tracks/best_frames_hires/43_15/track_0341_r1.jpg,
43_15.mp4,340,6317,331,751,454,906,0,5,"[[""5"", 0.9941789233017886, 76.0]]",,,ml/output/tracks/best_frames/43_15/track_0340_r2.jpg,ml/output/tracks/best_frames_hires/43_15/track_0340_r2.jpg,
43_15.mp4,328,6317,1089,864,1295,1010,270,"336
336","[[""336"", 0.9997295894486831, 54.0], [""336"", 1.0, 52.5]]",,,ml/output/tracks/best_frames/43_15/track_0328_r1.jpg,ml/output/tracks/best_frames_hires/43_15/track_0328_r1.jpg,
43_15.mp4,334,6317,1112,1672,1299,1872,270,"234
234","[[""234"", 0.9998083114624023, 55.0], [""234"", 0.9999980040603199, 54.5]]",,,ml/output/tracks/best_frames/43_15/track_0334_r0.jpg,ml/output/tracks/best_frames_hires/43_15/track_0334_r0.jpg,69
43_15.mp4,330,6317,2159,1985,2351,2158,270,"679
079","[[""679"", 0.9999496936798096, 70.83126269161357], [""079"", 0.8536601296838735, 41.5]]",,,ml/output/tracks/best_frames/43_15/track_0330_r0.jpg,ml/output/tracks/best_frames_hires/43_15/track_0330_r0.jpg,1
43_15.mp4,329,6317,332,698,458,846,0,5,"[[""5"", 0.845317251135814, 70.0]]",,,ml/output/tracks/best_frames/43_15/track_0329_r1.jpg,ml/output/tracks/best_frames_hires/43_15/track_0329_r1.jpg,
43_15.mp4,348,6317,2247,407,2445,610,180,"F
8
6
8","[[""F"", 0.17320287743448048, 24.0], [""8"", 0.9999978542339392, 102.0], [""6"", 0.698213843850354, 19.0], [""8"", 0.9999586348043046, 100.5]]",,,ml/output/tracks/best_frames/43_15/track_0348_r1.jpg,ml/output/tracks/best_frames_hires/43_15/track_0348_r1.jpg,
43_15.mp4,332,6317,1080,1312,1278,1527,270,"377
377","[[""377"", 0.9999946316117284, 56.0], [""377"", 1.0, 52.0]]",,,ml/output/tracks/best_frames/43_15/track_0332_r0.jpg,ml/output/tracks/best_frames_hires/43_15/track_0332_r0.jpg,
43_15.mp4,331,6317,326,1194,453,1392,90,69 L,"[[""69 L"", 0.5997619410131169, 31.0]]",,,ml/output/tracks/best_frames/43_15/track_0331_r2.jpg,ml/output/tracks/best_frames_hires/43_15/track_0331_r2.jpg,
43_15.mp4,345,6317,1094,898,1290,1113,270,"336
336","[[""336"", 0.999683753457008, 60.0], [""336"", 0.9999438385907131, 55.5]]",,,ml/output/tracks/best_frames/43_15/track_0345_r2.jpg,ml/output/tracks/best_frames_hires/43_15/track_0345_r2.jpg,
43_15.mp4,321,6317,3177,1307,3289,1485,0,,[],,,ml/output/tracks/best_frames/43_15/track_0321_r1.jpg,ml/output/tracks/best_frames_hires/43_15/track_0321_r1.jpg,
43_15.mp4,319,6317,335,1428,492,1623,0,,[],,,ml/output/tracks/best_frames/43_15/track_0319_r0.jpg,ml/output/tracks/best_frames_hires/43_15/track_0319_r0.jpg,
43_15.mp4,295,6317,3164,1373,3286,1543,0,,[],,,ml/output/tracks/best_frames/43_15/track_0295_r2.jpg,ml/output/tracks/best_frames_hires/43_15/track_0295_r2.jpg,
43_15.mp4,310,6317,329,1347,476,1514,0,,[],,,ml/output/tracks/best_frames/43_15/track_0310_r2.jpg,ml/output/tracks/best_frames_hires/43_15/track_0310_r2.jpg,
43_15.mp4,311,6317,318,1130,443,1286,270,"769
769","[[""769"", 0.3631834387779236, 41.69388223723739], [""769"", 0.9918199724148773, 30.0]]",,,ml/output/tracks/best_frames/43_15/track_0311_r1.jpg,ml/output/tracks/best_frames_hires/43_15/track_0311_r1.jpg,
43_15.mp4,304,6317,3205,860,3336,1068,90,1,"[[""1"", 0.300535734419757, 41.0]]",,,ml/output/tracks/best_frames/43_15/track_0304_r0.jpg,ml/output/tracks/best_frames_hires/43_15/track_0304_r0.jpg,
43_15.mp4,312,6317,3064,2114,3158,2159,0,,[],,,ml/output/tracks/best_frames/43_15/track_0312_r2.jpg,ml/output/tracks/best_frames_hires/43_15/track_0312_r2.jpg,
43_15.mp4,315,6317,2183,1589,2384,1827,180,"~
6","[[""~"", 0.5012557348935367, 104.94505452921408], [""6"", 0.5654925763668963, 50.5]]",,,ml/output/tracks/best_frames/43_15/track_0315_r0.jpg,ml/output/tracks/best_frames_hires/43_15/track_0315_r0.jpg,
43_15.mp4,353,6467,1130,1787,1316,2025,270,"234
234","[[""234"", 0.9918900975632977, 55.25269203792618], [""234"", 0.9947745348481396, 58.0]]",,,ml/output/tracks/best_frames/43_15/track_0353_r2.jpg,ml/output/tracks/best_frames_hires/43_15/track_0353_r2.jpg,
43_15.mp4,348,6467,2247,442,2451,673,0,"1;
8
5l","[[""1;"", 0.4349379026501294, 35.0], [""8"", 0.9991113730393408, 130.0], [""5l"", 0.9279258878667728, 36.0]]",,,ml/output/tracks/best_frames/43_15/track_0348_r0.jpg,ml/output/tracks/best_frames_hires/43_15/track_0348_r0.jpg,
43_15.mp4,330,6467,2166,2014,2356,2151,270,"679
679","[[""679"", 0.9999869231635269, 70.83126269161357], [""679"", 0.6618051781510335, 61.446476910927984]]",,,ml/output/tracks/best_frames/43_15/track_0330_r1.jpg,ml/output/tracks/best_frames_hires/43_15/track_0330_r1.jpg,8
43_15.mp4,344,6467,1122,1728,1302,1909,270,"234
234","[[""234"", 0.9964531638178558, 52.0], [""234"", 0.9960789084434509, 55.5]]",,,ml/output/tracks/best_frames/43_15/track_0344_r0.jpg,ml/output/tracks/best_frames_hires/43_15/track_0344_r0.jpg,
43_15.mp4,343,6467,2155,2085,2351,2159,90,629,"[[""629"", 0.9998775604123653, 70.83126269161357]]",,,ml/output/tracks/best_frames/43_15/track_0343_r0.jpg,ml/output/tracks/best_frames_hires/43_15/track_0343_r0.jpg,
43_15.mp4,341,6467,1086,1368,1279,1568,0,"$
I""","[[""$"", 0.7524409601501247, 102.0], [""I\"""", 0.632650729824493, 60.0]]",,,ml/output/tracks/best_frames/43_15/track_0341_r0.jpg,ml/output/tracks/best_frames_hires/43_15/track_0341_r0.jpg,98
43_15.mp4,340,6467,327,721,461,891,0,5,"[[""5"", 0.9896926830733719, 82.0]]",,,ml/output/tracks/best_frames/43_15/track_0340_r0.jpg,ml/output/tracks/best_frames_hires/43_15/track_0340_r0.jpg,
43_15.mp4,339,6467,3204,912,3333,1111,180,₽,"[[""₽"", 0.4773645920844025, 76.0]]",,,ml/output/tracks/best_frames/43_15/track_0339_r1.jpg,ml/output/tracks/best_frames_hires/43_15/track_0339_r1.jpg,
43_15.mp4,337,6467,2256,0,2440,131,0,,[],,,ml/output/tracks/best_frames/43_15/track_0337_r2.jpg,ml/output/tracks/best_frames_hires/43_15/track_0337_r2.jpg,
43_15.mp4,357,6467,3156,1461,3276,1637,0,,[],,,ml/output/tracks/best_frames/43_15/track_0357_r0.jpg,ml/output/tracks/best_frames_hires/43_15/track_0357_r0.jpg,
43_15.mp4,354,6467,1087,1436,1280,1665,270,"377
377","[[""377"", 0.9999986234898187, 57.0], [""377"", 0.9991551041603088, 50.5]]",,,ml/output/tracks/best_frames/43_15/track_0354_r2.jpg,ml/output/tracks/best_frames_hires/43_15/track_0354_r2.jpg,
43_15.mp4,345,6467,1090,938,1288,1128,270,"336
336","[[""336"", 0.9973870841509592, 60.0], [""336"", 0.9999968340269625, 51.0]]",,,ml/output/tracks/best_frames/43_15/track_0345_r1.jpg,ml/output/tracks/best_frames_hires/43_15/track_0345_r1.jpg,
43_15.mp4,319,6467,342,1469,502,1666,0,,[],,,ml/output/tracks/best_frames/43_15/track_0319_r1.jpg,ml/output/tracks/best_frames_hires/43_15/track_0319_r1.jpg,
43_15.mp4,324,6467,2247,349,2438,562,0,"[
1
""
8
6","[[""["", 0.6568433363870021, 66.0], [""1"", 0.9680055127462062, 34.0], [""\"""", 0.746095949668657, 76.0], [""8"", 0.9999866486041356, 110.0], [""6"", 0.3196925999606357, 24.0]]",,,ml/output/tracks/best_frames/43_15/track_0324_r0.jpg,ml/output/tracks/best_frames_hires/43_15/track_0324_r0.jpg,0.
43_15.mp4,310,6467,333,1411,486,1597,0,,[],,,ml/output/tracks/best_frames/43_15/track_0310_r1.jpg,ml/output/tracks/best_frames_hires/43_15/track_0310_r1.jpg,
43_15.mp4,326,6467,3511,2082,3564,2158,0,,[],,,ml/output/tracks/best_frames/43_15/track_0326_r0.jpg,ml/output/tracks/best_frames_hires/43_15/track_0326_r0.jpg,
43_15.mp4,328,6467,1093,833,1286,1054,0,"4
8","[[""4"", 0.48646092183080114, 22.0], [""8"", 0.983937556643756, 110.0]]",,,ml/output/tracks/best_frames/43_15/track_0328_r0.jpg,ml/output/tracks/best_frames_hires/43_15/track_0328_r0.jpg,
43_15.mp4,315,6467,2187,1630,2352,1802,270,"2
8526 1","[[""2"", 0.9087480462417865, 52.0], [""8526 1"", 0.007428691896741457, 28.5]]",,,ml/output/tracks/best_frames/43_15/track_0315_r1.jpg,ml/output/tracks/best_frames_hires/43_15/track_0315_r1.jpg,
43_15.mp4,321,6467,3180,1297,3276,1482,0,,[],,,ml/output/tracks/best_frames/43_15/track_0321_r2.jpg,ml/output/tracks/best_frames_hires/43_15/track_0321_r2.jpg,
43_15.mp4,327,6467,1122,292,1326,509,180,"8
3
6","[[""8"", 0.9939284972192617, 106.0], [""3"", 0.8798059142000056, 51.0], [""6"", 0.22799021864699753, 22.0]]",,,ml/output/tracks/best_frames/43_15/track_0327_r0.jpg,ml/output/tracks/best_frames_hires/43_15/track_0327_r0.jpg,
43_15.mp4,300,6467,3163,50,3307,229,270,"-57
359","[[""-57"", 0.29066556181000036, 47.14427753468203], [""359"", 0.11396589948412739, 38.7965272559113]]",,,ml/output/tracks/best_frames/43_15/track_0300_r2.jpg,ml/output/tracks/best_frames_hires/43_15/track_0300_r2.jpg,
43_15.mp4,340,6618,329,776,455,941,0,5,"[[""5"", 0.9068001623936119, 82.0]]",,,ml/output/tracks/best_frames/43_15/track_0340_r1.jpg,ml/output/tracks/best_frames_hires/43_15/track_0340_r1.jpg,
43_15.mp4,326,6618,3513,2103,3559,2156,0,,[],,,ml/output/tracks/best_frames/43_15/track_0326_r2.jpg,ml/output/tracks/best_frames_hires/43_15/track_0326_r2.jpg,
43_15.mp4,344,6618,1131,1786,1309,1957,270,"234
234","[[""234"", 0.9998573948944078, 56.0], [""234"", 0.9756641124024347, 55.5]]",,,ml/output/tracks/best_frames/43_15/track_0344_r2.jpg,ml/output/tracks/best_frames_hires/43_15/track_0344_r2.jpg,
43_15.mp4,345,6618,1093,889,1290,1111,270,"=
336
336","[[""="", 0.8987937587222383, 18.0], [""336"", 0.9992031807270141, 54.0], [""336"", 0.9999995182214076, 51.5]]",,,ml/output/tracks/best_frames/43_15/track_0345_r0.jpg,ml/output/tracks/best_frames_hires/43_15/track_0345_r0.jpg,01
43_15.mp4,354,6618,1091,1430,1287,1633,270,"377
377","[[""377"", 0.9999980728858172, 57.0], [""377"", 1.0, 55.5]]",,,ml/output/tracks/best_frames/43_15/track_0354_r0.jpg,ml/output/tracks/best_frames_hires/43_15/track_0354_r0.jpg,
43_15.mp4,353,6618,1135,1828,1322,2068,270,"234
234","[[""234"", 0.9997927004264573, 55.25269203792618], [""234"", 0.9993834865000024, 55.5]]",,,ml/output/tracks/best_frames/43_15/track_0353_r1.jpg,ml/output/tracks/best_frames_hires/43_15/track_0353_r1.jpg,
43_15.mp4,357,6618,3162,1429,3279,1615,0,,[],,,ml/output/tracks/best_frames/43_15/track_0357_r2.jpg,ml/output/tracks/best_frames_hires/43_15/track_0357_r2.jpg,
43_15.mp4,358,6618,2231,1002,2430,1217,270,"=
2а
(l
299
15
29
299
-15 :
29","[[""="", 0.35040021493864515, 14.0], [""2а"", 0.4242257644711307, 14.0], [""(l"", 0.28542529452001747, 12.0], [""299"", 1.0, 56.0], [""15"", 0.9698980490867679, 20.0], [""29"", 1.0, 52.0], [""299"", 0.9954028129577637, 59.0], [""-15 :"", 0.23130522482383117, 20.0], [""29"", 0.9999351666460607, 54.0]]",,,ml/output/tracks/best_frames/43_15/track_0358_r0.jpg,ml/output/tracks/best_frames_hires/43_15/track_0358_r0.jpg,6
43_15.mp4,359,6618,3214,1033,3341,1222,90,'5 3 2,"[[""'5 3 2"", 0.18115414629702267, 30.0]]",,,ml/output/tracks/best_frames/43_15/track_0359_r1.jpg,ml/output/tracks/best_frames_hires/43_15/track_0359_r1.jpg,
43_15.mp4,363,6618,1093,987,1290,1215,270,"5e
336
336","[[""5e"", 0.1305507724602589, 12.0], [""336"", 0.9992031807270141, 54.0], [""336"", 0.9999995182214076, 51.5]]",,,ml/output/tracks/best_frames/43_15/track_0363_r1.jpg,ml/output/tracks/best_frames_hires/43_15/track_0363_r1.jpg,
43_15.mp4,324,6618,2249,396,2441,617,270,"гс
25
259
-257
259","[[""гс"", 0.5538898097149529, 16.0], [""25"", 0.5444273253482899, 20.0], [""259"", 1.0, 56.0], [""-257"", 0.8294650316238403, 24.0], [""259"", 1.0, 57.5]]",,,ml/output/tracks/best_frames/43_15/track_0324_r2.jpg,ml/output/tracks/best_frames_hires/43_15/track_0324_r2.jpg,.
43_15.mp4,339,6618,3208,958,3336,1156,270," : . -
:- -","[["" : . -"", 0.40090546404957816, 24.0], ["":- -"", 0.6382931232247315, 28.0]]",,,ml/output/tracks/best_frames/43_15/track_0339_r0.jpg,ml/output/tracks/best_frames_hires/43_15/track_0339_r0.jpg,
43_15.mp4,300,6618,3177,91,3315,302,270,"255
255","[[""255"", 0.13854412501854488, 41.69388223723739], [""255"", 0.17501540539965402, 38.739521264691305]]",,,ml/output/tracks/best_frames/43_15/track_0300_r1.jpg,ml/output/tracks/best_frames_hires/43_15/track_0300_r1.jpg,
43_15.mp4,337,6618,2256,0,2453,152,270,"259
259","[[""259"", 0.8765413761138916, 56.0], [""259"", 0.9999995870469189, 52.0]]",,,ml/output/tracks/best_frames/43_15/track_0337_r1.jpg,ml/output/tracks/best_frames_hires/43_15/track_0337_r1.jpg,
43_15.mp4,331,6618,330,1225,457,1409,270,"769
769-","[[""769"", 0.3821664275528715, 37.0], [""769-"", 0.3795022964477539, 36.0]]",,,ml/output/tracks/best_frames/43_15/track_0331_r1.jpg,ml/output/tracks/best_frames_hires/43_15/track_0331_r1.jpg,
43_15.mp4,330,6618,2169,2020,2296,2147,180,6,"[[""6"", 0.999666480221336, 39.0]]",,,ml/output/tracks/best_frames/43_15/track_0330_r2.jpg,ml/output/tracks/best_frames_hires/43_15/track_0330_r2.jpg,9
43_15.mp4,327,6618,1119,339,1325,564,180,"7
8
'
6","[[""7"", 0.7810699375668584, 24.0], [""8"", 0.9913807482303696, 106.0], [""'"", 0.5157034950792792, 52.91921623512164], [""6"", 0.33216397083757343, 22.0]]",,,ml/output/tracks/best_frames/43_15/track_0327_r2.jpg,ml/output/tracks/best_frames_hires/43_15/track_0327_r2.jpg,
43_15.mp4,357,6768,3159,1490,3277,1667,0,,[],,,ml/output/tracks/best_frames/43_15/track_0357_r1.jpg,ml/output/tracks/best_frames_hires/43_15/track_0357_r1.jpg,
43_15.mp4,358,6768,2239,973,2436,1182,90,"51
662.
63","[[""51"", 0.9555258830709547, 20.0], [""662."", 0.5878202319145203, 61.0], [""63"", 0.12222186543349696, 16.5]]",,,ml/output/tracks/best_frames/43_15/track_0358_r1.jpg,ml/output/tracks/best_frames_hires/43_15/track_0358_r1.jpg,--
43_15.mp4,359,6768,3216,1038,3338,1212,90,'2 52,"[[""'2 52"", 0.3316729071421165, 32.0]]",,,ml/output/tracks/best_frames/43_15/track_0359_r2.jpg,ml/output/tracks/best_frames_hires/43_15/track_0359_r2.jpg,
43_15.mp4,363,6768,1097,956,1291,1163,270,"=
336
336","[[""="", 0.9218000123767389, 14.0], [""336"", 0.9994887709617615, 54.0], [""336"", 0.9999999311744849, 51.0]]",,,ml/output/tracks/best_frames/43_15/track_0363_r0.jpg,ml/output/tracks/best_frames_hires/43_15/track_0363_r0.jpg,
43_15.mp4,300,6768,3181,116,3328,310,0,6,"[[""6"", 0.18508099820482826, 48.0]]",,,ml/output/tracks/best_frames/43_15/track_0300_r0.jpg,ml/output/tracks/best_frames_hires/43_15/track_0300_r0.jpg,
43_15.mp4,364,6768,1118,483,1318,690,270,"5
EEs
259
6 :
259","[[""5"", 0.1732425693919346, 14.0], [""EEs"", 0.1889395862870704, 16.0], [""259"", 0.9999989676173402, 63.0], [""6 :"", 0.12772561609745026, 17.695996608010176], [""259"", 1.0, 58.5]]",,,ml/output/tracks/best_frames/43_15/track_0364_r1.jpg,ml/output/tracks/best_frames_hires/43_15/track_0364_r1.jpg,
43_15.mp4,327,6768,1118,389,1324,617,0,"8
5
6","[[""8"", 0.9998686356773447, 113.0], [""5"", 0.857642802313908, 24.0], [""6"", 0.41768668628789385, 41.5]]",,,ml/output/tracks/best_frames/43_15/track_0327_r1.jpg,ml/output/tracks/best_frames_hires/43_15/track_0327_r1.jpg,
43_15.mp4,365,6768,2254,526,2456,756,180,"8
8
4","[[""8"", 0.9949315798821523, 112.0], [""8"", 0.9999980926522767, 106.0], [""4"", 0.9938739472641487, 27.0]]",,,ml/output/tracks/best_frames/43_15/track_0365_r1.jpg,ml/output/tracks/best_frames_hires/43_15/track_0365_r1.jpg,
43_15.mp4,366,6768,3176,1415,3298,1632,0,,[],,,ml/output/tracks/best_frames/43_15/track_0366_r0.jpg,ml/output/tracks/best_frames_hires/43_15/track_0366_r0.jpg,
43_15.mp4,367,6768,1100,1548,1289,1777,270,"377
377","[[""377"", 0.9761714339256287, 52.0], [""377"", 0.9994244575500488, 54.5]]",,,ml/output/tracks/best_frames/43_15/track_0367_r1.jpg,ml/output/tracks/best_frames_hires/43_15/track_0367_r1.jpg,
43_15.mp4,368,6768,2220,1285,2415,1522,0,"5
8","[[""5"", 0.8348141142745504, 40.0], [""8"", 0.9996619510289406, 116.0]]",,,ml/output/tracks/best_frames/43_15/track_0368_r1.jpg,ml/output/tracks/best_frames_hires/43_15/track_0368_r1.jpg,
43_15.mp4,370,6768,1097,1051,1298,1263,270,"336
336","[[""336"", 0.9986591929716236, 54.0], [""336"", 0.7921196118989664, 54.0]]",,,ml/output/tracks/best_frames/43_15/track_0370_r1.jpg,ml/output/tracks/best_frames_hires/43_15/track_0370_r1.jpg,
43_15.mp4,371,6768,340,1367,465,1524,270,"159
59","[[""159"", 0.283743126641413, 30.0], [""59"", 0.6805788132323781, 38.0]]",,,ml/output/tracks/best_frames/43_15/track_0371_r1.jpg,ml/output/tracks/best_frames_hires/43_15/track_0371_r1.jpg,
43_15.mp4,373,6768,2257,57,2456,297,270,"259
259","[[""259"", 1.0, 56.0], [""259"", 1.0, 52.0]]",,,ml/output/tracks/best_frames/43_15/track_0373_r0.jpg,ml/output/tracks/best_frames_hires/43_15/track_0373_r0.jpg,
43_15.mp4,354,6768,1094,1473,1286,1681,270,"377
377","[[""377"", 0.9999971093289124, 57.0], [""377"", 1.0, 52.0]]",,,ml/output/tracks/best_frames/43_15/track_0354_r1.jpg,ml/output/tracks/best_frames_hires/43_15/track_0354_r1.jpg,
43_15.mp4,353,6768,1134,1827,1316,2006,270,"234
238","[[""234"", 0.8854565908715709, 55.347975933477926], [""238"", 0.496779032461383, 53.6855600893731]]",,,ml/output/tracks/best_frames/43_15/track_0353_r0.jpg,ml/output/tracks/best_frames_hires/43_15/track_0353_r0.jpg,
43_15.mp4,331,6768,333,1285,461,1463,90,691,"[[""691"", 0.8160154997022135, 37.0]]",,,ml/output/tracks/best_frames/43_15/track_0331_r0.jpg,ml/output/tracks/best_frames_hires/43_15/track_0331_r0.jpg,
43_15.mp4,326,6768,3511,2116,3563,2159,0,,[],,,ml/output/tracks/best_frames/43_15/track_0326_r1.jpg,ml/output/tracks/best_frames_hires/43_15/track_0326_r1.jpg,
43_15.mp4,339,6768,3221,970,3343,1149,90,1,"[[""1"", 0.23941298576473002, 36.0]]",,,ml/output/tracks/best_frames/43_15/track_0339_r2.jpg,ml/output/tracks/best_frames_hires/43_15/track_0339_r2.jpg,
43_15.mp4,337,6768,2257,0,2445,182,270,"259
259","[[""259"", 1.0, 56.0], [""259"", 1.0, 52.0]]",,,ml/output/tracks/best_frames/43_15/track_0337_r0.jpg,ml/output/tracks/best_frames_hires/43_15/track_0337_r0.jpg,
43_15.mp4,324,6768,2252,447,2444,668,270,"Аiз
1а
259
259","[[""Аiз"", 0.2911920416866038, 16.0], [""1а"", 0.10123898310900514, 14.0], [""259"", 1.0, 62.0], [""259"", 0.9853460192680359, 57.0]]",,,ml/output/tracks/best_frames/43_15/track_0324_r1.jpg,ml/output/tracks/best_frames_hires/43_15/track_0324_r1.jpg,29
43_15.mp4,373,6919,2261,32,2447,243,270,"259
259","[[""259"", 1.0, 56.0], [""259"", 1.0, 55.0]]",,,ml/output/tracks/best_frames/43_15/track_0373_r1.jpg,ml/output/tracks/best_frames_hires/43_15/track_0373_r1.jpg,
43_15.mp4,371,6919,339,1330,466,1512,270,"1з9
19","[[""1з9"", 0.7691998958872232, 32.0], [""19"", 0.9870256910204871, 32.5]]",,,ml/output/tracks/best_frames/43_15/track_0371_r0.jpg,ml/output/tracks/best_frames_hires/43_15/track_0371_r0.jpg,
43_15.mp4,370,6919,1095,1016,1294,1237,90,"98&
=","[[""98&"", 0.27225765718474965, 60.0], [""="", 0.9117991138866763, 14.0]]",,,ml/output/tracks/best_frames/43_15/track_0370_r0.jpg,ml/output/tracks/best_frames_hires/43_15/track_0370_r0.jpg,
43_15.mp4,368,6919,2212,1285,2417,1501,270,"299
13
299","[[""299"", 0.9999998623489704, 56.0], [""13"", 0.5505973981460499, 20.0], [""299"", 1.0, 57.5]]",,,ml/output/tracks/best_frames/43_15/track_0368_r0.jpg,ml/output/tracks/best_frames_hires/43_15/track_0368_r0.jpg,
43_15.mp4,367,6919,1098,1543,1293,1746,270,"377
377","[[""377"", 0.9955361485481262, 57.0], [""377"", 0.9999999311744849, 52.0]]",,,ml/output/tracks/best_frames/43_15/track_0367_r0.jpg,ml/output/tracks/best_frames_hires/43_15/track_0367_r0.jpg,
43_15.mp4,366,6919,3166,1474,3275,1640,0,,[],,,ml/output/tracks/best_frames/43_15/track_0366_r1.jpg,ml/output/tracks/best_frames_hires/43_15/track_0366_r1.jpg,
43_15.mp4,365,6919,2255,526,2451,749,0,8,"[[""8"", 0.9999934434998217, 117.0]]",,,ml/output/tracks/best_frames/43_15/track_0365_r0.jpg,ml/output/tracks/best_frames_hires/43_15/track_0365_r0.jpg,
43_15.mp4,364,6919,1119,468,1311,693,0,"""
8","[[""\"""", 0.5873261720811485, 50.0], [""8"", 0.999908926176488, 113.0]]",,,ml/output/tracks/best_frames/43_15/track_0364_r0.jpg,ml/output/tracks/best_frames_hires/43_15/track_0364_r0.jpg,
43_15.mp4,359,6919,3208,1084,3334,1272,180,0,"[[""0"", 0.17416701273877155, 78.0]]",,,ml/output/tracks/best_frames/43_15/track_0359_r0.jpg,ml/output/tracks/best_frames_hires/43_15/track_0359_r0.jpg,
43_15.mp4,350,6919,328,864,461,1042,90,661,"[[""661"", 0.6788859364394166, 32.0]]",,,ml/output/tracks/best_frames/43_15/track_0350_r1.jpg,ml/output/tracks/best_frames_hires/43_15/track_0350_r1.jpg,
43_15.mp4,350,7069,332,864,460,1024,0,"6
3","[[""6"", 0.7274317477100709, 76.0], [""3"", 0.8289759334620364, 84.5]]",,,ml/output/tracks/best_frames/43_15/track_0350_r2.jpg,ml/output/tracks/best_frames_hires/43_15/track_0350_r2.jpg,6
43_15.mp4,390,7069,2269,188,2460,403,270,"259
259","[[""259"", 1.0, 56.0], [""259"", 1.0, 54.0]]",,,ml/output/tracks/best_frames/43_15/track_0390_r2.jpg,ml/output/tracks/best_frames_hires/43_15/track_0390_r2.jpg,
43_15.mp4,396,7069,363,1597,516,1777,0,,[],,,ml/output/tracks/best_frames/43_15/track_0396_r1.jpg,ml/output/tracks/best_frames_hires/43_15/track_0396_r1.jpg,37 5
43_15.mp4,390,7219,2262,202,2463,426,180,"=
8
5
8","[[""="", 0.1537474631468081, 24.0], [""8"", 0.9990410720522647, 102.0], [""5"", 0.12131538819083776, 22.0], [""8"", 0.9999688866174417, 102.5]]",,,ml/output/tracks/best_frames/43_15/track_0390_r0.jpg,ml/output/tracks/best_frames_hires/43_15/track_0390_r0.jpg,
43_15.mp4,396,7219,363,1602,516,1776,0,,[],,,ml/output/tracks/best_frames/43_15/track_0396_r0.jpg,ml/output/tracks/best_frames_hires/43_15/track_0396_r0.jpg,
43_15.mp4,404,7219,3211,1247,3351,1296,0,,[],,,ml/output/tracks/best_frames/43_15/track_0404_r0.jpg,ml/output/tracks/best_frames_hires/43_15/track_0404_r0.jpg,
43_15.mp4,406,7370,2173,2047,2303,2159,0,,[],,,ml/output/tracks/best_frames/43_15/track_0406_r1.jpg,ml/output/tracks/best_frames_hires/43_15/track_0406_r1.jpg,
43_15.mp4,404,7370,3206,1252,3349,1295,0,,[],,,ml/output/tracks/best_frames/43_15/track_0404_r1.jpg,ml/output/tracks/best_frames_hires/43_15/track_0404_r1.jpg,
43_15.mp4,390,7370,2264,200,2459,428,270,"#VF
259
259","[[""#VF"", 0.19499503962563608, 14.0], [""259"", 1.0, 56.0], [""259"", 1.0, 54.0]]",,,ml/output/tracks/best_frames/43_15/track_0390_r1.jpg,ml/output/tracks/best_frames_hires/43_15/track_0390_r1.jpg,
43_15.mp4,405,7370,351,1484,481,1651,270,"76a
769","[[""76a"", 0.4153763224470792, 41.0], [""769"", 0.8415272299750246, 37.0]]",,,ml/output/tracks/best_frames/43_15/track_0405_r2.jpg,ml/output/tracks/best_frames_hires/43_15/track_0405_r2.jpg,
43_15.mp4,408,7370,3205,1248,3330,1434,180,"6
6","[[""6"", 0.8236911027555749, 58.0], [""6"", 0.3357699139251622, 80.5]]",,,ml/output/tracks/best_frames/43_15/track_0408_r1.jpg,ml/output/tracks/best_frames_hires/43_15/track_0408_r1.jpg,
43_15.mp4,350,7370,332,864,462,1025,270,"769
759","[[""769"", 0.1735189332130189, 32.0], [""759"", 0.7101114826238423, 32.5]]",,,ml/output/tracks/best_frames/43_15/track_0350_r0.jpg,ml/output/tracks/best_frames_hires/43_15/track_0350_r0.jpg,9
43_15.mp4,405,7520,352,1485,481,1650,90,691,"[[""691"", 0.6129198660563561, 37.0]]",,,ml/output/tracks/best_frames/43_15/track_0405_r1.jpg,ml/output/tracks/best_frames_hires/43_15/track_0405_r1.jpg,
43_15.mp4,406,7520,2172,2048,2303,2159,0,,[],,,ml/output/tracks/best_frames/43_15/track_0406_r0.jpg,ml/output/tracks/best_frames_hires/43_15/track_0406_r0.jpg,
43_15.mp4,401,7520,2258,705,2457,935,180,"
5
8
[
[
₽
{
6
7
8
1
1
5
1
6","[["""", 0.0, 28.0], [""5"", 0.2836609034284834, 34.0], [""8"", 0.9986738789668834, 116.0], [""["", 0.3461329961979267, 70.0], [""["", 0.44526835019073374, 109.0], [""₽"", 0.2852528097709097, 36.0], [""{"", 0.9942451304377222, 62.0], [""6"", 0.7773316855864465, 28.0], [""7"", 0.5104300325756164, 36.5], [""8"", 0.9915332764396148, 130.5], [""1"", 0.8815636425651974, 71.5], [""1"", 0.9395018783721412, 111.0], [""5"", 0.5057286291165752, 35.5], [""1"", 0.6316837060936997, 70.0], [""6"", 0.2791977455753205, 35.0]]",,,ml/output/tracks/best_frames/43_15/track_0401_r2.jpg,ml/output/tracks/best_frames_hires/43_15/track_0401_r2.jpg,
43_15.mp4,408,7520,3205,1249,3328,1432,180,"5
6","[[""5"", 0.3432709976048933, 30.0], [""6"", 0.3836936794597854, 83.5]]",,,ml/output/tracks/best_frames/43_15/track_0408_r0.jpg,ml/output/tracks/best_frames_hires/43_15/track_0408_r0.jpg,
43_15.mp4,400,7520,448,0,588,60,0,,[],,,ml/output/tracks/best_frames/43_15/track_0400_r2.jpg,ml/output/tracks/best_frames_hires/43_15/track_0400_r2.jpg,
43_15.mp4,384,7520,3088,1974,3204,2159,0,,[],,,ml/output/tracks/best_frames/43_15/track_0384_r2.jpg,ml/output/tracks/best_frames_hires/43_15/track_0384_r2.jpg,
43_15.mp4,384,7671,3088,1976,3204,2159,0,,[],,,ml/output/tracks/best_frames/43_15/track_0384_r1.jpg,ml/output/tracks/best_frames_hires/43_15/track_0384_r1.jpg,
43_15.mp4,405,7671,352,1486,480,1648,90,691,"[[""691"", 0.9637881495286315, 37.0]]",,,ml/output/tracks/best_frames/43_15/track_0405_r0.jpg,ml/output/tracks/best_frames_hires/43_15/track_0405_r0.jpg,
43_15.mp4,401,7671,2259,705,2456,935,270,"€ цитср
UEGG
АЕс""гэс
Фра
сачання| IZDr
9
259
53
259","[[""€ цитср"", 0.16304369790704112, 21.0], [""UEGG"", 0.9493732452392578, 16.0], [""АЕс\""гэс"", 0.4187344277099057, 25.0], [""Фра"", 0.23676026562876198, 18.0], [""сачання| IZDr"", 0.6405186793830263, 19.0], [""9"", 0.6955179081352902, 20.0], [""259"", 0.8909391760826111, 62.0], [""53"", 0.5411748290061951, 22.0], [""259"", 1.0, 61.0]]",,,ml/output/tracks/best_frames/43_15/track_0401_r1.jpg,ml/output/tracks/best_frames_hires/43_15/track_0401_r1.jpg,
43_15.mp4,400,7671,449,1,589,58,0,,[],,,ml/output/tracks/best_frames/43_15/track_0400_r1.jpg,ml/output/tracks/best_frames_hires/43_15/track_0400_r1.jpg,
43_15.mp4,401,7821,2259,703,2455,934,270,"о+итср
UEGG АЕркгэс
тTJ
сачання| 1ZUr
59
259
259 
259","[[""о+итср"", 0.6351128591379229, 20.0], [""UEGG АЕркгэс"", 0.5772438167870971, 25.0], [""тTJ"", 0.32227218315712475, 14.0], [""сачання| 1ZUr"", 0.7095216831220371, 18.0], [""59"", 0.8896486024293797, 16.0], [""259"", 0.9999991740938607, 63.0], [""259 "", 0.48601454496383667, 25.0], [""259"", 0.7860107421875, 61.0]]",,,ml/output/tracks/best_frames/43_15/track_0401_r0.jpg,ml/output/tracks/best_frames_hires/43_15/track_0401_r0.jpg,
43_15.mp4,400,7821,450,1,591,58,270,а,"[[""а"", 0.13493304748591584, 26.0]]",,,ml/output/tracks/best_frames/43_15/track_0400_r0.jpg,ml/output/tracks/best_frames_hires/43_15/track_0400_r0.jpg,
43_15.mp4,384,7821,3088,1975,3204,2159,0,,[],,,ml/output/tracks/best_frames/43_15/track_0384_r0.jpg,ml/output/tracks/best_frames_hires/43_15/track_0384_r0.jpg,
43_15.mp4,414,8573,2260,707,2451,933,270,"5+ фнтар
JEGG ДЕр""гэс
cma
-ачянюя| 12Dr
5%
99
259
59
99
259","[[""5+ фнтар"", 0.37555366070109525, 18.0], [""JEGG ДЕр\""гэс"", 0.5823228047613577, 20.0], [""cma"", 0.7484531137378175, 14.0], [""-ачянюя| 12Dr"", 0.11669790928331443, 18.0], [""5%"", 0.9933434281537257, 26.0], [""99"", 0.9993092830419132, 18.0], [""259"", 0.9991002678871155, 63.0], [""59"", 0.9920451462246267, 22.0], [""99"", 0.9947217404975334, 18.0], [""259"", 1.0, 58.5]]",,,ml/output/tracks/best_frames/43_15/track_0414_r2.jpg,ml/output/tracks/best_frames_hires/43_15/track_0414_r2.jpg,
43_15.mp4,410,8573,2267,205,2457,421,270,"Десгдт € Путпащ
~ECE Шn гын
I7l :р
[егшu=
вм
2593
99
259'
259
99
259","[[""Десгдт € Путпащ"", 0.17270298492379724, 14.0], [""~ECE Шn гын"", 0.22861056793833912, 14.0], [""I7l :р"", 0.03946499565439875, 8.0], [""[егшu="", 0.3986116509077161, 14.0], [""вм"", 0.10604732447082295, 14.0], [""2593"", 0.9366843104362488, 24.0], [""99"", 0.5770421519998649, 20.0], [""259'"", 0.9796105027198792, 61.0], [""259"", 0.9875801205635071, 22.0], [""99"", 0.8103558498833463, 16.0], [""259"", 0.9861298203468323, 55.0]]",,,ml/output/tracks/best_frames/43_15/track_0410_r2.jpg,ml/output/tracks/best_frames_hires/43_15/track_0410_r2.jpg,
43_15.mp4,409,8573,3145,1650,3259,1800,0,,[],,,ml/output/tracks/best_frames/43_15/track_0409_r1.jpg,ml/output/tracks/best_frames_hires/43_15/track_0409_r1.jpg,
43_15.mp4,414,8723,2260,708,2451,934,270,"эг фнтр
JEGG дЕркгэс
сma
""ачлнюп) ]zUr
5%
99
259
59
99
259","[[""эг фнтр"", 0.573828492434493, 19.0], [""JEGG дЕркгэс"", 0.658557724508348, 21.0], [""сma"", 0.6123287089071416, 14.0], [""\""ачлнюп) ]zUr"", 0.2146431790939029, 18.0], [""5%"", 0.8709020371606274, 24.0], [""99"", 0.993655392699461, 18.0], [""259"", 0.530761182308197, 63.0], [""59"", 0.9875644137667902, 24.5], [""99"", 0.999929446904588, 18.0], [""259"", 0.987304151058197, 58.5]]",,,ml/output/tracks/best_frames/43_15/track_0414_r1.jpg,ml/output/tracks/best_frames_hires/43_15/track_0414_r1.jpg,
43_15.mp4,410,8723,2267,205,2457,421,0,"g
#р
8
Il
8
5","[[""g"", 0.18364685626973998, 25.0], [""#р"", 0.18174543757636258, 46.0], [""8"", 0.9737394496856702, 112.0], [""Il"", 0.9801917868058123, 114.0], [""8"", 0.9871295267338134, 26.0], [""5"", 0.9984184801053289, 51.86305818353681]]",,,ml/output/tracks/best_frames/43_15/track_0410_r1.jpg,ml/output/tracks/best_frames_hires/43_15/track_0410_r1.jpg,
43_15.mp4,409,8723,3145,1650,3259,1800,0,,[],,,ml/output/tracks/best_frames/43_15/track_0409_r2.jpg,ml/output/tracks/best_frames_hires/43_15/track_0409_r2.jpg,
43_15.mp4,417,8723,3169,1521,3278,1685,90," ,","[["" ,"", 0.771531188049264, 52.86863557390902]]",,,ml/output/tracks/best_frames/43_15/track_0417_r1.jpg,ml/output/tracks/best_frames_hires/43_15/track_0417_r1.jpg,
43_15.mp4,410,8874,2267,205,2457,420,0,"5
8
#
8
Il
8","[[""5"", 0.5771190952352789, 44.0], [""8"", 0.3626294434533328, 25.0], [""#"", 0.7522601136842901, 46.0], [""8"", 0.9899205139788627, 110.0], [""Il"", 0.9809636847276474, 114.0], [""8"", 0.9964608329404747, 26.0]]",,,ml/output/tracks/best_frames/43_15/track_0410_r0.jpg,ml/output/tracks/best_frames_hires/43_15/track_0410_r0.jpg,
43_15.mp4,417,8874,3169,1522,3278,1685,90,vve' 5,"[[""vve' 5"", 0.10664589528047738, 56.83843247024325]]",,,ml/output/tracks/best_frames/43_15/track_0417_r0.jpg,ml/output/tracks/best_frames_hires/43_15/track_0417_r0.jpg,
43_15.mp4,414,8874,2260,708,2450,934,270,"эг фЕнтар
JEGG дБрмгэс
стa
""Пчлн я) IzUr
5%
99
2595
59
99
259","[[""эг фЕнтар"", 0.20227109249218633, 20.0], [""JEGG дБрмгэс"", 0.6973980400249976, 24.0], [""стa"", 0.9669809329651677, 14.0], [""\""Пчлн я) IzUr"", 0.14524668746517888, 18.0], [""5%"", 0.9332445119459736, 26.0], [""99"", 0.9102344132775323, 20.0], [""2595"", 0.940697193145752, 62.0], [""59"", 0.9999782522954328, 22.0], [""99"", 0.9999749648637721, 18.0], [""259"", 1.0, 58.5]]",,,ml/output/tracks/best_frames/43_15/track_0414_r0.jpg,ml/output/tracks/best_frames_hires/43_15/track_0414_r0.jpg,
43_15.mp4,409,8874,3146,1650,3259,1800,0,,[],,,ml/output/tracks/best_frames/43_15/track_0409_r0.jpg,ml/output/tracks/best_frames_hires/43_15/track_0409_r0.jpg,
43_15.mp4,403,9475,3215,1135,3338,1318,0,6,"[[""6"", 0.8225844614537579, 85.0]]",,,ml/output/tracks/best_frames/43_15/track_0403_r2.jpg,ml/output/tracks/best_frames_hires/43_15/track_0403_r2.jpg,
43_15.mp4,421,9475,2257,714,2456,934,0,"'9
1
1
8
5
#
g
3","[[""'9"", 0.10970349669646863, 35.0], [""1"", 0.1856462316585663, 52.0], [""1"", 0.10502565739653935, 58.0], [""8"", 0.9946379017500284, 136.0], [""5"", 0.9844632392765931, 34.0], [""#"", 0.8821337816479833, 67.0], [""g"", 0.6699246581293075, 32.0], [""3"", 0.9784852651205824, 26.0]]",,,ml/output/tracks/best_frames/43_15/track_0421_r1.jpg,ml/output/tracks/best_frames_hires/43_15/track_0421_r1.jpg,
43_15.mp4,421,9626,2256,714,2456,934,0,"5 а
[
!
8
5
пP
R
'3
;","[[""5 а"", 0.23486469003441574, 35.0], [""["", 0.3761608289296561, 59.0], [""!"", 0.12398722261852768, 59.0], [""8"", 0.998728679620001, 114.0], [""5"", 0.21671261115873008, 36.0], [""пP"", 0.26459775257951984, 16.0], [""R"", 0.9429293515722748, 22.0], [""'3"", 0.617250629378804, 26.0], ["";"", 0.5022572124636362, 70.95617746837212]]",,,ml/output/tracks/best_frames/43_15/track_0421_r0.jpg,ml/output/tracks/best_frames_hires/43_15/track_0421_r0.jpg,
43_15.mp4,420,9626,2176,1957,2371,2151,180,";
~
&
'
Ё
!
8
6
5
1
3
2
8","[["";"", 0.7801624628130845, 24.0], [""~"", 0.4593727636581981, 95.0], [""&"", 0.9635693090121009, 34.0], [""'"", 0.3773355068371984, 56.967739820199824], [""Ё"", 0.6889442008432525, 60.97187711526891], [""!"", 0.8502611689992001, 52.96262749935431], [""8"", 0.9641248721181661, 89.5], [""6"", 0.3054642258595699, 10.0], [""5"", 0.8463856636654441, 20.0], [""1"", 0.9913256747796027, 76.99317529485918], [""3"", 0.632835866105097, 56.987222022167856], [""2"", 0.5251480672308304, 61.48910196921219], [""8"", 0.593750261318803, 40.95246136588875]]",,,ml/output/tracks/best_frames/43_15/track_0420_r2.jpg,ml/output/tracks/best_frames_hires/43_15/track_0420_r2.jpg,
43_15.mp4,420,9776,2176,1957,2371,2151,0,"#,
~
5
{
3
'","[[""#,"", 0.3368422726150979, 24.0], [""~"", 0.9290858015718904, 22.0], [""5"", 0.7420094606953889, 132.95922793323095], [""{"", 0.5102052980547, 56.93064661499389], [""3"", 0.5117148380301195, 64.94731066042215], [""'"", 0.4559623931362786, 60.93982809858525]]",,,ml/output/tracks/best_frames/43_15/track_0420_r1.jpg,ml/output/tracks/best_frames_hires/43_15/track_0420_r1.jpg,
43_15.mp4,403,9776,3215,1135,3338,1319,0,"8
0","[[""8"", 0.7644222784500734, 80.0], [""0"", 0.8984553075208623, 53.5]]",,,ml/output/tracks/best_frames/43_15/track_0403_r1.jpg,ml/output/tracks/best_frames_hires/43_15/track_0403_r1.jpg,
43_15.mp4,420,9927,2176,1957,2371,2150,0,"Eg
н
g
5
5
{
1","[[""Eg"", 0.41315131695458274, 24.0], [""н"", 0.36353796503948743, 24.0], [""g"", 0.11518580116609556, 55.0], [""5"", 0.332429086396818, 22.0], [""5"", 0.7174717087534397, 133.95989025478775], [""{"", 0.9602968835854178, 54.965323307496945], [""1"", 0.8789372074349764, 62.94375423053785]]",,,ml/output/tracks/best_frames/43_15/track_0420_r0.jpg,ml/output/tracks/best_frames_hires/43_15/track_0420_r0.jpg,
43_15.mp4,403,9927,3215,1135,3338,1318,90,66с,"[[""66с"", 0.8934015645712552, 45.736596298101176]]",,,ml/output/tracks/best_frames/43_15/track_0403_r0.jpg,ml/output/tracks/best_frames_hires/43_15/track_0403_r0.jpg,
43_15.mp4,385,10077,3207,1185,3332,1362,90,66e,"[[""66e"", 0.29073505765592755, 39.0]]",,,ml/output/tracks/best_frames/43_15/track_0385_r1.jpg,ml/output/tracks/best_frames_hires/43_15/track_0385_r1.jpg,
43_15.mp4,426,10077,3203,1251,3329,1432,0,6,"[[""6"", 0.8424669273247254, 69.0]]",,,ml/output/tracks/best_frames/43_15/track_0426_r0.jpg,ml/output/tracks/best_frames_hires/43_15/track_0426_r0.jpg,
43_15.mp4,426,10227,3203,1251,3329,1432,90,с,"[[""с"", 0.4168514915445485, 28.0]]",,,ml/output/tracks/best_frames/43_15/track_0426_r1.jpg,ml/output/tracks/best_frames_hires/43_15/track_0426_r1.jpg,
43_15.mp4,385,10227,3207,1185,3332,1362,90,66e,"[[""66e"", 0.47331810208375213, 39.0]]",,,ml/output/tracks/best_frames/43_15/track_0385_r0.jpg,ml/output/tracks/best_frames_hires/43_15/track_0385_r0.jpg,
43_15.mp4,430,10378,3145,1650,3260,1800,0,,[],,,ml/output/tracks/best_frames/43_15/track_0430_r1.jpg,ml/output/tracks/best_frames_hires/43_15/track_0430_r1.jpg,
43_15.mp4,424,10528,3792,951,3838,1012,0,,[],,,ml/output/tracks/best_frames/43_15/track_0424_r2.jpg,ml/output/tracks/best_frames_hires/43_15/track_0424_r2.jpg,
43_15.mp4,432,10528,2175,1955,2371,2150,0,"₽
""
8
5
5
Ё
1","[[""₽"", 0.7290230899607231, 35.0], [""\"""", 0.3157669334755475, 22.0], [""8"", 0.9065166158389424, 46.0], [""5"", 0.5009115285207031, 28.0], [""5"", 0.8354522856694189, 137.96238471091604], [""Ё"", 0.28244693034418233, 54.965323307496945], [""1"", 0.9444485875479849, 62.94375423053785]]",,,ml/output/tracks/best_frames/43_15/track_0432_r1.jpg,ml/output/tracks/best_frames_hires/43_15/track_0432_r1.jpg,
43_15.mp4,428,10528,2256,714,2455,933,180,"8
$
Ё
8
Ё
! :
;
@
8
1

2
8
:","[[""8"", 0.8538484155026005, 26.0], [""$"", 0.2572357598148898, 67.0], [""Ё"", 0.5159993958899491, 36.0], [""8"", 0.9758574172165027, 108.0], [""Ё"", 0.30451719715733816, 59.0], [""! :"", 0.19463156317834332, 33.0], ["";"", 0.16908699786216985, 54.0], [""@"", 0.7495760334227839, 27.0], [""8"", 0.9999827147277109, 26.0], [""1"", 0.2650512107721603, 58.0], ["""", 0.0, 102.5], [""2"", 0.9056594353766947, 36.0], [""8"", 0.9999678137508141, 108.0], ["":"", 0.914652234027372, 26.0]]",,,ml/output/tracks/best_frames/43_15/track_0428_r2.jpg,ml/output/tracks/best_frames_hires/43_15/track_0428_r2.jpg,
43_15.mp4,430,10528,3145,1650,3260,1800,0,,[],,,ml/output/tracks/best_frames/43_15/track_0430_r0.jpg,ml/output/tracks/best_frames_hires/43_15/track_0430_r0.jpg,
43_15.mp4,432,10679,2175,1955,2371,2150,0,"₽
""
8
5
5
{
1","[[""₽"", 0.7035285671918245, 35.0], [""\"""", 0.255036975262076, 22.0], [""8"", 0.6560351174660504, 46.0], [""5"", 0.948358537652453, 28.0], [""5"", 0.8018680568471268, 138.96297201737804], [""{"", 0.9888915101201725, 56.93064661499389], [""1"", 0.7298890223129462, 62.94375423053785]]",,,ml/output/tracks/best_frames/43_15/track_0432_r0.jpg,ml/output/tracks/best_frames_hires/43_15/track_0432_r0.jpg,
43_15.mp4,430,10679,3145,1650,3260,1800,270,"2
24","[[""2"", 0.9948378835263192, 28.0], [""24"", 0.16767121145497882, 34.67223788975764]]",,,ml/output/tracks/best_frames/43_15/track_0430_r2.jpg,ml/output/tracks/best_frames_hires/43_15/track_0430_r2.jpg,
43_15.mp4,428,10679,2256,714,2455,933,270,"#нтр
EGG АБрикос
тJ
учанмя) JZDr
99
259'
73 
99
259","[[""#нтр"", 0.3987763822078705, 19.0], [""EGG АБрикос"", 0.8986796915731103, 27.0], [""тJ"", 0.37406303610443004, 14.0], [""учанмя) JZDr"", 0.6174582394177036, 18.0], [""99"", 0.9999590335090263, 18.0], [""259'"", 0.46119748397450877, 67.0], [""73 "", 0.2397474073270514, 12.5], [""99"", 0.9999995785315409, 18.0], [""259"", 1.0, 63.0]]",,,ml/output/tracks/best_frames/43_15/track_0428_r1.jpg,ml/output/tracks/best_frames_hires/43_15/track_0428_r1.jpg,
43_15.mp4,432,10829,2175,1956,2371,2150,0,"5
8
5
[
1","[[""5"", 0.9729138367137615, 23.0], [""8"", 0.8029602515964598, 44.0], [""5"", 0.92019024290272, 136.9617833424335], [""["", 0.9421972108931556, 77.96396972164129], [""1"", 0.7256131399663559, 62.94375423053785]]",,,ml/output/tracks/best_frames/43_15/track_0432_r2.jpg,ml/output/tracks/best_frames_hires/43_15/track_0432_r2.jpg,
43_15.mp4,424,10829,3792,951,3838,1012,0,,[],,,ml/output/tracks/best_frames/43_15/track_0424_r1.jpg,ml/output/tracks/best_frames_hires/43_15/track_0424_r1.jpg,
43_15.mp4,428,10829,2256,714,2455,933,270,"#нтр
EGG АБрикос
тJ
учанмя) JZDr
99
259:
75 
99
259","[[""#нтр"", 0.4018263518810272, 17.0], [""EGG АБрикос"", 0.958479939608223, 27.0], [""тJ"", 0.31937939357672307, 14.0], [""учанмя) JZDr"", 0.47982662399001164, 18.0], [""99"", 0.999974627691473, 18.0], [""259:"", 0.6126616640541434, 66.0], [""75 "", 0.3346810603334333, 12.5], [""99"", 0.9999919078146757, 18.0], [""259"", 0.9999994039535522, 63.0]]",,,ml/output/tracks/best_frames/43_15/track_0428_r0.jpg,ml/output/tracks/best_frames_hires/43_15/track_0428_r0.jpg,
43_15.mp4,424,11280,3792,953,3838,1011,0,,[],,,ml/output/tracks/best_frames/43_15/track_0424_r0.jpg,ml/output/tracks/best_frames_hires/43_15/track_0424_r0.jpg,
43_15.mp4,434,11431,2256,714,2457,934,90,"65
бge(
JUZE |цннг7t
EL
зачнdgv
dоцыфи
а9в
9::..
-.
5/- -:1 993
.:","[[""65"", 0.8196972501037958, 20.0], [""бge("", 0.2868803143501282, 61.0], [""JUZE |цннг7t"", 0.14667548259807633, 16.0], [""EL"", 0.9877273492138055, 14.0], [""зачнdgv"", 0.6118767860173497, 16.0], [""dоцыфи"", 0.3787425607366421, 18.0], [""а9в"", 0.6864685068883917, 20.447736860631096], [""9::.."", 0.20687332694947425, 9.5], [""-."", 0.8048745068434471, 13.0], [""5/- -:1 993"", 0.19710545135036445, 26.5], ["".:"", 0.17990362380179079, 19.5]]",,,ml/output/tracks/best_frames/43_15/track_0434_r1.jpg,ml/output/tracks/best_frames_hires/43_15/track_0434_r1.jpg,
43_15.mp4,434,11581,2256,714,2456,934,0,"[
ад
1
8
5
3
;","[[""["", 0.2834254019803808, 59.0], [""ад"", 0.12006468751141712, 35.0], [""1"", 0.8185055671789065, 58.0], [""8"", 0.9989677948426312, 118.0], [""5"", 0.5962238760186587, 34.0], [""3"", 0.9912761811947668, 26.0], ["";"", 0.6306089883380004, 69.95486201689906]]",,,ml/output/tracks/best_frames/43_15/track_0434_r2.jpg,ml/output/tracks/best_frames_hires/43_15/track_0434_r2.jpg,
43_15.mp4,387,11731,1095,1189,1290,1386,180,"8
€
;
1
ё
8
:
;
2
1
8
2
81
:
:
37
2","[[""8"", 0.9141967118809049, 24.0], [""€"", 0.26556496459024004, 44.0], ["";"", 0.9971856634481959, 32.0], [""1"", 0.989990611947178, 98.0], [""ё"", 0.8606110019605353, 22.0], [""8"", 0.7583164439823555, 30.0], ["":"", 0.8001613111301289, 24.0], ["";"", 0.10496700146314097, 46.0], [""2"", 0.9579961146170177, 26.0], [""1"", 0.99890941329841, 72.98045301021168], [""8"", 0.23162183157741456, 86.0], [""2"", 0.7026326537868819, 23.0], [""81"", 0.16613991813382362, 101.0], ["":"", 0.8000555329252315, 23.0], ["":"", 0.1981986316963793, 34.0], [""37"", 0.7300134381721981, 49.5], [""2"", 0.7339763593769852, 29.0]]",,,ml/output/tracks/best_frames/43_15/track_0387_r2.jpg,ml/output/tracks/best_frames_hires/43_15/track_0387_r2.jpg,
43_15.mp4,434,11731,2256,714,2456,934,270,"#итюар
EGG АБ#хос
тпа
пыанмя) JZOr
99
259
99
259
6","[[""#итюар"", 0.39442338117713416, 18.0], [""EGG АБ#хос"", 0.35929897140028155, 24.0], [""тпа"", 0.7099358934648402, 14.0], [""пыанмя) JZOr"", 0.4797066170968526, 14.0], [""99"", 0.9999335772128858, 18.0], [""259"", 0.999997079372406, 67.0], [""99"", 0.9927801473967699, 16.0], [""259"", 1.0, 61.5], [""6"", 0.25248366480310835, 13.334140112506468]]",,,ml/output/tracks/best_frames/43_15/track_0434_r0.jpg,ml/output/tracks/best_frames_hires/43_15/track_0434_r0.jpg,
43_15.mp4,387,11882,1096,1189,1290,1386,0,"g
83
g
2
1
'
8
2
2
8
1","[[""g"", 0.8873691125809877, 40.0], [""83"", 0.4858577878882241, 48.0], [""g"", 0.9935230331309164, 28.0], [""2"", 0.37943660984396743, 24.0], [""1"", 0.8952777712000994, 101.0], [""'"", 0.19526751073046, 26.0], [""8"", 0.9992067003622651, 108.0], [""2"", 0.12725747240443752, 44.0], [""2"", 0.9737887387984756, 22.0], [""8"", 0.9999585155974842, 26.0], [""1"", 0.6287376178722894, 72.98045301021168]]",,,ml/output/tracks/best_frames/43_15/track_0387_r1.jpg,ml/output/tracks/best_frames_hires/43_15/track_0387_r1.jpg,
43_15.mp4,387,12032,1096,1188,1290,1386,180,"8
€
;
1
ё
8
E
8
2
1
.
8
81
:
7
3
2","[[""8"", 0.9205245281141892, 22.0], [""€"", 0.052295114744920435, 44.0], ["";"", 0.5380137739481974, 30.0], [""1"", 0.9925834873776154, 98.0], [""ё"", 0.8566747700462116, 22.0], [""8"", 0.9181246951483537, 30.0], [""E"", 0.24736441126026776, 29.0], [""8"", 0.48126064670306334, 47.0], [""2"", 0.5613690344771385, 26.0], [""1"", 0.9990615663218847, 72.98045301021168], [""."", 0.13561895875740504, 86.0], [""8"", 0.29240788396352, 23.0], [""81"", 0.18108781749942054, 101.0], ["":"", 0.24164167614693444, 24.0], [""7"", 0.7621020911408074, 35.0], [""3"", 0.32555548922994504, 50.5], [""2"", 0.9946124596123731, 33.5]]",,,ml/output/tracks/best_frames/43_15/track_0387_r0.jpg,ml/output/tracks/best_frames_hires/43_15/track_0387_r0.jpg,
43_15.mp4,377,12333,2212,1365,2414,1583,270,"FiEJiUu
CLUB
апсхапu
дссортч [РасЕля]
IEUr
99
19u
99
299'
Ha
199/
99
299","[[""FiEJiUu"", 0.21676953071467142, 20.0], [""CLUB"", 0.8946216106414795, 16.0], [""апсхапu"", 0.27786604205876375, 17.0], [""дссортч [РасЕля]"", 0.25459638977931043, 21.0], [""IEUr"", 0.4414946138858795, 14.0], [""99"", 0.9999215234700043, 16.0], [""19u"", 0.6529781143327326, 24.0], [""99"", 0.9986895689295906, 18.0], [""299'"", 0.9973527193069458, 65.0], [""Ha"", 0.7980322525978517, 17.695996608010176], [""199/"", 0.9966138005256653, 24.0], [""99"", 0.9984031767021446, 18.0], [""299"", 0.9999997246979434, 61.5]]",,,ml/output/tracks/best_frames/43_15/track_0377_r2.jpg,ml/output/tracks/best_frames_hires/43_15/track_0377_r2.jpg,79
43_15.mp4,110,12333,2216,1365,2303,1579,270,"99
19
99
299'","[[""99"", 0.9994389029758456, 20.0], [""19"", 0.9999858386882693, 20.0], [""99"", 0.9987445077585015, 18.0], [""299'"", 0.99659264087677, 65.0]]",,,ml/output/tracks/best_frames/43_15/track_0110_r1.jpg,ml/output/tracks/best_frames_hires/43_15/track_0110_r1.jpg,
43_15.mp4,377,12483,2212,1365,2414,1582,270,"FiEJiи
апсашц
дссортч [РасЕля]
ZEDr
99
19u
99
299'
Han
cLuв
199/
99
299","[[""FiEJiи"", 0.6311498698352982, 20.0], [""апсашц"", 0.7660821473716294, 18.0], [""дссортч [РасЕля]"", 0.3602318897957668, 21.0], [""ZEDr"", 0.6104423403739929, 14.0], [""99"", 0.9997641543823836, 16.0], [""19u"", 0.8169857915026468, 24.0], [""99"", 0.9983849778325764, 18.0], [""299'"", 0.9988788962364197, 65.0], [""Han"", 0.46543018021016674, 17.695996608010176], [""cLuв"", 0.9359431266784668, 20.447736860631068], [""199/"", 0.9918577671051025, 24.0], [""99"", 0.9946376625635712, 18.0], [""299"", 0.9999993117448777, 61.5]]",,,ml/output/tracks/best_frames/43_15/track_0377_r1.jpg,ml/output/tracks/best_frames_hires/43_15/track_0377_r1.jpg,7869
43_15.mp4,110,12483,2216,1365,2303,1579,270,"99
19u
99
299'","[[""99"", 0.9998042756460687, 20.0], [""19u"", 0.9842661696680542, 20.0], [""99"", 0.9982660977926593, 18.0], [""299'"", 0.997098445892334, 65.0]]",,,ml/output/tracks/best_frames/43_15/track_0110_r0.jpg,ml/output/tracks/best_frames_hires/43_15/track_0110_r0.jpg,
43_15.mp4,377,12634,2212,1365,2414,1582,180,"&
I
&
#
3
&
5
5
2
:
1
2
2
5","[[""&"", 0.730350044288798, 22.0], [""I"", 0.947072343928145, 97.0], [""&"", 0.7330343131016548, 88.0], [""#"", 0.8564861055043025, 58.0], [""3"", 0.9853824862657348, 28.0], [""&"", 0.8095104742791683, 24.0], [""5"", 0.829034110749749, 39.934149074525294], [""5"", 0.7053884849774796, 32.90341723552112], [""2"", 0.7356121585538666, 26.0], ["":"", 0.3123800686516667, 54.0], [""1"", 0.9446027913359245, 83.5], [""2"", 0.6341665859687318, 32.5], [""2"", 0.5324396027709213, 57.0], [""5"", 0.998764181715174, 33.961723362137946]]",,,ml/output/tracks/best_frames/43_15/track_0377_r0.jpg,ml/output/tracks/best_frames_hires/43_15/track_0377_r0.jpg,769
43_15.mp4,437,12634,2261,605,2304,716,270,"7а
255","[[""7а"", 0.42070613213540203, 11.504999999999999], [""255"", 0.9519272446632385, 44.25]]",,,ml/output/tracks/best_frames/43_15/track_0437_r0.jpg,ml/output/tracks/best_frames_hires/43_15/track_0437_r0.jpg,
43_15.mp4,393,12634,3156,1580,3268,1776,90,vz ,"[[""vz "", 0.39393797516822815, 57.84464540552736]]",,,ml/output/tracks/best_frames/43_15/track_0393_r2.jpg,ml/output/tracks/best_frames_hires/43_15/track_0393_r2.jpg,
43_15.mp4,438,12784,1096,1188,1290,1386,180,"8
а
;
1
ё
E
8
2
1
g
1
1
2
81
:3
2","[[""8"", 0.8565959917987129, 24.0], [""а"", 0.15426742410000216, 44.0], ["";"", 0.19197016332033545, 30.0], [""1"", 0.9605181511975367, 103.0], [""ё"", 0.24230923651014624, 24.0], [""E"", 0.25407405019879903, 29.0], [""8"", 0.23814231830512345, 47.0], [""2"", 0.8840961402970748, 26.0], [""1"", 0.9993418346341656, 72.98045301021168], [""g"", 0.10858489497668078, 31.89736659610105], [""1"", 0.7395385138893431, 78.0], [""1"", 0.9999966621426779, 78.5], [""2"", 0.9421799697805433, 23.0], [""81"", 0.32530482683186024, 102.0], ["":3"", 0.20044110398872508, 50.5], [""2"", 0.9336738535963072, 39.5]]",,,ml/output/tracks/best_frames/43_15/track_0438_r0.jpg,ml/output/tracks/best_frames_hires/43_15/track_0438_r0.jpg,
43_15.mp4,433,12784,3214,1136,3337,1319,90,2,"[[""2"", 0.6560877408600305, 28.0]]",,,ml/output/tracks/best_frames/43_15/track_0433_r1.jpg,ml/output/tracks/best_frames_hires/43_15/track_0433_r1.jpg,
43_15.mp4,437,12784,2261,605,2304,716,270,255,"[[""255"", 0.7769119143486023, 44.25]]",,,ml/output/tracks/best_frames/43_15/track_0437_r1.jpg,ml/output/tracks/best_frames_hires/43_15/track_0437_r1.jpg,
43_15.mp4,438,12935,1096,1187,1289,1386,270,"Jbap
Cythn
ERONI Мслашя
~nini
Фсстнuн;
аCEm]]
nnr
99
13%
3365
2
139
99
3369
 ","[[""Jbap"", 0.41080212593078613, 14.0], [""Cythn"", 0.7600570042378814, 18.0], [""ERONI Мслашя"", 0.5096156426658065, 16.0], [""~nini"", 0.1407825495812898, 8.0], [""Фсстнuн;"", 0.25433304525126127, 14.0], [""аCEm]]"", 0.22701212342613056, 12.0], [""nnr"", 0.9870014935495288, 12.0], [""99"", 0.9999383818635196, 16.0], [""13%"", 0.9004908747563662, 24.0], [""3365"", 0.5564616322517395, 54.0], [""2"", 0.480858648132255, 7.0], [""139"", 0.9999968340269625, 22.0], [""99"", 0.9999994942378553, 18.0], [""3369"", 0.8112057447433472, 54.5], ["" "", 0.9221088333373793, 25.5]]",,,ml/output/tracks/best_frames/43_15/track_0438_r2.jpg,ml/output/tracks/best_frames_hires/43_15/track_0438_r2.jpg,
43_15.mp4,398,13235,3166,0,3298,107,0,,[],,,ml/output/tracks/best_frames/43_15/track_0398_r1.jpg,ml/output/tracks/best_frames_hires/43_15/track_0398_r1.jpg,
43_15.mp4,375,13235,447,1,572,114,270,"[204
24 :","[[""[204"", 0.5764001529833556, 50.53810389523201], [""24 :"", 0.7238892316818237, 40.42331056965119]]",,,ml/output/tracks/best_frames/43_15/track_0375_r1.jpg,ml/output/tracks/best_frames_hires/43_15/track_0375_r1.jpg,
43_15.mp4,398,13386,3166,0,3297,108,0,,[],,,ml/output/tracks/best_frames/43_15/track_0398_r2.jpg,ml/output/tracks/best_frames_hires/43_15/track_0398_r2.jpg,
43_15.mp4,440,13386,2175,1957,2371,2151,180,"1
{
~
&
Ё
1
3
8
8
9
1
2
1","[[""1"", 0.78489636432586, 55.0], [""{"", 0.20808611370317553, 22.0], [""~"", 0.4935991907004791, 93.0], [""&"", 0.9972025674020166, 34.0], [""Ё"", 0.8533871526335055, 60.93982809858528], [""1"", 0.21706011998074448, 50.95960811756083], [""3"", 0.9580986780318348, 21.0], [""8"", 0.9790353209965019, 26.0], [""8"", 0.9839317624994237, 87.5], [""9"", 0.7935688149757425, 14.0], [""1"", 0.9901032957774447, 83.9877104454969], [""2"", 0.36847214747162127, 61.48910196921219], [""1"", 0.5849035595134389, 57.48745394302256]]",,,ml/output/tracks/best_frames/43_15/track_0440_r2.jpg,ml/output/tracks/best_frames_hires/43_15/track_0440_r2.jpg,
43_15.mp4,375,13386,447,1,571,113,0,р,"[[""р"", 0.5152160774750634, 79.14649503663733]]",,,ml/output/tracks/best_frames/43_15/track_0375_r0.jpg,ml/output/tracks/best_frames_hires/43_15/track_0375_r0.jpg,
43_15.mp4,333,13386,2232,1134,2429,1296,180,"я
&
2
!
Ё
8
5
@
2
g
0
2
2
35
:
5","[[""я"", 0.9296999540566766, 36.0], [""&"", 0.8869485035879485, 24.0], [""2"", 0.6839961750512238, 40.0], [""!"", 0.5253395194120145, 73.0], [""Ё"", 0.1367945629554903, 36.0], [""8"", 0.8197548408643343, 96.0], [""5"", 0.9574377712326623, 42.0], [""@"", 0.18770993540962255, 78.0], [""2"", 0.4172930873048699, 28.0], [""g"", 0.1691603873950953, 34.91404880886694], [""0"", 0.6817051675551653, 7.5], [""2"", 0.6395629294137031, 20.0], [""2"", 0.7152984633032702, 33.5], [""35"", 0.5442476611071608, 54.5], ["":"", 0.5641794204405102, 55.48648641778186], [""5"", 0.9876558242976898, 36.46713310127909]]",,,ml/output/tracks/best_frames/43_15/track_0333_r2.jpg,ml/output/tracks/best_frames_hires/43_15/track_0333_r2.jpg,5 8
43_15.mp4,382,13536,335,932,453,1116,270,"199'
199","[[""199'"", 0.9763176441192627, 32.0], [""199"", 0.9999988299663297, 37.5]]",,,ml/output/tracks/best_frames/43_15/track_0382_r0.jpg,ml/output/tracks/best_frames_hires/43_15/track_0382_r0.jpg,
43_15.mp4,375,13536,447,1,571,114,270,"[204:
24:","[[""[204:"", 0.2273162066552579, 49.284625220308115], [""24:"", 0.7771600767294979, 43.93694701287227]]",,,ml/output/tracks/best_frames/43_15/track_0375_r2.jpg,ml/output/tracks/best_frames_hires/43_15/track_0375_r2.jpg,
43_15.mp4,333,13536,2232,1134,2429,1296,270,"Ксд FREIIUN
cLUE
фундумач
(Рассин) ZБOг
#7 
13%а
99
299
139
99

2995","[[""Ксд FREIIUN"", 0.4147268381872794, 24.0], [""cLUE"", 0.783947229385376, 20.0], [""фундумач"", 0.7234179105264548, 20.0], [""(Рассин) ZБOг"", 0.8003064610554932, 21.0], [""#7 "", 0.16293313745371932, 12.0], [""13%а"", 0.5330281853675842, 26.0], [""99"", 0.9989672213108751, 16.0], [""299"", 0.9999984170133134, 56.0], [""139"", 0.9933822705740508, 24.0], [""99"", 0.9999996628252286, 16.0], ["""", 0.0, 7.0], [""2995"", 0.8970753316983657, 58.5]]",,,ml/output/tracks/best_frames/43_15/track_0333_r1.jpg,ml/output/tracks/best_frames_hires/43_15/track_0333_r1.jpg,8 4
43_15.mp4,376,13536,3206,255,3333,433,90,"692
Car","[[""692"", 0.9800166242840941, 45.83081704544458], [""Car"", 0.2575829926354649, 18.957704261361158]]",,,ml/output/tracks/best_frames/43_15/track_0376_r1.jpg,ml/output/tracks/best_frames_hires/43_15/track_0376_r1.jpg,
43_15.mp4,438,13536,1096,1188,1289,1385,0,"3
$3
g
в
1
:
8
'
8","[[""3"", 0.9943466444028992, 32.0], [""$3"", 0.04912079653134797, 48.0], [""g"", 0.9290413339627435, 33.0], [""в"", 0.5807539556158794, 22.0], [""1"", 0.7714181340219426, 106.0], ["":"", 0.565250293293559, 30.0], [""8"", 0.9998923569084504, 114.0], [""'"", 0.31647833847288, 44.0], [""8"", 0.9999130983159752, 24.0]]",,,ml/output/tracks/best_frames/43_15/track_0438_r1.jpg,ml/output/tracks/best_frames_hires/43_15/track_0438_r1.jpg,
43_15.mp4,398,13536,3165,0,3297,107,0,,[],,,ml/output/tracks/best_frames/43_15/track_0398_r0.jpg,ml/output/tracks/best_frames_hires/43_15/track_0398_r0.jpg,
43_15.mp4,437,13536,2261,605,2304,714,270,"сag
25","[[""сag"", 0.09694711740352746, 12.975], [""25"", 0.8773406744003296, 43.25]]",,,ml/output/tracks/best_frames/43_15/track_0437_r2.jpg,ml/output/tracks/best_frames_hires/43_15/track_0437_r2.jpg,
43_15.mp4,383,13687,346,1393,475,1577,270,"niа
169'
769","[[""niа"", 0.1687409607224348, 13.733049036764982], [""169'"", 0.8660600590461862, 39.6587841009661], [""769"", 0.9988988730080355, 39.0]]",,,ml/output/tracks/best_frames/43_15/track_0383_r2.jpg,ml/output/tracks/best_frames_hires/43_15/track_0383_r2.jpg,
43_15.mp4,440,13687,2176,1957,2371,2151,180,"а
~
&
'
Ё
[
3
1
8
45
8
2","[[""а"", 0.8633508199784536, 26.0], [""~"", 0.7358837416273936, 93.0], [""&"", 0.9937417975880294, 34.0], [""'"", 0.9816113391992509, 55.96656400996892], [""Ё"", 0.8662619668281515, 60.93982809858528], [""["", 0.46858110314582646, 52.96262749935431], [""3"", 0.9808737742673692, 21.0], [""1"", 0.9926184050087272, 86.5], [""8"", 0.9012316966700382, 87.5], [""45"", 0.1217113614238091, 24.0], [""8"", 0.9705427958326709, 28.0], [""2"", 0.5854663964480586, 62.48946329984506]]",,,ml/output/tracks/best_frames/43_15/track_0440_r0.jpg,ml/output/tracks/best_frames_hires/43_15/track_0440_r0.jpg,
43_15.mp4,110,13687,2217,1365,2303,1580,270,"99
199
99
299""","[[""99"", 0.9986135660581625, 18.0], [""199"", 0.9921430348668111, 24.0], [""99"", 0.9993495675135133, 20.0], [""299\"""", 0.7617984414100647, 65.0]]",,,ml/output/tracks/best_frames/43_15/track_0110_r2.jpg,ml/output/tracks/best_frames_hires/43_15/track_0110_r2.jpg,
43_15.mp4,376,13687,3206,255,3334,433,90,"692
Cnr","[[""692"", 0.9969520656440187, 42.614734945308186], [""Cnr"", 0.4225983928106838, 18.957704261361158]]",,,ml/output/tracks/best_frames/43_15/track_0376_r0.jpg,ml/output/tracks/best_frames_hires/43_15/track_0376_r0.jpg,
43_15.mp4,388,13687,1115,642,1311,859,270,"J фитюр
JEGG
стра
uрчанын| JJUr
25%0
99
259'
Интр
5
259
99
259","[[""J фитюр"", 0.5591481139520806, 19.0], [""JEGG"", 0.9999976754188538, 16.0], [""стра"", 0.9630356431007385, 14.0], [""uрчанын| JJUr"", 0.32314168744926824, 18.0], [""25%0"", 0.4112520839704941, 24.0], [""99"", 0.9997806748456132, 16.0], [""259'"", 0.6270168835581822, 63.0], [""Интр"", 0.3962767856630932, 22.539672889527935], [""5"", 0.5732006596769033, 9.0], [""259"", 0.7826162576675415, 22.0], [""99"", 0.9995772089981678, 18.0], [""259"", 1.0, 56.5]]",,,ml/output/tracks/best_frames/43_15/track_0388_r0.jpg,ml/output/tracks/best_frames_hires/43_15/track_0388_r0.jpg,
43_15.mp4,440,13837,2175,1958,2371,2151,180,";
1
7
~
&
Ё
1
2
8
8
1
3
2","[["";"", 0.5782497633977215, 26.0], [""1"", 0.7102651580948169, 55.0], [""7"", 0.6291304288960511, 22.0], [""~"", 0.8290153331557946, 93.0], [""&"", 0.9584637036323365, 34.0], [""Ё"", 0.8752958005779057, 60.93982809858528], [""1"", 0.26134160031178055, 50.95960811756083], [""2"", 0.16851038858511913, 23.0], [""8"", 0.8982736211182782, 90.0], [""8"", 0.9567845551679888, 24.0], [""1"", 0.9934972487929059, 81.9918069636646], [""3"", 0.16537162074945488, 76.99317529485918], [""2"", 0.5364569079728518, 61.48910196921219]]",,,ml/output/tracks/best_frames/43_15/track_0440_r1.jpg,ml/output/tracks/best_frames_hires/43_15/track_0440_r1.jpg,
43_15.mp4,392,13837,338,1005,461,1190,270,"199
199","[[""199"", 0.9999995870469189, 32.0], [""199"", 0.9999869919889219, 36.5]]",,,ml/output/tracks/best_frames/43_15/track_0392_r1.jpg,ml/output/tracks/best_frames_hires/43_15/track_0392_r1.jpg,
43_15.mp4,382,13837,335,933,453,1116,270,"199
199","[[""199"", 0.9998875260353088, 32.0], [""199"", 0.999998279362313, 37.5]]",,,ml/output/tracks/best_frames/43_15/track_0382_r1.jpg,ml/output/tracks/best_frames_hires/43_15/track_0382_r1.jpg,
43_15.mp4,383,13837,346,1393,475,1577,270,"E
169'
769","[[""E"", 0.2713294321370405, 8.0], [""169'"", 0.9812340632744985, 41.816734903233865], [""769"", 0.9991642297470507, 39.0]]",,,ml/output/tracks/best_frames/43_15/track_0383_r0.jpg,ml/output/tracks/best_frames_hires/43_15/track_0383_r0.jpg,
43_15.mp4,333,13837,2232,1134,2429,1296,180,"&
я
7
!
ё
8
5
@
2
g
0
8
2
32
5","[[""&"", 0.9690159672237684, 24.0], [""я"", 0.9568904354381722, 36.0], [""7"", 0.15837354310157536, 68.0], [""!"", 0.5488700735222132, 73.0], [""ё"", 0.22830452769852982, 36.0], [""8"", 0.9976571231987954, 94.0], [""5"", 0.7732553858063262, 42.0], [""@"", 0.4877311185996547, 78.0], [""2"", 0.30650709466135595, 28.0], [""g"", 0.6914841293235128, 34.91404880886694], [""0"", 0.46777163165345215, 7.5], [""8"", 0.3172059187989049, 19.0], [""2"", 0.3873180848791016, 33.5], [""32"", 0.45331183672643105, 56.0], [""5"", 0.9274766832433876, 36.46713310127909]]",,,ml/output/tracks/best_frames/43_15/track_0333_r0.jpg,ml/output/tracks/best_frames_hires/43_15/track_0333_r0.jpg,4 8
43_15.mp4,392,13987,338,1005,461,1190,90,"66 L
Genz","[[""66 L"", 0.6451337953847766, 28.0], [""Genz"", 0.3889022469520569, 16.0]]",,,ml/output/tracks/best_frames/43_15/track_0392_r0.jpg,ml/output/tracks/best_frames_hires/43_15/track_0392_r0.jpg,
43_15.mp4,379,13987,2254,613,2453,842,270,"КанПмтар
ZUEGG АБрмкос
унстПа
(Гепчання) JZDr
~25%
99
259
1 .
-259
99
259","[[""КанПмтар"", 0.6178746249586325, 20.0], [""ZUEGG АБрмкос"", 0.739058654562367, 27.0], [""унстПа"", 0.4824047457508919, 14.0], [""(Гепчання) JZDr"", 0.6018199714221939, 21.0], [""~25%"", 0.5315374732017517, 26.0], [""99"", 0.9957757106161388, 18.0], [""259"", 0.5489457249641418, 62.0], [""1 ."", 0.4639042019844055, 9.5], [""-259"", 0.9995117011808614, 27.0], [""99"", 0.9999990727694587, 18.0], [""259"", 1.0, 58.5]]",,,ml/output/tracks/best_frames/43_15/track_0379_r2.jpg,ml/output/tracks/best_frames_hires/43_15/track_0379_r2.jpg,50.1
43_15.mp4,441,14138,2256,714,2456,934,270,"нhмтар
EGG Абрмкос
тпа
пчлння) JZDr
99
259.
15 
99
259","[[""нhмтар"", 0.5200108761511791, 18.0], [""EGG Абрмкос"", 0.9950214171064347, 21.0], [""тпа"", 0.9108586837726489, 14.0], [""пчлння) JZDr"", 0.6077150330442844, 17.0], [""99"", 0.9950692678721325, 18.0], [""259."", 0.6618924351229525, 67.0], [""15 "", 0.29576144955458955, 12.0], [""99"", 0.9999990727694587, 18.0], [""259"", 0.7833096981048584, 61.5]]",,,ml/output/tracks/best_frames/43_15/track_0441_r2.jpg,ml/output/tracks/best_frames_hires/43_15/track_0441_r2.jpg,
43_15.mp4,379,14138,2254,613,2454,842,270,"КанПмтар
ZUEGG АБрикос
алстПа
(Гепчання) JzDr
25% 
99
259
15-
-259
99
259","[[""КанПмтар"", 0.2985249634299392, 20.0], [""ZUEGG АБрикос"", 0.7724380625455448, 26.0], [""алстПа"", 0.28262817557594344, 14.0], [""(Гепчання) JzDr"", 0.5200115089814947, 20.0], [""25% "", 0.8097333908081055, 26.0], [""99"", 0.9954452838803881, 18.0], [""259"", 0.9965503215789795, 61.0], [""15-"", 0.24296615029730653, 12.0], [""-259"", 0.9996866261796588, 27.0], [""99"", 0.9999980612455189, 18.0], [""259"", 1.0, 58.5]]",,,ml/output/tracks/best_frames/43_15/track_0379_r1.jpg,ml/output/tracks/best_frames_hires/43_15/track_0379_r1.jpg,480
43_15.mp4,433,14138,3215,1136,3338,1319,90,662,"[[""662"", 0.9509165686898131, 39.0]]",,,ml/output/tracks/best_frames/43_15/track_0433_r2.jpg,ml/output/tracks/best_frames_hires/43_15/track_0433_r2.jpg,
43_15.mp4,380,14138,1113,558,1312,775,270,"Канфитар
ZUEGG
{Гарчанми] JJDr
2590
99
259'
Интир
адстра
5:-:2
259
99
259","[[""Канфитар"", 0.9104311367676827, 25.0], [""ZUEGG"", 0.9971355405920311, 20.0], [""{Гарчанми] JJDr"", 0.7784642029258017, 26.0], [""2590"", 0.33733463287353516, 24.0], [""99"", 0.9999835627686483, 16.0], [""259'"", 0.918795292480402, 63.0], [""Интир"", 0.3993321265119387, 22.539672889527935], [""адстра"", 0.41183717252145224, 18.723868430315534], [""5:-:2"", 0.05489622153358378, 13.0], [""259"", 0.9996362924575806, 22.0], [""99"", 0.9999998314126101, 16.0], [""259"", 0.6307982206344604, 58.0]]",,,ml/output/tracks/best_frames/43_15/track_0380_r1.jpg,ml/output/tracks/best_frames_hires/43_15/track_0380_r1.jpg,5. 7
43_15.mp4,379,14288,2254,613,2454,842,0,"9
##
[
8
g
;
%
[
8","[[""9"", 0.7953006244174823, 59.0], [""##"", 0.486625212327453, 61.0], [""["", 0.3603770670679296, 83.0], [""8"", 0.9989697012075318, 118.0], [""g"", 0.9857711360978669, 28.0], ["";"", 0.3508223941456414, 66.0], [""%"", 0.39203301063708196, 26.0], [""["", 0.8542032585718431, 87.97195309677977], [""8"", 0.6353393456953746, 24.0]]",,,ml/output/tracks/best_frames/43_15/track_0379_r0.jpg,ml/output/tracks/best_frames_hires/43_15/track_0379_r0.jpg,522. .
43_15.mp4,433,14288,3214,1136,3337,1319,90,66 ,"[[""66 "", 0.813571035861969, 33.0]]",,,ml/output/tracks/best_frames/43_15/track_0433_r0.jpg,ml/output/tracks/best_frames_hires/43_15/track_0433_r0.jpg,
43_15.mp4,380,14288,1113,558,1312,775,270,"Канфытар
ZUEGG
{Гарчанми] JJDr
259
99
259'
Интир
амстра
7 -3 2
259
99
259","[[""Канфытар"", 0.5734654903781587, 25.0], [""ZUEGG"", 0.9960087610562574, 20.0], [""{Гарчанми] JJDr"", 0.6928260106232879, 26.0], [""259"", 0.6602032780647278, 24.0], [""99"", 0.9999600450214031, 16.0], [""259'"", 0.954986352720954, 63.0], [""Интир"", 0.6524362918384997, 22.539672889527935], [""амстра"", 0.2810535013900035, 18.723868430315534], [""7 -3 2"", 0.04381799448775339, 13.0], [""259"", 0.9999987611408254, 22.0], [""99"", 0.999999915706304, 16.0], [""259"", 1.0, 56.5]]",,,ml/output/tracks/best_frames/43_15/track_0380_r0.jpg,ml/output/tracks/best_frames_hires/43_15/track_0380_r0.jpg,.9 55
43_15.mp4,165,14288,2231,1145,2304,1288,270,"139
299","[[""139"", 0.9076839379970718, 24.0], [""299"", 0.9999991052683532, 60.0]]",,,ml/output/tracks/best_frames/43_15/track_0165_r0.jpg,ml/output/tracks/best_frames_hires/43_15/track_0165_r0.jpg,8
43_15.mp4,386,14288,1137,1936,1323,2128,270,"Нгa
ЧАСТНАН
Bj
ICE !
Т5
{Роти l 5а
36
)234
33
36 :
2
234","[[""Нгa"", 0.34939807582475324, 14.0], [""ЧАСТНАН"", 0.6204202224256936, 21.0], [""Bj"", 0.03514014300558065, 14.0], [""ICE !"", 0.3659596848391579, 16.0], [""Т5"", 0.9182142752615838, 12.0], [""{Роти l 5а"", 0.14714396335797655, 18.0], [""36"", 0.38404019079294127, 18.0], ["")234"", 0.8246532336285176, 55.0], [""33"", 0.43511764388392576, 14.0], [""36 :"", 0.632927656173706, 20.0], [""2"", 0.5236703267724465, 21.5], [""234"", 0.9998776316642761, 50.89558356667381]]",,,ml/output/tracks/best_frames/43_15/track_0386_r2.jpg,ml/output/tracks/best_frames_hires/43_15/track_0386_r2.jpg,8
43_15.mp4,349,14288,1162,83,1361,281,0,"Ё
3
8
[
1
В
[
[8
;
6
8","[[""Ё"", 0.6831254015538093, 32.0], [""3"", 0.9623216023319401, 22.0], [""8"", 0.912454783134308, 52.91921623512164], [""["", 0.6115741624876172, 72.98045301021166], [""1"", 0.2550158447610471, 64.94731066042215], [""В"", 0.5567841445395203, 58.89596992249082], [""["", 0.4588051818553964, 64.97527105692893], [""[8"", 0.9960909297687128, 114.91899502435996], ["";"", 0.35321250651180947, 46.95237412036789], [""6"", 0.41125142316560925, 39.5], [""8"", 0.9471479850469997, 22.0]]",,,ml/output/tracks/best_frames/43_15/track_0349_r2.jpg,ml/output/tracks/best_frames_hires/43_15/track_0349_r2.jpg,:
43_15.mp4,441,14288,2256,714,2456,934,270,"нhмтар
EGG Абрмкос
тпа
пчання) JZDr
99
259.
15-
9
99
259","[[""нhмтар"", 0.46650355971891655, 18.0], [""EGG Абрмкос"", 0.9343231065765611, 21.0], [""тпа"", 0.9154424880788615, 14.0], [""пчання) JZDr"", 0.7825669431174401, 17.0], [""99"", 0.9998864582781531, 20.0], [""259."", 0.9282372165348731, 67.0], [""15-"", 0.14958138800256615, 12.0], [""9"", 0.9999881983151546, 19.0], [""99"", 0.9999991570631338, 18.0], [""259"", 0.9989639520645142, 61.5]]",,,ml/output/tracks/best_frames/43_15/track_0441_r1.jpg,ml/output/tracks/best_frames_hires/43_15/track_0441_r1.jpg,
43_15.mp4,389,14439,2216,1465,2409,1688,270,"РIЦИ
арсхашн
опm
[Пасва)
99
299'
99/
99
299","[[""РIЦИ"", 0.09885856509208679, 19.0], [""арсхашн"", 0.19289898254992188, 17.0], [""опm"", 0.46830497727604525, 12.0], [""[Пасва)"", 0.6020633559253588, 18.0], [""99"", 0.9711508380450397, 20.0], [""299'"", 0.9803411364555359, 64.0], [""99/"", 0.47569902068153885, 25.5], [""99"", 0.9999898847713415, 16.0], [""299"", 0.9999989676173402, 60.5]]",,,ml/output/tracks/best_frames/43_15/track_0389_r1.jpg,ml/output/tracks/best_frames_hires/43_15/track_0389_r1.jpg,
43_15.mp4,338,14439,2228,1223,2429,1437,270,"{сл PREHIUN
З.
LUE
Цсл FкENUM
пундумач
CLUB
арсхашч
'ассня) ZБOг
17 7
139
99
299'
199
29
ассопm
 [Расьч)
IEUr
139
99
2995
199
7:
29","[[""{сл PREHIUN"", 0.39066668710177965, 20.0], [""З."", 0.1305482303418085, 16.0], [""LUE"", 0.9012956074906091, 16.0], [""Цсл FкENUM"", 0.12969480039877795, 18.0], [""пундумач"", 0.46751460116033844, 16.0], [""CLUB"", 0.9719812870025635, 19.0], [""арсхашч"", 0.360768659428158, 19.0], [""'ассня) ZБOг"", 0.7978552544912614, 18.0], [""17 7"", 0.4123218801455996, 14.0], [""139"", 0.9707634226417766, 24.0], [""99"", 0.999979432399878, 16.0], [""299'"", 0.9517860412597656, 63.0], [""199"", 0.985325351596265, 26.0], [""29"", 0.9999134180037945, 56.0], [""ассопm"", 0.1092835212658452, 20.769836444763953], ["" [Расьч)"", 0.124977675989143, 20.769836444763953], [""IEUr"", 0.4708750247955322, 16.664100588675694], [""139"", 0.9991392489252774, 22.0], [""99"", 0.999998651301114, 16.0], [""2995"", 0.9902750849723816, 56.5], [""199"", 0.9837083077813716, 24.0], [""7:"", 0.3707323845832873, 8.0], [""29"", 0.999999915706304, 56.0]]",,,ml/output/tracks/best_frames/43_15/track_0338_r2.jpg,ml/output/tracks/best_frames_hires/43_15/track_0338_r2.jpg,2 6 5 2 0
43_15.mp4,392,14439,338,1005,461,1190,270,"199
199","[[""199"", 0.995760728135146, 36.0], [""199"", 0.9953512479356225, 38.5]]",,,ml/output/tracks/best_frames/43_15/track_0392_r2.jpg,ml/output/tracks/best_frames_hires/43_15/track_0392_r2.jpg,
43_15.mp4,352,14439,377,1675,521,1851,90,"(v
67L(
0
9745 ","[[""(v"", 0.9950021836504347, 26.0], [""67L("", 0.37860527634620667, 47.32098068646155], [""0"", 0.3183472477964102, 8.0], [""9745 "", 0.1709879442168383, 22.347566061100885]]",,,ml/output/tracks/best_frames/43_15/track_0352_r2.jpg,ml/output/tracks/best_frames_hires/43_15/track_0352_r2.jpg,1
43_15.mp4,441,14439,2256,714,2457,934,270,"нhмтар
ECG Абрмкос
тпа
пчлння) JZDr
99
259
1 
99
259","[[""нhмтар"", 0.48514657922294874, 18.0], [""ECG Абрмкос"", 0.9700920096544512, 20.0], [""тпа"", 0.8792887348316398, 14.0], [""пчлння) JZDr"", 0.6647937826487721, 16.0], [""99"", 0.999168206863885, 20.0], [""259"", 0.9999998623489704, 62.0], [""1 "", 0.7780272339560788, 12.0], [""99"", 0.9999988198884456, 18.0], [""259"", 0.9986222982406616, 62.0]]",,,ml/output/tracks/best_frames/43_15/track_0441_r0.jpg,ml/output/tracks/best_frames_hires/43_15/track_0441_r0.jpg,
43_15.mp4,165,14439,2231,1145,2304,1288,0,"2
8
8
8
8","[[""2"", 0.13050841929680335, 54.0], [""8"", 0.9999185817125387, 105.0], [""8"", 0.7017842468130766, 22.0], [""8"", 0.927702748476932, 82.5], [""8"", 0.49891941638992776, 23.0]]",,,ml/output/tracks/best_frames/43_15/track_0165_r2.jpg,ml/output/tracks/best_frames_hires/43_15/track_0165_r2.jpg,8
43_15.mp4,385,14439,3207,1206,3331,1379,90,662,"[[""662"", 0.3060217495961789, 41.0]]",,,ml/output/tracks/best_frames/43_15/track_0385_r2.jpg,ml/output/tracks/best_frames_hires/43_15/track_0385_r2.jpg,
43_15.mp4,380,14439,1113,558,1312,775,270,"Конфытар
ZUEGG
{Гарчании] JJDr
259
99
259'
Интир
адстра
5-:0
259
99
259","[[""Конфытар"", 0.4074100274631547, 25.0], [""ZUEGG"", 0.9977121789501842, 21.0], [""{Гарчании] JJDr"", 0.753455323011585, 26.0], [""259"", 0.58957439661026, 24.0], [""99"", 0.9999388876166112, 16.0], [""259'"", 0.9103479816561442, 63.0], [""Интир"", 0.7359126661074022, 22.539672889527935], [""адстра"", 0.5703905761720828, 18.723868430315534], [""5-:0"", 0.08631982654333115, 13.0], [""259"", 0.9999991052683532, 22.0], [""99"", 0.9999997471189183, 16.0], [""259"", 0.6246414063791395, 58.0]]",,,ml/output/tracks/best_frames/43_15/track_0380_r2.jpg,ml/output/tracks/best_frames_hires/43_15/track_0380_r2.jpg,. 35:
43_15.mp4,381,14589,1102,1619,1292,1821,90,"CG
""LLSC
hhl
1щlu
штана
1лъ
m ]
1л
ГЕnEJл
catal
3575:
2
2 -0

2-74.
66:
5
6 7","[[""CG"", 0.34008385471181896, 18.0], [""\""LLSC"", 0.9765429072421657, 61.0], [""hhl"", 0.48861140374001555, 20.0], [""1щlu"", 0.026803070679306984, 6.0], [""штана"", 0.030895146017837924, 8.0], [""1лъ"", 0.06393811106681824, 8.0], [""m ]"", 0.43889326875672835, 6.0], [""1л"", 0.5306784854282574, 6.0], [""ГЕnEJл"", 0.11341622183359122, 14.0], [""catal"", 0.23119605486085115, 13.536442559194768], [""3575:"", 0.2675862445527142, 9.0], [""2"", 0.4106694807728992, 7.0], [""2 -0"", 0.16942526400089264, 8.0], ["""", 0.0, 9.0], [""2-74."", 0.11696117256777082, 10.0], [""66:"", 0.17538939003191978, 12.0], [""5"", 0.8990490801086395, 7.0], [""6 7"", 0.45566527769794196, 12.0]]",,,ml/output/tracks/best_frames/43_15/track_0381_r2.jpg,ml/output/tracks/best_frames_hires/43_15/track_0381_r2.jpg,
43_15.mp4,352,14589,377,1675,521,1852,270,"ааrо
149
149","[[""ааrо"", 0.0627775713801384, 21.582323231565397], [""149"", 0.9722716212272644, 45.31541592545365], [""149"", 0.9999964898995394, 39.98840001477221]]",,,ml/output/tracks/best_frames/43_15/track_0352_r1.jpg,ml/output/tracks/best_frames_hires/43_15/track_0352_r1.jpg,1
43_15.mp4,388,14589,1116,642,1310,858,270,"нШиnа]
JEGG
Стра
uрчанмн|
259
99
2595
Интир
JJU1
5:2
259
99
259","[[""нШиnа]"", 0.07766801148335918, 14.0], [""JEGG"", 0.9999978542327881, 20.0], [""Стра"", 0.8087651133537292, 18.0], [""uрчанмн|"", 0.37903081077217965, 16.0], [""259"", 0.8864532709121704, 24.0], [""99"", 0.9998369798821338, 20.0], [""2595"", 0.6902675370034973, 54.0], [""Интир"", 0.6698043472760673, 24.611442075295713], [""JJU1"", 0.8382040858268738, 18.723868430315534], [""5:2"", 0.2116638411249129, 12.5], [""259"", 0.999988643798596, 22.0], [""99"", 0.9999997471189183, 16.0], [""259"", 1.0, 56.5]]",,,ml/output/tracks/best_frames/43_15/track_0388_r2.jpg,ml/output/tracks/best_frames_hires/43_15/track_0388_r2.jpg,
43_15.mp4,399,14589,1157,160,1350,372,0,"Ё
g
3
!
8
!
В
1
[@
{","[[""Ё"", 0.5496503674120881, 30.0], [""g"", 0.9991032704265876, 22.0], [""3"", 0.517765260181605, 24.0], [""!"", 0.1260965433061898, 63.97448224142529], [""8"", 0.19578232433573906, 49.908705455691205], [""!"", 0.5205335796431996, 68.97808873418606], [""В"", 0.5256976355372132, 55.883484054145526], [""1"", 0.6603063877344226, 64.97527105692893], [""[@"", 0.531966545375595, 112.91564681846847], [""{"", 0.9936889164112053, 48.95621185796967]]",,,ml/output/tracks/best_frames/43_15/track_0399_r2.jpg,ml/output/tracks/best_frames_hires/43_15/track_0399_r2.jpg,
43_15.mp4,374,14589,1101,1104,1286,1320,0,"3
Ш
:
:
[
ё
8
'
1
62
8","[[""3"", 0.5668550060092912, 28.0], [""Ш"", 0.9355199637810898, 68.0], ["":"", 0.3407852288433446, 24.0], ["":"", 0.3289689534067044, 24.0], [""["", 0.32996960667080444, 72.0], [""ё"", 0.7555523516333693, 22.0], [""8"", 0.9993568501172945, 26.0], [""'"", 0.08679964919914429, 42.94304067756627], [""1"", 0.9354454802078749, 74.98149479085589], [""62"", 0.705366407285852, 45.5], [""8"", 0.9998058174949485, 25.0]]",,,ml/output/tracks/best_frames/43_15/track_0374_r2.jpg,ml/output/tracks/best_frames_hires/43_15/track_0374_r2.jpg,
43_15.mp4,389,14589,2216,1465,2409,1688,270,"РкEЯШM
аpтташа
опm
[Пасаа)
99
299'
99
99
299","[[""РкEЯШM"", 0.1175466240127808, 19.0], [""аpтташа"", 0.10798755990841015, 14.0], [""опm"", 0.776487466188807, 12.0], [""[Пасаа)"", 0.6072633792151222, 18.0], [""99"", 0.997587356198203, 16.0], [""299'"", 0.9707667827606201, 64.0], [""99"", 0.9999969654282558, 24.0], [""99"", 0.9999852486348886, 16.0], [""299"", 0.9999981417113152, 60.5]]",,,ml/output/tracks/best_frames/43_15/track_0389_r2.jpg,ml/output/tracks/best_frames_hires/43_15/track_0389_r2.jpg,
43_15.mp4,378,14589,2275,124,2456,336,0,"$
5
@
8
Il
8
8","[[""$"", 0.39179009519683916, 48.0], [""5"", 0.7778572871931289, 26.0], [""@"", 0.19273710190692217, 50.0], [""8"", 0.8580596741506519, 100.0], [""Il"", 0.7834654450416565, 118.0], [""8"", 0.963877792370468, 24.0], [""8"", 0.9997148717068285, 23.0]]",,,ml/output/tracks/best_frames/43_15/track_0378_r2.jpg,ml/output/tracks/best_frames_hires/43_15/track_0378_r2.jpg,6/
43_15.mp4,393,14589,3155,1580,3267,1776,180,"d
0","[[""d"", 0.35748181227902265, 80.94736740409581], [""0"", 0.8918770858350058, 67.47621629438473]]",,,ml/output/tracks/best_frames/43_15/track_0393_r0.jpg,ml/output/tracks/best_frames_hires/43_15/track_0393_r0.jpg,
43_15.mp4,391,14589,1107,1701,1305,1918,0,"9
2
71 -
1
5 - : -","[[""9"", 0.9983683333257751, 90.0], [""2"", 0.565519559677341, 40.0], [""71 -"", 0.23643797636032104, 8.0], [""1"", 0.9884928823796599, 72.98045301021168], [""5 - : -"", 0.37040903066946596, 13.5]]",,,ml/output/tracks/best_frames/43_15/track_0391_r1.jpg,ml/output/tracks/best_frames_hires/43_15/track_0391_r1.jpg,5 -2:
43_15.mp4,351,14589,2180,1900,2370,2061,0,"F
8
4;
₽
{
1
{
5","[[""F"", 0.49513841808499137, 28.0], [""8"", 0.2573962484975709, 131.0], [""4;"", 0.4812795489742836, 24.0], [""₽"", 0.9934663555566345, 40.86145357211307], [""{"", 0.20047261854429976, 58.93547964039963], [""1"", 0.8614202642493183, 64.94731066042215], [""{"", 0.14003818733080298, 58.96991404929264], [""5"", 0.6815590132653746, 22.0]]",,,ml/output/tracks/best_frames/43_15/track_0351_r2.jpg,ml/output/tracks/best_frames_hires/43_15/track_0351_r2.jpg,
43_15.mp4,381,14740,1102,1619,1292,1821,0,"$
1
9
2
8","[[""$"", 0.21358789079285145, 38.0], [""1"", 0.7667825272457982, 68.0], [""9"", 0.746975050799481, 90.0], [""2"", 0.9499422072000385, 42.0], [""8"", 0.834876526221425, 20.0]]",,,ml/output/tracks/best_frames/43_15/track_0381_r1.jpg,ml/output/tracks/best_frames_hires/43_15/track_0381_r1.jpg,6
43_15.mp4,338,14740,2228,1223,2428,1437,270,"{сд FREHIUN
LUB
PKENM
,ундунач
cLUB
аptхаша
аccня) ZБОг
яЕгоптн (Пасва)
ZEUr
Н7
13%0
99
299
199
29
Нсл
139
99
2995
199
1:
29","[[""{сд FREHIUN"", 0.42489277165819417, 21.0], [""LUB"", 0.9732757567230401, 18.0], [""PKENM"", 0.23082874830751984, 19.0], ["",ундунач"", 0.5942595929993405, 16.0], [""cLUB"", 0.8267265558242798, 16.0], [""аptхаша"", 0.25460763086653804, 14.0], [""аccня) ZБОг"", 0.2452977482078088, 16.0], [""яЕгоптн (Пасва)"", 0.2744320350411094, 18.0], [""ZEUr"", 0.38176751136779785, 14.0], [""Н7"", 0.29557793196448606, 12.0], [""13%0"", 0.3501841723918915, 26.0], [""99"", 0.9998797993040475, 16.0], [""299"", 0.9999980728858172, 60.0], [""199"", 0.7579128402759473, 24.0], [""29"", 0.9824191998458285, 54.0], [""Нсл"", 0.5878997845741755, 18.723868430315548], [""139"", 0.9626898508655372, 20.5], [""99"", 0.9990209848394329, 16.0], [""2995"", 0.957008421421051, 55.5], [""199"", 0.9995596673429141, 24.0], [""1:"", 0.11970083281221323, 7.0], [""29"", 1.0, 56.0]]",,,ml/output/tracks/best_frames/43_15/track_0338_r0.jpg,ml/output/tracks/best_frames_hires/43_15/track_0338_r0.jpg,6 8 2 0 0
43_15.mp4,165,14740,2231,1145,2304,1288,0,"3
8
8
8
8","[[""3"", 0.8645136931813937, 52.0], [""8"", 0.9999156016038455, 105.0], [""8"", 0.5846607988428474, 22.0], [""8"", 0.9635710642784865, 83.5], [""8"", 0.9082336700359974, 22.0]]",,,ml/output/tracks/best_frames/43_15/track_0165_r1.jpg,ml/output/tracks/best_frames_hires/43_15/track_0165_r1.jpg,0 8
43_15.mp4,349,14740,1162,83,1361,282,0,"ё
3
8
[
1
В
1
8
{
66
3","[[""ё"", 0.4738713777549073, 30.0], [""3"", 0.9910663516146521, 22.0], [""8"", 0.9392811964347771, 52.91921623512164], [""["", 0.4468944896501945, 72.98045301021166], [""1"", 0.5154918958665036, 64.94731066042215], [""В"", 0.12460057353056087, 61.9065654530509], [""1"", 0.40509651407038305, 64.97527105692893], [""8"", 0.9929958871743025, 119.9265444656045], [""{"", 0.297244524231818, 46.95237412036789], [""66"", 0.56009069279039, 38.5], [""3"", 0.9649990932703076, 21.0]]",,,ml/output/tracks/best_frames/43_15/track_0349_r0.jpg,ml/output/tracks/best_frames_hires/43_15/track_0349_r0.jpg, .
43_15.mp4,351,14740,2180,1901,2370,2061,0,"[;
e
5
3
Ё
1
;
9","[[""[;"", 0.33260974242505004, 24.0], [""e"", 0.2606825056046205, 40.86145357211307], [""5"", 0.7057016975804551, 31.897366596101026], [""3"", 0.5724877895596023, 139.96354569619092], [""Ё"", 0.1339787955148788, 56.96773982019982], [""1"", 0.9859504568412412, 62.94375423053785], ["";"", 0.6063838919444606, 56.967739820199824], [""9"", 0.1882378131296356, 22.0]]",,,ml/output/tracks/best_frames/43_15/track_0351_r0.jpg,ml/output/tracks/best_frames_hires/43_15/track_0351_r0.jpg,
43_15.mp4,374,14740,1101,1104,1285,1320,180,"8
1
а
6Э
;
1
g
ШE
1
2458
6/:
3
2","[[""8"", 0.4394912158151243, 22.0], [""1"", 0.7910060755821178, 38.0], [""а"", 0.04474934124758434, 44.0], [""6Э"", 0.9262705491075619, 40.0], ["";"", 0.9932400178434229, 30.0], [""1"", 0.7330877955721462, 60.0], [""g"", 0.20473209863001163, 24.0], [""ШE"", 0.22778163855603922, 68.0], [""1"", 0.9919744279295948, 72.98045301021165], [""2458"", 0.3536698818206787, 38.5], [""6/:"", 0.3567703727162161, 18.0], [""3"", 0.10908425236013741, 69.0], [""2"", 0.9951490723120884, 36.0]]",,,ml/output/tracks/best_frames/43_15/track_0374_r0.jpg,ml/output/tracks/best_frames_hires/43_15/track_0374_r0.jpg,
43_15.mp4,378,14740,2275,124,2456,336,0,"8
5
@
8
Ill
8
8","[[""8"", 0.5608583465188453, 50.0], [""5"", 0.7696391219944907, 26.0], [""@"", 0.25955887706041736, 50.0], [""8"", 0.7386742514126219, 102.0], [""Ill"", 0.9754358162660052, 119.0], [""8"", 0.9491816811709306, 24.0], [""8"", 0.9889191313732795, 23.0]]",,,ml/output/tracks/best_frames/43_15/track_0378_r1.jpg,ml/output/tracks/best_frames_hires/43_15/track_0378_r1.jpg,66 
43_15.mp4,382,14740,335,933,453,1116,270,"199
199","[[""199"", 0.9999986234898187, 36.0], [""199"", 0.9999759111084772, 38.5]]",,,ml/output/tracks/best_frames/43_15/track_0382_r2.jpg,ml/output/tracks/best_frames_hires/43_15/track_0382_r2.jpg,32
43_15.mp4,376,14740,3206,255,3333,433,90,"""692
Cnr","[[""\""692"", 0.47094541788101196, 43.0], [""Cnr"", 0.5513420565520254, 18.957704261361158]]",,,ml/output/tracks/best_frames/43_15/track_0376_r2.jpg,ml/output/tracks/best_frames_hires/43_15/track_0376_r2.jpg,
43_15.mp4,444,14740,2256,714,2456,934,270,"нПмтар
EGG Абрмкос
тпа
пuлння) JZDr
99
259.
1 
9/
99
259
11","[[""нПмтар"", 0.3907462123304292, 18.0], [""EGG Абрмкос"", 0.9986523854446641, 21.0], [""тпа"", 0.9001525723485588, 14.0], [""пuлння) JZDr"", 0.7574246149223097, 17.0], [""99"", 0.9998972475295925, 20.0], [""259."", 0.5951222107197429, 67.0], [""1 "", 0.9416752318499444, 12.0], [""9/"", 0.9110769474125657, 21.0], [""99"", 0.9999812868505445, 18.0], [""259"", 0.9902247190475464, 61.5], [""11"", 0.8049816120665326, 8.0]]",,,ml/output/tracks/best_frames/43_15/track_0444_r1.jpg,ml/output/tracks/best_frames_hires/43_15/track_0444_r1.jpg,
43_15.mp4,386,14740,1137,1937,1323,2128,270,"Нгq
ЧАСТНА Д
IZCEX 4
1тдг 
[Ратич] $u
96
)234
33
36
24
234","[[""Нгq"", 0.6547547801078099, 14.0], [""ЧАСТНА Д"", 0.4552587485939396, 21.0], [""IZCEX 4"", 0.33811908993277, 16.0], [""1тдг "", 0.34748051948514036, 8.0], [""[Ратич] $u"", 0.14082912693926383, 20.0], [""96"", 0.37482842139553635, 20.0], ["")234"", 0.9800228476524353, 54.5732218751686], [""33"", 0.8270280236607287, 15.0], [""36"", 0.8826079388371348, 21.0], [""24"", 0.7843737880669045, 21.5], [""234"", 1.0, 50.89558356667381]]",,,ml/output/tracks/best_frames/43_15/track_0386_r1.jpg,ml/output/tracks/best_frames_hires/43_15/track_0386_r1.jpg,8
43_15.mp4,399,14740,1157,160,1350,372,180,"я
g
8
'
[
1
1
3
8
8
1
2
1
1
:
4","[[""я"", 0.8491471406717075, 22.0], [""g"", 0.7552500195643574, 30.0], [""8"", 0.8381021348670856, 90.0], [""'"", 0.369642305249954, 46.95237412036792], [""["", 0.4235133183797757, 75.961969092711], [""1"", 0.6480889247684196, 70.97932119800066], [""1"", 0.9959882283320134, 60.97187711526897], [""3"", 0.9887421486536176, 52.91921623512167], [""8"", 0.9996228573737085, 20.5], [""8"", 0.9384560064606973, 105.48287865809917], [""1"", 0.9982768574091416, 104.4963666298072], [""2"", 0.7164374951370043, 35.465115092951855], [""1"", 0.9847583689973796, 73.4924834518087], [""1"", 0.9986356385322246, 65.49044583560838], ["":"", 0.28590903664502676, 50.48351635876422], [""4"", 0.2745749890565641, 47.966536901506274]]",,,ml/output/tracks/best_frames/43_15/track_0399_r1.jpg,ml/output/tracks/best_frames_hires/43_15/track_0399_r1.jpg,
43_15.mp4,388,14740,1116,642,1310,858,270,"иШыъаj
Стра
uрчанмя|
259
99
2595
UEGG
Интмр
JJU1
722
259
99
259","[[""иШыъаj"", 0.08632790614750496, 14.0], [""Стра"", 0.581572060224519, 18.0], [""uрчанмя|"", 0.2871392460803498, 16.0], [""259"", 0.9281390309333801, 24.0], [""99"", 0.9996157266640443, 20.0], [""2595"", 0.558233380317688, 54.0], [""UEGG"", 0.9862319827079773, 21.496629104486146], [""Интмр"", 0.6590165767270848, 24.611442075295713], [""JJU1"", 0.838585376739502, 18.723868430315534], [""722"", 0.05681177897200073, 12.5], [""259"", 0.8207899928092957, 22.0], [""99"", 0.999999915706304, 16.0], [""259"", 0.6576732993125916, 56.5]]",,,ml/output/tracks/best_frames/43_15/track_0388_r1.jpg,ml/output/tracks/best_frames_hires/43_15/track_0388_r1.jpg,
43_15.mp4,393,14740,3155,1580,3267,1776,180,"d
0","[[""d"", 0.285571241416406, 80.94736740409581], [""0"", 0.8927468684305495, 67.47621629438473]]",,,ml/output/tracks/best_frames/43_15/track_0393_r1.jpg,ml/output/tracks/best_frames_hires/43_15/track_0393_r1.jpg,
43_15.mp4,391,14740,1107,1701,1305,1918,0,"'
9
2
7
5 - : -","[[""'"", 0.46912620184787457, 70.0], [""9"", 0.9981147599917364, 90.0], [""2"", 0.652222319363208, 40.0], [""7"", 0.39396602487702026, 8.0], [""5 - : -"", 0.4377019120174382, 13.0]]",,,ml/output/tracks/best_frames/43_15/track_0391_r0.jpg,ml/output/tracks/best_frames_hires/43_15/track_0391_r0.jpg,5 -7:
43_15.mp4,338,14890,2228,1223,2428,1437,0,"3
[
Ё
1
8
g5
3
5
3
1
g
1
@
Ё
{
5
1
0
1
5
2","[[""3"", 0.3032332781789506, 48.0], [""["", 0.9100775538537533, 93.0], [""Ё"", 0.9544897471372202, 35.0], [""1"", 0.5409626727331585, 98.0], [""8"", 0.9841994934331524, 112.0], [""g5"", 0.4214966638829347, 26.0], [""3"", 0.5690674032326939, 22.0], [""5"", 0.9088439610693833, 36.0], [""3"", 0.9997671978082998, 50.0], [""1"", 0.9362669235141006, 115.0], [""g"", 0.9220751787276562, 40.0], [""1"", 0.9748910702764988, 97.0], [""@"", 0.9100421862634711, 62.0], [""Ё"", 0.44732054280190425, 32.90341723552109], [""{"", 0.5913889507392014, 78.9833441470505], [""5"", 0.8975878301819797, 31.5], [""1"", 0.9839905324686846, 60.5], [""0"", 0.3974694701550021, 70.0], [""1"", 0.30203323859868547, 98.0], [""5"", 0.995994295807634, 32.45781567290339], [""2"", 0.35124157761634933, 56.971371150719875]]",,,ml/output/tracks/best_frames/43_15/track_0338_r1.jpg,ml/output/tracks/best_frames_hires/43_15/track_0338_r1.jpg,2 6 : 2 0 0
43_15.mp4,399,14890,1157,160,1350,372,180,"я
g
@
'
[
1
1
3
8
8
1
2
1
1
3
2","[[""я"", 0.8071313576226977, 22.0], [""g"", 0.7515500699213504, 30.0], [""@"", 0.4206598240054973, 97.0], [""'"", 0.2813040304960488, 46.95237412036792], [""["", 0.5170387171760105, 75.961969092711], [""1"", 0.6604120755633893, 70.97932119800066], [""1"", 0.9960661551597241, 60.97187711526897], [""3"", 0.9901457614528795, 52.91921623512167], [""8"", 0.9575847493193237, 20.5], [""8"", 0.8549227552664185, 105.48287865809917], [""1"", 0.998159302717113, 104.4963666298072], [""2"", 0.47804919632562815, 35.45054211385786], [""1"", 0.9768759664389712, 74.99279226290304], [""1"", 0.9963977649179903, 64.49013414849838], [""3"", 0.7101730334964031, 51.47802181168562], [""2"", 0.2208908103229712, 43.95940832342926]]",,,ml/output/tracks/best_frames/43_15/track_0399_r0.jpg,ml/output/tracks/best_frames_hires/43_15/track_0399_r0.jpg,
43_15.mp4,444,14890,2256,714,2456,934,270,"нПмтар
EGG Абрмкос
тпа
пчлння) JZDr
99
259.
1 
9/
99
259
41","[[""нПмтар"", 0.6291433515841576, 18.0], [""EGG Абрмкос"", 0.995512670672276, 21.0], [""тпа"", 0.8469823845830439, 14.0], [""пчлння) JZDr"", 0.7453934998518701, 17.0], [""99"", 0.9993207446841654, 20.0], [""259."", 0.4933941662311554, 67.0], [""1 "", 0.650129753753337, 12.0], [""9/"", 0.9971659591676588, 21.0], [""99"", 0.9999884517830384, 18.0], [""259"", 1.0, 62.0], [""41"", 0.3793055745991493, 9.0]]",,,ml/output/tracks/best_frames/43_15/track_0444_r0.jpg,ml/output/tracks/best_frames_hires/43_15/track_0444_r0.jpg,
43_15.mp4,349,14890,1162,83,1361,282,0,"ё
3
8
[
1
В
[
8
{
6
3","[[""ё"", 0.277114813015519, 30.0], [""3"", 0.999151052485022, 22.0], [""8"", 0.8779524248247448, 52.91921623512164], [""["", 0.4713794952593595, 72.98045301021166], [""1"", 0.5598136745593507, 64.94731066042215], [""В"", 0.11875938353258508, 61.9065654530509], [""["", 0.9117457280358963, 64.97527105692893], [""8"", 0.9940782498890464, 119.9265444656045], [""{"", 0.22257988544647223, 46.95237412036789], [""6"", 0.2503424266507217, 37.0], [""3"", 0.9873462832187876, 21.0]]",,,ml/output/tracks/best_frames/43_15/track_0349_r1.jpg,ml/output/tracks/best_frames_hires/43_15/track_0349_r1.jpg, .
43_15.mp4,391,14890,1107,1701,1305,1918,0,"9
2
1
 - 7 -","[[""9"", 0.953263530980454, 92.0], [""2"", 0.681686269956927, 40.0], [""1"", 0.9906189950668285, 72.98045301021168], ["" - 7 -"", 0.36970449532327515, 12.5]]",,,ml/output/tracks/best_frames/43_15/track_0391_r2.jpg,ml/output/tracks/best_frames_hires/43_15/track_0391_r2.jpg,6 -::
43_15.mp4,383,14890,346,1393,474,1576,270,"769'
1169","[[""769'"", 0.886996328830719, 39.0], [""1169"", 0.7528680932760073, 37.5]]",,,ml/output/tracks/best_frames/43_15/track_0383_r1.jpg,ml/output/tracks/best_frames_hires/43_15/track_0383_r1.jpg,
43_15.mp4,386,14890,1137,1937,1323,2129,270,"Нгq
ЧАСТНА Д
IZACEX ^
Тэ-
[Ратич] $а
96
)234
39
36
24
234","[[""Нгq"", 0.6452794363837843, 14.0], [""ЧАСТНА Д"", 0.47028466237964417, 21.0], [""IZACEX ^"", 0.3329351810006508, 16.0], [""Тэ-"", 0.11469369333487175, 12.0], [""[Ратич] $а"", 0.22119045697341982, 20.0], [""96"", 0.42287724183665143, 20.0], ["")234"", 0.9320690631866455, 54.5732218751686], [""39"", 0.9985887096108756, 14.0], [""36"", 0.9143482025357463, 21.0], [""24"", 0.7677710419105265, 21.5], [""234"", 0.6376135945320129, 52.040956753269214]]",,,ml/output/tracks/best_frames/43_15/track_0386_r0.jpg,ml/output/tracks/best_frames_hires/43_15/track_0386_r0.jpg,8
43_15.mp4,389,14890,2216,1465,2409,1689,180,"&
I
&
Е
&
8
:
8
9
:
8","[[""&"", 0.12155009538265293, 24.0], [""I"", 0.9843129116426361, 97.0], [""&"", 0.9166160612761729, 109.0], [""Е"", 0.6691183746704077, 24.0], [""&"", 0.9828016394749284, 38.0], [""8"", 0.5272569990300013, 23.0], ["":"", 0.2597935434431662, 98.0], [""8"", 0.9877669534415787, 108.0], [""9"", 0.9534398703585936, 17.0], ["":"", 0.6494426867923266, 33.0], [""8"", 0.2306307889668915, 26.0]]",,,ml/output/tracks/best_frames/43_15/track_0389_r0.jpg,ml/output/tracks/best_frames_hires/43_15/track_0389_r0.jpg,
43_15.mp4,374,14890,1101,1104,1285,1320,0,"8
Ш
=
1
Ё
;
Ё
8
1
62
8","[[""8"", 0.16513474740762124, 28.0], [""Ш"", 0.9625459100025324, 68.0], [""="", 0.17631998955300876, 24.0], [""1"", 0.9899123301138957, 116.0], [""Ё"", 0.40996665611362815, 26.0], ["";"", 0.43313076884443547, 46.0], [""Ё"", 0.29883592403975, 24.0], [""8"", 0.9996389476575338, 26.0], [""1"", 0.9331474029204969, 74.98149479085589], [""62"", 0.9742749686976436, 48.0], [""8"", 0.9999626878404264, 25.0]]",,,ml/output/tracks/best_frames/43_15/track_0374_r1.jpg,ml/output/tracks/best_frames_hires/43_15/track_0374_r1.jpg,
43_15.mp4,378,14890,2275,125,2456,336,0,"3
5
#Е
8
Il
8
8","[[""3"", 0.9798611666283819, 50.0], [""5"", 0.9911024293278139, 26.0], [""#Е"", 0.08212586183289465, 50.0], [""8"", 0.997401378172956, 107.0], [""Il"", 0.994494423470372, 120.0], [""8"", 0.9936407898216117, 26.0], [""8"", 0.9918665053273799, 23.0]]",,,ml/output/tracks/best_frames/43_15/track_0378_r0.jpg,ml/output/tracks/best_frames_hires/43_15/track_0378_r0.jpg,6.
43_15.mp4,381,14890,1101,1619,1293,1821,180,"8
1
6
#
!
4","[[""8"", 0.45552411697503103, 22.0], [""1"", 0.7286824577488602, 60.0], [""6"", 0.8552082575300268, 64.0], [""#"", 0.2468592253972588, 40.0], [""!"", 0.319774094848583, 56.0], [""4"", 0.7175375457557642, 42.0]]",,,ml/output/tracks/best_frames/43_15/track_0381_r0.jpg,ml/output/tracks/best_frames_hires/43_15/track_0381_r0.jpg,
43_15.mp4,351,14890,2181,1901,2370,2061,0,"F
8
₽
4
5
e
Ё
1
:
5","[[""F"", 0.639235877324623, 26.0], [""8"", 0.8972492673746366, 36.0], [""₽"", 0.19498926205370992, 84.0], [""4"", 0.9135148947135328, 24.0], [""5"", 0.9099367699027425, 28.0], [""e"", 0.27820032224377655, 40.86145357211307], [""Ё"", 0.17801100536429715, 54.96532330749694], [""1"", 0.9868050287235555, 60.97187711526893], ["":"", 0.20624114331803867, 56.967739820199824], [""5"", 0.798205013679322, 21.0]]",,,ml/output/tracks/best_frames/43_15/track_0351_r1.jpg,ml/output/tracks/best_frames_hires/43_15/track_0351_r1.jpg,
43_15.mp4,352,14890,377,1676,521,1852,270,"~SLotм""
149
643
149
2","[[""~SLotм\"""", 0.054704805595239665, 21.0], [""149"", 0.9901399863095595, 45.31541592545365], [""643"", 0.14519474524240178, 14.0], [""149"", 0.9995818138122559, 41.01834320162172], [""2"", 0.29239093066957267, 20.01926556372759]]",,,ml/output/tracks/best_frames/43_15/track_0352_r0.jpg,ml/output/tracks/best_frames_hires/43_15/track_0352_r0.jpg,1
