video,track_id,frame_ts_ms,x_min_orig,y_min_orig,x_max_orig,y_max_orig,ocr_angle,ocr_text,ocr_items_json,barcode_raw,qr_raw,crop_path,hires_crop,bottom_extra_text
25_12-20.mp4,2,153,2126,976,2374,1258,270,"Вина GUSTAREE
бсл
псл
(Росеm) 1L
71
3 по цене 2
Vid
шee !
от ценн
без
картн
Ловар
зоокацо
Ve
17.:.
23
3 79 9:.  2
.2 0
07 4 .9 6 3
--7 
0:
1:0:
325:: 
0:","[[""Вина GUSTAREE"", 0.8598359482788142, 26.0], [""бсл"", 0.8690291530850418, 16.0], [""псл"", 0.9886425571967749, 14.0], [""(Росеm) 1L"", 0.2604230623583778, 20.0], [""71"", 0.09761618867123091, 14.0], [""3 по цене 2"", 0.8469273118194602, 26.0], [""Vid"", 0.6418852026984002, 20.0], [""шee !"", 0.2636164768191498, 20.0], [""от ценн"", 0.9611725770453177, 20.0], [""без"", 0.9978140592575073, 30.0], [""картн"", 0.4347580701079427, 26.0], [""Ловар"", 0.6806640900196274, 28.71390676354099], [""зоокацо"", 0.04478406854365985, 24.834140112506475], [""Ve"", 0.9963910213006745, 25.641465909850467], [""17.:."", 0.09181020530239524, 12.0], [""23"", 0.5526221196354965, 14.0], [""3 79 9:.  2"", 0.21522674235468275, 26.0], ["".2 0"", 0.6222341339622903, 20.5], [""07 4 .9 6 3"", 0.33456042067102204, 26.5], [""--7 "", 0.13607075810432434, 26.0], [""0:"", 0.3268319684991972, 23.880570000581322], [""1:0:"", 0.7731764316558838, 29.425254998708624], [""325:: "", 0.16449454262445026, 26.93694125921281], [""0:"", 0.3391974337320966, 24.386081355132518]]",,,ml/output/tracks/best_frames/25_12-20/track_0002_r2.jpg,ml/output/tracks/best_frames_hires/25_12-20/track_0002_r2.jpg,9 0 3 38: 8 .
25_12-20.mp4,9,306,2287,0,2382,38,0,,[],,,ml/output/tracks/best_frames/25_12-20/track_0009_r2.jpg,ml/output/tracks/best_frames_hires/25_12-20/track_0009_r2.jpg,
25_12-20.mp4,7,306,2063,1920,2293,2129,180,"8
е
I""l
6
1
1
Е
@
5
8
1
7
9
2
1
8","[[""8"", 0.3903198093466962, 76.0], [""е"", 0.1457245203820543, 83.0], [""I\""l"", 0.14968436141349922, 80.0], [""6"", 0.9374498442626056, 24.0], [""1"", 0.599432744166112, 69.0], [""1"", 0.18610560091707384, 90.97383540733244], [""Е"", 0.8054069275123119, 49.908705455691205], [""@"", 0.9842348546138489, 40.93732773208808], [""5"", 0.9996368022788751, 26.856953381770495], [""8"", 0.9970232975559021, 75.0], [""1"", 0.27541673185318416, 95.5], [""7"", 0.41850366834612274, 35.0], [""9"", 0.9800392409681571, 25.5], [""2"", 0.3358242103321487, 82.98975870458077], [""1"", 0.9960245144908555, 74.99279226290304], [""8"", 0.8916082642135734, 51.484183778462835]]",,,ml/output/tracks/best_frames/25_12-20/track_0007_r2.jpg,ml/output/tracks/best_frames_hires/25_12-20/track_0007_r2.jpg,2
25_12-20.mp4,4,306,589,1327,804,1549,90,"69
69","[[""69"", 0.8686130284721618, 48.0], [""69"", 0.9988187439932252, 44.0]]",,,ml/output/tracks/best_frames/25_12-20/track_0004_r2.jpg,ml/output/tracks/best_frames_hires/25_12-20/track_0004_r2.jpg,
25_12-20.mp4,8,306,578,1011,798,1297,270,"поz
21 
1659","[[""поz"", 0.09808957604393656, 13.0], [""21 "", 0.5814879310250435, 18.0], [""1659"", 0.8500426411628723, 51.0]]",,,ml/output/tracks/best_frames/25_12-20/track_0008_r2.jpg,ml/output/tracks/best_frames_hires/25_12-20/track_0008_r2.jpg,8 0
25_12-20.mp4,3,306,654,1775,874,1970,270,"Аяе
659","[[""Аяе"", 0.08812660439091304, 14.0], [""659"", 0.9234135659012851, 54.73462344363329]]",,,ml/output/tracks/best_frames/25_12-20/track_0003_r2.jpg,ml/output/tracks/best_frames_hires/25_12-20/track_0003_r2.jpg,
25_12-20.mp4,5,306,2140,409,2425,959,180,"2
B
5
Ё
8
!
1
5
8
6
!
1
!
@ 8
[
9
8","[[""2"", 0.3144924461651044, 22.0], [""B"", 0.4377494124039458, 29.0], [""5"", 0.9999995231628986, 24.0], [""Ё"", 0.09932618647670566, 107.0], [""8"", 0.9784039020543247, 56.0], [""!"", 0.9881724264162131, 73.0], [""1"", 0.30911392266972726, 54.0], [""5"", 0.6861586988930526, 57.0], [""8"", 0.5403897569847373, 82.0], [""6"", 0.42613783205582934, 34.0], [""!"", 0.36531770775815176, 74.0], [""1"", 0.9080240753770887, 185.0], [""!"", 0.7448691641923268, 90.0], [""@ 8"", 0.5733737349510193, 48.0], [""["", 0.7335657541655252, 90.97383540733244], [""9"", 0.6908107110553239, 40.86145357211308], [""8"", 0.520519130544983, 30.0]]",,,ml/output/tracks/best_frames/25_12-20/track_0005_r2.jpg,ml/output/tracks/best_frames_hires/25_12-20/track_0005_r2.jpg,6 1 9 3 1 5 1 8 6 1
25_12-20.mp4,6,306,566,735,764,976,0,,[],,,ml/output/tracks/best_frames/25_12-20/track_0006_r2.jpg,ml/output/tracks/best_frames_hires/25_12-20/track_0006_r2.jpg,
25_12-20.mp4,1,306,587,180,803,419,0,,[],,,ml/output/tracks/best_frames/25_12-20/track_0001_r2.jpg,ml/output/tracks/best_frames_hires/25_12-20/track_0001_r2.jpg,
25_12-20.mp4,0,306,2095,1421,2344,1668,270,"TFINO
22
'ез
BLANCO
2
23","[[""TFINO"", 0.16638314105013718, 31.0], [""22"", 0.6287951125701184, 24.0], [""'ез"", 0.9977205991744995, 26.0], [""BLANCO"", 0.6715635200282445, 36.71025170656331], [""2"", 0.6207780225462735, 22.0], [""23"", 0.7677848506699526, 27.0]]",,,ml/output/tracks/best_frames/25_12-20/track_0000_r2.jpg,ml/output/tracks/best_frames_hires/25_12-20/track_0000_r2.jpg,5
25_12-20.mp4,10,306,2147,303,2417,698,270,"[RE`
7ра
CEME
Вино GL
бсп:cух
(Россия
ViПa
Vte
 69 6.
6//: /
 2///79
6/.
..:","[[""[RE`"", 0.22589928328946748, 30.0], [""7ра"", 0.5984184214334136, 16.0], [""CEME"", 0.758762726757389, 20.0], [""Вино GL"", 0.8338473049739105, 16.0], [""бсп:cух"", 0.6178057975119029, 18.0], [""(Россия"", 0.5245990681534799, 16.0], [""ViПa"", 0.6802461743354797, 20.0], [""Vte"", 0.9673386670299993, 16.0], ["" 69 6."", 0.6803341017167966, 18.5], [""6//: /"", 0.06412643104132475, 19.0], ["" 2///79"", 0.13686657719268425, 18.0], [""6/."", 0.050076085740559224, 21.5], [""..:"", 0.2757295069150705, 20.0]]",,,ml/output/tracks/best_frames/25_12-20/track_0010_r2.jpg,ml/output/tracks/best_frames_hires/25_12-20/track_0010_r2.jpg,-5/8 88
25_12-20.mp4,9,460,2287,0,2381,38,0,,[],,,ml/output/tracks/best_frames/25_12-20/track_0009_r1.jpg,ml/output/tracks/best_frames_hires/25_12-20/track_0009_r1.jpg,
25_12-20.mp4,8,460,578,1011,798,1297,270,659,"[[""659"", 0.9999991052683532, 55.0]]",,,ml/output/tracks/best_frames/25_12-20/track_0008_r1.jpg,ml/output/tracks/best_frames_hires/25_12-20/track_0008_r1.jpg,8
25_12-20.mp4,7,460,2063,1920,2294,2129,0,"1
₽
8
I[
'45
8
4
=
ё
['
5.488
1
:","[[""1"", 0.6736657825982206, 22.0], [""₽"", 0.6731202194405093, 26.0], [""8"", 0.4140758726323135, 30.0], [""I["", 0.32061076532546723, 79.0], [""'45"", 0.27040213703645927, 50.0], [""8"", 0.8349840370870112, 74.0], [""4"", 0.4760961307604248, 24.0], [""="", 0.38945977988149494, 36.0], [""ё"", 0.822154530035565, 129.9805837300711], [""['"", 0.19150177369476773, 40.937327732088086], [""5.488"", 0.1389751563432201, 22.5], [""1"", 0.9516377874199442, 50.477074547553144], ["":"", 0.6894754500920044, 45.47128050160592]]",,,ml/output/tracks/best_frames/25_12-20/track_0007_r0.jpg,ml/output/tracks/best_frames_hires/25_12-20/track_0007_r0.jpg,1 5
25_12-20.mp4,10,460,2147,305,2418,698,270,"TREs
€Е","[[""TREs"", 0.4921816885471344, 32.0], [""€Е"", 0.12244971382526687, 18.0]]",,,ml/output/tracks/best_frames/25_12-20/track_0010_r1.jpg,ml/output/tracks/best_frames_hires/25_12-20/track_0010_r1.jpg,
25_12-20.mp4,0,460,2095,1421,2344,1669,270,"TIXO BLAXCO
'цене 2
ены без
артн
4:.: 2
:81 6 3
1-1","[[""TIXO BLAXCO"", 0.439779906665243, 41.0], [""'цене 2"", 0.6270392861825442, 24.0], [""ены без"", 0.9830394652649797, 26.0], [""артн"", 0.7419614791870117, 26.0], [""4:.: 2"", 0.38551946739643744, 21.0], ["":81 6 3"", 0.2615207442784249, 25.5], [""1-1"", 0.41840687520915415, 24.0]]",,,ml/output/tracks/best_frames/25_12-20/track_0000_r0.jpg,ml/output/tracks/best_frames_hires/25_12-20/track_0000_r0.jpg,1 6 5
25_12-20.mp4,5,460,2140,409,2425,959,180,"58
3
6
[
!
!
ш 5
g
#
@
1
1","[[""58"", 0.5862263589624326, 51.0], [""3"", 0.27227105317939504, 84.0], [""6"", 0.8442657243547416, 34.0], [""["", 0.237785816561896, 96.0], [""!"", 0.16548587780567914, 185.0], [""!"", 0.5153429807104573, 91.0], [""ш 5"", 0.6695301532745361, 48.0], [""g"", 0.9613588265549176, 55.92802578792259], [""#"", 0.7239458002353594, 55.92802578792259], [""@"", 0.852557237551256, 43.94561242937074], [""1"", 0.19807247455906918, 55.0], [""1"", 0.976861120806408, 57.0]]",,,ml/output/tracks/best_frames/25_12-20/track_0005_r1.jpg,ml/output/tracks/best_frames_hires/25_12-20/track_0005_r1.jpg,7 1 1 2 5 5 99 6 2
25_12-20.mp4,6,460,566,735,764,976,270,2,"[[""2"", 0.14210527472189316, 32.0]]",,,ml/output/tracks/best_frames/25_12-20/track_0006_r1.jpg,ml/output/tracks/best_frames_hires/25_12-20/track_0006_r1.jpg,
25_12-20.mp4,4,460,589,1327,804,1549,0,8,"[[""8"", 0.9998431267277397, 94.0]]",,,ml/output/tracks/best_frames/25_12-20/track_0004_r1.jpg,ml/output/tracks/best_frames_hires/25_12-20/track_0004_r1.jpg,
25_12-20.mp4,1,460,587,180,802,419,0,,[],,,ml/output/tracks/best_frames/25_12-20/track_0001_r1.jpg,ml/output/tracks/best_frames_hires/25_12-20/track_0001_r1.jpg,
25_12-20.mp4,2,460,2126,975,2373,1258,180,"6
5
[
5
Ё
5
1
!
1
19","[[""6"", 0.9896380123013024, 35.0], [""5"", 0.03806300779369587, 81.0], [""["", 0.6418270352557762, 24.0], [""5"", 0.9899278676255143, 45.0], [""Ё"", 0.470321580090868, 91.0], [""5"", 0.9590690431182658, 36.0], [""1"", 0.27922936704615964, 158.99170123587385], [""!"", 0.9767744057145968, 90.97383540733244], [""1"", 0.7831215963162776, 18.0], [""19"", 0.9498036961612358, 16.5]]",,,ml/output/tracks/best_frames/25_12-20/track_0002_r1.jpg,ml/output/tracks/best_frames_hires/25_12-20/track_0002_r1.jpg,9 0 7 1
25_12-20.mp4,3,460,655,1775,874,1970,180,8,"[[""8"", 0.9998738805484351, 90.67996898165802]]",,,ml/output/tracks/best_frames/25_12-20/track_0003_r0.jpg,ml/output/tracks/best_frames_hires/25_12-20/track_0003_r0.jpg,
25_12-20.mp4,6,613,566,735,764,976,270,295,"[[""295"", 0.9981313347816467, 39.0]]",,,ml/output/tracks/best_frames/25_12-20/track_0006_r0.jpg,ml/output/tracks/best_frames_hires/25_12-20/track_0006_r0.jpg,
25_12-20.mp4,0,613,2095,1421,2344,1668,0,"3
д
3
5
8
2
5
7","[[""3"", 0.4284805908781806, 82.0], [""д"", 0.7139750862261849, 28.0], [""3"", 0.6234422983561139, 66.0], [""5"", 0.8444578582441409, 54.0], [""8"", 0.9994745944825354, 42.0], [""2"", 0.4802949591673986, 83.0], [""5"", 0.9917222615125674, 56.5], [""7"", 0.9661262016073948, 31.0]]",,,ml/output/tracks/best_frames/25_12-20/track_0000_r1.jpg,ml/output/tracks/best_frames_hires/25_12-20/track_0000_r1.jpg,3 2
25_12-20.mp4,1,613,586,180,802,419,0,,[],,,ml/output/tracks/best_frames/25_12-20/track_0001_r0.jpg,ml/output/tracks/best_frames_hires/25_12-20/track_0001_r0.jpg,
25_12-20.mp4,2,613,2126,975,2373,1259,0,"0
I11
9
8
;
[
[
;'
"";
n
7
1
[
1
.
1
98
1
9","[[""0"", 0.5231542389324773, 21.0], [""I11"", 0.11030374171922816, 87.0], [""9"", 0.7461274585839419, 32.0], [""8"", 0.793439581420504, 84.0], ["";"", 0.9284407233681122, 52.0], [""["", 0.5178393751344998, 50.0], [""["", 0.6015154434938417, 73.0], ["";'"", 0.204963178780117, 36.0], [""\"";"", 0.43593253203217835, 36.0], [""n"", 0.33647700855326335, 26.0], [""7"", 0.5218901067255644, 24.0], [""1"", 0.3196628761226208, 85.0], [""["", 0.9739333195493352, 90.97383540733244], [""1"", 0.9145467789939552, 90.97383540733244], [""."", 0.6482697414884377, 82.0], [""1"", 0.9996668377895936, 88.5], [""98"", 0.6749783114713862, 59.5], [""1"", 0.9983011552907364, 130.49603652674094], [""9"", 0.4731649261653139, 36.45348679060247]]",,,ml/output/tracks/best_frames/25_12-20/track_0002_r0.jpg,ml/output/tracks/best_frames_hires/25_12-20/track_0002_r0.jpg,1 7 81
25_12-20.mp4,10,613,2147,305,2418,699,270,"TRE>
с_L","[[""TRE>"", 0.6324002742767334, 36.0], [""с_L"", 0.6787143425232275, 16.0]]",,,ml/output/tracks/best_frames/25_12-20/track_0010_r0.jpg,ml/output/tracks/best_frames_hires/25_12-20/track_0010_r0.jpg,
25_12-20.mp4,3,613,654,1774,874,1970,270,659,"[[""659"", 0.9999995870469189, 56.09710760849692]]",,,ml/output/tracks/best_frames/25_12-20/track_0003_r1.jpg,ml/output/tracks/best_frames_hires/25_12-20/track_0003_r1.jpg,0 0
25_12-20.mp4,9,613,2286,0,2382,38,0,,[],,,ml/output/tracks/best_frames/25_12-20/track_0009_r0.jpg,ml/output/tracks/best_frames_hires/25_12-20/track_0009_r0.jpg,
25_12-20.mp4,4,613,589,1327,804,1549,0,8,"[[""8"", 0.9999858141448534, 100.46582367194516]]",,,ml/output/tracks/best_frames/25_12-20/track_0004_r0.jpg,ml/output/tracks/best_frames_hires/25_12-20/track_0004_r0.jpg,
25_12-20.mp4,8,613,578,1011,798,1297,90,"79
79
17","[[""79"", 0.9113312369526332, 48.0], [""79"", 0.8598990077054648, 46.0], [""17"", 0.8341297576822125, 21.0]]",,,ml/output/tracks/best_frames/25_12-20/track_0008_r0.jpg,ml/output/tracks/best_frames_hires/25_12-20/track_0008_r0.jpg,6
25_12-20.mp4,5,613,2140,409,2425,959,270,"TRES
7-:
cL
IREs
Е € GUST_EE
Бсz Gx
(Focs]iL
Wia Фi ы
Иесx=
5 7 615 :--
6-- 9
25 7 11
1
22
1::
1. 2","[[""TRES"", 0.853536069393158, 32.0], [""7-:"", 0.6741422624764978, 16.0], [""cL"", 0.8317058694864193, 18.0], [""IREs"", 0.8771786689758301, 30.0], [""Е € GUST_EE"", 0.17523337921322238, 20.0], [""Бсz Gx"", 0.24118838759185135, 18.0], [""(Focs]iL"", 0.31630576955840956, 16.0], [""Wia Фi ы"", 0.12022587733584812, 27.0], [""Иесx="", 0.0697916175653092, 18.0], [""5 7 615 :--"", 0.1307213325610156, 18.5], [""6-- 9"", 0.23415312837421884, 19.0], [""25 7 11"", 0.16921734330729143, 19.5], [""1"", 0.9393492468962314, 18.0], [""22"", 0.52361074609213, 20.0], [""1::"", 0.7562169179095447, 21.0], [""1. 2"", 0.36368224024772644, 24.89122485874148]]",,,ml/output/tracks/best_frames/25_12-20/track_0005_r0.jpg,ml/output/tracks/best_frames_hires/25_12-20/track_0005_r0.jpg,61 96 1 41 9 3 5
25_12-20.mp4,7,613,2063,1920,2294,2129,270,"LLAXCO
еcic=
21f
659
VIхO
E=
eer
#et_
167
9:.:
7
218
659","[[""LLAXCO"", 0.5156438210281141, 30.0], [""еcic="", 0.1351354086524048, 19.0], [""21f"", 0.707891967152169, 18.0], [""659"", 0.9999898138306695, 50.0], [""VIхO"", 0.6839725375175476, 31.600073637218344], [""E="", 0.2159386184782046, 17.695996608010148], [""eer"", 0.895056552460357, 21.78885438199984], [""#et_"", 0.15452080965042114, 22.805721037647857], [""167"", 0.20864752477917875, 11.0], [""9:.:"", 0.07290098816156387, 20.0], [""7"", 0.3771807198758239, 14.0], [""218"", 0.5594685693391149, 20.0], [""659"", 0.9999697168346514, 49.0]]",,,ml/output/tracks/best_frames/25_12-20/track_0007_r1.jpg,ml/output/tracks/best_frames_hires/25_12-20/track_0007_r1.jpg,1
25_12-20.mp4,15,919,2146,0,2302,117,0,,[],,,ml/output/tracks/best_frames/25_12-20/track_0015_r1.jpg,ml/output/tracks/best_frames_hires/25_12-20/track_0015_r1.jpg,
25_12-20.mp4,15,1073,2142,6,2303,71,0,,[],,,ml/output/tracks/best_frames/25_12-20/track_0015_r0.jpg,ml/output/tracks/best_frames_hires/25_12-20/track_0015_r0.jpg,
25_12-20.mp4,16,1226,2139,864,2389,1081,90,"за
на
5u 
52 ","[[""за"", 0.4981378365176157, 14.0], [""на"", 0.9954313940332372, 16.0], [""5u "", 0.17156691817762873, 14.0], [""52 "", 0.37945437140637184, 15.0]]",,,ml/output/tracks/best_frames/25_12-20/track_0016_r2.jpg,ml/output/tracks/best_frames_hires/25_12-20/track_0016_r2.jpg,7 8 9
25_12-20.mp4,16,1379,2138,864,2304,1175,180,"3 ;
Ill
5
8","[[""3 ;"", 0.9023799896240234, 51.0], [""Ill"", 0.3264773488044739, 91.0], [""5"", 0.9234429202171022, 36.0], [""8"", 0.6312629153791569, 44.94801605407839]]",,,ml/output/tracks/best_frames/25_12-20/track_0016_r1.jpg,ml/output/tracks/best_frames_hires/25_12-20/track_0016_r1.jpg,9 8 25 42
25_12-20.mp4,16,1532,2138,865,2304,1258,180,"1
3
6
Ш
в
1
$","[[""1"", 0.7211821634274571, 51.0], [""3"", 0.8658857698051747, 78.0], [""6"", 0.9698241937767307, 32.0], [""Ш"", 0.9384191678299239, 109.0], [""в"", 0.21099452802140206, 42.0], [""1"", 0.7324328717653685, 86.97128050160592], [""$"", 0.5666785665136018, 40.86145357211308]]",,,ml/output/tracks/best_frames/25_12-20/track_0016_r0.jpg,ml/output/tracks/best_frames_hires/25_12-20/track_0016_r0.jpg,: 9 8 1 7 3 3 8
25_12-20.mp4,11,1686,2150,75,2414,349,270,РКАШЫЕЛ,"[[""РКАШЫЕЛ"", 0.43915114213759876, 24.0]]",,,ml/output/tracks/best_frames/25_12-20/track_0011_r2.jpg,ml/output/tracks/best_frames_hires/25_12-20/track_0011_r2.jpg,1
25_12-20.mp4,22,1686,619,0,841,227,270,339,"[[""339"", 0.999988643798596, 44.0]]",,,ml/output/tracks/best_frames/25_12-20/track_0022_r1.jpg,ml/output/tracks/best_frames_hires/25_12-20/track_0022_r1.jpg,
25_12-20.mp4,25,1839,564,968,775,1185,270,295,"[[""295"", 1.0, 60.214500094539744]]",,,ml/output/tracks/best_frames/25_12-20/track_0025_r1.jpg,ml/output/tracks/best_frames_hires/25_12-20/track_0025_r1.jpg,9
25_12-20.mp4,22,1839,612,4,835,264,270,339,"[[""339"", 0.9999395026171275, 44.0]]",,,ml/output/tracks/best_frames/25_12-20/track_0022_r0.jpg,ml/output/tracks/best_frames_hires/25_12-20/track_0022_r0.jpg,0
25_12-20.mp4,24,1839,2148,864,2304,1287,180,";'
{i
( {","[["";'"", 0.5937387582450719, 29.0], [""{i"", 0.15819501304930206, 62.0], [""( {"", 0.1584237664937973, 42.0]]",,,ml/output/tracks/best_frames/25_12-20/track_0024_r1.jpg,ml/output/tracks/best_frames_hires/25_12-20/track_0024_r1.jpg,3
25_12-20.mp4,24,1992,2144,952,2304,1286,0,,[],,,ml/output/tracks/best_frames/25_12-20/track_0024_r2.jpg,ml/output/tracks/best_frames_hires/25_12-20/track_0024_r2.jpg,
25_12-20.mp4,25,1992,558,1049,781,1262,270,295,"[[""295"", 0.9805424190045918, 64.65640235470275]]",,,ml/output/tracks/best_frames/25_12-20/track_0025_r0.jpg,ml/output/tracks/best_frames_hires/25_12-20/track_0025_r0.jpg,6
25_12-20.mp4,25,2145,558,1069,793,1270,270,295,"[[""295"", 0.7925774455070496, 63.59141668277781]]",,,ml/output/tracks/best_frames/25_12-20/track_0025_r2.jpg,ml/output/tracks/best_frames_hires/25_12-20/track_0025_r2.jpg,8
25_12-20.mp4,24,2145,2147,1027,2419,1282,270,"СEN
CEN","[[""СEN"", 0.30250773654923485, 26.0], [""CEN"", 0.9479995043546733, 28.0]]",,,ml/output/tracks/best_frames/25_12-20/track_0024_r0.jpg,ml/output/tracks/best_frames_hires/25_12-20/track_0024_r0.jpg,9
25_12-20.mp4,31,2298,2143,891,2410,1436,270,"(l
CEN
TRE -
Ezс
Евз€
RRE
Fz
577
5 .
5
1 :
2","[[""(l"", 0.17509347376708503, 17.0], [""CEN"", 0.8638945971147383, 22.0], [""TRE -"", 0.841264988510278, 32.0], [""Ezс"", 0.04469575216605363, 19.0], [""Евз€"", 0.2798513174057007, 17.0], [""RRE"", 0.13460297882556915, 34.67223788975764], [""Fz"", 0.18634898167046468, 22.53967288952788], [""577"", 0.10995855852409112, 15.5], [""5 ."", 0.14610245823860168, 15.5], [""5"", 0.08125683532502226, 19.0], [""1 :"", 0.09930816610226087, 15.0], [""2"", 0.4739301357302885, 18.0]]",,,ml/output/tracks/best_frames/25_12-20/track_0031_r1.jpg,ml/output/tracks/best_frames_hires/25_12-20/track_0031_r1.jpg,1 6 61 7
25_12-20.mp4,31,2452,2133,948,2399,1493,270,"TRE _
TPЕ
522","[[""TRE _"", 0.4589649042379873, 40.0], [""TPЕ"", 0.6347969158723828, 26.0], [""522"", 0.11503111884171403, 15.0]]",,,ml/output/tracks/best_frames/25_12-20/track_0031_r0.jpg,ml/output/tracks/best_frames_hires/25_12-20/track_0031_r0.jpg,1 7
25_12-20.mp4,38,2605,2053,1996,2299,2159,180,"3
#
[i
?
7","[[""3"", 0.1681189125373459, 119.0], [""#"", 0.9711948168495077, 93.0], [""[i"", 0.20984150345210717, 42.0], [""?"", 0.11417218915700378, 54.925254998708624], [""7"", 0.9908592734967812, 43.0]]",,,ml/output/tracks/best_frames/25_12-20/track_0038_r0.jpg,ml/output/tracks/best_frames_hires/25_12-20/track_0038_r0.jpg,6
25_12-20.mp4,43,2758,596,1383,810,1642,270,295,"[[""295"", 1.0, 68.05118549257503]]",,,ml/output/tracks/best_frames/25_12-20/track_0043_r1.jpg,ml/output/tracks/best_frames_hires/25_12-20/track_0043_r1.jpg,
25_12-20.mp4,39,2758,2140,864,2303,985,0,,[],,,ml/output/tracks/best_frames/25_12-20/track_0039_r1.jpg,ml/output/tracks/best_frames_hires/25_12-20/track_0039_r1.jpg,
25_12-20.mp4,38,2758,2062,2048,2269,2159,270,"3=
art
5
6.:
1-","[[""3="", 0.18836180430593905, 25.0], [""art"", 0.8572277194818665, 16.0], [""5"", 0.39522983727897554, 16.0], [""6.:"", 0.25621733762610255, 20.0], [""1-"", 0.5971661777939421, 23.374655464176183]]",,,ml/output/tracks/best_frames/25_12-20/track_0038_r1.jpg,ml/output/tracks/best_frames_hires/25_12-20/track_0038_r1.jpg,3
25_12-20.mp4,41,2758,1011,0,1149,137,0,,[],,,ml/output/tracks/best_frames/25_12-20/track_0041_r1.jpg,ml/output/tracks/best_frames_hires/25_12-20/track_0041_r1.jpg,
25_12-20.mp4,40,2758,565,864,755,1070,0,,[],,,ml/output/tracks/best_frames/25_12-20/track_0040_r1.jpg,ml/output/tracks/best_frames_hires/25_12-20/track_0040_r1.jpg,
25_12-20.mp4,44,2911,2125,864,2379,1111,0,,[],,,ml/output/tracks/best_frames/25_12-20/track_0044_r1.jpg,ml/output/tracks/best_frames_hires/25_12-20/track_0044_r1.jpg,
25_12-20.mp4,43,2911,599,1426,812,1682,270,295,"[[""295"", 1.0, 68.27611188544736]]",,,ml/output/tracks/best_frames/25_12-20/track_0043_r2.jpg,ml/output/tracks/best_frames_hires/25_12-20/track_0043_r2.jpg,
25_12-20.mp4,39,2911,2134,864,2301,993,0,,[],,,ml/output/tracks/best_frames/25_12-20/track_0039_r0.jpg,ml/output/tracks/best_frames_hires/25_12-20/track_0039_r0.jpg,
25_12-20.mp4,40,2911,560,864,763,1124,0,,[],,,ml/output/tracks/best_frames/25_12-20/track_0040_r0.jpg,ml/output/tracks/best_frames_hires/25_12-20/track_0040_r0.jpg,
25_12-20.mp4,41,2911,1006,5,1136,172,0,,[],,,ml/output/tracks/best_frames/25_12-20/track_0041_r0.jpg,ml/output/tracks/best_frames_hires/25_12-20/track_0041_r0.jpg,
25_12-20.mp4,44,3065,2123,864,2304,1076,0,,[],,,ml/output/tracks/best_frames/25_12-20/track_0044_r0.jpg,ml/output/tracks/best_frames_hires/25_12-20/track_0044_r0.jpg,
25_12-20.mp4,11,3065,2128,767,2397,1058,0,,[],,,ml/output/tracks/best_frames/25_12-20/track_0011_r0.jpg,ml/output/tracks/best_frames_hires/25_12-20/track_0011_r0.jpg,
25_12-20.mp4,43,3065,602,1491,819,1743,270,295,"[[""295"", 0.9992391500618301, 67.1603592019618]]",,,ml/output/tracks/best_frames/25_12-20/track_0043_r0.jpg,ml/output/tracks/best_frames_hires/25_12-20/track_0043_r0.jpg,
25_12-20.mp4,34,3065,2152,85,2399,344,270,РКАЦИТЕ,"[[""РКАЦИТЕ"", 0.993839410525775, 36.0]]",,,ml/output/tracks/best_frames/25_12-20/track_0034_r1.jpg,ml/output/tracks/best_frames_hires/25_12-20/track_0034_r1.jpg,
25_12-20.mp4,47,3218,2091,1349,2303,1819,180,"3 6
Е#
5
@","[[""3 6"", 0.5765185356140137, 41.0], [""Е#"", 0.14109431889165525, 70.0], [""5"", 0.9453515131497205, 28.0], [""@"", 0.9013789358406008, 36.92304789528165]]",,,ml/output/tracks/best_frames/25_12-20/track_0047_r1.jpg,ml/output/tracks/best_frames_hires/25_12-20/track_0047_r1.jpg,.: 3 9
25_12-20.mp4,48,3371,562,1082,771,1294,0,,[],,,ml/output/tracks/best_frames/25_12-20/track_0048_r0.jpg,ml/output/tracks/best_frames_hires/25_12-20/track_0048_r0.jpg,
25_12-20.mp4,34,3371,2152,202,2395,469,90,"пшипча
0.","[[""пшипча"", 0.5016341161927281, 36.0], [""0."", 0.49510663383459336, 34.0]]",,,ml/output/tracks/best_frames/25_12-20/track_0034_r2.jpg,ml/output/tracks/best_frames_hires/25_12-20/track_0034_r2.jpg,2
25_12-20.mp4,47,3371,2084,1457,2304,1836,0,,[],,,ml/output/tracks/best_frames/25_12-20/track_0047_r2.jpg,ml/output/tracks/best_frames_hires/25_12-20/track_0047_r2.jpg,
25_12-20.mp4,11,3524,2119,959,2386,1243,0,,[],,,ml/output/tracks/best_frames/25_12-20/track_0011_r1.jpg,ml/output/tracks/best_frames_hires/25_12-20/track_0011_r1.jpg,
25_12-20.mp4,51,3524,618,0,826,204,270,29,"[[""29"", 1.0, 51.0]]",,,ml/output/tracks/best_frames/25_12-20/track_0051_r1.jpg,ml/output/tracks/best_frames_hires/25_12-20/track_0051_r1.jpg,8
25_12-20.mp4,48,3524,561,1128,780,1296,0,,[],,,ml/output/tracks/best_frames/25_12-20/track_0048_r1.jpg,ml/output/tracks/best_frames_hires/25_12-20/track_0048_r1.jpg,
25_12-20.mp4,34,3524,2148,259,2396,529,270,РКАЦИТЕ),"[[""РКАЦИТЕ)"", 0.6418819723443348, 32.0]]",,,ml/output/tracks/best_frames/25_12-20/track_0034_r0.jpg,ml/output/tracks/best_frames_hires/25_12-20/track_0034_r0.jpg,1
25_12-20.mp4,47,3524,2099,1505,2349,1878,270,"С 1
ТЕF","[[""С 1"", 0.1720732691510747, 18.0], [""ТЕF"", 0.22456360760759247, 44.72290714422613]]",,,ml/output/tracks/best_frames/25_12-20/track_0047_r0.jpg,ml/output/tracks/best_frames_hires/25_12-20/track_0047_r0.jpg,3
25_12-20.mp4,51,3678,600,22,815,288,270,299,"[[""299"", 0.9999999311744849, 56.0]]",,,ml/output/tracks/best_frames/25_12-20/track_0051_r0.jpg,ml/output/tracks/best_frames_hires/25_12-20/track_0051_r0.jpg,8
25_12-20.mp4,55,3831,558,864,756,1101,270,"1g
339","[[""1g"", 0.7832366379283698, 16.0], [""339"", 0.9999871984651112, 57.06863399654904]]",,,ml/output/tracks/best_frames/25_12-20/track_0055_r1.jpg,ml/output/tracks/best_frames_hires/25_12-20/track_0055_r1.jpg,
25_12-20.mp4,60,3984,2129,1145,2375,1279,0,,[],,,ml/output/tracks/best_frames/25_12-20/track_0060_r0.jpg,ml/output/tracks/best_frames_hires/25_12-20/track_0060_r0.jpg,1
25_12-20.mp4,55,3984,555,864,762,1139,270,"19 ;
339","[[""19 ;"", 0.4749729263087778, 20.0], [""339"", 0.9972074031829834, 58.20258322660163]]",,,ml/output/tracks/best_frames/25_12-20/track_0055_r0.jpg,ml/output/tracks/best_frames_hires/25_12-20/track_0055_r0.jpg,
25_12-20.mp4,60,4137,2121,1103,2375,1289,0,,[],,,ml/output/tracks/best_frames/25_12-20/track_0060_r1.jpg,ml/output/tracks/best_frames_hires/25_12-20/track_0060_r1.jpg,1
25_12-20.mp4,62,4291,658,1817,878,2045,0,8,"[[""8"", 0.9867542271131811, 108.9388373467362]]",,,ml/output/tracks/best_frames/25_12-20/track_0062_r1.jpg,ml/output/tracks/best_frames_hires/25_12-20/track_0062_r1.jpg,
25_12-20.mp4,63,4444,2126,834,2377,1105,270,"РКАЦИТЕЛИ
M'","[[""РКАЦИТЕЛИ"", 0.9866396120236035, 41.0], [""M'"", 0.823460840742966, 18.0]]",,,ml/output/tracks/best_frames/25_12-20/track_0063_r0.jpg,ml/output/tracks/best_frames_hires/25_12-20/track_0063_r0.jpg,5
25_12-20.mp4,64,4444,606,0,821,200,90,"эл ou €
60€
57 01 0
606
:5","[[""эл ou €"", 0.6588420360429952, 26.0], [""60€"", 0.9435432900532099, 58.79804058780405], [""57 01 0"", 0.6165957378982756, 28.0], [""606"", 0.7078685077947731, 57.44505452921406], ["":5"", 0.20962101784680248, 23.374655464176158]]",,,ml/output/tracks/best_frames/25_12-20/track_0064_r1.jpg,ml/output/tracks/best_frames_hires/25_12-20/track_0064_r1.jpg,0 5 3
25_12-20.mp4,26,4444,554,918,765,1172,270,"49
339","[[""49"", 0.6352441862108702, 24.0], [""339"", 0.9998795563198365, 61.519015337887296]]",,,ml/output/tracks/best_frames/25_12-20/track_0026_r1.jpg,ml/output/tracks/best_frames_hires/25_12-20/track_0026_r1.jpg,8
25_12-20.mp4,62,4444,683,1891,897,2123,180,"(8
8
0","[[""(8"", 0.39841024654702384, 38.0], [""8"", 0.9901965316678343, 100.92773220319754], [""0"", 0.96222430911439, 77.82642007470011]]",,,ml/output/tracks/best_frames/25_12-20/track_0062_r0.jpg,ml/output/tracks/best_frames_hires/25_12-20/track_0062_r0.jpg,
25_12-20.mp4,64,4597,598,47,812,290,0,"8
;
8
6
1
8","[[""8"", 0.6375020226091834, 26.0], ["";"", 0.06788522693441124, 51.0], [""8"", 0.9864051642362028, 102.94268636888286], [""6"", 0.861982635572204, 18.0], [""1"", 0.7252138146429878, 20.0], [""8"", 0.5235517178972806, 84.99240092022387]]",,,ml/output/tracks/best_frames/25_12-20/track_0064_r0.jpg,ml/output/tracks/best_frames_hires/25_12-20/track_0064_r0.jpg,3 5 0
25_12-20.mp4,63,4597,2120,782,2379,1037,270,РКАЦИТЕЛИ,"[[""РКАЦИТЕЛИ"", 0.9479256135324001, 42.0]]",,,ml/output/tracks/best_frames/25_12-20/track_0063_r1.jpg,ml/output/tracks/best_frames_hires/25_12-20/track_0063_r1.jpg,15
25_12-20.mp4,26,4597,555,980,770,1231,270,"19
339","[[""19"", 0.9999868502085879, 16.0], [""339"", 0.9998750139105047, 60.47785941363776]]",,,ml/output/tracks/best_frames/25_12-20/track_0026_r2.jpg,ml/output/tracks/best_frames_hires/25_12-20/track_0026_r2.jpg,8
25_12-20.mp4,71,4750,2061,2049,2284,2159,0,,[],,,ml/output/tracks/best_frames/25_12-20/track_0071_r0.jpg,ml/output/tracks/best_frames_hires/25_12-20/track_0071_r0.jpg,
25_12-20.mp4,54,4903,2127,244,2385,530,270,"ШЕлИ
РКАЩИТЕЛИ
Вдно
МУЮУНДАРИ
Решпепн бЕл;
сух (Росся] 1L
121
5J
'3265
9.:/ 625
//1  2./  11
121 7
2
3265","[[""ШЕлИ"", 0.4751475155353546, 31.0], [""РКАЩИТЕЛИ"", 0.9651902937312687, 38.0], [""Вдно"", 0.8457543253898621, 16.0], [""МУЮУНДАРИ"", 0.9784050940046675, 20.0], [""Решпепн бЕл;"", 0.6034237447212738, 19.0], [""сух (Росся] 1L"", 0.891579855168843, 18.0], [""121"", 0.8955612870645963, 16.0], [""5J"", 0.6086307659688627, 20.0], [""'3265"", 0.8384765831709371, 62.0], [""9.:/ 625"", 0.4788595901800662, 13.0], [""//1  2./  11"", 0.23710699251538506, 18.5], [""121 7"", 0.7941618573474043, 14.0], [""2"", 0.8274120991337099, 22.0], [""3265"", 0.9654004573822021, 60.5]]",,,ml/output/tracks/best_frames/25_12-20/track_0054_r2.jpg,ml/output/tracks/best_frames_hires/25_12-20/track_0054_r2.jpg,5
25_12-20.mp4,71,4903,2057,2047,2276,2159,0,,[],,,ml/output/tracks/best_frames/25_12-20/track_0071_r1.jpg,ml/output/tracks/best_frames_hires/25_12-20/track_0071_r1.jpg,
25_12-20.mp4,73,5057,557,1084,769,1269,270,"195/
33g","[[""195/"", 0.5683101415634155, 18.0], [""33g"", 0.7217050749710274, 67.55762350105464]]",,,ml/output/tracks/best_frames/25_12-20/track_0073_r0.jpg,ml/output/tracks/best_frames_hires/25_12-20/track_0073_r0.jpg,8
25_12-20.mp4,54,5057,2122,353,2375,636,270,"РКАЩИЛЕЛИ
{ДАРИ
гелн бел:
ocai) 1L
1217
59
326
15
5
0//  11
6   :
 
1219
3269","[[""РКАЩИЛЕЛИ"", 0.7697874667808011, 34.0], [""{ДАРИ"", 0.9597154584765528, 20.0], [""гелн бел:"", 0.6791750930937862, 16.0], [""ocai) 1L"", 0.24261530423903108, 16.0], [""1217"", 0.711513102054596, 16.0], [""59"", 0.5573789545950328, 18.0], [""326"", 0.9999824495142035, 60.0], [""15"", 0.38033139237908725, 6.5], [""5"", 0.04714274086809156, 5.5], [""0//  11"", 0.23371636739204737, 18.0], [""6   :"", 0.35075019942668745, 19.5], ["" "", 0.8629212148118768, 8.0], [""1219"", 0.37564876675605774, 14.0], [""3269"", 0.3575309196428073, 60.0]]",,,ml/output/tracks/best_frames/25_12-20/track_0054_r0.jpg,ml/output/tracks/best_frames_hires/25_12-20/track_0054_r0.jpg,
25_12-20.mp4,26,5057,574,1202,779,1437,270,"19 /
339","[[""19 /"", 0.5575804114341736, 18.0], [""339"", 0.999773980429715, 64.87359217473443]]",,,ml/output/tracks/best_frames/25_12-20/track_0026_r0.jpg,ml/output/tracks/best_frames_hires/25_12-20/track_0026_r0.jpg,
25_12-20.mp4,75,5210,2138,10,2392,163,270,РКАШИЛ,"[[""РКАШИЛ"", 0.542175894979847, 30.0]]",,,ml/output/tracks/best_frames/25_12-20/track_0075_r1.jpg,ml/output/tracks/best_frames_hires/25_12-20/track_0075_r1.jpg,5
25_12-20.mp4,73,5210,553,1079,772,1282,0,"2
8
3
8","[[""2"", 0.6611201404712688, 24.0], [""8"", 0.9300213617010264, 102.63071493926006], [""3"", 0.9416871026851403, 44.0], [""8"", 0.9317166822539811, 104.05302051728398]]",,,ml/output/tracks/best_frames/25_12-20/track_0073_r1.jpg,ml/output/tracks/best_frames_hires/25_12-20/track_0073_r1.jpg,8
25_12-20.mp4,76,5210,2120,525,2378,817,90,"@d
Ипащи

7.7","[[""@d"", 0.5698958622010794, 32.0], [""Ипащи"", 0.24039471899484596, 36.0], ["""", 0.0, 30.0], [""7.7"", 0.5011632089831062, 37.0]]",,,ml/output/tracks/best_frames/25_12-20/track_0076_r2.jpg,ml/output/tracks/best_frames_hires/25_12-20/track_0076_r2.jpg,
25_12-20.mp4,54,5210,2124,413,2372,690,270,"РЖАЩИШЕЛИ
59
6
ПJшL
4218
6","[[""РЖАЩИШЕЛИ"", 0.5421870873551335, 30.0], [""59"", 0.4520790577937895, 18.0], [""6"", 0.9999136943366125, 54.0], [""ПJшL"", 0.11924633383750916, 26.0], [""4218"", 0.2610434889793396, 14.0], [""6"", 0.9999902248621453, 52.0]]",,,ml/output/tracks/best_frames/25_12-20/track_0054_r1.jpg,ml/output/tracks/best_frames_hires/25_12-20/track_0054_r1.jpg,
25_12-20.mp4,79,5363,600,12,824,299,0,"9
3
€
8
:
F
9
6
6
41","[[""9"", 0.9820632730034653, 22.0], [""3"", 0.95120383905547, 28.0], [""€"", 0.8377407232785572, 55.0], [""8"", 0.9977810784621397, 125.96304768974939], ["":"", 0.3386590142199317, 59.937710302033906], [""F"", 0.15327598067074177, 51.91592167895044], [""9"", 0.975005010270479, 22.0], [""6"", 0.6399261114467123, 18.0], [""6"", 0.3443041368939248, 31.5], [""41"", 0.22496234640433502, 72.5]]",,,ml/output/tracks/best_frames/25_12-20/track_0079_r0.jpg,ml/output/tracks/best_frames_hires/25_12-20/track_0079_r0.jpg,3 0 46 3
25_12-20.mp4,76,5363,2121,475,2381,752,0,"ч8ча
1","[[""ч8ча"", 0.4258658289909363, 19.0], [""1"", 0.6345788468822242, 152.0]]",,,ml/output/tracks/best_frames/25_12-20/track_0076_r0.jpg,ml/output/tracks/best_frames_hires/25_12-20/track_0076_r0.jpg,
25_12-20.mp4,75,5363,2138,9,2388,119,270,PКАL,"[[""PКАL"", 0.15538984537124634, 28.0]]",,,ml/output/tracks/best_frames/25_12-20/track_0075_r0.jpg,ml/output/tracks/best_frames_hires/25_12-20/track_0075_r0.jpg,2
25_12-20.mp4,76,5516,2126,551,2376,836,270,"ШЕли
РК","[[""ШЕли"", 0.4915310881224919, 35.0], [""РК"", 0.998006867748646, 32.0]]",,,ml/output/tracks/best_frames/25_12-20/track_0076_r1.jpg,ml/output/tracks/best_frames_hires/25_12-20/track_0076_r1.jpg,4
25_12-20.mp4,80,5516,2063,1900,2297,2148,0,,[],,,ml/output/tracks/best_frames/25_12-20/track_0080_r2.jpg,ml/output/tracks/best_frames_hires/25_12-20/track_0080_r2.jpg,
25_12-20.mp4,79,5516,595,81,816,340,180,"#
Б
8
5
1
'
3","[[""#"", 0.12333998476511088, 60.0], [""Б"", 0.9068697504490189, 24.0], [""8"", 0.9740949709470534, 99.0], [""5"", 0.9688106191634347, 46.89603210815679], [""1"", 0.9258025461806483, 88.97260241729151], [""'"", 0.990923827333873, 56.93064661499389], [""3"", 0.9206588082328473, 115.98615565195857]]",,,ml/output/tracks/best_frames/25_12-20/track_0079_r1.jpg,ml/output/tracks/best_frames_hires/25_12-20/track_0079_r1.jpg,9 0 3 193 9 0
25_12-20.mp4,81,5516,2118,695,2382,1008,270,РКАЦИТЕЛИ,"[[""РКАЦИТЕЛИ"", 0.9425989669189563, 42.0]]",,,ml/output/tracks/best_frames/25_12-20/track_0081_r2.jpg,ml/output/tracks/best_frames_hires/25_12-20/track_0081_r2.jpg,2 5
25_12-20.mp4,81,5670,2123,640,2377,918,270,"UDhi
РКАЦИ","[[""UDhi"", 0.10486416518688202, 14.0], [""РКАЦИ"", 0.6608103044165037, 39.0]]",,,ml/output/tracks/best_frames/25_12-20/track_0081_r0.jpg,ml/output/tracks/best_frames_hires/25_12-20/track_0081_r0.jpg,5 2
25_12-20.mp4,80,5670,2058,1892,2307,2108,0,,[],,,ml/output/tracks/best_frames/25_12-20/track_0080_r0.jpg,ml/output/tracks/best_frames_hires/25_12-20/track_0080_r0.jpg,
25_12-20.mp4,82,5670,2120,864,2376,1135,90,"ШЖа
Ипацишvяа
89
4.76  
1","[[""ШЖа"", 0.7740614211139648, 33.0], [""Ипацишvяа"", 0.32847727543297955, 42.0], [""89"", 0.23401056855140304, 31.5], [""4.76  "", 0.11485019940197314, 42.5], [""1"", 0.8265066946051434, 14.5]]",,,ml/output/tracks/best_frames/25_12-20/track_0082_r0.jpg,ml/output/tracks/best_frames_hires/25_12-20/track_0082_r0.jpg,5
25_12-20.mp4,46,5670,550,992,766,1232,270,"33
19%","[[""33"", 0.9521819324668374, 52.0], [""19%"", 0.99869593928153, 25.153557108408805]]",,,ml/output/tracks/best_frames/25_12-20/track_0046_r1.jpg,ml/output/tracks/best_frames_hires/25_12-20/track_0046_r1.jpg,85
25_12-20.mp4,84,5823,2119,867,2378,1164,180,"@
=

5","[[""@"", 0.6291347783929702, 46.0], [""="", 0.7437874176874324, 66.0], ["""", 0.0, 205.0], [""5"", 0.7943639867779808, 118.5]]",,,ml/output/tracks/best_frames/25_12-20/track_0084_r1.jpg,ml/output/tracks/best_frames_hires/25_12-20/track_0084_r1.jpg,5 5
25_12-20.mp4,82,5823,2116,864,2304,998,0,,[],,,ml/output/tracks/best_frames/25_12-20/track_0082_r1.jpg,ml/output/tracks/best_frames_hires/25_12-20/track_0082_r1.jpg,
25_12-20.mp4,80,5823,2066,1936,2302,2138,0,,[],,,ml/output/tracks/best_frames/25_12-20/track_0080_r1.jpg,ml/output/tracks/best_frames_hires/25_12-20/track_0080_r1.jpg,
25_12-20.mp4,85,5823,581,198,802,477,270,"3 по цено 2
от
ценч
карты
9309'
баз","[[""3 по цено 2"", 0.7938423074359685, 28.0], [""от"", 0.4120403575791937, 16.0], [""ценч"", 0.748786985874176, 25.0], [""карты"", 0.7362867799789308, 24.0], [""9309'"", 0.7303499423475277, 61.82006446980648], [""баз"", 0.9574084090993038, 30.57086014531155]]",,,ml/output/tracks/best_frames/25_12-20/track_0085_r2.jpg,ml/output/tracks/best_frames_hires/25_12-20/track_0085_r2.jpg,
25_12-20.mp4,81,5823,2121,713,2376,1000,270,РКАЦИТЕЛИ,"[[""РКАЦИТЕЛИ"", 0.7430687521878384, 41.0]]",,,ml/output/tracks/best_frames/25_12-20/track_0081_r1.jpg,ml/output/tracks/best_frames_hires/25_12-20/track_0081_r1.jpg,2 5
25_12-20.mp4,86,5976,2133,0,2393,291,270,"РКАДИТЕЛИ
Вино
МУКУНДАРИ
Рашптелм бсл;
сух: [Росая) 1L
22%
326
9/: 625:
673. /2.//  12
.
42
229
326
22","[[""РКАДИТЕЛИ"", 0.7466653348464024, 38.0], [""Вино"", 0.9994099140167236, 16.0], [""МУКУНДАРИ"", 0.9038581585080014, 20.0], [""Рашптелм бсл;"", 0.2744706662265443, 16.0], [""сух: [Росая) 1L"", 0.3278003194815813, 16.0], [""22%"", 0.7157597541809082, 26.0], [""326"", 0.9999983481878129, 56.0], [""9/: 625:"", 0.20073862789069916, 16.0], [""673. /2.//  12"", 0.2309147147076385, 18.5], [""."", 0.9375155198541165, 14.0], [""42"", 0.9999164659681831, 14.0], [""229"", 0.9884944558143616, 24.0], [""326"", 0.9999876114175069, 54.0], [""22"", 0.4634390734756359, 8.0]]",,,ml/output/tracks/best_frames/25_12-20/track_0086_r1.jpg,ml/output/tracks/best_frames_hires/25_12-20/track_0086_r1.jpg,31: 6 7 8 3
25_12-20.mp4,84,5976,2120,791,2376,1081,180,"=
1
6","[[""="", 0.9738197951091934, 58.0], [""1"", 0.4845533796270871, 205.0], [""6"", 0.9968090519490467, 38.5]]",,,ml/output/tracks/best_frames/25_12-20/track_0084_r0.jpg,ml/output/tracks/best_frames_hires/25_12-20/track_0084_r0.jpg,:
25_12-20.mp4,88,5976,2047,2087,2295,2159,0,,[],,,ml/output/tracks/best_frames/25_12-20/track_0088_r1.jpg,ml/output/tracks/best_frames_hires/25_12-20/track_0088_r1.jpg,
25_12-20.mp4,90,5976,2119,931,2375,1226,90,"ЦСПЛИШШVЛа
Ипацишула
НЫП

.81
9..7.1 ","[[""ЦСПЛИШШVЛа"", 0.1668296144070796, 49.0], [""Ипацишула"", 0.24425248145175016, 42.0], [""НЫП"", 0.5230738429063728, 8.0], ["""", 0.0, 25.0], ["".81"", 0.19874849356047752, 33.5], [""9..7.1 "", 0.06822683519778662, 42.0]]",,,ml/output/tracks/best_frames/25_12-20/track_0090_r1.jpg,ml/output/tracks/best_frames_hires/25_12-20/track_0090_r1.jpg,1 1
25_12-20.mp4,46,5976,546,1121,771,1362,0,"е
3
8
:
3
8","[[""е"", 0.05696075442763182, 24.0], [""3"", 0.9997604036813215, 22.0], [""8"", 0.9650856354296913, 107.64171000174397], ["":"", 0.4889532059237922, 27.0], [""3"", 0.999953747330494, 20.0], [""8"", 0.9990152162096742, 89.3680387614055]]",,,ml/output/tracks/best_frames/25_12-20/track_0046_r2.jpg,ml/output/tracks/best_frames_hires/25_12-20/track_0046_r2.jpg,
25_12-20.mp4,85,5976,574,246,798,522,270,"3 по
I cn
цено 2
09
от
цеич бв3
карти
10
namu","[[""3 по"", 0.9719691249049661, 20.0], [""I cn"", 0.7804251182038121, 14.0], [""цено 2"", 0.9196620592479298, 24.0], [""09"", 0.9999739533469749, 48.0], [""от"", 0.3140350002898037, 14.0], [""цеич бв3"", 0.49523679979477425, 24.0], [""карти"", 0.6431003792172512, 28.0], [""10"", 0.9998541750185242, 18.0], [""namu"", 0.458149790763855, 15.627466942413466]]",,,ml/output/tracks/best_frames/25_12-20/track_0085_r1.jpg,ml/output/tracks/best_frames_hires/25_12-20/track_0085_r1.jpg,2 3 :
25_12-20.mp4,85,6129,565,332,787,612,270,"оссмм )
цено 2
Пaт
от
ценч бе3
картн
10
29g
по","[[""оссмм )"", 0.764039117159493, 13.0], [""цено 2"", 0.8116219153847017, 20.0], [""Пaт"", 0.24699869806759597, 8.0], [""от"", 0.6019723546102265, 14.0], [""ценч бе3"", 0.6729306174388874, 24.0], [""картн"", 0.8231424463570401, 28.0], [""10"", 0.9971790980835066, 24.0], [""29g"", 0.9776117205619812, 53.0], [""по"", 0.9542370458206009, 22.539672889527928]]",,,ml/output/tracks/best_frames/25_12-20/track_0085_r0.jpg,ml/output/tracks/best_frames_hires/25_12-20/track_0085_r0.jpg,51 : 8 8
25_12-20.mp4,84,6129,2122,774,2303,1040,0,,[],,,ml/output/tracks/best_frames/25_12-20/track_0084_r2.jpg,ml/output/tracks/best_frames_hires/25_12-20/track_0084_r2.jpg,
25_12-20.mp4,86,6129,2137,13,2399,306,270,"РКАДИТЕЛИ
Вино
МУКУНДАРИ
Рацптепм бсл
сух- [Росся) 1L
22%
3265
17/:
2-.:/: 62.:
67:. /2.//  11
421 
229
9
3269
335
1
-7:","[[""РКАДИТЕЛИ"", 0.7745206973240062, 40.0], [""Вино"", 0.9983043670654297, 16.0], [""МУКУНДАРИ"", 0.9704889256317651, 24.0], [""Рацптепм бсл"", 0.7191865514510251, 16.0], [""сух- [Росся) 1L"", 0.47782468558012536, 16.0], [""22%"", 0.9930129647254944, 26.0], [""3265"", 0.8222115635871887, 56.0], [""17/:"", 0.07362082600593567, 9.5], [""2-.:/: 62.:"", 0.3672431362737889, 20.0], [""67:. /2.//  11"", 0.27478246026385716, 18.0], [""421 "", 0.7838804721832275, 14.0], [""229"", 0.9877489805221558, 24.0], [""9"", 1.0, 16.0], [""3269"", 0.8252653479576111, 56.0], [""335"", 0.2324311583559466, 8.0], [""1"", 0.9940521017846358, 14.0], [""-7:"", 0.45830057088564125, 25.5]]",,,ml/output/tracks/best_frames/25_12-20/track_0086_r0.jpg,ml/output/tracks/best_frames_hires/25_12-20/track_0086_r0.jpg,889 6 6 3 2 8 5 23
25_12-20.mp4,88,6129,2068,2043,2291,2159,0,,[],,,ml/output/tracks/best_frames/25_12-20/track_0088_r0.jpg,ml/output/tracks/best_frames_hires/25_12-20/track_0088_r0.jpg,
25_12-20.mp4,90,6129,2121,872,2374,1160,270,"РКАЦИТЕЛИ
PА","[[""РКАЦИТЕЛИ"", 0.7769050181174114, 41.0], [""PА"", 0.2207759089831104, 24.0]]",,,ml/output/tracks/best_frames/25_12-20/track_0090_r0.jpg,ml/output/tracks/best_frames_hires/25_12-20/track_0090_r0.jpg,5
25_12-20.mp4,78,6129,2135,198,2385,487,270,"{АДИТЕЛИ
РКАЦИТЕЛИ
Вино
МУЮУНДАРИ
Рашптепи бел
сух  {Росся) 1L
4214
22%
99
3265
Щ}
9:/0 62.:
67:. /2./  1.
035
421 
229
99
3269
33.1
6 9","[[""{АДИТЕЛИ"", 0.5155444332963675, 38.0], [""РКАЦИТЕЛИ"", 0.9977613074404447, 37.0], [""Вино"", 0.9932241439819336, 16.0], [""МУЮУНДАРИ"", 0.8325659291059495, 20.0], [""Рашптепи бел"", 0.36348191408356734, 18.0], [""сух  {Росся) 1L"", 0.3906060763016775, 18.0], [""4214"", 0.7065184712409973, 14.0], [""22%"", 0.9988091383222388, 26.0], [""99"", 0.7988313489356075, 20.0], [""3265"", 0.9810454249382019, 60.0], [""Щ}"", 0.2581161036653093, 24.0], [""9:/0 62.:"", 0.12456312191857088, 16.0], [""67:. /2./  1."", 0.17455408505519984, 18.0], [""035"", 0.39348236670751646, 8.0], [""421 "", 0.9829351902008057, 16.0], [""229"", 0.9996165037155151, 24.0], [""99"", 1.0, 19.0], [""3269"", 0.8138606548309326, 56.0], [""33.1"", 0.1136256605386734, 8.0], [""6 9"", 0.539364755153656, 31.0]]",,,ml/output/tracks/best_frames/25_12-20/track_0078_r2.jpg,ml/output/tracks/best_frames_hires/25_12-20/track_0078_r2.jpg,1
25_12-20.mp4,88,6283,2064,2121,2290,2159,0,,[],,,ml/output/tracks/best_frames/25_12-20/track_0088_r2.jpg,ml/output/tracks/best_frames_hires/25_12-20/track_0088_r2.jpg,
25_12-20.mp4,86,6283,2140,4,2408,309,270,"РКАДИТЕЛИ
РРК
Вино
МУЮУНДАРИ
Рашптепи бел
сух- [Росся} 1L
421
22%0
99
3265
89/.4-4
2..:/: 62.:
.71. /2./ 1.
421
-229
99
3265
 
352
7/.
553","[[""РКАДИТЕЛИ"", 0.639778420818874, 40.0], [""РРК"", 0.9766479498362757, 26.0], [""Вино"", 0.5817656517028809, 16.0], [""МУЮУНДАРИ"", 0.915248352135767, 20.0], [""Рашптепи бел"", 0.5845654189179424, 18.0], [""сух- [Росся} 1L"", 0.3951397333192981, 18.0], [""421"", 0.9987286257581118, 14.0], [""22%0"", 0.5606752512467554, 24.0], [""99"", 0.6436302254384181, 18.0], [""3265"", 0.9958332180976868, 60.0], [""89/.4-4"", 0.06414386360755517, 16.5], [""2..:/: 62.:"", 0.09482760460586333, 20.0], ["".71. /2./ 1."", 0.2655389628854995, 18.0], [""421"", 0.998119098168524, 15.0], [""-229"", 0.9977096915245056, 22.0], [""99"", 1.0, 20.0], [""3265"", 0.5718037486076355, 55.0], ["" "", 0.21391017006643498, 8.0], [""352"", 0.07988869842886615, 8.0], [""7/."", 0.48064201979693144, 24.5], [""553"", 0.23449861092488816, 10.0]]",,,ml/output/tracks/best_frames/25_12-20/track_0086_r2.jpg,ml/output/tracks/best_frames_hires/25_12-20/track_0086_r2.jpg,99 3 8 7 8 8 5 2
25_12-20.mp4,91,6283,551,1167,768,1426,0,"8
8
1","[[""8"", 0.8236285693785703, 26.0], [""8"", 0.9740279086954082, 105.74732318528277], [""1"", 0.530077362563194, 79.96581718217018]]",,,ml/output/tracks/best_frames/25_12-20/track_0091_r1.jpg,ml/output/tracks/best_frames_hires/25_12-20/track_0091_r1.jpg,
25_12-20.mp4,93,6283,2120,954,2382,1243,270,"ШШЕЧ
РКАЦИТЕЛИ
{А","[[""ШШЕЧ"", 0.18826891481876373, 14.0], [""РКАЦИТЕЛИ"", 0.8437799551340437, 43.0], [""{А"", 0.8118294754076896, 20.0]]",,,ml/output/tracks/best_frames/25_12-20/track_0093_r2.jpg,ml/output/tracks/best_frames_hires/25_12-20/track_0093_r2.jpg,1 1 7
25_12-20.mp4,90,6436,2126,883,2373,1207,270,РКАЦИТЕЛИ,"[[""РКАЦИТЕЛИ"", 0.9624784418042909, 43.0]]",,,ml/output/tracks/best_frames/25_12-20/track_0090_r2.jpg,ml/output/tracks/best_frames_hires/25_12-20/track_0090_r2.jpg,1 7 2
25_12-20.mp4,91,6436,558,1215,772,1473,270,"19%
3395
пип1","[[""19%"", 0.9644339680671692, 24.0], [""3395"", 0.9399055242538452, 61.62856437281431], [""пип1"", 0.1499243974685669, 28.293621921487585]]",,,ml/output/tracks/best_frames/25_12-20/track_0091_r0.jpg,ml/output/tracks/best_frames_hires/25_12-20/track_0091_r0.jpg,
25_12-20.mp4,101,6436,558,471,778,749,0,"ЭГ
=
8
=
8
5
6
'
3
5
8
6
8
8
8 6","[[""ЭГ"", 0.675421076589356, 61.0], [""="", 0.7420005269665495, 32.0], [""8"", 0.999332420222121, 102.0], [""="", 0.9632209787881187, 38.0], [""8"", 0.9401458169313628, 22.0], [""5"", 0.19969988127164218, 34.0], [""6"", 0.9339718690450951, 23.0], [""'"", 0.12557790536826818, 54.0], [""3"", 0.43874194759263574, 28.0], [""5"", 0.7167225712976375, 36.0], [""8"", 0.9980512823706569, 76.5], [""6"", 0.1714965498330665, 42.5], [""8"", 0.9998269156017727, 22.0], [""8"", 0.6139339205222463, 28.0], [""8 6"", 0.5711531043052673, 60.0]]",,,ml/output/tracks/best_frames/25_12-20/track_0101_r0.jpg,ml/output/tracks/best_frames_hires/25_12-20/track_0101_r0.jpg,8 9 0 5 6 6
25_12-20.mp4,93,6436,2120,1018,2380,1299,0,"=
g
1","[[""="", 0.8152381695975954, 142.0], [""g"", 0.843680037148161, 47.0], [""1"", 0.6310321178973624, 147.0]]",,,ml/output/tracks/best_frames/25_12-20/track_0093_r0.jpg,ml/output/tracks/best_frames_hires/25_12-20/track_0093_r0.jpg,5
25_12-20.mp4,58,6436,550,953,766,1193,90,"~
%aб
7
61
7
06 1","[[""~"", 0.9972908988431506, 32.0], [""%aб"", 0.5762108591138625, 18.0], [""7"", 0.1901764050649355, 33.0], [""61"", 0.5058746697355165, 15.0], [""7"", 0.2818474069480068, 17.0], [""06 1"", 0.6843881109342834, 26.096389702657348]]",,,ml/output/tracks/best_frames/25_12-20/track_0058_r1.jpg,ml/output/tracks/best_frames_hires/25_12-20/track_0058_r1.jpg,
25_12-20.mp4,78,6436,2135,328,2389,618,270,"И
РКАЩИТЕЛИ
'ЖКУНДАРИ
ациптепм бсn:
[Расся} 1L
921
g9
3265
ПШц
3.:00 6 :
2./ 1.
421
29
99
326
99","[[""И"", 0.3388289303739498, 32.0], [""РКАЩИТЕЛИ"", 0.6685089949634206, 39.0], [""'ЖКУНДАРИ"", 0.7918528475261872, 24.0], [""ациптепм бсn:"", 0.3472158519154991, 16.0], [""[Расся} 1L"", 0.658926151163216, 18.0], [""921"", 0.4402746073303515, 14.0], [""g9"", 0.46458918324890114, 20.0], [""3265"", 0.7897815704345703, 56.0], [""ПШц"", 0.32117900689792744, 28.0], [""3.:00 6 :"", 0.36977468762155197, 16.0], [""2./ 1."", 0.49748933199875744, 19.0], [""421"", 0.9965557345304836, 15.0], [""29"", 0.5080064938508546, 21.0], [""99"", 0.999999915706304, 20.0], [""326"", 0.9999967652014766, 54.0], [""99"", 0.7877780742060557, 32.0]]",,,ml/output/tracks/best_frames/25_12-20/track_0078_r1.jpg,ml/output/tracks/best_frames_hires/25_12-20/track_0078_r1.jpg,
25_12-20.mp4,46,6436,571,1322,783,1548,0,"8
1","[[""8"", 0.9961343287622846, 97.61935357482585], [""1"", 0.4348886815489692, 80.96668829410098]]",,,ml/output/tracks/best_frames/25_12-20/track_0046_r0.jpg,ml/output/tracks/best_frames_hires/25_12-20/track_0046_r0.jpg,
25_12-20.mp4,63,6436,2092,1632,2326,1864,0,2,"[[""2"", 0.29493851063094567, 49.5]]",,,ml/output/tracks/best_frames/25_12-20/track_0063_r2.jpg,ml/output/tracks/best_frames_hires/25_12-20/track_0063_r2.jpg,2
25_12-20.mp4,101,6589,567,559,779,809,270,"on
299","[[""on"", 0.22859880669456817, 14.0], [""299"", 0.9974780401504353, 44.0]]",,,ml/output/tracks/best_frames/25_12-20/track_0101_r1.jpg,ml/output/tracks/best_frames_hires/25_12-20/track_0101_r1.jpg,:
25_12-20.mp4,91,6589,568,1262,774,1507,270,"16
339","[[""16"", 0.8626059236536135, 20.0], [""339"", 0.9999945627862629, 66.12250574220677]]",,,ml/output/tracks/best_frames/25_12-20/track_0091_r2.jpg,ml/output/tracks/best_frames_hires/25_12-20/track_0091_r2.jpg,
25_12-20.mp4,105,6742,2118,991,2304,1242,0,,[],,,ml/output/tracks/best_frames/25_12-20/track_0105_r1.jpg,ml/output/tracks/best_frames_hires/25_12-20/track_0105_r1.jpg,
25_12-20.mp4,102,6742,599,0,802,234,270,1309,"[[""1309"", 0.9917730093002319, 62.82661653748471]]",,,ml/output/tracks/best_frames/25_12-20/track_0102_r1.jpg,ml/output/tracks/best_frames_hires/25_12-20/track_0102_r1.jpg,8
25_12-20.mp4,104,6742,2126,278,2399,575,0,"₽
;
1
g
1
6
6","[[""₽"", 0.2854363320853395, 30.0], ["";"", 0.08802059825925213, 40.0], [""1"", 0.9904434025942841, 123.0], [""g"", 0.98511092658811, 32.0], [""1"", 0.5255013651840592, 94.0], [""6"", 0.5295471960339206, 116.0], [""6"", 0.931216781777394, 22.0]]",,,ml/output/tracks/best_frames/25_12-20/track_0104_r1.jpg,ml/output/tracks/best_frames_hires/25_12-20/track_0104_r1.jpg,: 5
25_12-20.mp4,58,6895,559,1111,786,1364,270,"Чб
339","[[""Чб"", 0.38246045622304337, 20.0], [""339"", 0.9999544376478604, 63.90592087409536]]",,,ml/output/tracks/best_frames/25_12-20/track_0058_r2.jpg,ml/output/tracks/best_frames_hires/25_12-20/track_0058_r2.jpg,8
25_12-20.mp4,105,6895,2107,1056,2379,1277,90,"ЖГ
иаишv
5:7
0:.","[[""ЖГ"", 0.9752729278299472, 24.0], [""иаишv"", 0.2924373168541966, 40.0], [""5:7"", 0.7116921124574023, 37.0], [""0:."", 0.5229550233913656, 36.5]]",,,ml/output/tracks/best_frames/25_12-20/track_0105_r0.jpg,ml/output/tracks/best_frames_hires/25_12-20/track_0105_r0.jpg,5
25_12-20.mp4,102,6895,590,3,805,262,270,1309,"[[""1309"", 0.9981430172920227, 66.80643892119889]]",,,ml/output/tracks/best_frames/25_12-20/track_0102_r0.jpg,ml/output/tracks/best_frames_hires/25_12-20/track_0102_r0.jpg,8
25_12-20.mp4,104,6895,2125,386,2385,655,0,"7
1
g
1
6
1","[[""7"", 0.24285815264050914, 21.0], [""1"", 0.9494936609627338, 110.0], [""g"", 0.7744606274072794, 32.0], [""1"", 0.8128404345872156, 87.0], [""6"", 0.6201579773438084, 116.0], [""1"", 0.14656181632821674, 26.0]]",,,ml/output/tracks/best_frames/25_12-20/track_0104_r0.jpg,ml/output/tracks/best_frames_hires/25_12-20/track_0104_r0.jpg,
25_12-20.mp4,58,7049,563,1171,786,1415,270,"M6::
339","[[""M6::"", 0.1479264497756958, 24.0], [""339"", 0.9999889879256574, 63.77464720626807]]",,,ml/output/tracks/best_frames/25_12-20/track_0058_r0.jpg,ml/output/tracks/best_frames_hires/25_12-20/track_0058_r0.jpg,
25_12-20.mp4,99,7049,2121,47,2382,318,0,"5 _
₽
₽
'1
1
2
5
1
8","[[""5 _"", 0.4071807192200734, 58.0], [""₽"", 0.6991015541552237, 28.0], [""₽"", 0.394186486485669, 38.0], [""'1"", 0.29653096727034517, 99.0], [""1"", 0.8910638782445837, 94.0], [""2"", 0.9706713973076866, 31.0], [""5"", 0.9963658746777391, 37.5], [""1"", 0.6107305278942492, 103.5], [""8"", 0.9310682756328994, 18.0]]",,,ml/output/tracks/best_frames/25_12-20/track_0099_r0.jpg,ml/output/tracks/best_frames_hires/25_12-20/track_0099_r0.jpg,9 2 3 5 1
25_12-20.mp4,101,7049,557,671,765,893,180,"g
а
8
8","[[""g"", 0.9575422878244808, 28.0], [""а"", 0.6783027142805764, 54.0], [""8"", 0.5993189492670723, 94.0], [""8"", 0.9999456413027019, 104.0]]",,,ml/output/tracks/best_frames/25_12-20/track_0101_r2.jpg,ml/output/tracks/best_frames_hires/25_12-20/track_0101_r2.jpg,6 5 3 5
25_12-20.mp4,78,7049,2113,579,2373,866,90,"ипши
7..","[[""ипши"", 0.8784546256065369, 30.0], [""7.."", 0.19881083906449099, 37.5]]",,,ml/output/tracks/best_frames/25_12-20/track_0078_r0.jpg,ml/output/tracks/best_frames_hires/25_12-20/track_0078_r0.jpg,
25_12-20.mp4,93,7049,2105,1262,2355,1525,0,,[],,,ml/output/tracks/best_frames/25_12-20/track_0093_r1.jpg,ml/output/tracks/best_frames_hires/25_12-20/track_0093_r1.jpg,1
25_12-20.mp4,106,7049,556,1116,768,1276,0,,[],,,ml/output/tracks/best_frames/25_12-20/track_0106_r0.jpg,ml/output/tracks/best_frames_hires/25_12-20/track_0106_r0.jpg,
25_12-20.mp4,109,7202,2111,864,2366,1132,270,РКАЦИТЕЛИ,"[[""РКАЦИТЕЛИ"", 0.6559863563335601, 43.0]]",,,ml/output/tracks/best_frames/25_12-20/track_0109_r0.jpg,ml/output/tracks/best_frames_hires/25_12-20/track_0109_r0.jpg,
25_12-20.mp4,107,7202,2112,9,2376,277,0,"2_
₽
#
а
22
3","[[""2_"", 0.7509440518294079, 67.0], [""₽"", 0.8868526285748466, 26.0], [""#"", 0.36926914230265595, 61.0], [""а"", 0.25884678042076814, 28.0], [""22"", 0.7629225910414594, 44.0], [""3"", 0.48750070128222944, 54.5]]",,,ml/output/tracks/best_frames/25_12-20/track_0107_r2.jpg,ml/output/tracks/best_frames_hires/25_12-20/track_0107_r2.jpg,9 9 1 0
25_12-20.mp4,106,7202,557,1142,772,1283,0,,[],,,ml/output/tracks/best_frames/25_12-20/track_0106_r1.jpg,ml/output/tracks/best_frames_hires/25_12-20/track_0106_r1.jpg,
25_12-20.mp4,109,7355,2098,864,2304,1041,0,,[],,,ml/output/tracks/best_frames/25_12-20/track_0109_r1.jpg,ml/output/tracks/best_frames_hires/25_12-20/track_0109_r1.jpg,
25_12-20.mp4,112,7355,702,2078,869,2159,0,,[],,,ml/output/tracks/best_frames/25_12-20/track_0112_r1.jpg,ml/output/tracks/best_frames_hires/25_12-20/track_0112_r1.jpg,
25_12-20.mp4,107,7355,2110,79,2381,355,0,"5 _
р

i'Il
7
g
Пп
5
2
5
 1
7
9","[[""5 _"", 0.13724387329755414, 59.0], [""р"", 0.1360068559380645, 30.0], ["""", 0.0, 38.0], [""i'Il"", 0.10337796807289124, 103.0], [""7"", 0.9580137331976211, 22.0], [""g"", 0.30656576963582793, 32.0], [""Пп"", 0.9931583494826354, 14.0], [""5"", 0.23940027022854338, 50.0], [""2"", 0.9998741189519933, 30.0], [""5"", 0.9928185400135625, 38.5], ["" 1"", 0.41066713179138936, 105.5], [""7"", 0.9996348952775556, 21.0], [""9"", 0.8089406165605659, 33.0]]",,,ml/output/tracks/best_frames/25_12-20/track_0107_r1.jpg,ml/output/tracks/best_frames_hires/25_12-20/track_0107_r1.jpg,1 9  1 1 59
25_12-20.mp4,107,7508,2114,153,2381,422,270,"РК
шли
Евнс
ПЗНДАРи
Еслшн Gon
CL /Рсьн) L
2325
61
 2.50 .
325","[[""РК"", 0.5815505884885828, 24.0], [""шли"", 0.9842499613386616, 32.0], [""Евнс"", 0.7043736577033997, 16.0], [""ПЗНДАРи"", 0.4093087150368454, 18.0], [""Еслшн Gon"", 0.13789049577147838, 20.0], [""CL /Рсьн) L"", 0.303392996424769, 18.0], [""2325"", 0.6337206959724426, 56.0], [""61"", 0.7638531570540675, 12.0], ["" 2.50 ."", 0.16545510526726845, 19.5], [""325"", 0.9616278698298071, 56.0]]",,,ml/output/tracks/best_frames/25_12-20/track_0107_r0.jpg,ml/output/tracks/best_frames_hires/25_12-20/track_0107_r0.jpg,5 7 6 9
25_12-20.mp4,112,7508,704,2065,911,2159,270,295,"[[""295"", 0.980508029460907, 61.60657405822138]]",,,ml/output/tracks/best_frames/25_12-20/track_0112_r0.jpg,ml/output/tracks/best_frames_hires/25_12-20/track_0112_r0.jpg,
25_12-20.mp4,113,7508,2110,819,2370,1105,270,РКАЦИТЕЛИ,"[[""РКАЦИТЕЛИ"", 0.9616155307028341, 43.0]]",,,ml/output/tracks/best_frames/25_12-20/track_0113_r0.jpg,ml/output/tracks/best_frames_hires/25_12-20/track_0113_r0.jpg,1
25_12-20.mp4,114,7508,2089,1482,2334,1729,0,,[],,,ml/output/tracks/best_frames/25_12-20/track_0114_r1.jpg,ml/output/tracks/best_frames_hires/25_12-20/track_0114_r1.jpg,
25_12-20.mp4,118,7662,2111,796,2378,1076,90,"ШИбvяа
71 :","[[""ШИбvяа"", 0.5710230612833807, 43.0], [""71 :"", 0.1732187271118164, 44.0]]",,,ml/output/tracks/best_frames/25_12-20/track_0118_r0.jpg,ml/output/tracks/best_frames_hires/25_12-20/track_0118_r0.jpg,5
25_12-20.mp4,113,7662,2108,903,2369,1187,270,РКАЦИТЕЛИ,"[[""РКАЦИТЕЛИ"", 0.9950614941978226, 48.0]]",,,ml/output/tracks/best_frames/25_12-20/track_0113_r1.jpg,ml/output/tracks/best_frames_hires/25_12-20/track_0113_r1.jpg,1
25_12-20.mp4,112,7662,719,2048,905,2157,0,"8
8","[[""8"", 0.9767259836085174, 78.88812811075037], [""8"", 0.9956501444888808, 81.36914104169912]]",,,ml/output/tracks/best_frames/25_12-20/track_0112_r2.jpg,ml/output/tracks/best_frames_hires/25_12-20/track_0112_r2.jpg,8
25_12-20.mp4,114,7662,2087,1550,2331,1799,0,,[],,,ml/output/tracks/best_frames/25_12-20/track_0114_r2.jpg,ml/output/tracks/best_frames_hires/25_12-20/track_0114_r2.jpg,9
25_12-20.mp4,114,7815,2084,1605,2325,1855,270,EIn,"[[""EIn"", 0.041641161379359755, 14.0]]",,,ml/output/tracks/best_frames/25_12-20/track_0114_r0.jpg,ml/output/tracks/best_frames_hires/25_12-20/track_0114_r0.jpg,
25_12-20.mp4,113,7815,2109,971,2360,1257,270,РКАЦИТЕЛИ,"[[""РКАЦИТЕЛИ"", 0.6456379588948683, 44.0]]",,,ml/output/tracks/best_frames/25_12-20/track_0113_r2.jpg,ml/output/tracks/best_frames_hires/25_12-20/track_0113_r2.jpg,1
25_12-20.mp4,119,7815,2114,287,2381,563,270,"РКАШЕЛИ
РКИ
=_
къ_
=;
=г ==  -
#1
326
2
326 ","[[""РКАШЕЛИ"", 0.6040671235656246, 30.0], [""РКИ"", 0.6255376763810422, 28.0], [""=_"", 0.4827317110332873, 14.0], [""къ_"", 0.17019204795360565, 16.0], [""=;"", 0.6933154175946886, 20.0], [""=г ==  -"", 0.3103351565683255, 18.0], [""#1"", 0.31102762179060983, 16.0], [""326"", 0.9987086057662964, 60.0], [""2"", 0.2329369664403238, 14.0], [""326 "", 0.5635086297988892, 57.0]]",,,ml/output/tracks/best_frames/25_12-20/track_0119_r1.jpg,ml/output/tracks/best_frames_hires/25_12-20/track_0119_r1.jpg,7
25_12-20.mp4,72,7815,567,1152,788,1421,270,"495
339","[[""495"", 0.4979599406019614, 20.0], [""339"", 0.9992470180272734, 65.39118290793533]]",,,ml/output/tracks/best_frames/25_12-20/track_0072_r1.jpg,ml/output/tracks/best_frames_hires/25_12-20/track_0072_r1.jpg,5 8
25_12-20.mp4,118,7968,2108,933,2369,1215,270,РишD,"[[""РишD"", 0.09798030085982787, 39.0]]",,,ml/output/tracks/best_frames/25_12-20/track_0118_r1.jpg,ml/output/tracks/best_frames_hires/25_12-20/track_0118_r1.jpg,
25_12-20.mp4,119,7968,2110,346,2382,640,90,"928
=тэ
=
7
Канi_
5=
тигча
ипашшя%а
1
1.:","[[""928"", 0.81921149472873, 60.0], [""=тэ"", 0.5996728236177297, 18.0], [""="", 0.8737728669302669, 14.0], [""7"", 0.18446347768419002, 14.0], [""Канi_"", 0.26251236900723657, 18.0], [""5="", 0.4753873978194173, 14.0], [""тигча"", 0.7226699801835281, 39.0], [""ипашшя%а"", 0.7100102753287034, 39.0], [""1"", 0.537604023877293, 33.5], [""1.:"", 0.22362650787176122, 32.0]]",,,ml/output/tracks/best_frames/25_12-20/track_0119_r0.jpg,ml/output/tracks/best_frames_hires/25_12-20/track_0119_r0.jpg,5 6
25_12-20.mp4,120,7968,536,1057,775,1273,180,"5
nt
9
6
0
5
3
7 6","[[""5"", 0.6181573752410827, 36.0], [""nt"", 0.11877091923745844, 84.0], [""9"", 0.8657010848666324, 28.0], [""6"", 0.9974397140255498, 26.0], [""0"", 0.37593033774954066, 20.0], [""5"", 0.9724051183645912, 39.0], [""3"", 0.7609304253724645, 93.5], [""7 6"", 0.4855024814605713, 30.0]]",,,ml/output/tracks/best_frames/25_12-20/track_0120_r0.jpg,ml/output/tracks/best_frames_hires/25_12-20/track_0120_r0.jpg,
25_12-20.mp4,72,7968,571,1212,792,1478,270,339,"[[""339"", 0.9999222275727724, 65.21990147403258]]",,,ml/output/tracks/best_frames/25_12-20/track_0072_r2.jpg,ml/output/tracks/best_frames_hires/25_12-20/track_0072_r2.jpg,8
25_12-20.mp4,99,8121,2116,556,2370,843,270,"шш
РА
5
5ъ_=
=_ee
еz
=+=
326
326 ","[[""шш"", 0.9374702716397956, 19.0], [""РА"", 0.9844541942932287, 30.0], [""5"", 0.9070142705521143, 16.0], [""5ъ_="", 0.2113279551267624, 18.0], [""=_ee"", 0.18752682209014893, 26.0], [""еz"", 0.6258715052208628, 16.0], [""=+="", 0.39482423663139343, 16.0], [""326"", 0.999966826175292, 60.0], [""326 "", 0.8283861875534058, 57.0]]",,,ml/output/tracks/best_frames/25_12-20/track_0099_r1.jpg,ml/output/tracks/best_frames_hires/25_12-20/track_0099_r1.jpg,5
25_12-20.mp4,72,8121,582,1280,802,1524,180,8,"[[""8"", 0.9807578390673974, 98.80154812588495]]",,,ml/output/tracks/best_frames/25_12-20/track_0072_r0.jpg,ml/output/tracks/best_frames_hires/25_12-20/track_0072_r0.jpg,5 8
25_12-20.mp4,121,8121,2068,1960,2310,2159,0,,[],,,ml/output/tracks/best_frames/25_12-20/track_0121_r1.jpg,ml/output/tracks/best_frames_hires/25_12-20/track_0121_r1.jpg,
25_12-20.mp4,118,8121,2108,1015,2368,1289,0,"1
1","[[""1"", 0.7016948707718065, 181.0], [""1"", 0.9572204743033161, 181.5]]",,,ml/output/tracks/best_frames/25_12-20/track_0118_r2.jpg,ml/output/tracks/best_frames_hires/25_12-20/track_0118_r2.jpg,5
25_12-20.mp4,120,8121,551,1122,758,1296,0,"1
&","[[""1"", 0.9934201354192886, 97.0], [""&"", 0.7412219589451894, 38.0]]",,,ml/output/tracks/best_frames/25_12-20/track_0120_r1.jpg,ml/output/tracks/best_frames_hires/25_12-20/track_0120_r1.jpg,
25_12-20.mp4,121,8275,2067,1945,2308,2159,0,,[],,,ml/output/tracks/best_frames/25_12-20/track_0121_r0.jpg,ml/output/tracks/best_frames_hires/25_12-20/track_0121_r0.jpg,
25_12-20.mp4,122,8275,2138,297,2394,562,270,РКАШТЕЛИ,"[[""РКАШТЕЛИ"", 0.5375317635065546, 32.0]]",,,ml/output/tracks/best_frames/25_12-20/track_0122_r0.jpg,ml/output/tracks/best_frames_hires/25_12-20/track_0122_r0.jpg,
25_12-20.mp4,99,8428,2112,720,2368,1015,270,"""ли
РКАПИЛЕЛИ
5нга
нутде
Fы_vez
сг
Еп
{Fccsс] 1L
326
2:2 6
67  /1 11
2
326 :","[[""\""ли"", 0.4805398248601677, 30.0], [""РКАПИЛЕЛИ"", 0.6735479883641856, 41.0], [""5нга"", 0.8207210302352905, 16.0], [""нутде"", 0.4841296741569313, 18.0], [""Fы_vez"", 0.19422476141820139, 20.0], [""сг"", 0.7271159915808397, 14.0], [""Еп"", 0.12336378742405672, 14.0], [""{Fccsс] 1L"", 0.27449886988663685, 20.0], [""326"", 0.999902681355662, 60.0], [""2:2 6"", 0.4634368498977081, 20.5], [""67  /1 11"", 0.1956336920012549, 19.5], [""2"", 0.5222056949112499, 21.0], [""326 :"", 0.9846932918573855, 63.0]]",,,ml/output/tracks/best_frames/25_12-20/track_0099_r2.jpg,ml/output/tracks/best_frames_hires/25_12-20/track_0099_r2.jpg,
25_12-20.mp4,122,8428,2142,347,2393,582,90,"ШИШла
0..","[[""ШИШла"", 0.4716851659217705, 32.0], [""0.."", 0.5757694768687108, 31.0]]",,,ml/output/tracks/best_frames/25_12-20/track_0122_r1.jpg,ml/output/tracks/best_frames_hires/25_12-20/track_0122_r1.jpg,5 1
25_12-20.mp4,125,8428,2109,579,2374,852,270,"РКАЛШТЕЛИ
РКАПИЛЕ
5нга
нутDен
Fеrы &г
еп
{Fccscl 1L
=
326
262 6
65
-261 11
2326 :","[[""РКАЛШТЕЛИ"", 0.40506158029247963, 40.0], [""РКАПИЛЕ"", 0.6468909939789959, 43.0], [""5нга"", 0.8071069121360779, 16.0], [""нутDен"", 0.3504663928491859, 16.0], [""Fеrы &г"", 0.4845617381948478, 26.0], [""еп"", 0.21803288456815312, 16.0], [""{Fccscl 1L"", 0.1746342774042021, 25.0], [""="", 0.3305796793734004, 24.0], [""326"", 0.9999953886918919, 56.0], [""262 6"", 0.22081643088218847, 20.0], [""65"", 0.9605554466808097, 13.0], [""-261 11"", 0.16874954776850898, 19.5], [""2326 :"", 0.6312065379270254, 62.5]]",,,ml/output/tracks/best_frames/25_12-20/track_0125_r0.jpg,ml/output/tracks/best_frames_hires/25_12-20/track_0125_r0.jpg,5
25_12-20.mp4,127,8428,2111,1179,2304,1458,0,,[],,,ml/output/tracks/best_frames/25_12-20/track_0127_r0.jpg,ml/output/tracks/best_frames_hires/25_12-20/track_0127_r0.jpg,
25_12-20.mp4,127,8581,2103,1131,2304,1296,0,,[],,,ml/output/tracks/best_frames/25_12-20/track_0127_r1.jpg,ml/output/tracks/best_frames_hires/25_12-20/track_0127_r1.jpg,
25_12-20.mp4,126,8581,2109,864,2360,1123,270,"РКАДИТЕЛИ
мен
зшы cыn
2иiъ
326
 6 
2:
326","[[""РКАДИТЕЛИ"", 0.9031844424350702, 50.0], [""мен"", 0.10282286791591157, 18.0], [""зшы cыn"", 0.036825464929365705, 12.0], [""2иiъ"", 0.08162328600883484, 14.0], [""326"", 0.6520148515701294, 65.0], ["" 6 "", 0.4412169065952931, 14.0], [""2:"", 0.7421844202204624, 15.0], [""326"", 0.9999201628291102, 57.0]]",,,ml/output/tracks/best_frames/25_12-20/track_0126_r2.jpg,ml/output/tracks/best_frames_hires/25_12-20/track_0126_r2.jpg,
25_12-20.mp4,125,8734,2139,490,2395,750,270,"РКАПИТЕЛИ
5
5-
:5
7 
5 
2","[[""РКАПИТЕЛИ"", 0.9565577580934246, 40.0], [""5"", 0.5937699188681478, 16.0], [""5-"", 0.36760048854326366, 14.0], ["":5"", 0.13307568372170106, 15.0], [""7 "", 0.5097025635575853, 16.0], [""5 "", 0.4331458436654535, 15.0], [""2"", 0.9820889125465079, 21.0]]",,,ml/output/tracks/best_frames/25_12-20/track_0125_r2.jpg,ml/output/tracks/best_frames_hires/25_12-20/track_0125_r2.jpg,1
25_12-20.mp4,126,8734,2100,914,2357,1203,270,"РКАПИТЕЛИ
~-]
~ =
F_
326


3263","[[""РКАПИТЕЛИ"", 0.6127790943590625, 48.0], [""~-]"", 0.05352375298224562, 16.0], [""~ ="", 0.7223255038261414, 14.0], [""F_"", 0.31044173537225084, 16.0], [""326"", 0.9999896073544079, 60.0], ["""", 0.0, 9.5], ["""", 0.0, 13.0], [""3263"", 0.7775103449821472, 56.0]]",,,ml/output/tracks/best_frames/25_12-20/track_0126_r0.jpg,ml/output/tracks/best_frames_hires/25_12-20/track_0126_r0.jpg,
25_12-20.mp4,131,8888,2148,0,2390,188,0,,[],,,ml/output/tracks/best_frames/25_12-20/track_0131_r2.jpg,ml/output/tracks/best_frames_hires/25_12-20/track_0131_r2.jpg,
25_12-20.mp4,125,8888,2133,574,2392,828,90,"Yz
2
ипшишя
_
1..:","[[""Yz"", 0.1456038524736218, 14.0], [""2"", 0.16117570059928088, 14.0], [""ипшишя"", 0.33887726082160546, 39.0], [""_"", 0.9652213703933654, 19.748314552243073], [""1..:"", 0.27069711685180664, 36.5]]",,,ml/output/tracks/best_frames/25_12-20/track_0125_r1.jpg,ml/output/tracks/best_frames_hires/25_12-20/track_0125_r1.jpg,5
25_12-20.mp4,126,8888,2098,985,2348,1286,90,"€:
9Z8
=
~e -
Yеr=
76","[[""€:"", 0.7808637442647852, 20.0], [""9Z8"", 0.13138137757778168, 60.0], [""="", 0.8242908079855624, 14.0], [""~e -"", 0.4369879503038567, 14.0], [""Yеr="", 0.10587771981954575, 16.0], [""76"", 0.26548437171844574, 37.5]]",,,ml/output/tracks/best_frames/25_12-20/track_0126_r1.jpg,ml/output/tracks/best_frames_hires/25_12-20/track_0126_r1.jpg,
25_12-20.mp4,131,9041,2146,0,2388,270,0,,[],,,ml/output/tracks/best_frames/25_12-20/track_0131_r1.jpg,ml/output/tracks/best_frames_hires/25_12-20/track_0131_r1.jpg,
25_12-20.mp4,131,9194,2139,54,2377,328,0,,[],,,ml/output/tracks/best_frames/25_12-20/track_0131_r0.jpg,ml/output/tracks/best_frames_hires/25_12-20/track_0131_r0.jpg,
25_12-20.mp4,87,9500,555,1279,756,1514,270,"Cаз
299","[[""Cаз"", 0.17687516770969539, 24.0], [""299"", 0.9999710933395018, 41.0]]",,,ml/output/tracks/best_frames/25_12-20/track_0087_r0.jpg,ml/output/tracks/best_frames_hires/25_12-20/track_0087_r0.jpg,9
25_12-20.mp4,147,9654,2150,122,2304,335,270,"1937*
1937","[[""1937*"", 0.9099001685215844, 54.0], [""1937"", 0.9999713897705078, 51.5]]",,,ml/output/tracks/best_frames/25_12-20/track_0147_r2.jpg,ml/output/tracks/best_frames_hires/25_12-20/track_0147_r2.jpg,
25_12-20.mp4,143,9654,2144,262,2384,554,0,{нИП],"[[""{нИП]"", 0.0670126248288044, 30.0]]",,,ml/output/tracks/best_frames/25_12-20/track_0143_r1.jpg,ml/output/tracks/best_frames_hires/25_12-20/track_0143_r1.jpg,
25_12-20.mp4,149,9807,2087,1288,2299,1597,0,"?
6
8
Illi
g
8
7
'
3
{l","[[""?"", 0.8975547390064662, 28.0], [""6"", 0.5069076909425263, 38.0], [""8"", 0.34370801037438525, 56.0], [""Illi"", 0.28211888670921326, 107.0], [""g"", 0.5929974568357608, 30.0], [""8"", 0.9993972494771732, 115.0], [""7"", 0.12892996154455805, 22.0], [""'"", 0.4197702974871653, 26.0], [""3"", 0.708897566669421, 24.0], [""{l"", 0.6938640652585969, 28.0]]",,,ml/output/tracks/best_frames/25_12-20/track_0149_r0.jpg,ml/output/tracks/best_frames_hires/25_12-20/track_0149_r0.jpg,
25_12-20.mp4,147,9807,2144,213,2304,463,90,"65
L&","[[""65"", 0.989892449719859, 24.0], [""L&"", 0.25309564752043867, 44.0]]",,,ml/output/tracks/best_frames/25_12-20/track_0147_r1.jpg,ml/output/tracks/best_frames_hires/25_12-20/track_0147_r1.jpg,
25_12-20.mp4,143,9807,2136,319,2387,615,0,,[],,,ml/output/tracks/best_frames/25_12-20/track_0143_r0.jpg,ml/output/tracks/best_frames_hires/25_12-20/track_0143_r0.jpg,
25_12-20.mp4,87,9807,571,1372,768,1614,270,"цz
мu
Ge=
70
299
тат","[[""цz"", 0.7026158232502338, 11.0], [""мu"", 0.12353878853649086, 14.0], [""Ge="", 0.2727961149260473, 20.0], [""70"", 0.42884868032297646, 20.0], [""299"", 0.9998161693122418, 39.0], [""тат"", 0.2607876658439636, 16.0]]",,,ml/output/tracks/best_frames/25_12-20/track_0087_r1.jpg,ml/output/tracks/best_frames_hires/25_12-20/track_0087_r1.jpg,
25_12-20.mp4,149,9960,2093,1390,2344,1637,270,"РКАПИПЕЛИ
=vа
ЫОныавы
Рсunv _ Бел
ajт
{[Fcз) L
22
39
326
2
651  -6:1 12
22
326","[[""РКАПИПЕЛИ"", 0.7941226247491271, 49.0], [""=vа"", 0.2977448807269236, 16.0], [""ЫОныавы"", 0.1636510271816699, 24.0], [""Рсunv _ Бел"", 0.11018568822032361, 19.0], [""ajт"", 0.0788597453075233, 16.0], [""{[Fcз) L"", 0.34541027829772264, 25.0], [""22"", 0.9828173849636749, 24.0], [""39"", 0.5225895264408955, 20.0], [""326"", 0.9997781786601937, 64.0], [""2"", 0.19673897360391734, 7.5], [""651  -6:1 12"", 0.12876567255618016, 22.0], [""22"", 0.9552786875478668, 22.0], [""326"", 0.999993117451632, 60.5]]",,,ml/output/tracks/best_frames/25_12-20/track_0149_r2.jpg,ml/output/tracks/best_frames_hires/25_12-20/track_0149_r2.jpg,
25_12-20.mp4,150,9960,526,864,729,1073,0,,[],,,ml/output/tracks/best_frames/25_12-20/track_0150_r2.jpg,ml/output/tracks/best_frames_hires/25_12-20/track_0150_r2.jpg,
25_12-20.mp4,143,9960,2138,419,2394,700,0,,[],,,ml/output/tracks/best_frames/25_12-20/track_0143_r2.jpg,ml/output/tracks/best_frames_hires/25_12-20/track_0143_r2.jpg,
25_12-20.mp4,147,9960,2148,278,2388,576,90,"G5
L8
e7z
","[[""G5"", 0.7151837629283414, 20.0], [""L8"", 0.5920005399205497, 50.0], [""e7z"", 0.22967025714046682, 14.0], ["""", 0.0, 6.5]]",,,ml/output/tracks/best_frames/25_12-20/track_0147_r0.jpg,ml/output/tracks/best_frames_hires/25_12-20/track_0147_r0.jpg,
25_12-20.mp4,149,10113,2089,1483,2344,1753,90,"€з
ge8
=
наVг
ипашишжаг
7","[[""€з"", 0.5320566527259679, 20.0], [""ge8"", 0.7198438730272867, 60.0], [""="", 0.9096787700754341, 14.0], [""наVг"", 0.3358248174190521, 16.0], [""ипашишжаг"", 0.5435923202387076, 53.81741091138235], [""7"", 0.40860319813527113, 52.0]]",,,ml/output/tracks/best_frames/25_12-20/track_0149_r1.jpg,ml/output/tracks/best_frames_hires/25_12-20/track_0149_r1.jpg,
25_12-20.mp4,148,10113,2165,7,2412,297,270,"3192
11937""
2319/
19373","[[""3192"", 0.31604230403900146, 26.0], [""11937\"""", 0.725846886674123, 50.0], [""2319/"", 0.8161105542036031, 25.0], [""19373"", 0.6684080982194744, 51.5]]",,,ml/output/tracks/best_frames/25_12-20/track_0148_r1.jpg,ml/output/tracks/best_frames_hires/25_12-20/track_0148_r1.jpg,5 84 1
25_12-20.mp4,158,10113,564,1476,788,1728,90,"сзq
Ot
15
7 он
662
539
152
01
7 51
662","[[""сзq"", 0.5449377970299003, 18.0], [""Ot"", 0.2055910409331453, 20.0], [""15"", 0.9731158278870367, 12.0], [""7 он"", 0.3609095682810646, 20.0], [""662"", 0.9997540216613837, 54.31949195849779], [""539"", 0.4850493322486105, 18.0], [""152"", 0.6627639412398598, 14.0], [""01"", 0.5991095520117912, 20.0], [""7 51"", 0.2262852676821164, 22.0], [""662"", 0.9999317942258614, 51.69415297757081]]",,,ml/output/tracks/best_frames/25_12-20/track_0158_r1.jpg,ml/output/tracks/best_frames_hires/25_12-20/track_0158_r1.jpg,
25_12-20.mp4,155,10113,2058,2044,2288,2159,90,"шалашыа
","[[""шалашыа"", 0.10265087742373652, 43.80244722357588], ["""", 0.0, 42.45613950341317]]",,,ml/output/tracks/best_frames/25_12-20/track_0155_r0.jpg,ml/output/tracks/best_frames_hires/25_12-20/track_0155_r0.jpg,:
25_12-20.mp4,154,10113,2145,573,2396,872,0,,[],,,ml/output/tracks/best_frames/25_12-20/track_0154_r1.jpg,ml/output/tracks/best_frames_hires/25_12-20/track_0154_r1.jpg,
25_12-20.mp4,87,10113,589,1570,792,1806,0,";
8","[["";"", 0.9773776030272074, 30.0], [""8"", 0.9995517041155644, 96.55064136811238]]",,,ml/output/tracks/best_frames/25_12-20/track_0087_r2.jpg,ml/output/tracks/best_frames_hires/25_12-20/track_0087_r2.jpg,1
25_12-20.mp4,150,10113,532,952,740,1206,0,"5
8
8","[[""5"", 0.9909235899997384, 22.0], [""8"", 0.9781814090318655, 88.0], [""8"", 0.9999915361583511, 98.5]]",,,ml/output/tracks/best_frames/25_12-20/track_0150_r1.jpg,ml/output/tracks/best_frames_hires/25_12-20/track_0150_r1.jpg,8
25_12-20.mp4,154,10267,2142,659,2397,961,0,,[],,,ml/output/tracks/best_frames/25_12-20/track_0154_r0.jpg,ml/output/tracks/best_frames_hires/25_12-20/track_0154_r0.jpg,
25_12-20.mp4,155,10267,2060,2116,2294,2159,0,,[],,,ml/output/tracks/best_frames/25_12-20/track_0155_r1.jpg,ml/output/tracks/best_frames_hires/25_12-20/track_0155_r1.jpg,5
25_12-20.mp4,158,10267,570,1544,795,1803,270,"2
Еары
'299
€з","[[""2"", 0.9999989271166818, 20.0], [""Еары"", 0.11242184042930603, 26.910053281679453], [""'299"", 0.9572005867958069, 58.771106266233815], [""€з"", 0.18326591217276714, 18.18878212216761]]",,,ml/output/tracks/best_frames/25_12-20/track_0158_r0.jpg,ml/output/tracks/best_frames_hires/25_12-20/track_0158_r0.jpg,3
25_12-20.mp4,111,10267,532,1147,746,1415,90,"609
01
яовл
609
01
685","[[""609"", 0.6356518263571045, 55.0], [""01"", 0.9973750929307824, 16.0], [""яовл"", 0.3232865035533905, 21.36697225234684], [""609"", 0.9122100605668526, 52.5], [""01"", 0.8729898824293377, 21.0], [""685"", 0.3174045221313761, 23.968666138944187]]",,,ml/output/tracks/best_frames/25_12-20/track_0111_r2.jpg,ml/output/tracks/best_frames_hires/25_12-20/track_0111_r2.jpg,2
25_12-20.mp4,150,10267,530,1036,739,1290,270,"10
309","[[""10"", 0.9418339246222841, 16.0], [""309"", 0.9999987611408254, 47.0]]",,,ml/output/tracks/best_frames/25_12-20/track_0150_r0.jpg,ml/output/tracks/best_frames_hires/25_12-20/track_0150_r0.jpg,8
25_12-20.mp4,157,10420,2143,763,2400,1063,0,,[],,,ml/output/tracks/best_frames/25_12-20/track_0157_r1.jpg,ml/output/tracks/best_frames_hires/25_12-20/track_0157_r1.jpg,
25_12-20.mp4,161,10420,2182,180,2420,475,270,"Sif2
937
-3182
11937","[[""Sif2"", 0.24946655333042145, 26.0], [""937"", 0.9998483789296031, 52.0], [""-3182"", 0.4007781242512106, 27.5], [""11937"", 0.994167947189219, 54.0]]",,,ml/output/tracks/best_frames/25_12-20/track_0161_r0.jpg,ml/output/tracks/best_frames_hires/25_12-20/track_0161_r0.jpg,6: 8
25_12-20.mp4,154,10420,2148,610,2304,860,0,,[],,,ml/output/tracks/best_frames/25_12-20/track_0154_r2.jpg,ml/output/tracks/best_frames_hires/25_12-20/track_0154_r2.jpg,
25_12-20.mp4,157,10573,2144,830,2398,1124,0,,[],,,ml/output/tracks/best_frames/25_12-20/track_0157_r0.jpg,ml/output/tracks/best_frames_hires/25_12-20/track_0157_r0.jpg,
25_12-20.mp4,161,10573,2178,109,2435,421,270,"3151
1937
-315
33
1937","[[""3151"", 0.48318979144096375, 24.0], [""1937"", 0.9999729990959167, 50.0], [""-315"", 0.9874693059495844, 25.0], [""33"", 0.4451773881540511, 18.0], [""1937"", 1.0, 50.0]]",,,ml/output/tracks/best_frames/25_12-20/track_0161_r1.jpg,ml/output/tracks/best_frames_hires/25_12-20/track_0161_r1.jpg,8
25_12-20.mp4,168,10573,607,3,823,95,0,8,"[[""8"", 0.9999699594846447, 98.93746812116996]]",,,ml/output/tracks/best_frames/25_12-20/track_0168_r0.jpg,ml/output/tracks/best_frames_hires/25_12-20/track_0168_r0.jpg,
25_12-20.mp4,111,10573,546,1293,758,1543,180,"3
6
'
8
8","[[""3"", 0.24924573655175664, 36.0], [""6"", 0.9073358019723605, 22.0], [""'"", 0.8908544740510393, 60.93982809858525], [""8"", 0.825455131426466, 100.46582367194515], [""8"", 0.9424595498300938, 80.5]]",,,ml/output/tracks/best_frames/25_12-20/track_0111_r1.jpg,ml/output/tracks/best_frames_hires/25_12-20/track_0111_r1.jpg,:
25_12-20.mp4,153,10573,583,48,789,364,0,8,"[[""8"", 0.9999055884711652, 98.93746812116996]]",,,ml/output/tracks/best_frames/25_12-20/track_0153_r2.jpg,ml/output/tracks/best_frames_hires/25_12-20/track_0153_r2.jpg,
25_12-20.mp4,174,10726,544,1249,756,1513,180,"'
8","[[""'"", 0.8977253966240575, 40.93732773208809], [""8"", 0.9851987208736581, 98.5079826863406]]",,,ml/output/tracks/best_frames/25_12-20/track_0174_r2.jpg,ml/output/tracks/best_frames_hires/25_12-20/track_0174_r2.jpg,2
25_12-20.mp4,173,10726,606,1662,813,1932,270,"еnе
3 бе;
299
;","[[""еnе"", 0.4106195262018002, 18.0], [""3 бе;"", 0.11468041859843461, 24.0], [""299"", 0.9996465893461296, 58.87512385943698], ["";"", 0.12369884911834461, 19.168609451690145]]",,,ml/output/tracks/best_frames/25_12-20/track_0173_r0.jpg,ml/output/tracks/best_frames_hires/25_12-20/track_0173_r0.jpg,
25_12-20.mp4,171,10726,2144,785,2303,1018,0,,[],,,ml/output/tracks/best_frames/25_12-20/track_0171_r2.jpg,ml/output/tracks/best_frames_hires/25_12-20/track_0171_r2.jpg,
25_12-20.mp4,169,10726,2091,1674,2345,1943,270,"= = 
=
326
55
7
326","[[""= = "", 0.30758237838745117, 16.0], [""="", 0.7908161998198047, 14.0], [""326"", 0.9999888502748309, 56.0], [""55"", 0.13547780199224047, 21.5], [""7"", 0.4064142144116545, 19.5], [""326"", 0.9686830043792725, 55.5]]",,,ml/output/tracks/best_frames/25_12-20/track_0169_r1.jpg,ml/output/tracks/best_frames_hires/25_12-20/track_0169_r1.jpg,
25_12-20.mp4,168,10726,612,1,817,121,0,"3
8","[[""3"", 0.8689075234716235, 106.95949751218], [""8"", 0.9951711915178407, 61.45945925334557]]",,,ml/output/tracks/best_frames/25_12-20/track_0168_r1.jpg,ml/output/tracks/best_frames_hires/25_12-20/track_0168_r1.jpg,0
25_12-20.mp4,161,10726,2169,182,2431,486,270,"31
1937
-3151
1937","[[""31"", 0.9920412777765959, 24.0], [""1937"", 0.9998375177383423, 50.0], [""-3151"", 0.1639779198553627, 22.0], [""1937"", 0.6018150448799133, 52.0]]",,,ml/output/tracks/best_frames/25_12-20/track_0161_r2.jpg,ml/output/tracks/best_frames_hires/25_12-20/track_0161_r2.jpg,8
25_12-20.mp4,153,10880,571,1,787,470,180,"g
8","[[""g"", 0.7821920547491032, 119.96830164251566], [""8"", 0.6614709702753352, 131.99257315316402]]",,,ml/output/tracks/best_frames/25_12-20/track_0153_r1.jpg,ml/output/tracks/best_frames_hires/25_12-20/track_0153_r1.jpg,
25_12-20.mp4,174,10880,552,1294,766,1556,180,"&
5
8","[[""&"", 0.2777493656754224, 22.0], [""5"", 0.9999181048948493, 22.0], [""8"", 0.9609684756113133, 97.0]]",,,ml/output/tracks/best_frames/25_12-20/track_0174_r1.jpg,ml/output/tracks/best_frames_hires/25_12-20/track_0174_r1.jpg,
25_12-20.mp4,173,10880,617,1747,837,1991,270,"s 
2299","[[""s "", 0.5443691099192015, 20.992277876713665], [""2299"", 0.9706282615661621, 60.0]]",,,ml/output/tracks/best_frames/25_12-20/track_0173_r2.jpg,ml/output/tracks/best_frames_hires/25_12-20/track_0173_r2.jpg,6
25_12-20.mp4,171,10880,2131,865,2304,1133,0,,[],,,ml/output/tracks/best_frames/25_12-20/track_0171_r0.jpg,ml/output/tracks/best_frames_hires/25_12-20/track_0171_r0.jpg,
25_12-20.mp4,169,10880,2085,1660,2304,1904,0,"1
{
8","[[""1"", 0.8902917589471713, 46.0], [""{"", 0.9662366987734892, 26.0], [""8"", 0.998810168588534, 100.0]]",,,ml/output/tracks/best_frames/25_12-20/track_0169_r2.jpg,ml/output/tracks/best_frames_hires/25_12-20/track_0169_r2.jpg,
25_12-20.mp4,177,10880,538,864,755,1086,0,8,"[[""8"", 0.8199974909987304, 104.0]]",,,ml/output/tracks/best_frames/25_12-20/track_0177_r1.jpg,ml/output/tracks/best_frames_hires/25_12-20/track_0177_r1.jpg,
25_12-20.mp4,178,10880,2178,236,2304,424,0,,[],,,ml/output/tracks/best_frames/25_12-20/track_0178_r1.jpg,ml/output/tracks/best_frames_hires/25_12-20/track_0178_r1.jpg,
25_12-20.mp4,157,10880,2128,969,2385,1268,0,,[],,,ml/output/tracks/best_frames/25_12-20/track_0157_r2.jpg,ml/output/tracks/best_frames_hires/25_12-20/track_0157_r2.jpg,
25_12-20.mp4,177,11033,541,870,750,948,270,25 .,"[[""25 ."", 0.9045932674323997, 24.0]]",,,ml/output/tracks/best_frames/25_12-20/track_0177_r0.jpg,ml/output/tracks/best_frames_hires/25_12-20/track_0177_r0.jpg,
25_12-20.mp4,179,11033,2128,913,2304,1165,0,,[],,,ml/output/tracks/best_frames/25_12-20/track_0179_r0.jpg,ml/output/tracks/best_frames_hires/25_12-20/track_0179_r0.jpg,
25_12-20.mp4,153,11033,568,63,790,530,0,8,"[[""8"", 0.9960343891993126, 108.96107411703855]]",,,ml/output/tracks/best_frames/25_12-20/track_0153_r0.jpg,ml/output/tracks/best_frames_hires/25_12-20/track_0153_r0.jpg,
25_12-20.mp4,178,11033,2169,265,2398,527,270,"31
313","[[""31"", 0.9996340163862714, 24.0], [""313"", 0.9136071957300494, 25.5]]",,,ml/output/tracks/best_frames/25_12-20/track_0178_r0.jpg,ml/output/tracks/best_frames_hires/25_12-20/track_0178_r0.jpg,
25_12-20.mp4,174,11033,556,1337,766,1596,90,"nъ
608
501
2
608","[[""nъ"", 0.34699757511907753, 16.0], [""608"", 0.879300057888031, 54.175992164748095], [""501"", 0.14100670268461105, 19.0], [""2"", 0.2787439669829297, 12.0], [""608"", 0.984217682145123, 51.66945956749743]]",,,ml/output/tracks/best_frames/25_12-20/track_0174_r0.jpg,ml/output/tracks/best_frames_hires/25_12-20/track_0174_r0.jpg,
25_12-20.mp4,111,11033,570,1457,782,1709,180,"5
8
'
'
8
3","[[""5"", 0.9908496618001585, 24.0], [""8"", 0.7749418115032682, 95.0], [""'"", 0.24220969497390854, 56.930646614993876], [""'"", 0.9983645217455752, 48.9047482407358], [""8"", 0.9992039596382405, 79.0], [""3"", 0.4418643253274155, 29.0]]",,,ml/output/tracks/best_frames/25_12-20/track_0111_r0.jpg,ml/output/tracks/best_frames_hires/25_12-20/track_0111_r0.jpg,5 6
25_12-20.mp4,173,11033,625,1759,838,2013,180,"[
8","[[""["", 0.9939674793678854, 28.0], [""8"", 0.9992158758570078, 95.78790625252867]]",,,ml/output/tracks/best_frames/25_12-20/track_0173_r1.jpg,ml/output/tracks/best_frames_hires/25_12-20/track_0173_r1.jpg,
25_12-20.mp4,171,11033,2140,833,2398,1111,0,,[],,,ml/output/tracks/best_frames/25_12-20/track_0171_r1.jpg,ml/output/tracks/best_frames_hires/25_12-20/track_0171_r1.jpg,
25_12-20.mp4,148,11186,2151,360,2412,640,270,"193
-31
193","[[""193"", 0.9999927044989317, 50.0], [""-31"", 0.9991785438644546, 24.0], [""193"", 0.9999725386698679, 51.0]]",,,ml/output/tracks/best_frames/25_12-20/track_0148_r0.jpg,ml/output/tracks/best_frames_hires/25_12-20/track_0148_r0.jpg,8
25_12-20.mp4,179,11186,2117,993,2304,1238,0,,[],,,ml/output/tracks/best_frames/25_12-20/track_0179_r1.jpg,ml/output/tracks/best_frames_hires/25_12-20/track_0179_r1.jpg,
25_12-20.mp4,169,11186,2062,1797,2326,2060,0,"{
8","[[""{"", 0.5773776768084105, 22.0], [""8"", 0.9974760266150184, 94.0]]",,,ml/output/tracks/best_frames/25_12-20/track_0169_r0.jpg,ml/output/tracks/best_frames_hires/25_12-20/track_0169_r0.jpg,
25_12-20.mp4,184,11186,540,658,740,909,270,"2299
25","[[""2299"", 0.9434935828254256, 42.0], [""25"", 1.0, 20.0]]",,,ml/output/tracks/best_frames/25_12-20/track_0184_r0.jpg,ml/output/tracks/best_frames_hires/25_12-20/track_0184_r0.jpg,8
25_12-20.mp4,179,11339,2120,1139,2304,1281,0,,[],,,ml/output/tracks/best_frames/25_12-20/track_0179_r2.jpg,ml/output/tracks/best_frames_hires/25_12-20/track_0179_r2.jpg,
25_12-20.mp4,186,11339,2140,864,2402,1122,270,"37
37:","[[""37"", 0.8589466252110212, 48.0], [""37:"", 0.9689293969466418, 58.0]]",,,ml/output/tracks/best_frames/25_12-20/track_0186_r1.jpg,ml/output/tracks/best_frames_hires/25_12-20/track_0186_r1.jpg,
25_12-20.mp4,184,11339,538,703,744,948,270,2299,"[[""2299"", 0.9997035800106477, 42.0]]",,,ml/output/tracks/best_frames/25_12-20/track_0184_r1.jpg,ml/output/tracks/best_frames_hires/25_12-20/track_0184_r1.jpg,
25_12-20.mp4,187,11339,2167,0,2304,265,0,,[],,,ml/output/tracks/best_frames/25_12-20/track_0187_r0.jpg,ml/output/tracks/best_frames_hires/25_12-20/track_0187_r0.jpg,
25_12-20.mp4,188,11339,570,1480,789,1715,180,"5
8","[[""5"", 0.5193855021061609, 46.95237412036791], [""8"", 0.9957356711852441, 97.61935357482584]]",,,ml/output/tracks/best_frames/25_12-20/track_0188_r0.jpg,ml/output/tracks/best_frames_hires/25_12-20/track_0188_r0.jpg,7
25_12-20.mp4,189,11339,2119,1388,2362,1667,180,эээш,"[[""эээш"", 0.3978067636489868, 110.0]]",,,ml/output/tracks/best_frames/25_12-20/track_0189_r0.jpg,ml/output/tracks/best_frames_hires/25_12-20/track_0189_r0.jpg,
25_12-20.mp4,176,11339,2115,1169,2371,1442,0,,[],,,ml/output/tracks/best_frames/25_12-20/track_0176_r0.jpg,ml/output/tracks/best_frames_hires/25_12-20/track_0176_r0.jpg,
25_12-20.mp4,166,11339,2149,591,2401,886,270,"31-
1937
331937 :","[[""31-"", 0.37902714111347663, 26.0], [""1937"", 0.9998639736873591, 50.0], [""331937 :"", 0.5779035047147751, 56.0]]",,,ml/output/tracks/best_frames/25_12-20/track_0166_r0.jpg,ml/output/tracks/best_frames_hires/25_12-20/track_0166_r0.jpg,
25_12-20.mp4,189,11492,2119,1503,2359,1772,0,"Десс
вынс
:6
..:","[[""Десс"", 0.8950923085212708, 98.0], [""вынс"", 0.6287824511528015, 74.0], ["":6"", 0.15259343366038075, 92.0], [""..:"", 0.3543308549706646, 67.0]]",,,ml/output/tracks/best_frames/25_12-20/track_0189_r1.jpg,ml/output/tracks/best_frames_hires/25_12-20/track_0189_r1.jpg,31
25_12-20.mp4,188,11492,583,1514,788,1762,180,"2
'
8","[[""2"", 0.4137674805278948, 22.0], [""'"", 0.4409877909785145, 53.92232270276368], [""8"", 0.9979274294097742, 90.37748760723703]]",,,ml/output/tracks/best_frames/25_12-20/track_0188_r1.jpg,ml/output/tracks/best_frames_hires/25_12-20/track_0188_r1.jpg,
25_12-20.mp4,187,11492,2171,1,2303,223,90,"E5
6
че z","[[""E5"", 0.9806629502394602, 18.0], [""6"", 0.9999434955949624, 36.0], [""че z"", 0.16826662421226501, 18.0]]",,,ml/output/tracks/best_frames/25_12-20/track_0187_r2.jpg,ml/output/tracks/best_frames_hires/25_12-20/track_0187_r2.jpg,
25_12-20.mp4,186,11492,2141,864,2399,1146,0,"F
""
8
5
{H","[[""F"", 0.2542668501770642, 34.0], [""\"""", 0.21107481053695665, 39.0], [""8"", 0.9875387781858649, 124.0], [""5"", 0.9526222122303807, 36.0], [""{H"", 0.4245069660311179, 26.0]]",,,ml/output/tracks/best_frames/25_12-20/track_0186_r0.jpg,ml/output/tracks/best_frames_hires/25_12-20/track_0186_r0.jpg,
25_12-20.mp4,167,11646,562,257,777,515,270,"Л1733""
мсяa 1","[[""Л1733\"""", 0.77970779007776, 52.0], [""мсяa 1"", 0.2006835555667592, 21.788854381999833]]",,,ml/output/tracks/best_frames/25_12-20/track_0167_r0.jpg,ml/output/tracks/best_frames_hires/25_12-20/track_0167_r0.jpg,
25_12-20.mp4,187,11646,2170,28,2303,245,0,"$
5","[[""$"", 0.615813080411499, 67.0], [""5"", 0.96429717952876, 26.0]]",,,ml/output/tracks/best_frames/25_12-20/track_0187_r1.jpg,ml/output/tracks/best_frames_hires/25_12-20/track_0187_r1.jpg,
25_12-20.mp4,166,11646,2147,723,2400,1018,0,"2
[
2
!
я
1
1
i
1","[[""2"", 0.15150171973590787, 26.0], [""["", 0.9864013755613996, 26.0], [""2"", 0.03936495106078497, 199.0], [""!"", 0.20156479283934292, 56.0], [""я"", 0.288305564751127, 30.0], [""1"", 0.584001050839916, 102.99026852925965], [""1"", 0.9941884322701213, 88.98691770366622], [""i"", 0.9429797068194468, 38.93072678605654], [""1"", 0.4744808815007815, 60.97187711526891]]",,,ml/output/tracks/best_frames/25_12-20/track_0166_r1.jpg,ml/output/tracks/best_frames_hires/25_12-20/track_0166_r1.jpg,
25_12-20.mp4,194,11646,2169,167,2415,460,0,,[],,,ml/output/tracks/best_frames/25_12-20/track_0194_r1.jpg,ml/output/tracks/best_frames_hires/25_12-20/track_0194_r1.jpg,
25_12-20.mp4,188,11646,586,1548,796,1782,270,"405
аттн
309","[[""405"", 0.8035888615865084, 20.0], [""аттн"", 0.4698776074125248, 23.397529796969422], [""309"", 0.999995182215476, 56.62310021407279]]",,,ml/output/tracks/best_frames/25_12-20/track_0188_r2.jpg,ml/output/tracks/best_frames_hires/25_12-20/track_0188_r2.jpg,
25_12-20.mp4,193,11799,2077,2014,2276,2159,0,,[],,,ml/output/tracks/best_frames/25_12-20/track_0193_r0.jpg,ml/output/tracks/best_frames_hires/25_12-20/track_0193_r0.jpg,
25_12-20.mp4,167,11799,556,314,771,578,0,"5
8","[[""5"", 0.7549359401223796, 24.0], [""8"", 0.9775653521522862, 154.97630328422986]]",,,ml/output/tracks/best_frames/25_12-20/track_0167_r2.jpg,ml/output/tracks/best_frames_hires/25_12-20/track_0167_r2.jpg,
25_12-20.mp4,198,11799,2168,221,2417,520,0,,[],,,ml/output/tracks/best_frames/25_12-20/track_0198_r0.jpg,ml/output/tracks/best_frames_hires/25_12-20/track_0198_r0.jpg,
25_12-20.mp4,201,11952,607,2,816,98,0,,[],,,ml/output/tracks/best_frames/25_12-20/track_0201_r1.jpg,ml/output/tracks/best_frames_hires/25_12-20/track_0201_r1.jpg,
25_12-20.mp4,193,11952,2081,1982,2304,2159,270,"271
6
[РЛИ
6","[[""271"", 0.1485620925408683, 12.0], [""6"", 0.9998723309259994, 48.0], [""[РЛИ"", 0.617854027941713, 42.79218035816959], [""6"", 0.9999983310706426, 46.0]]",,,ml/output/tracks/best_frames/25_12-20/track_0193_r1.jpg,ml/output/tracks/best_frames_hires/25_12-20/track_0193_r1.jpg,
25_12-20.mp4,198,11952,2171,179,2437,508,0,,[],,,ml/output/tracks/best_frames/25_12-20/track_0198_r1.jpg,ml/output/tracks/best_frames_hires/25_12-20/track_0198_r1.jpg,
25_12-20.mp4,201,12105,606,1,813,118,0,,[],,,ml/output/tracks/best_frames/25_12-20/track_0201_r0.jpg,ml/output/tracks/best_frames_hires/25_12-20/track_0201_r0.jpg,
25_12-20.mp4,193,12105,2082,1988,2304,2159,270,"41-
6
ТРЛИ
221
6","[[""41-"", 0.3737074992318519, 14.0], [""6"", 0.9998862775711501, 38.0], [""ТРЛИ"", 0.5370697379112244, 41.78110745777965], [""221"", 0.2620555655022008, 13.0], [""6"", 0.9999110718471371, 42.0]]",,,ml/output/tracks/best_frames/25_12-20/track_0193_r2.jpg,ml/output/tracks/best_frames_hires/25_12-20/track_0193_r2.jpg,
25_12-20.mp4,204,12105,534,583,748,852,270,"31%)
)2299","[[""31%)"", 0.9143295288085938, 24.0], ["")2299"", 0.7043795019297596, 42.0]]",,,ml/output/tracks/best_frames/25_12-20/track_0204_r0.jpg,ml/output/tracks/best_frames_hires/25_12-20/track_0204_r0.jpg,8
25_12-20.mp4,202,12105,2170,262,2422,579,0,,[],,,ml/output/tracks/best_frames/25_12-20/track_0202_r2.jpg,ml/output/tracks/best_frames_hires/25_12-20/track_0202_r2.jpg,
25_12-20.mp4,148,12105,2147,790,2418,1141,180,"8
2
=
8
Il
5
я
!
I
1
8
1
1
5
1
0
:
2","[[""8"", 0.17027307756666588, 50.0], [""2"", 0.051948910166984774, 46.0], [""="", 0.5336227358615275, 22.0], [""8"", 0.9696037349398381, 116.0], [""Il"", 0.31266419398044937, 70.0], [""5"", 0.22453527413613816, 30.0], [""я"", 0.39118555912751063, 22.0], [""!"", 0.9770595431849962, 24.0], [""I"", 0.8744845041896987, 56.0], [""1"", 0.5837103878946017, 59.0], [""8"", 0.9928735361327199, 140.0], [""1"", 0.9999963045154381, 66.0], [""1"", 0.9441770526529503, 103.5], [""5"", 0.8221003776739622, 59.0], [""1"", 0.5462968862306674, 14.0], [""0"", 0.8901139365507369, 12.0], ["":"", 0.6726514289295018, 37.9809845463555], [""2"", 0.9338958343000883, 29.467739820199824]]",,,ml/output/tracks/best_frames/25_12-20/track_0148_r2.jpg,ml/output/tracks/best_frames_hires/25_12-20/track_0148_r2.jpg,
25_12-20.mp4,166,12105,2141,950,2399,1242,270,"9
9
9","[[""9"", 0.9999818802700702, 26.0], [""9"", 0.6373817193296105, 55.5], [""9"", 0.9999194161437686, 28.0]]",,,ml/output/tracks/best_frames/25_12-20/track_0166_r2.jpg,ml/output/tracks/best_frames_hires/25_12-20/track_0166_r2.jpg,
25_12-20.mp4,167,12105,548,452,754,714,90,"T
co
&
1[7,","[[""T"", 0.23258087698485586, 14.0], [""co"", 0.47065287882835194, 16.0], [""&"", 0.9747484192576508, 32.0], [""1[7,"", 0.8523082733154297, 14.0]]",,,ml/output/tracks/best_frames/25_12-20/track_0167_r1.jpg,ml/output/tracks/best_frames_hires/25_12-20/track_0167_r1.jpg,
25_12-20.mp4,202,12259,2172,349,2437,671,180,"2
р
'
2
1
|
!","[[""2"", 0.8549888905450054, 24.0], [""р"", 0.06550642277149166, 32.0], [""'"", 0.6729396854459289, 36.0], [""2"", 0.8830582842716126, 30.0], [""1"", 0.11659866937065999, 77.98290859108508], [""|"", 0.7885196732070341, 50.959608117560805], [""!"", 0.9188650219319108, 42.943040677566266]]",,,ml/output/tracks/best_frames/25_12-20/track_0202_r1.jpg,ml/output/tracks/best_frames_hires/25_12-20/track_0202_r1.jpg,3 9 8
25_12-20.mp4,207,12259,529,1087,765,1279,180,"g
=
:
@
8
[
7
8
116
:
8
2","[[""g"", 0.6421619140543875, 36.0], [""="", 0.24895244535802252, 24.0], ["":"", 0.5175978348166979, 30.0], [""@"", 0.5524989967526075, 38.0], [""8"", 0.9987862219239254, 105.80573001674856], [""["", 0.14874312380028787, 66.97674339530124], [""7"", 0.3510790304422393, 16.5], [""8"", 0.9963937191129766, 39.0], [""116"", 0.7251588439515251, 137.5], ["":"", 0.9507870767052395, 29.0], [""8"", 0.2860214244077639, 55.5], [""2"", 0.4990852250069935, 20.0]]",,,ml/output/tracks/best_frames/25_12-20/track_0207_r0.jpg,ml/output/tracks/best_frames_hires/25_12-20/track_0207_r0.jpg,
25_12-20.mp4,207,12412,547,1141,757,1280,90,"CG'
662
~Fz
17,а
751
66
662
7777
782 0","[[""CG'"", 0.8850449771473721, 18.0], [""662"", 0.991937329287609, 44.0], [""~Fz"", 0.16631309744019054, 17.0], [""17,а"", 0.14193688333034515, 8.0], [""751"", 0.321885513368679, 14.0], [""66"", 0.8917337691008775, 25.0], [""662"", 0.9978778606736307, 40.5], [""7777"", 0.09743364155292511, 18.5], [""782 0"", 0.3248930951144147, 16.0]]",,,ml/output/tracks/best_frames/25_12-20/track_0207_r1.jpg,ml/output/tracks/best_frames_hires/25_12-20/track_0207_r1.jpg,
25_12-20.mp4,206,12412,2166,549,2423,847,0,"1
[
Il
5
5
аыяЕ
{8
'
1
п
23
44
:
9
1

3
13","[[""1"", 0.4099032299282044, 40.0], [""["", 0.6188749614239129, 105.0], [""Il"", 0.9276941641952167, 58.0], [""5"", 0.20333345642535505, 200.0], [""5"", 0.2891185950861406, 48.0], [""аыяЕ"", 0.15371441841125488, 30.0], [""{8"", 0.9837165582570301, 26.0], [""'"", 0.7786643260769779, 62.973655330211045], [""1"", 0.999615944550797, 60.97187711526897], [""п"", 0.15218621977194946, 44.886081355132546], [""23"", 0.5995450342025047, 25.0], [""44"", 0.2541031089674465, 52.0], ["":"", 0.2267980458643457, 20.0], [""9"", 0.2952676782258692, 29.0], [""1"", 0.7892090536415743, 55.5], ["""", 0.0, 59.0], [""3"", 0.5405282247103429, 143.0], [""13"", 0.5023980647752608, 55.0]]",,,ml/output/tracks/best_frames/25_12-20/track_0206_r2.jpg,ml/output/tracks/best_frames_hires/25_12-20/track_0206_r2.jpg,93 8
25_12-20.mp4,138,12412,554,1264,778,1527,90,"301
604","[[""301"", 0.9686402531966195, 24.0], [""604"", 0.5132286555620452, 21.301973624698462]]",,,ml/output/tracks/best_frames/25_12-20/track_0138_r1.jpg,ml/output/tracks/best_frames_hires/25_12-20/track_0138_r1.jpg,
25_12-20.mp4,210,12565,575,32,806,373,180,"{8'
7
{
я
;
3
Е
:
1
1","[[""{8'"", 0.33614799560649233, 24.0], [""7"", 0.9790786102547919, 34.0], [""{"", 0.19591698391355195, 52.0], [""я"", 0.25047193367016973, 26.0], ["";"", 0.6092688218251432, 40.0], [""3"", 0.24353015498182007, 171.98100230055968], [""Е"", 0.23981037048548615, 58.93547964039963], ["":"", 0.3831734187550673, 49.95796083947522], [""1"", 0.726830272139356, 60.97187711526891], [""1"", 0.4944711029967408, 47.95435272784562]]",,,ml/output/tracks/best_frames/25_12-20/track_0210_r2.jpg,ml/output/tracks/best_frames_hires/25_12-20/track_0210_r2.jpg,4 1 75 8 :
25_12-20.mp4,206,12565,2163,623,2420,918,180,"8
я
F
8
Illi
[
=
!
|
]
8
6
:
5
1
1
5
50
1
2","[[""8"", 0.9791154127746928, 26.0], [""я"", 0.6510537909671257, 38.0], [""F"", 0.9553502685552218, 22.0], [""8"", 0.9996632621098946, 96.0], [""Illi"", 0.15091225458764554, 70.0], [""["", 0.31319311607353484, 40.0], [""="", 0.04881039856602243, 96.93458851833111], [""!"", 0.9960272508509469, 64.97527105692893], [""|"", 0.8274401841372345, 50.95960811756083], [""]"", 0.11401511065130965, 50.95960811756083], [""8"", 0.7866771589437036, 14.5], [""6"", 0.28397761970569846, 17.0], ["":"", 0.36248674630943256, 30.0], [""5"", 0.6668866107816065, 24.0], [""1"", 0.3328509603184706, 31.5], [""1"", 0.8702607281495744, 42.0], [""5"", 0.7304781091385202, 29.0], [""50"", 0.8827269964225642, 16.0], [""1"", 0.33368710950995606, 59.492481176391365], [""2"", 0.6020705828305495, 30.953282726525444]]",,,ml/output/tracks/best_frames/25_12-20/track_0206_r1.jpg,ml/output/tracks/best_frames_hires/25_12-20/track_0206_r1.jpg,1 0 -  8
25_12-20.mp4,211,12565,2134,1188,2396,1467,0,,[],,,ml/output/tracks/best_frames/25_12-20/track_0211_r0.jpg,ml/output/tracks/best_frames_hires/25_12-20/track_0211_r0.jpg,
25_12-20.mp4,202,12565,2169,419,2435,703,0,"g
'
#
9
;
1
;
9
5
8
3
1
4
9
1
2","[[""g"", 0.9332577252872767, 56.0], [""'"", 0.569094022049299, 42.0], [""#"", 0.326093800425852, 46.0], [""9"", 0.10856146446215931, 22.0], ["";"", 0.2892178281336477, 46.0], [""1"", 0.8844216743547264, 68.97808873418603], ["";"", 0.23640354372450734, 36.923047895281684], [""9"", 0.28667291749173174, 12.0], [""5"", 0.8431060463132134, 25.0], [""8"", 0.16608595567265994, 26.0], [""3"", 0.9936069236609093, 61.5], [""1"", 0.3507253854956538, 73.5], [""4"", 0.3597595997782719, 31.0], [""9"", 0.9982703065603005, 18.0], [""1"", 0.9425104711910173, 44.5], [""2"", 0.7913597017365568, 45.98721050957943]]",,,ml/output/tracks/best_frames/25_12-20/track_0202_r0.jpg,ml/output/tracks/best_frames_hires/25_12-20/track_0202_r0.jpg,1 0 6 1 2 5 8
25_12-20.mp4,194,12718,2163,565,2430,884,270,"Hшupus
1-
Wn;E 5
Киъi""
Tor
'Птпцэ поапъ
[Пргптъя)
тяL
26a2
3191
93799
@Mi
8-  3
6
62-6 5
:3
10 92 
 0-7
/ 7 9  0 731
23 
264255
777
-319
9.
/193799
5:
211
6
51
:1
15","[[""Hшupus"", 0.1716825977906707, 12.0], [""1-"", 0.17963746789910173, 6.0], [""Wn;E 5"", 0.43953316956494964, 14.0], [""Киъi\"""", 0.1284427951639931, 14.0], [""Tor"", 0.2543485087773247, 8.0], [""'Птпцэ поапъ"", 0.14504619576490066, 12.0], [""[Пргптъя)"", 0.2832957600695317, 14.0], [""тяL"", 0.28642576618531734, 14.0], [""26a2"", 0.5539670586585999, 16.0], [""3191"", 0.8113654255867004, 48.0], [""93799"", 0.5920362349425428, 52.0], [""@Mi"", 0.7338392801371982, 22.539672889527907], [""8-  3"", 0.19159769873184548, 14.5], [""6"", 0.26588881052157376, 7.0], [""62-6 5"", 0.14774235306949524, 14.5], ["":3"", 0.8918760916530207, 19.0], [""10 92 "", 0.1233305917748423, 14.0], ["" 0-7"", 0.6574074029922485, 12.0], [""/ 7 9  0 731"", 0.17051770670277513, 18.0], [""23 "", 0.12484561131143167, 7.0], [""264255"", 0.6958144804653186, 19.5], [""777"", 0.3732138029825527, 14.0], [""-319"", 0.9110990762710571, 32.5], [""9."", 0.7162740833491568, 12.5], [""/193799"", 0.6092335736865097, 54.0], [""5:"", 0.17397574658316936, 7.0], [""211"", 0.4655688408740327, 12.0], [""6"", 0.13570936512255471, 7.0], [""51"", 0.5408473412300753, 13.334140112506471], ["":1"", 0.8597760216278981, 16.313246282171107], [""15"", 0.7673813840323839, 11.26983644476394]]",,,ml/output/tracks/best_frames/25_12-20/track_0194_r0.jpg,ml/output/tracks/best_frames_hires/25_12-20/track_0194_r0.jpg,2 : 8
25_12-20.mp4,216,12718,2134,1139,2407,1436,0,,[],,,ml/output/tracks/best_frames/25_12-20/track_0216_r0.jpg,ml/output/tracks/best_frames_hires/25_12-20/track_0216_r0.jpg,
25_12-20.mp4,219,12718,555,1289,773,1525,0,,[],,,ml/output/tracks/best_frames/25_12-20/track_0219_r1.jpg,ml/output/tracks/best_frames_hires/25_12-20/track_0219_r1.jpg,
25_12-20.mp4,211,12718,2131,1272,2390,1543,0,,[],,,ml/output/tracks/best_frames/25_12-20/track_0211_r2.jpg,ml/output/tracks/best_frames_hires/25_12-20/track_0211_r2.jpg,
25_12-20.mp4,210,12718,570,40,802,459,0,"F
'
!
5
;
[
4
;
;
n
[
5
:
8
57
7
5","[[""F"", 0.09454071106382855, 40.0], [""'"", 0.4490127263257051, 28.0], [""!"", 0.5842967067542624, 26.0], [""5"", 0.9452170667091799, 34.0], ["";"", 0.3243740055664581, 24.0], [""["", 0.6559879030428419, 62.973655330211045], [""4"", 0.1042148547785624, 174.98168496631192], ["";"", 0.9051342524799146, 48.95621185796972], ["";"", 0.8284091373889737, 41.940285000290714], [""n"", 0.1800014453792267, 51.96116135138186], [""["", 0.6881699612246486, 97.96486677841676], [""5"", 0.1425679969544582, 12.0], ["":"", 0.5202953671420261, 25.0], [""8"", 0.999361974474656, 100.5], [""57"", 0.9006849421742631, 48.0], [""7"", 0.9623662746635233, 50.97755565271645], [""5"", 0.2977600776151945, 36.96807740609456]]",,,ml/output/tracks/best_frames/25_12-20/track_0210_r1.jpg,ml/output/tracks/best_frames_hires/25_12-20/track_0210_r1.jpg,9
25_12-20.mp4,206,12718,2160,705,2417,1000,180,"8
я
1
F
2
i
1
!
1 
5
1
5
1
5
8
4
1
59
1","[[""8"", 0.5722909059308314, 26.0], [""я"", 0.5163610820257567, 38.0], [""1"", 0.1844313002332223, 48.0], [""F"", 0.443288099216236, 22.0], [""2"", 0.17680988238011341, 175.0], [""i"", 0.9828745577279427, 39.0], [""1"", 0.4168823556142378, 66.97674339530124], [""!"", 0.9948437096939102, 43.0], [""1 "", 0.9379620230793093, 5.5], [""5"", 0.6780470783281913, 21.0], [""1"", 0.9941166406836288, 104.0], [""5"", 0.7888684021318113, 23.0], [""1"", 0.9912379639722566, 50.0], [""5"", 0.82015402370304, 12.0], [""8"", 0.968137816739759, 145.0], [""4"", 0.7629912981345264, 55.5], [""1"", 0.9945167572892046, 73.5], [""59"", 0.6908522750261114, 16.0], [""1"", 0.5420992333990995, 31.95638034723305]]",,,ml/output/tracks/best_frames/25_12-20/track_0206_r0.jpg,ml/output/tracks/best_frames_hires/25_12-20/track_0206_r0.jpg,
25_12-20.mp4,214,12872,2157,864,2410,1080,90,"66
L&
uZ63z
1та -","[[""66"", 0.9975352999344241, 24.0], [""L&"", 0.8428850046039005, 50.0], [""uZ63z"", 0.23523184801732452, 16.0], [""1та -"", 0.1161357025479601, 6.0]]",,,ml/output/tracks/best_frames/25_12-20/track_0214_r2.jpg,ml/output/tracks/best_frames_hires/25_12-20/track_0214_r2.jpg,
25_12-20.mp4,216,12872,2135,1165,2303,1412,0,,[],,,ml/output/tracks/best_frames/25_12-20/track_0216_r1.jpg,ml/output/tracks/best_frames_hires/25_12-20/track_0216_r1.jpg,
25_12-20.mp4,219,12872,559,1361,781,1596,270,"10""
30","[[""10\"""", 0.6834199193725239, 18.0], [""30"", 0.9989478396823875, 52.0]]",,,ml/output/tracks/best_frames/25_12-20/track_0219_r0.jpg,ml/output/tracks/best_frames_hires/25_12-20/track_0219_r0.jpg,8
25_12-20.mp4,176,12872,2084,1852,2329,2071,0,"#я
&
4
IlMg","[[""#я"", 0.14716156120020676, 40.0], [""&"", 0.16558496646030463, 86.0], [""4"", 0.9970291301193015, 30.0], [""IlMg"", 0.05772540345788002, 64.0]]",,,ml/output/tracks/best_frames/25_12-20/track_0176_r2.jpg,ml/output/tracks/best_frames_hires/25_12-20/track_0176_r2.jpg,
25_12-20.mp4,194,12872,2149,634,2436,938,180,"""afjH
Il
;
6
а
!
f
1
!
!
7
1
89
11
1
5
55
:
1
2","[[""\""afjH"", 0.04101153729199841, 75.0], [""Il"", 0.5398860683745409, 66.0], ["";"", 0.9454663797078098, 22.0], [""6"", 0.6862286133045927, 204.0], [""а"", 0.8472791746811801, 72.0], [""!"", 0.20887146149561886, 34.0], [""f"", 0.9838953425542627, 30.0], [""1"", 0.33530408482137375, 40.0], [""!"", 0.45387607346549785, 68.97808873418603], [""!"", 0.47350110580737237, 31.89736659610105], [""7"", 0.29307273707287607, 20.5], [""1"", 0.9543035285560677, 46.0], [""89"", 0.6281378927782569, 27.0], [""11"", 0.3849084902381043, 54.0], [""1"", 0.9725052760997102, 72.5], [""5"", 0.517369298306253, 39.0], [""55"", 0.7464104418364065, 19.0], ["":"", 0.9906857954788961, 30.0], [""1"", 0.9987745465398099, 67.9942853760559], [""2"", 0.3981734645283588, 32.45781567290339]]",,,ml/output/tracks/best_frames/25_12-20/track_0194_r2.jpg,ml/output/tracks/best_frames_hires/25_12-20/track_0194_r2.jpg,11
25_12-20.mp4,214,13025,2142,869,2402,1161,90,"66
L&
nZr{z
}=а =","[[""66"", 0.9926227388236634, 20.0], [""L&"", 0.8379309353792483, 48.0], [""nZr{z"", 0.30105055481608095, 16.0], [""}=а ="", 0.07753744500332761, 6.0]]",,,ml/output/tracks/best_frames/25_12-20/track_0214_r1.jpg,ml/output/tracks/best_frames_hires/25_12-20/track_0214_r1.jpg,
25_12-20.mp4,204,13025,536,866,750,1138,270,"Исплиии} U
7171
JJ6n
99
31%
22299""9
25901799","[[""Исплиии} U"", 0.40388151379134446, 15.0], [""7171"", 0.3890608847141266, 12.0], [""JJ6n"", 0.4353080689907074, 14.0], [""99"", 0.9993741766716114, 14.0], [""31%"", 0.9504739320709515, 20.0], [""22299\""9"", 0.5963041486283716, 43.0], [""25901799"", 0.6816349126090836, 42.0]]",,,ml/output/tracks/best_frames/25_12-20/track_0204_r2.jpg,ml/output/tracks/best_frames_hires/25_12-20/track_0204_r2.jpg,1 8 8
25_12-20.mp4,222,13025,528,984,745,1222,270,"Jblj
9'
99
259
)1799""","[[""Jblj"", 0.416980117559433, 14.0], [""9'"", 0.9999731947095736, 34.0], [""99"", 0.9997738475016256, 16.0], [""259"", 0.70216203825357, 24.0], ["")1799\"""", 0.8404348895994332, 53.0]]",,,ml/output/tracks/best_frames/25_12-20/track_0222_r2.jpg,ml/output/tracks/best_frames_hires/25_12-20/track_0222_r2.jpg,81
25_12-20.mp4,138,13178,590,1565,815,1803,90,"o
ccog
F OU
Тнмэлаdl
БнЁш
'608t
ndox
пнол .
66

729
6086
604
87
8/.
 -- /
01","[[""o"", 0.9465383015075055, 14.0], [""ccog"", 0.8630543351173401, 20.0], [""F OU"", 0.934146885982058, 12.0], [""Тнмэлаdl"", 0.14968766855680948, 18.0], [""БнЁш"", 0.035420555621385574, 29.542372015959586], [""'608t"", 0.5907868878319859, 52.31014126029038], [""ndox"", 0.30862024426460266, 26.81788136675152], [""пнол ."", 0.956273538399935, 24.95700389713295], [""66"", 0.9855541531683055, 16.0], ["""", 0.0, 14.0], [""729"", 0.1239934870551232, 19.0], [""6086"", 0.6432434916496277, 52.46622500934913], [""604"", 0.35026549848718486, 24.173005112629085], [""87"", 0.07253478109601379, 26.832704085683616], [""8/."", 0.36112524541807817, 23.357642057492285], ["" -- /"", 0.18232242516375938, 19.531944401629914], [""01"", 0.9163852362616778, 12.598355773321657]]",,,ml/output/tracks/best_frames/25_12-20/track_0138_r0.jpg,ml/output/tracks/best_frames_hires/25_12-20/track_0138_r0.jpg,4 6 2 8 : 5
25_12-20.mp4,214,13178,2135,943,2395,1233,270,"99
Il?
0
99
1","[[""99"", 0.9999790109339579, 20.0], [""Il?"", 0.16552829359604415, 24.0], [""0"", 0.5895384918342792, 8.0], [""99"", 1.0, 19.0], [""1"", 0.4137693208760993, 24.0]]",,,ml/output/tracks/best_frames/25_12-20/track_0214_r0.jpg,ml/output/tracks/best_frames_hires/25_12-20/track_0214_r0.jpg,
25_12-20.mp4,221,13178,549,480,754,754,90,"(%t€
919 ","[[""(%t€"", 0.7877888083457947, 24.0], [""919 "", 0.37338605523109436, 19.0]]",,,ml/output/tracks/best_frames/25_12-20/track_0221_r1.jpg,ml/output/tracks/best_frames_hires/25_12-20/track_0221_r1.jpg,
25_12-20.mp4,211,13178,2110,1368,2381,1649,0,"ЛДlессе
5/6","[[""ЛДlессе"", 0.6051758710737828, 78.0], [""5/6"", 0.20715386733862132, 80.0]]",,,ml/output/tracks/best_frames/25_12-20/track_0211_r1.jpg,ml/output/tracks/best_frames_hires/25_12-20/track_0211_r1.jpg,6
25_12-20.mp4,222,13178,536,1054,750,1282,270,"Исплиии}
771
25% )1
7995","[[""Исплиии}"", 0.5356400778445193, 15.0], [""771"", 0.39073340908526905, 14.0], [""25% )1"", 0.23011569294317816, 32.0], [""7995"", 0.5385314943566903, 42.0]]",,,ml/output/tracks/best_frames/25_12-20/track_0222_r0.jpg,ml/output/tracks/best_frames_hires/25_12-20/track_0222_r0.jpg,
25_12-20.mp4,210,13178,586,5,811,404,180,"8'
8
7
F
{
!;
F
!
8
Ё
1
1
!","[[""8'"", 0.9538239241092468, 22.0], [""8"", 0.999190256074499, 24.0], [""7"", 0.9664724784306635, 34.0], [""F"", 0.7431577381797503, 26.0], [""{"", 0.6369096577083191, 85.0], [""!;"", 0.6060886626041622, 44.0], [""F"", 0.054522662353937656, 24.0], [""!"", 0.9858137454903613, 51.0], [""8"", 0.3497133852224721, 50.0], [""Ё"", 0.1787861544394822, 52.91921623512161], [""1"", 0.14202304980328595, 64.97527105692893], [""1"", 0.6808953649024261, 60.97187711526894], [""!"", 0.7271884642365514, 42.94304067756627]]",,,ml/output/tracks/best_frames/25_12-20/track_0210_r0.jpg,ml/output/tracks/best_frames_hires/25_12-20/track_0210_r0.jpg,8 5
25_12-20.mp4,176,13178,2064,1915,2327,2138,0,"Ёд
&
4
[","[[""Ёд"", 0.862870624866317, 36.0], [""&"", 0.26130223347360015, 86.0], [""4"", 0.9823793104591374, 28.0], [""["", 0.4008586713946585, 60.0]]",,,ml/output/tracks/best_frames/25_12-20/track_0176_r1.jpg,ml/output/tracks/best_frames_hires/25_12-20/track_0176_r1.jpg,
25_12-20.mp4,204,13178,542,948,754,1204,270,"Мсплини}
75L
JJ5li '
29999
25%
)1799""
Fъ.;.
747 1","[[""Мсплини}"", 0.3084153431419038, 14.0], [""75L"", 0.8853569182767858, 13.0], [""JJ5li '"", 0.3099422181176635, 14.0], [""29999"", 0.8530499633357146, 40.0], [""25%"", 0.6810303330421448, 20.0], ["")1799\"""", 0.6189979141333712, 49.0], [""Fъ.;."", 0.04581738134734376, 8.0], [""747 1"", 0.14798194780525217, 12.764703585452601]]",,,ml/output/tracks/best_frames/25_12-20/track_0204_r1.jpg,ml/output/tracks/best_frames_hires/25_12-20/track_0204_r1.jpg,8
25_12-20.mp4,159,13178,2152,435,2422,786,180,"{948
i
я
j
Ili
6
а
=
!
!
1
!
{","[[""{948"", 0.3122730255126953, 30.0], [""i"", 0.052847851772517496, 28.0], [""я"", 0.37248508435828853, 36.0], [""j"", 0.7841178748158804, 40.0], [""Ili"", 0.766080282283993, 60.0], [""6"", 0.327524648610634, 205.0], [""а"", 0.7234932937460634, 26.0], [""="", 0.9723723213540758, 46.0], [""!"", 0.9999808073964722, 28.0], [""!"", 0.24122720195482206, 24.0], [""1"", 0.9308135076299209, 56.967739820199824], [""!"", 0.33247644449966174, 68.97808873418603], [""{"", 0.711152049771627, 28.875497521447414]]",,,ml/output/tracks/best_frames/25_12-20/track_0159_r0.jpg,ml/output/tracks/best_frames_hires/25_12-20/track_0159_r0.jpg,1 1 8 4 8 0 8 5 9
25_12-20.mp4,221,13331,543,533,748,809,270,"(31%
)22'","[[""(31%"", 0.8381736874580383, 24.0], ["")22'"", 0.3095981478691101, 40.0]]",,,ml/output/tracks/best_frames/25_12-20/track_0221_r2.jpg,ml/output/tracks/best_frames_hires/25_12-20/track_0221_r2.jpg,8
25_12-20.mp4,222,13331,541,1033,753,1268,270,"[Испяими} U 73L
271
25%)1
799ч","[[""[Испяими} U 73L"", 0.3954220022776009, 17.0], [""271"", 0.47948578984330026, 14.0], [""25%)1"", 0.8198600369679394, 32.0], [""799ч"", 0.4173823893070221, 51.0]]",,,ml/output/tracks/best_frames/25_12-20/track_0222_r1.jpg,ml/output/tracks/best_frames_hires/25_12-20/track_0222_r1.jpg,
25_12-20.mp4,227,13331,2130,1015,2389,1305,0,,[],,,ml/output/tracks/best_frames/25_12-20/track_0227_r0.jpg,ml/output/tracks/best_frames_hires/25_12-20/track_0227_r0.jpg,
25_12-20.mp4,138,13331,597,1611,825,1860,270,"ыe
3 по ценс
бо5
от
харт
гольтмши
[Pocex
'цанн
309
п1оча)
Тшунл","[[""ыe"", 0.4292782922524465, 17.0], [""3 по ценс"", 0.7675116477923116, 24.0], [""бо5"", 0.21953768561887135, 18.0], [""от"", 0.5435623878328578, 16.0], [""харт"", 0.9667539000511169, 18.0], [""гольтмши"", 0.2465353599331612, 20.57207105277687], [""[Pocex"", 0.1912981975638791, 15.658744312636587], [""'цанн"", 0.5771565024610357, 24.957003897132978], [""309"", 0.9999735710488722, 56.67472910823948], [""п1оча)"", 0.20830178653112758, 25.241237470816834], [""Тшунл"", 0.10294078330189856, 25.280911194278048]]",,,ml/output/tracks/best_frames/25_12-20/track_0138_r2.jpg,ml/output/tracks/best_frames_hires/25_12-20/track_0138_r2.jpg,8 1 6
25_12-20.mp4,225,13331,577,1530,801,1782,270,"6au
от
10
'цаны
карт
309
тшун","[[""6au"", 0.17834816943514217, 15.0], [""от"", 0.84733894265313, 16.0], [""10"", 0.9979690421988614, 18.0], [""'цаны"", 0.9434862287593624, 23.891270819258388], [""карт"", 0.4247759282588959, 26.847737675347872], [""309"", 0.9999951133900054, 56.727084387922076], [""тшун"", 0.04700042932113744, 26.32850047769565]]",,,ml/output/tracks/best_frames/25_12-20/track_0225_r0.jpg,ml/output/tracks/best_frames_hires/25_12-20/track_0225_r0.jpg,8 8 5 2
25_12-20.mp4,231,13331,2159,402,2429,719,0,"5
{
i
@
[
1
[
5
1
59
3
4
9
.
6
7
1
6
8
3","[[""5"", 0.49120911709729853, 34.0], [""{"", 0.3147254020882997, 101.0], [""i"", 0.47317837433888954, 26.0], [""@"", 0.9582782647399313, 30.0], [""["", 0.694885356983125, 44.0], [""1"", 0.6110892996395059, 42.94304067756627], [""["", 0.1421284188119154, 28.875497521447414], [""5"", 0.7941530989289483, 93.92988274194943], [""1"", 0.9144758710278644, 54.96532330749699], [""59"", 0.8769219903728166, 16.0], [""3"", 0.7951081079309006, 15.0], [""4"", 0.5518434877018343, 29.0], [""9"", 0.6911185894865781, 28.0], [""."", 0.7111024898414975, 78.0], [""6"", 0.9547049867400439, 63.0], [""7"", 0.9960637756694837, 12.0], [""1"", 0.36889189598923977, 59.0], [""6"", 0.32924353011827634, 63.0], [""8"", 0.9669961715039541, 65.97927454946927], [""3"", 0.38244654614096874, 27.94174202707275]]",,,ml/output/tracks/best_frames/25_12-20/track_0231_r1.jpg,ml/output/tracks/best_frames_hires/25_12-20/track_0231_r1.jpg,2 7 29 9 2 6 4 9 1
25_12-20.mp4,230,13331,2137,926,2303,1163,270,"99
3 2
27
16
99","[[""99"", 0.9999895475975691, 20.0], [""3 2"", 0.20727953339703958, 11.0], [""27"", 0.3852674071615987, 21.0], [""16"", 0.09360752576470856, 7.0], [""99"", 1.0, 19.0]]",,,ml/output/tracks/best_frames/25_12-20/track_0230_r0.jpg,ml/output/tracks/best_frames_hires/25_12-20/track_0230_r0.jpg,
25_12-20.mp4,229,13331,2182,23,2303,296,90,"66
9gfz","[[""66"", 0.9962267423254071, 20.0], [""9gfz"", 0.6590903997421265, 22.539672889527935]]",,,ml/output/tracks/best_frames/25_12-20/track_0229_r1.jpg,ml/output/tracks/best_frames_hires/25_12-20/track_0229_r1.jpg,
25_12-20.mp4,236,13485,2059,2046,2290,2156,0,,[],,,ml/output/tracks/best_frames/25_12-20/track_0236_r0.jpg,ml/output/tracks/best_frames_hires/25_12-20/track_0236_r0.jpg,
25_12-20.mp4,229,13485,2169,0,2426,236,270,"F5
25J6 .
)499
52 
914
99
2636 .","[[""F5"", 0.12554279219828496, 22.0], [""25J6 ."", 0.34589725532893556, 16.0], ["")499"", 0.8462094068527222, 42.0], [""52 "", 0.1815419150919524, 12.0], [""914"", 0.16220371888188195, 46.0], [""99"", 0.9999899690647899, 19.0], [""2636 ."", 0.494184610489991, 22.36145357211307]]",,,ml/output/tracks/best_frames/25_12-20/track_0229_r0.jpg,ml/output/tracks/best_frames_hires/25_12-20/track_0229_r0.jpg,
25_12-20.mp4,225,13485,589,1586,812,1825,270,"рс
бсз
70
от цамы
кхарг
309
яяm","[[""рс"", 0.08420244636910373, 8.0], [""бсз"", 0.48491496757008723, 24.0], [""70"", 0.22688564085273955, 20.0], [""от цамы"", 0.7800681597728337, 26.516893669935527], [""кхарг"", 0.4406090154964412, 26.878451891913357], [""309"", 0.999960081307807, 59.94700672806502], [""яяm"", 0.08022657715709597, 25.314082499765078]]",,,ml/output/tracks/best_frames/25_12-20/track_0225_r2.jpg,ml/output/tracks/best_frames_hires/25_12-20/track_0225_r2.jpg,2 1
25_12-20.mp4,227,13485,2128,1085,2381,1373,0,,[],,,ml/output/tracks/best_frames/25_12-20/track_0227_r1.jpg,ml/output/tracks/best_frames_hires/25_12-20/track_0227_r1.jpg,
25_12-20.mp4,159,13485,2151,645,2405,942,270,"[Пш 5
аж;
VC
ыL
AIлцu
пEuNI+
[Порпилч
2.42
31%
)1937""
i
NLJ 3
71
82/  5
 
.7 610
14.
6//1 
  -7   0 73/
32
2042 
22
6319
135
/193799
5
1
22
65
1 9//.
71","[[""[Пш 5"", 0.1774245975694989, 14.0], [""аж;"", 0.25265609330223054, 20.0], [""VC"", 0.14666595805099134, 8.0], [""ыL"", 0.9506935034290189, 8.0], [""AIлцu"", 0.218022017508338, 8.0], [""пEuNI+"", 0.21550846591662795, 8.0], [""[Порпилч"", 0.14362955321589507, 16.0], [""2.42"", 0.8321942222174221, 16.0], [""31%"", 0.9970645502000518, 28.0], ["")1937\"""", 0.8425410236238956, 55.0], [""i"", 0.5215870975030192, 8.0], [""NLJ 3"", 0.10953224620196876, 13.536442559194768], [""71"", 0.6500422767562495, 10.0], [""82/  5"", 0.43758870951647066, 14.0], ["" "", 0.9957435222204367, 15.0], ["".7 610"", 0.045946339342656996, 14.0], [""14."", 0.1321973977949237, 8.0], [""6//1 "", 0.1395616107062704, 13.0], [""  -7   0 73/"", 0.08697388304107734, 18.5], [""32"", 0.2834091981988583, 7.0], [""2042 "", 0.24143488417930958, 19.5], [""22"", 0.4112704657412793, 8.0], [""6319"", 0.5866243685911819, 30.0], [""135"", 0.05427474625136336, 8.0], [""/193799"", 0.7278979443533752, 55.5], [""5"", 0.5971047331509602, 8.0], [""1"", 0.9185431487681086, 7.0], [""22"", 0.21845492561453203, 9.0], [""65"", 0.16671393270380416, 8.0], [""1 9//."", 0.20576364509420733, 22.0], [""71"", 0.35258415594390713, 11.78885438199984]]",,,ml/output/tracks/best_frames/25_12-20/track_0159_r1.jpg,ml/output/tracks/best_frames_hires/25_12-20/track_0159_r1.jpg,
25_12-20.mp4,205,13485,560,1313,778,1568,0,,[],,,ml/output/tracks/best_frames/25_12-20/track_0205_r0.jpg,ml/output/tracks/best_frames_hires/25_12-20/track_0205_r0.jpg,
25_12-20.mp4,221,13485,540,550,745,882,0,"g
5
3
8
8
5
3","[[""g"", 0.8497315353714754, 151.0], [""5"", 0.20154565983466455, 36.0], [""3"", 0.9999687674100102, 22.0], [""8"", 0.26195729058153816, 51.0], [""8"", 0.8854179295269802, 106.5], [""5"", 0.1910554661670325, 44.0], [""3"", 0.9954993219365385, 23.0]]",,,ml/output/tracks/best_frames/25_12-20/track_0221_r0.jpg,ml/output/tracks/best_frames_hires/25_12-20/track_0221_r0.jpg,8 5
25_12-20.mp4,230,13485,2140,916,2304,1147,270,"799
252
423
2 6
799","[[""799"", 0.9999812794832843, 26.0], [""252"", 0.23621690843926502, 7.0], [""423"", 0.3558143301900987, 14.0], [""2 6"", 0.12729677557945251, 9.0], [""799"", 0.587143063545227, 24.349494794991813]]",,,ml/output/tracks/best_frames/25_12-20/track_0230_r1.jpg,ml/output/tracks/best_frames_hires/25_12-20/track_0230_r1.jpg,
25_12-20.mp4,231,13485,2153,499,2424,817,180,"asttajs!
ili
@
=
2
[
!","[[""asttajs!"", 0.060696769737682565, 74.0], [""ili"", 0.948662725304196, 86.0], [""@"", 0.6419147104254286, 203.0], [""="", 0.6036525092235969, 46.0], [""2"", 0.9411875411338002, 28.0], [""["", 0.9397151903645096, 40.0], [""!"", 0.2962139790351195, 52.96262749935431]]",,,ml/output/tracks/best_frames/25_12-20/track_0231_r0.jpg,ml/output/tracks/best_frames_hires/25_12-20/track_0231_r0.jpg,1 9 : 1 1 8 5 84
25_12-20.mp4,236,13638,2063,2116,2308,2159,0,,[],,,ml/output/tracks/best_frames/25_12-20/track_0236_r1.jpg,ml/output/tracks/best_frames_hires/25_12-20/track_0236_r1.jpg,
25_12-20.mp4,238,13638,2123,1163,2379,1455,0,,[],,,ml/output/tracks/best_frames/25_12-20/track_0238_r0.jpg,ml/output/tracks/best_frames_hires/25_12-20/track_0238_r0.jpg,
25_12-20.mp4,227,13638,2129,1041,2402,1277,0,,[],,,ml/output/tracks/best_frames/25_12-20/track_0227_r2.jpg,ml/output/tracks/best_frames_hires/25_12-20/track_0227_r2.jpg,
25_12-20.mp4,225,13638,597,1641,824,1885,180,"g
ё
{
g
[
8
1
5
8","[[""g"", 0.6887069466438476, 24.0], [""ё"", 0.9211010639457449, 34.0], [""{"", 0.32526763352110777, 100.97891170461713], [""g"", 0.5171054935929078, 34.91404880886694], [""["", 0.9872631311965598, 48.95621185796966], [""8"", 0.9831698038426318, 84.74306962336573], [""1"", 0.9143904887169043, 71.5], [""5"", 0.9635784364147639, 29.0], [""8"", 0.9857439139125432, 93.55285890691346]]",,,ml/output/tracks/best_frames/25_12-20/track_0225_r1.jpg,ml/output/tracks/best_frames_hires/25_12-20/track_0225_r1.jpg,6
25_12-20.mp4,230,13638,2140,978,2304,1206,0,,[],,,ml/output/tracks/best_frames/25_12-20/track_0230_r2.jpg,ml/output/tracks/best_frames_hires/25_12-20/track_0230_r2.jpg,
25_12-20.mp4,239,13638,2130,1138,2303,1296,0,,[],,,ml/output/tracks/best_frames/25_12-20/track_0239_r0.jpg,ml/output/tracks/best_frames_hires/25_12-20/track_0239_r0.jpg,
25_12-20.mp4,205,13638,566,1367,785,1625,270,"10;
30","[[""10;"", 0.30256968876041274, 20.0], [""30"", 0.9999596235578764, 52.0]]",,,ml/output/tracks/best_frames/25_12-20/track_0205_r2.jpg,ml/output/tracks/best_frames_hires/25_12-20/track_0205_r2.jpg,8
25_12-20.mp4,238,13791,2128,1221,2387,1478,0,,[],,,ml/output/tracks/best_frames/25_12-20/track_0238_r1.jpg,ml/output/tracks/best_frames_hires/25_12-20/track_0238_r1.jpg,
25_12-20.mp4,240,13791,553,1207,769,1472,180,";
8
7
8
5
8
5
8","[["";"", 0.36865691160929615, 26.0], [""8"", 0.32695673219065213, 36.0], [""7"", 0.958372440714502, 38.0], [""8"", 0.9953784818265241, 106.79246788014666], [""5"", 0.771876378052653, 28.875497521447414], [""8"", 0.9256740849016296, 39.0], [""5"", 0.9396869938912147, 71.5], [""8"", 0.7256914340168841, 127.86305202936143]]",,,ml/output/tracks/best_frames/25_12-20/track_0240_r0.jpg,ml/output/tracks/best_frames_hires/25_12-20/track_0240_r0.jpg,
25_12-20.mp4,239,13791,2126,1118,2303,1381,0,,[],,,ml/output/tracks/best_frames/25_12-20/track_0239_r1.jpg,ml/output/tracks/best_frames_hires/25_12-20/track_0239_r1.jpg,
25_12-20.mp4,241,13791,983,7,1155,127,0,,[],,,ml/output/tracks/best_frames/25_12-20/track_0241_r1.jpg,ml/output/tracks/best_frames_hires/25_12-20/track_0241_r1.jpg,
25_12-20.mp4,238,13944,2123,1206,2304,1463,0,,[],,,ml/output/tracks/best_frames/25_12-20/track_0238_r2.jpg,ml/output/tracks/best_frames_hires/25_12-20/track_0238_r2.jpg,
25_12-20.mp4,235,13944,2178,0,2432,295,270,"{17945
51794
5","[[""{17945"", 0.5248035576286624, 63.0], [""51794"", 0.5317789733501377, 58.0], [""5"", 0.3940981747040304, 18.0]]",,,ml/output/tracks/best_frames/25_12-20/track_0235_r0.jpg,ml/output/tracks/best_frames_hires/25_12-20/track_0235_r0.jpg,
25_12-20.mp4,239,13944,2128,1168,2304,1296,0,,[],,,ml/output/tracks/best_frames/25_12-20/track_0239_r2.jpg,ml/output/tracks/best_frames_hires/25_12-20/track_0239_r2.jpg,
25_12-20.mp4,244,13944,2125,1317,2382,1583,0,,[],,,ml/output/tracks/best_frames/25_12-20/track_0244_r0.jpg,ml/output/tracks/best_frames_hires/25_12-20/track_0244_r0.jpg,
25_12-20.mp4,240,13944,556,1280,776,1534,180,"8
7
8","[[""8"", 0.9992246939046403, 102.7753683745434], [""7"", 0.5357711112447419, 24.0], [""8"", 0.9939400253970234, 101.23405255806944]]",,,ml/output/tracks/best_frames/25_12-20/track_0240_r1.jpg,ml/output/tracks/best_frames_hires/25_12-20/track_0240_r1.jpg,
25_12-20.mp4,241,13944,975,1,1159,167,0,,[],,,ml/output/tracks/best_frames/25_12-20/track_0241_r0.jpg,ml/output/tracks/best_frames_hires/25_12-20/track_0241_r0.jpg,
25_12-20.mp4,249,14097,2116,1404,2368,1657,0,,[],,,ml/output/tracks/best_frames/25_12-20/track_0249_r1.jpg,ml/output/tracks/best_frames_hires/25_12-20/track_0249_r1.jpg,
25_12-20.mp4,218,14097,2077,1883,2320,2111,0,">десс
вин","[["">десс"", 0.9344122077980116, 83.0], [""вин"", 0.9794052765924656, 81.0]]",,,ml/output/tracks/best_frames/25_12-20/track_0218_r0.jpg,ml/output/tracks/best_frames_hires/25_12-20/track_0218_r0.jpg,4 1
25_12-20.mp4,205,14097,592,1538,796,1799,270,"10
309","[[""10"", 0.9233039423959662, 20.0], [""309"", 0.9998315170399279, 44.0]]",,,ml/output/tracks/best_frames/25_12-20/track_0205_r1.jpg,ml/output/tracks/best_frames_hires/25_12-20/track_0205_r1.jpg,6
25_12-20.mp4,228,14097,569,1367,806,1729,0,";
з
8
8
6
8","[["";"", 0.7626216864943878, 41.0], [""з"", 0.3075149843974465, 24.0], [""8"", 0.9975568691469086, 103.68917710624464], [""8"", 0.9589861565800994, 90.48683298050514], [""6"", 0.811920590273818, 19.0], [""8"", 0.9999017739576175, 92.59089040476522]]",,,ml/output/tracks/best_frames/25_12-20/track_0228_r0.jpg,ml/output/tracks/best_frames_hires/25_12-20/track_0228_r0.jpg,: 8
25_12-20.mp4,248,14097,2171,2,2304,351,180,"5'
[1
$
I
8
4","[[""5'"", 0.8986534627407635, 26.0], [""[1"", 0.10855271225043904, 59.0], [""$"", 0.8654884720084652, 119.0], [""I"", 0.8703931815395585, 30.890745963252584], [""8"", 0.38483464418351687, 133.0], [""4"", 0.697892239174994, 40.0]]",,,ml/output/tracks/best_frames/25_12-20/track_0248_r0.jpg,ml/output/tracks/best_frames_hires/25_12-20/track_0248_r0.jpg,
25_12-20.mp4,235,14097,2178,0,2433,295,180,"G
""
&
;
""
8
7","[[""G"", 0.35625487031234115, 24.0], [""\"""", 0.7214394256272136, 30.0], [""&"", 0.19968890739037537, 121.0], ["";"", 0.13773735859299396, 52.0], [""\"""", 0.9945276944645229, 65.97602406750218], [""8"", 0.8655889524525264, 100.5], [""7"", 0.46396486141739857, 44.0]]",,,ml/output/tracks/best_frames/25_12-20/track_0235_r2.jpg,ml/output/tracks/best_frames_hires/25_12-20/track_0235_r2.jpg,
25_12-20.mp4,190,14097,531,516,764,1159,270,"9 =9
1733;
3193
2299
(25 2
799""","[[""9 =9"", 0.3631510319877081, 16.0], [""1733;"", 0.8651717516804984, 51.0], [""3193"", 0.5286936163902283, 24.0], [""2299"", 0.5788809469593824, 45.0], [""(25 2"", 0.49293256525884377, 20.0], [""799\"""", 0.6610153913497925, 51.0]]",,,ml/output/tracks/best_frames/25_12-20/track_0190_r0.jpg,ml/output/tracks/best_frames_hires/25_12-20/track_0190_r0.jpg,6 8 2 6
25_12-20.mp4,244,14097,2117,1298,2303,1565,0,,[],,,ml/output/tracks/best_frames/25_12-20/track_0244_r2.jpg,ml/output/tracks/best_frames_hires/25_12-20/track_0244_r2.jpg,
25_12-20.mp4,159,14097,2137,990,2401,1268,270,"~sз
11937
:
11937","[[""~sз"", 0.1896149122164573, 14.0], [""11937"", 0.8629767406145287, 62.0], ["":"", 0.45134361378609356, 13.5], [""11937"", 0.918440482407759, 56.0]]",,,ml/output/tracks/best_frames/25_12-20/track_0159_r2.jpg,ml/output/tracks/best_frames_hires/25_12-20/track_0159_r2.jpg,
25_12-20.mp4,237,14097,535,873,753,1173,270,"3195
2299
252","[[""3195"", 0.3792272210121155, 20.0], [""2299"", 0.9999933242797852, 48.0], [""252"", 0.9242516187593602, 24.0]]",,,ml/output/tracks/best_frames/25_12-20/track_0237_r1.jpg,ml/output/tracks/best_frames_hires/25_12-20/track_0237_r1.jpg,9
25_12-20.mp4,255,14251,641,1863,860,2064,0,"3
5
8
8
1
{
8","[[""3"", 0.756427466113653, 22.0], [""5"", 0.19473772427842562, 22.0], [""8"", 0.9161460157372439, 30.0], [""8"", 0.9998788870291264, 90.58798112708388], [""1"", 0.6962452401589339, 62.94375423053786], [""{"", 0.7731582145839297, 50.912423715939326], [""8"", 0.9932230287038379, 31.5]]",,,ml/output/tracks/best_frames/25_12-20/track_0255_r0.jpg,ml/output/tracks/best_frames_hires/25_12-20/track_0255_r0.jpg,
25_12-20.mp4,248,14251,2178,2,2304,237,90,"65
zesz
3762l(s5","[[""65"", 0.9472170443991, 20.0], [""zesz"", 0.21052348613739014, 16.0], [""3762l(s5"", 0.2470180791142047, 79.87230962437823]]",,,ml/output/tracks/best_frames/25_12-20/track_0248_r2.jpg,ml/output/tracks/best_frames_hires/25_12-20/track_0248_r2.jpg,5 17
25_12-20.mp4,244,14251,2117,1374,2304,1598,0,,[],,,ml/output/tracks/best_frames/25_12-20/track_0244_r1.jpg,ml/output/tracks/best_frames_hires/25_12-20/track_0244_r1.jpg,
25_12-20.mp4,256,14251,2175,165,2430,469,90,"51641(
Fes
(gE;","[[""51641("", 0.6387205067666605, 65.0], [""Fes"", 0.301103640061462, 16.0], [""(gE;"", 0.3350756764411926, 46.74931092835237]]",,,ml/output/tracks/best_frames/25_12-20/track_0256_r0.jpg,ml/output/tracks/best_frames_hires/25_12-20/track_0256_r0.jpg,
25_12-20.mp4,249,14251,2112,1474,2368,1735,0,,[],,,ml/output/tracks/best_frames/25_12-20/track_0249_r0.jpg,ml/output/tracks/best_frames_hires/25_12-20/track_0249_r0.jpg,
25_12-20.mp4,218,14251,2074,1929,2324,2144,180,"[il5:i;
ниа
эээт
3536","[[""[il5:i;"", 0.46778833906241485, 32.0], [""ниа"", 0.8435534805029758, 89.0], [""эээт"", 0.435650110244751, 102.0], [""3536"", 0.2149350941181183, 133.0]]",,,ml/output/tracks/best_frames/25_12-20/track_0218_r1.jpg,ml/output/tracks/best_frames_hires/25_12-20/track_0218_r1.jpg,4
25_12-20.mp4,235,14251,2177,6,2433,346,270,"2xa
35 
)1794
26 
45 
1
794
9
57","[[""2xa"", 0.12386130389613506, 16.0], [""35 "", 0.4741786779184414, 26.0], ["")1794"", 0.8863807701686085, 63.0], [""26 "", 0.17548658249398266, 20.0], [""45 "", 0.19113411870893843, 22.0], [""1"", 0.9999911785320279, 36.0], [""794"", 1.0, 58.5], [""9"", 0.35096743791402574, 19.0], [""57"", 0.3709050845459536, 27.0]]",,,ml/output/tracks/best_frames/25_12-20/track_0235_r1.jpg,ml/output/tracks/best_frames_hires/25_12-20/track_0235_r1.jpg,
25_12-20.mp4,190,14251,528,585,762,1221,270,"1733
11₽
22299
25
{1799'","[[""1733"", 0.9926557540893555, 48.0], [""11₽"", 0.64720618724823, 18.0], [""22299"", 0.9782600757883376, 49.0], [""25"", 0.9987131621832566, 20.0], [""{1799'"", 0.5549981393598636, 51.0]]",,,ml/output/tracks/best_frames/25_12-20/track_0190_r1.jpg,ml/output/tracks/best_frames_hires/25_12-20/track_0190_r1.jpg,8 8
25_12-20.mp4,228,14251,576,1428,814,1824,270,"15
;J z9
309
4EFFс
1799""","[[""15"", 0.931359773182323, 18.0], ["";J z9"", 0.09439265195617526, 18.0], [""309"", 0.9999812794832843, 61.28869249431164], [""4EFFс"", 0.25699564088286214, 22.691541861324495], [""1799\"""", 0.9780642842764883, 51.32607808214236]]",,,ml/output/tracks/best_frames/25_12-20/track_0228_r1.jpg,ml/output/tracks/best_frames_hires/25_12-20/track_0228_r1.jpg,8
25_12-20.mp4,255,14404,658,1897,854,2109,0,"8
'
{","[[""8"", 0.7159886545706874, 68.0], [""'"", 0.6346152181041731, 62.94375423053786], [""{"", 0.6916198437338075, 48.95621185796966]]",,,ml/output/tracks/best_frames/25_12-20/track_0255_r1.jpg,ml/output/tracks/best_frames_hires/25_12-20/track_0255_r1.jpg,
25_12-20.mp4,260,14404,2175,236,2428,543,180,"$
'
8
1
5","[[""$"", 0.9008904106142381, 144.0], [""'"", 0.9479497112661193, 40.0], [""8"", 0.279678559955844, 141.0], [""1"", 0.9236608172202843, 45.0], [""5"", 0.6615543532974222, 51.47134318444142]]",,,ml/output/tracks/best_frames/25_12-20/track_0260_r0.jpg,ml/output/tracks/best_frames_hires/25_12-20/track_0260_r0.jpg,
25_12-20.mp4,218,14404,2069,1948,2324,2159,180,"ниа
эээш

5/.","[[""ниа"", 0.3353098700717181, 91.0], [""эээш"", 0.7708136439323425, 102.0], ["""", 0.0, 9.5], [""5/."", 0.4152271620223923, 117.5]]",,,ml/output/tracks/best_frames/25_12-20/track_0218_r2.jpg,ml/output/tracks/best_frames_hires/25_12-20/track_0218_r2.jpg,
25_12-20.mp4,237,14404,536,1011,760,1294,270,"7 
25 :
319
22299","[[""7 "", 0.24139684301961817, 11.0], [""25 :"", 0.7617282280100822, 18.0], [""319"", 0.20336754620075226, 20.0], [""22299"", 0.9945719482218476, 51.0]]",,,ml/output/tracks/best_frames/25_12-20/track_0237_r2.jpg,ml/output/tracks/best_frames_hires/25_12-20/track_0237_r2.jpg,
25_12-20.mp4,248,14404,2181,19,2304,296,270,"zee
35
117945
26 
5
11794 ","[[""zee"", 0.611835126768264, 16.0], [""35"", 0.8772343715995781, 26.0], [""117945"", 0.7212410165912264, 57.0], [""26 "", 0.5266590551051005, 20.5], [""5"", 0.7912548250477727, 22.0], [""11794 "", 0.7318692717406492, 56.0]]",,,ml/output/tracks/best_frames/25_12-20/track_0248_r1.jpg,ml/output/tracks/best_frames_hires/25_12-20/track_0248_r1.jpg,9 0
25_12-20.mp4,256,14404,2176,110,2304,426,90,"1641 (
(s5
#е=z","[[""1641 ("", 0.42852485218962755, 62.0], [""(s5"", 0.4182093129652768, 50.79206421631358], [""#е=z"", 0.15468455821051003, 23.577708763999652]]",,,ml/output/tracks/best_frames/25_12-20/track_0256_r1.jpg,ml/output/tracks/best_frames_hires/25_12-20/track_0256_r1.jpg,
25_12-20.mp4,259,14404,671,2077,866,2159,0,,[],,,ml/output/tracks/best_frames/25_12-20/track_0259_r1.jpg,ml/output/tracks/best_frames_hires/25_12-20/track_0259_r1.jpg,
25_12-20.mp4,257,14404,2110,1550,2364,1807,0,,[],,,ml/output/tracks/best_frames/25_12-20/track_0257_r1.jpg,ml/output/tracks/best_frames_hires/25_12-20/track_0257_r1.jpg,
25_12-20.mp4,249,14404,2117,1436,2304,1688,0,,[],,,ml/output/tracks/best_frames/25_12-20/track_0249_r2.jpg,ml/output/tracks/best_frames_hires/25_12-20/track_0249_r2.jpg,
25_12-20.mp4,208,14557,2165,642,2436,987,270,"=
315
31","[[""="", 0.19158476281019432, 11.0], [""315"", 0.9664494692221798, 24.0], [""31"", 1.0, 24.0]]",,,ml/output/tracks/best_frames/25_12-20/track_0208_r2.jpg,ml/output/tracks/best_frames_hires/25_12-20/track_0208_r2.jpg,5
25_12-20.mp4,261,14557,572,361,775,628,270,"~ъ
73","[[""~ъ"", 0.2769823788028245, 15.0], [""73"", 0.9999992413568111, 40.0]]",,,ml/output/tracks/best_frames/25_12-20/track_0261_r0.jpg,ml/output/tracks/best_frames_hires/25_12-20/track_0261_r0.jpg,5 6
25_12-20.mp4,256,14557,2178,171,2304,471,270,"=e
35
117942
56 
35:
11794","[[""=e"", 0.1262421366976983, 16.0], [""35"", 0.9307855639472715, 26.0], [""117942"", 0.5504833844843051, 57.0], [""56 "", 0.2072945002945815, 15.5], [""35:"", 0.4656621541665307, 25.0], [""11794"", 0.6519466843561199, 55.5]]",,,ml/output/tracks/best_frames/25_12-20/track_0256_r2.jpg,ml/output/tracks/best_frames_hires/25_12-20/track_0256_r2.jpg,
25_12-20.mp4,259,14557,665,2077,882,2159,0,,[],,,ml/output/tracks/best_frames/25_12-20/track_0259_r0.jpg,ml/output/tracks/best_frames_hires/25_12-20/track_0259_r0.jpg,
25_12-20.mp4,262,14557,2105,1632,2350,1885,0,,[],,,ml/output/tracks/best_frames/25_12-20/track_0262_r0.jpg,ml/output/tracks/best_frames_hires/25_12-20/track_0262_r0.jpg,
25_12-20.mp4,260,14557,2180,193,2437,523,180,"{
$
9","[[""{"", 0.5835995524235074, 44.0], [""$"", 0.9978128722632142, 147.96769150348405], [""9"", 0.45982339558154095, 143.992235037363]]",,,ml/output/tracks/best_frames/25_12-20/track_0260_r2.jpg,ml/output/tracks/best_frames_hires/25_12-20/track_0260_r2.jpg,
25_12-20.mp4,228,14557,597,1559,834,1968,270,"99
67u
309","[[""99"", 0.9996437091359422, 42.0], [""67u"", 0.12291070778053989, 21.877670597010002], [""309"", 0.999845564365387, 61.45942241466173]]",,,ml/output/tracks/best_frames/25_12-20/track_0228_r2.jpg,ml/output/tracks/best_frames_hires/25_12-20/track_0228_r2.jpg,8
25_12-20.mp4,257,14557,2113,1516,2303,1772,0,,[],,,ml/output/tracks/best_frames/25_12-20/track_0257_r2.jpg,ml/output/tracks/best_frames_hires/25_12-20/track_0257_r2.jpg,
25_12-20.mp4,262,14710,2108,1619,2303,1879,0,,[],,,ml/output/tracks/best_frames/25_12-20/track_0262_r2.jpg,ml/output/tracks/best_frames_hires/25_12-20/track_0262_r2.jpg,5
25_12-20.mp4,266,14710,608,0,826,273,0,,[],,,ml/output/tracks/best_frames/25_12-20/track_0266_r2.jpg,ml/output/tracks/best_frames_hires/25_12-20/track_0266_r2.jpg,
25_12-20.mp4,268,14710,586,1559,816,1874,270,"30
15 - 
Ltв
799","[[""30"", 0.9307289411110908, 37.0], [""15 - "", 0.6138175199948389, 18.0], [""Ltв"", 0.03267247885370675, 19.77794407408073], [""799"", 1.0, 48.40122585807694]]",,,ml/output/tracks/best_frames/25_12-20/track_0268_r0.jpg,ml/output/tracks/best_frames_hires/25_12-20/track_0268_r0.jpg,
25_12-20.mp4,208,14710,2166,725,2445,1060,180,"[
9
8","[[""["", 0.6066894308416728, 136.0], [""9"", 0.5775345748355818, 44.0], [""8"", 0.5985098681804288, 105.0]]",,,ml/output/tracks/best_frames/25_12-20/track_0208_r1.jpg,ml/output/tracks/best_frames_hires/25_12-20/track_0208_r1.jpg,
25_12-20.mp4,270,14710,2184,333,2304,616,270,"36
170 4s
 
7
26
179 45
367","[[""36"", 0.6925414689153913, 26.0], [""170 4s"", 0.5367451254573126, 35.0], ["" "", 0.498138427734375, 16.5], [""7"", 0.14338074994385863, 9.5], [""26"", 0.9586787677171354, 19.0], [""179 45"", 0.6295886463819416, 38.0], [""367"", 0.4314680015423795, 33.403219460599445]]",,,ml/output/tracks/best_frames/25_12-20/track_0270_r1.jpg,ml/output/tracks/best_frames_hires/25_12-20/track_0270_r1.jpg,
25_12-20.mp4,261,14710,560,404,768,658,90,"LU:
21
67
5
 -- 
7","[[""LU:"", 0.45858526086504436, 38.0], [""21"", 0.8779543271190982, 37.0], [""67"", 0.4982273949908398, 21.5], [""5"", 0.3144653047884418, 12.0], ["" -- "", 0.35206904505341474, 18.5], [""7"", 0.2532053756773536, 8.0]]",,,ml/output/tracks/best_frames/25_12-20/track_0261_r2.jpg,ml/output/tracks/best_frames_hires/25_12-20/track_0261_r2.jpg,
25_12-20.mp4,264,14864,2171,476,2440,783,90,"€5
1
s762
e=
0
77","[[""€5"", 0.9958210889232042, 24.0], [""1"", 0.6353697523156008, 36.0], [""s762"", 0.46243658661842346, 63.78407736376777], [""e="", 0.15920715904452606, 21.496629104486146], [""0"", 0.9996345377150107, 15.0], [""77"", 0.2727216503245527, 11.0]]",,,ml/output/tracks/best_frames/25_12-20/track_0264_r0.jpg,ml/output/tracks/best_frames_hires/25_12-20/track_0264_r0.jpg,0 8
25_12-20.mp4,270,14864,2185,330,2304,640,270,"36
&з
3617049","[[""36"", 0.9993473561772238, 24.0], [""&з"", 0.11499073916147078, 23.0], [""3617049"", 0.9379156246044289, 57.45949751217998]]",,,ml/output/tracks/best_frames/25_12-20/track_0270_r0.jpg,ml/output/tracks/best_frames_hires/25_12-20/track_0270_r0.jpg,
25_12-20.mp4,237,14864,556,1257,775,1512,270,"1
31e
'2299
'799","[[""1"", 1.0, 28.0], [""31e"", 0.6613257686887596, 20.0], [""'2299"", 0.7560956230625956, 54.0], [""'799"", 0.5765490996565656, 54.06043215262856]]",,,ml/output/tracks/best_frames/25_12-20/track_0237_r0.jpg,ml/output/tracks/best_frames_hires/25_12-20/track_0237_r0.jpg,8
25_12-20.mp4,260,14864,2186,310,2445,633,180,"{6
$
7
8","[[""{6"", 0.9113235259319805, 28.0], [""$"", 0.9949513185095817, 150.96906573530177], [""7"", 0.5064630488650579, 67.0], [""8"", 0.8685009786069173, 60.97535923880622]]",,,ml/output/tracks/best_frames/25_12-20/track_0260_r1.jpg,ml/output/tracks/best_frames_hires/25_12-20/track_0260_r1.jpg,
25_12-20.mp4,224,14864,553,595,765,852,0,"8
8
6
8
8","[[""8"", 0.8705609035662611, 116.0], [""8"", 0.754106098731441, 24.0], [""6"", 0.8141894991490837, 11.0], [""8"", 0.9999997615814351, 83.0], [""8"", 0.8052395066590776, 21.0]]",,,ml/output/tracks/best_frames/25_12-20/track_0224_r2.jpg,ml/output/tracks/best_frames_hires/25_12-20/track_0224_r2.jpg,0
25_12-20.mp4,257,14864,2115,1546,2375,1830,270,4516,"[[""4516"", 0.29016950726509094, 22.0]]",,,ml/output/tracks/best_frames/25_12-20/track_0257_r0.jpg,ml/output/tracks/best_frames_hires/25_12-20/track_0257_r0.jpg,
25_12-20.mp4,190,14864,530,857,764,1494,270,"25
315
733
01799
2299 *","[[""25"", 0.610689505279048, 20.0], [""315"", 0.33208298683166504, 20.0], [""733"", 0.9999788017713551, 42.0], [""01799"", 0.581662255301443, 49.84251698292468], [""2299 *"", 0.4668602657358419, 50.89910607928036]]",,,ml/output/tracks/best_frames/25_12-20/track_0190_r2.jpg,ml/output/tracks/best_frames_hires/25_12-20/track_0190_r2.jpg,8
25_12-20.mp4,270,15017,2180,429,2303,645,0,"8
{
8 : ","[[""8"", 0.9198310940645946, 90.0], [""{"", 0.9930374644869175, 24.0], [""8 : "", 0.4546203650172639, 22.0]]",,,ml/output/tracks/best_frames/25_12-20/track_0270_r2.jpg,ml/output/tracks/best_frames_hires/25_12-20/track_0270_r2.jpg,
25_12-20.mp4,208,15017,2153,864,2420,1193,270,"3152
3152","[[""3152"", 0.9525021314620972, 26.0], [""3152"", 0.9741963054206271, 25.5]]",,,ml/output/tracks/best_frames/25_12-20/track_0208_r0.jpg,ml/output/tracks/best_frames_hires/25_12-20/track_0208_r0.jpg,
25_12-20.mp4,267,15017,2093,1804,2331,2046,90,"'
2","[[""'"", 0.7549712604407013, 334.0], [""2"", 0.3605661613710396, 146.0]]",,,ml/output/tracks/best_frames/25_12-20/track_0267_r1.jpg,ml/output/tracks/best_frames_hires/25_12-20/track_0267_r1.jpg,2
25_12-20.mp4,224,15017,552,650,768,916,270,"1733""","[[""1733\"""", 0.8957432860238458, 40.0]]",,,ml/output/tracks/best_frames/25_12-20/track_0224_r1.jpg,ml/output/tracks/best_frames_hires/25_12-20/track_0224_r1.jpg,0
25_12-20.mp4,264,15017,2167,533,2426,840,180,"$
8","[[""$"", 0.9958929356982935, 150.9690657353018], [""8"", 0.367049072039638, 141.5]]",,,ml/output/tracks/best_frames/25_12-20/track_0264_r1.jpg,ml/output/tracks/best_frames_hires/25_12-20/track_0264_r1.jpg,
25_12-20.mp4,280,15170,2157,646,2414,955,270,"=
94
25 
94
9","[[""="", 0.9334244879642171, 42.0], [""94"", 0.9999991570631338, 57.0], [""25 "", 0.3895270551319919, 18.5], [""94"", 0.9991406252769159, 50.0], [""9"", 0.8961478558388905, 20.0]]",,,ml/output/tracks/best_frames/25_12-20/track_0280_r1.jpg,ml/output/tracks/best_frames_hires/25_12-20/track_0280_r1.jpg,
25_12-20.mp4,277,15170,544,1013,772,1285,90,"S1€
19","[[""S1€"", 0.5857771928209377, 18.0], [""19"", 0.42703064177994, 21.963374935763113]]",,,ml/output/tracks/best_frames/25_12-20/track_0277_r0.jpg,ml/output/tracks/best_frames_hires/25_12-20/track_0277_r0.jpg,
25_12-20.mp4,272,15170,2177,0,2433,253,0,,[],,,ml/output/tracks/best_frames/25_12-20/track_0272_r0.jpg,ml/output/tracks/best_frames_hires/25_12-20/track_0272_r0.jpg,
25_12-20.mp4,224,15170,553,741,765,1009,90,"cSgzL
52

 .
8:2 
73 -

3","[[""cSgzL"", 0.3140430692489655, 40.0], [""52"", 0.6321176868744853, 16.0], ["""", 0.0, 8.0], ["" ."", 0.3566239190884674, 8.0], [""8:2 "", 0.4655800759792328, 40.5], [""73 -"", 0.5226258531589693, 15.0], ["""", 0.0, 9.0], [""3"", 0.11910938659014292, 10.0]]",,,ml/output/tracks/best_frames/25_12-20/track_0224_r0.jpg,ml/output/tracks/best_frames_hires/25_12-20/track_0224_r0.jpg,
25_12-20.mp4,278,15170,2155,503,2304,880,270,"~36-2
1
794э
257
36.917949","[[""~36-2"", 0.45038128114388004, 28.0], [""1"", 1.0, 38.0], [""794э"", 0.5985589027404785, 67.81313090610178], [""257"", 0.2424000418251586, 19.5], [""36.917949"", 0.36257843779582494, 73.46053659399354]]",,,ml/output/tracks/best_frames/25_12-20/track_0278_r0.jpg,ml/output/tracks/best_frames_hires/25_12-20/track_0278_r0.jpg,
25_12-20.mp4,267,15170,2081,1877,2324,2099,180,8n /,"[[""8n /"", 0.04195309328586496, 15.0]]",,,ml/output/tracks/best_frames/25_12-20/track_0267_r0.jpg,ml/output/tracks/best_frames_hires/25_12-20/track_0267_r0.jpg,
25_12-20.mp4,281,15170,568,1395,786,1627,270,"799
2299","[[""799"", 0.9999997246979434, 48.68004009839757], [""2299"", 0.9956467747688293, 53.70090218598219]]",,,ml/output/tracks/best_frames/25_12-20/track_0281_r1.jpg,ml/output/tracks/best_frames_hires/25_12-20/track_0281_r1.jpg,8
25_12-20.mp4,268,15323,634,1753,850,2037,270,"Iз
[1799","[[""Iз"", 0.39300541280726886, 17.79917084102786], [""[1799"", 0.870928876191712, 50.80244401494711]]",,,ml/output/tracks/best_frames/25_12-20/track_0268_r1.jpg,ml/output/tracks/best_frames_hires/25_12-20/track_0268_r1.jpg,
25_12-20.mp4,280,15323,2145,713,2406,1022,90,"5
162","[[""5"", 0.3558009194026823, 18.0], [""162"", 0.9216473073878262, 67.81313090610178]]",,,ml/output/tracks/best_frames/25_12-20/track_0280_r2.jpg,ml/output/tracks/best_frames_hires/25_12-20/track_0280_r2.jpg,
25_12-20.mp4,277,15323,548,1075,765,1291,270,"55
3","[[""55"", 0.7010533862673787, 16.0], [""3"", 0.9999883175237443, 38.0]]",,,ml/output/tracks/best_frames/25_12-20/track_0277_r1.jpg,ml/output/tracks/best_frames_hires/25_12-20/track_0277_r1.jpg,
25_12-20.mp4,285,15323,2129,913,2404,1213,0,,[],,,ml/output/tracks/best_frames/25_12-20/track_0285_r1.jpg,ml/output/tracks/best_frames_hires/25_12-20/track_0285_r1.jpg,
25_12-20.mp4,262,15323,2077,1821,2324,2063,0,,[],,,ml/output/tracks/best_frames/25_12-20/track_0262_r1.jpg,ml/output/tracks/best_frames_hires/25_12-20/track_0262_r1.jpg,
25_12-20.mp4,264,15323,2149,527,2423,827,270,"-367е
794
-367:
1794","[[""-367е"", 0.4896456102454967, 37.726879868210176], [""794"", 0.999905090217681, 67.81313090610183], [""-367:"", 0.5802841420997658, 31.0], [""1794"", 0.9999992251396179, 62.5]]",,,ml/output/tracks/best_frames/25_12-20/track_0264_r2.jpg,ml/output/tracks/best_frames_hires/25_12-20/track_0264_r2.jpg,
25_12-20.mp4,278,15323,2147,560,2304,925,180,"$
{
-:
8
8","[[""$"", 0.9037212125243776, 156.0], [""{"", 0.5362512189232724, 30.0], [""-:"", 0.5216311701154254, 23.5], [""8"", 0.9891638274717138, 128.98905728283654], [""8"", 0.9698916981653873, 64.97856982938158]]",,,ml/output/tracks/best_frames/25_12-20/track_0278_r1.jpg,ml/output/tracks/best_frames_hires/25_12-20/track_0278_r1.jpg,
25_12-20.mp4,281,15323,574,1422,787,1674,180,"8
3
8
6","[[""8"", 0.9096999180898457, 92.82643891639538], [""3"", 0.9806166482208347, 166.9604773417254], [""8"", 0.9957485183498562, 80.0], [""6"", 0.9999587540111321, 50.5]]",,,ml/output/tracks/best_frames/25_12-20/track_0281_r2.jpg,ml/output/tracks/best_frames_hires/25_12-20/track_0281_r2.jpg,8
25_12-20.mp4,267,15323,2069,1919,2312,2143,0,,[],,,ml/output/tracks/best_frames/25_12-20/track_0267_r2.jpg,ml/output/tracks/best_frames_hires/25_12-20/track_0267_r2.jpg,
25_12-20.mp4,266,15323,577,254,787,514,0,,[],,,ml/output/tracks/best_frames/25_12-20/track_0266_r0.jpg,ml/output/tracks/best_frames_hires/25_12-20/track_0266_r0.jpg,
25_12-20.mp4,281,15477,578,1464,800,1726,270,"799
51
2299","[[""799"", 0.9462294428592635, 40.0], [""51"", 0.9369721796640208, 20.0], [""2299"", 0.9999978542327881, 54.98283875853458]]",,,ml/output/tracks/best_frames/25_12-20/track_0281_r0.jpg,ml/output/tracks/best_frames_hires/25_12-20/track_0281_r0.jpg,8
25_12-20.mp4,280,15477,2134,693,2411,1028,180,"$
&
)
1
8","[[""$"", 0.5354975958012211, 154.0], [""&"", 0.8451394854300567, 38.0], ["")"", 0.9816653358750741, 58.0], [""1"", 0.8103294731371058, 50.0], [""8"", 0.10986796349519157, 208.49611710792038]]",,,ml/output/tracks/best_frames/25_12-20/track_0280_r0.jpg,ml/output/tracks/best_frames_hires/25_12-20/track_0280_r0.jpg,
25_12-20.mp4,285,15477,2135,864,2398,1107,0,,[],,,ml/output/tracks/best_frames/25_12-20/track_0285_r2.jpg,ml/output/tracks/best_frames_hires/25_12-20/track_0285_r2.jpg,
25_12-20.mp4,272,15477,2164,0,2427,298,270,2j,"[[""2j"", 0.4105771119558058, 76.86046037180739]]",,,ml/output/tracks/best_frames/25_12-20/track_0272_r2.jpg,ml/output/tracks/best_frames_hires/25_12-20/track_0272_r2.jpg,
25_12-20.mp4,283,15477,688,2075,894,2159,0,,[],,,ml/output/tracks/best_frames/25_12-20/track_0283_r1.jpg,ml/output/tracks/best_frames_hires/25_12-20/track_0283_r1.jpg,
25_12-20.mp4,268,15477,630,1770,859,2037,270,"ш
799","[[""ш"", 0.9291694541183837, 12.0], [""799"", 0.9993820190429688, 46.53681386398682]]",,,ml/output/tracks/best_frames/25_12-20/track_0268_r2.jpg,ml/output/tracks/best_frames_hires/25_12-20/track_0268_r2.jpg,
25_12-20.mp4,288,15477,2169,110,2411,395,270,Y>,"[[""Y>"", 0.14492613827011672, 35.0]]",,,ml/output/tracks/best_frames/25_12-20/track_0288_r2.jpg,ml/output/tracks/best_frames_hires/25_12-20/track_0288_r2.jpg,
25_12-20.mp4,287,15477,3158,69,3226,161,0,,[],,,ml/output/tracks/best_frames/25_12-20/track_0287_r2.jpg,ml/output/tracks/best_frames_hires/25_12-20/track_0287_r2.jpg,
25_12-20.mp4,286,15477,2131,1304,2399,1558,270,"~1 
1937
31
119373","[[""~1 "", 0.7954162307208892, 24.0], [""1937"", 0.999974250793457, 50.0], [""31"", 0.5523733264100382, 21.0], [""119373"", 0.7768186016070289, 49.0]]",,,ml/output/tracks/best_frames/25_12-20/track_0286_r0.jpg,ml/output/tracks/best_frames_hires/25_12-20/track_0286_r0.jpg,8
25_12-20.mp4,277,15477,548,1135,772,1296,270,3,"[[""3"", 0.999944926066533, 28.0]]",,,ml/output/tracks/best_frames/25_12-20/track_0277_r2.jpg,ml/output/tracks/best_frames_hires/25_12-20/track_0277_r2.jpg,
25_12-20.mp4,286,15630,2118,1312,2365,1564,270,"193
193","[[""193"", 0.9999957328192642, 48.0], [""193"", 0.9997017161769531, 50.5]]",,,ml/output/tracks/best_frames/25_12-20/track_0286_r2.jpg,ml/output/tracks/best_frames_hires/25_12-20/track_0286_r2.jpg,8
25_12-20.mp4,287,15630,3160,85,3226,172,0,,[],,,ml/output/tracks/best_frames/25_12-20/track_0287_r1.jpg,ml/output/tracks/best_frames_hires/25_12-20/track_0287_r1.jpg,
25_12-20.mp4,283,15630,685,2076,889,2159,0,,[],,,ml/output/tracks/best_frames/25_12-20/track_0283_r0.jpg,ml/output/tracks/best_frames_hires/25_12-20/track_0283_r0.jpg,
25_12-20.mp4,285,15630,2129,880,2390,1181,270,"=
zа
945
6
94
53
2:","[[""="", 0.9938115553599722, 40.0], [""zа"", 0.15398965331407924, 18.0], [""945"", 0.5819812342338923, 56.0], [""6"", 0.4340370817828898, 15.0], [""94"", 1.0, 49.0], [""53"", 0.9589664376116755, 20.0], [""2:"", 0.9793922514222372, 24.386081355132518]]",,,ml/output/tracks/best_frames/25_12-20/track_0285_r0.jpg,ml/output/tracks/best_frames_hires/25_12-20/track_0285_r0.jpg,6
25_12-20.mp4,261,15630,550,824,757,1083,270,1733,"[[""1733"", 0.9999501705169678, 38.0]]",,,ml/output/tracks/best_frames/25_12-20/track_0261_r1.jpg,ml/output/tracks/best_frames_hires/25_12-20/track_0261_r1.jpg,8
25_12-20.mp4,278,15630,2140,772,2303,1027,0,"11
3
1
E","[[""11"", 0.20844518602295298, 28.0], [""3"", 0.8339194728148556, 194.98212369404348], [""1"", 0.9669059098957042, 106.99099094518792], [""E"", 0.41203691464397707, 95.96330240804173]]",,,ml/output/tracks/best_frames/25_12-20/track_0278_r2.jpg,ml/output/tracks/best_frames_hires/25_12-20/track_0278_r2.jpg,
25_12-20.mp4,266,15630,564,390,770,651,0,,[],,,ml/output/tracks/best_frames/25_12-20/track_0266_r1.jpg,ml/output/tracks/best_frames_hires/25_12-20/track_0266_r1.jpg,
25_12-20.mp4,291,15783,2106,1627,2353,1882,270,"1937:
1937","[[""1937:"", 0.6132098310704135, 50.0], [""1937"", 0.999874472618103, 56.5]]",,,ml/output/tracks/best_frames/25_12-20/track_0291_r0.jpg,ml/output/tracks/best_frames_hires/25_12-20/track_0291_r0.jpg,
25_12-20.mp4,283,15783,672,2083,892,2159,0,,[],,,ml/output/tracks/best_frames/25_12-20/track_0283_r2.jpg,ml/output/tracks/best_frames_hires/25_12-20/track_0283_r2.jpg,
25_12-20.mp4,290,15783,2123,971,2398,1276,270,"4=
12","[[""4="", 0.32302759774425305, 38.0], [""12"", 0.4318133897693098, 44.0]]",,,ml/output/tracks/best_frames/25_12-20/track_0290_r0.jpg,ml/output/tracks/best_frames_hires/25_12-20/track_0290_r0.jpg,
25_12-20.mp4,288,15783,2163,193,2419,512,0,,[],,,ml/output/tracks/best_frames/25_12-20/track_0288_r0.jpg,ml/output/tracks/best_frames_hires/25_12-20/track_0288_r0.jpg,
25_12-20.mp4,287,15783,3160,92,3232,184,0,,[],,,ml/output/tracks/best_frames/25_12-20/track_0287_r0.jpg,ml/output/tracks/best_frames_hires/25_12-20/track_0287_r0.jpg,
25_12-20.mp4,272,15783,2167,83,2436,389,90,1,"[[""1"", 0.8866421483349427, 34.0]]",,,ml/output/tracks/best_frames/25_12-20/track_0272_r1.jpg,ml/output/tracks/best_frames_hires/25_12-20/track_0272_r1.jpg,
25_12-20.mp4,286,15783,2114,1286,2375,1598,270,"193
193","[[""193"", 0.9999985546643163, 50.0], [""193"", 0.9986336827278137, 50.0]]",,,ml/output/tracks/best_frames/25_12-20/track_0286_r1.jpg,ml/output/tracks/best_frames_hires/25_12-20/track_0286_r1.jpg,8
25_12-20.mp4,290,15936,2134,890,2407,1187,90,"=
#97
ev62","[[""="", 0.8452483126474277, 26.0], [""#97"", 0.4198983646965117, 26.0], [""ev62"", 0.1742880791425705, 66.80643892119889]]",,,ml/output/tracks/best_frames/25_12-20/track_0290_r1.jpg,ml/output/tracks/best_frames_hires/25_12-20/track_0290_r1.jpg,
25_12-20.mp4,296,15936,613,0,827,214,180,g,"[[""g"", 0.7944640753412955, 100.0]]",,,ml/output/tracks/best_frames/25_12-20/track_0296_r2.jpg,ml/output/tracks/best_frames_hires/25_12-20/track_0296_r2.jpg,
25_12-20.mp4,291,15936,2124,1595,2335,1813,270,"1937
11937","[[""1937"", 0.9997723698616028, 48.0], [""11937"", 0.8564143656934282, 56.5]]",,,ml/output/tracks/best_frames/25_12-20/track_0291_r1.jpg,ml/output/tracks/best_frames_hires/25_12-20/track_0291_r1.jpg,9
25_12-20.mp4,298,16089,3163,95,3233,190,0,,[],,,ml/output/tracks/best_frames/25_12-20/track_0298_r1.jpg,ml/output/tracks/best_frames_hires/25_12-20/track_0298_r1.jpg,
25_12-20.mp4,295,16089,2169,434,2416,714,0,,[],,,ml/output/tracks/best_frames/25_12-20/track_0295_r0.jpg,ml/output/tracks/best_frames_hires/25_12-20/track_0295_r0.jpg,
25_12-20.mp4,297,16089,2125,1127,2388,1416,90,"€5
а=","[[""€5"", 0.9736163524982112, 18.0], [""а="", 0.1760525877481476, 17.695996608010148]]",,,ml/output/tracks/best_frames/25_12-20/track_0297_r0.jpg,ml/output/tracks/best_frames_hires/25_12-20/track_0297_r0.jpg,
25_12-20.mp4,294,16089,2084,1780,2338,2044,270,"31;
01937
11937","[[""31;"", 0.8938564775275055, 24.0], [""01937"", 0.43440826834392754, 55.0], [""11937"", 0.9707652168982088, 52.5]]",,,ml/output/tracks/best_frames/25_12-20/track_0294_r1.jpg,ml/output/tracks/best_frames_hires/25_12-20/track_0294_r1.jpg,
25_12-20.mp4,288,16089,2170,219,2428,496,90,fqie,"[[""fqie"", 0.6522015333175659, 75.88715504224763]]",,,ml/output/tracks/best_frames/25_12-20/track_0288_r1.jpg,ml/output/tracks/best_frames_hires/25_12-20/track_0288_r1.jpg,
25_12-20.mp4,251,16089,545,726,744,985,0,,[],,,ml/output/tracks/best_frames/25_12-20/track_0251_r0.jpg,ml/output/tracks/best_frames_hires/25_12-20/track_0251_r0.jpg,
25_12-20.mp4,301,16089,0,0,38,86,0,,[],,,ml/output/tracks/best_frames/25_12-20/track_0301_r1.jpg,ml/output/tracks/best_frames_hires/25_12-20/track_0301_r1.jpg,
25_12-20.mp4,284,16089,2165,267,2304,572,270,9,"[[""9"", 0.997253399168585, 38.0]]",,,ml/output/tracks/best_frames/25_12-20/track_0284_r0.jpg,ml/output/tracks/best_frames_hires/25_12-20/track_0284_r0.jpg,
25_12-20.mp4,290,16089,2142,940,2404,1211,270,"zuc
11794
361
22: 7
-3553
11794 
6
22","[[""zuc"", 0.2858066685912851, 16.0], [""11794"", 0.8095392847852043, 63.0], [""361"", 0.3476313581056287, 37.726879868210176], [""22: 7"", 0.3414869612970949, 22.0], [""-3553"", 0.47995262111697334, 32.5], [""11794 "", 0.5328217579466106, 60.0], [""6"", 0.20895052174055095, 17.403417235521104], [""22"", 0.13365138430002793, 23.374655464176186]]",,,ml/output/tracks/best_frames/25_12-20/track_0290_r2.jpg,ml/output/tracks/best_frames_hires/25_12-20/track_0290_r2.jpg,
25_12-20.mp4,296,16089,604,19,815,264,270,1999,"[[""1999"", 0.9908936619758606, 42.0]]",,,ml/output/tracks/best_frames/25_12-20/track_0296_r1.jpg,ml/output/tracks/best_frames_hires/25_12-20/track_0296_r1.jpg,8
25_12-20.mp4,294,16243,2081,1819,2345,2076,180,"6
9
6","[[""6"", 0.9963836046363781, 160.0], [""9"", 0.06167483321411282, 63.0], [""6"", 0.9992352994458997, 158.5]]",,,ml/output/tracks/best_frames/25_12-20/track_0294_r0.jpg,ml/output/tracks/best_frames_hires/25_12-20/track_0294_r0.jpg,
25_12-20.mp4,297,16243,2125,1080,2303,1350,270,"Fza
794
55
1794
9","[[""Fza"", 0.11790452448593898, 14.0], [""794"", 0.9999972469798912, 63.0], [""55"", 0.6198538184138508, 21.0], [""1794"", 0.9999976754188538, 60.5], [""9"", 0.68122601717835, 20.0]]",,,ml/output/tracks/best_frames/25_12-20/track_0297_r1.jpg,ml/output/tracks/best_frames_hires/25_12-20/track_0297_r1.jpg,
25_12-20.mp4,303,16243,2124,1200,2381,1491,270,"5
 
26
9
7","[[""5"", 0.35096807351743564, 20.0], ["" "", 0.2279731997546719, 14.0], [""26"", 0.33778209183295743, 24.0], [""9"", 0.55057503265758, 19.0], [""7"", 0.29404195484767115, 13.33414011250647]]",,,ml/output/tracks/best_frames/25_12-20/track_0303_r0.jpg,ml/output/tracks/best_frames_hires/25_12-20/track_0303_r0.jpg,
25_12-20.mp4,301,16243,0,0,43,105,0,,[],,,ml/output/tracks/best_frames/25_12-20/track_0301_r0.jpg,ml/output/tracks/best_frames_hires/25_12-20/track_0301_r0.jpg,
25_12-20.mp4,296,16243,594,99,811,343,90,"6661
6661","[[""6661"", 0.991574260708837, 44.0], [""6661"", 0.9982519149780273, 44.5]]",,,ml/output/tracks/best_frames/25_12-20/track_0296_r0.jpg,ml/output/tracks/best_frames_hires/25_12-20/track_0296_r0.jpg,8
25_12-20.mp4,305,16243,2103,1355,2374,1677,0,,[],,,ml/output/tracks/best_frames/25_12-20/track_0305_r0.jpg,ml/output/tracks/best_frames_hires/25_12-20/track_0305_r0.jpg,
25_12-20.mp4,251,16243,547,791,749,1054,0,,[],,,ml/output/tracks/best_frames/25_12-20/track_0251_r2.jpg,ml/output/tracks/best_frames_hires/25_12-20/track_0251_r2.jpg,
25_12-20.mp4,284,16243,2161,324,2304,632,270,"9 з
9","[[""9 з"", 0.30443820357322693, 50.0], [""9"", 0.9999940395444042, 39.0]]",,,ml/output/tracks/best_frames/25_12-20/track_0284_r2.jpg,ml/output/tracks/best_frames_hires/25_12-20/track_0284_r2.jpg,
25_12-20.mp4,295,16243,2154,491,2416,787,270,~5L,"[[""~5L"", 0.17675086253347694, 30.0]]",,,ml/output/tracks/best_frames/25_12-20/track_0295_r2.jpg,ml/output/tracks/best_frames_hires/25_12-20/track_0295_r2.jpg,
25_12-20.mp4,295,16396,2159,359,2434,699,180,"[JII
8
-
02
5-","[[""[JII"", 0.6170501708984375, 36.0], [""8"", 0.05081885815586085, 94.0], [""-"", 0.9060776488468925, 24.0], [""02"", 0.720168607267075, 28.0], [""5-"", 0.19846803374074531, 24.0]]",,,ml/output/tracks/best_frames/25_12-20/track_0295_r1.jpg,ml/output/tracks/best_frames_hires/25_12-20/track_0295_r1.jpg,
25_12-20.mp4,306,16396,2151,572,2415,865,270,"~zj
ктbg","[[""~zj"", 0.05708084514500145, 39.0], [""ктbg"", 0.10731771497735547, 70.9010842277157]]",,,ml/output/tracks/best_frames/25_12-20/track_0306_r1.jpg,ml/output/tracks/best_frames_hires/25_12-20/track_0306_r1.jpg,
25_12-20.mp4,307,16396,2121,1278,2372,1549,270,Iя,"[[""Iя"", 0.10936903726731942, 18.0]]",,,ml/output/tracks/best_frames/25_12-20/track_0307_r0.jpg,ml/output/tracks/best_frames_hires/25_12-20/track_0307_r0.jpg,
25_12-20.mp4,303,16396,2122,1124,2390,1445,90,"€5
 L
egg
62
~Kz","[[""€5"", 0.44960591422397933, 20.0], ["" L"", 0.6128870345284776, 36.0], [""egg"", 0.14285685680490728, 28.0], [""62"", 0.9905939474997363, 67.81313090610178], [""~Kz"", 0.2247556943122184, 24.611442075295713]]",,,ml/output/tracks/best_frames/25_12-20/track_0303_r1.jpg,ml/output/tracks/best_frames_hires/25_12-20/track_0303_r1.jpg,
25_12-20.mp4,298,16396,3166,117,3232,199,0,,[],,,ml/output/tracks/best_frames/25_12-20/track_0298_r2.jpg,ml/output/tracks/best_frames_hires/25_12-20/track_0298_r2.jpg,
25_12-20.mp4,305,16396,2104,1435,2372,1733,0,,[],,,ml/output/tracks/best_frames/25_12-20/track_0305_r1.jpg,ml/output/tracks/best_frames_hires/25_12-20/track_0305_r1.jpg,
25_12-20.mp4,311,16396,594,1479,810,1815,270,"'
431
1733 
2299","[[""'"", 0.17756224577864543, 14.0], [""431"", 0.9019229952340887, 20.0], [""1733 "", 0.9136234279811061, 51.0], [""2299"", 0.9998475313186646, 54.437601569801835]]",,,ml/output/tracks/best_frames/25_12-20/track_0311_r1.jpg,ml/output/tracks/best_frames_hires/25_12-20/track_0311_r1.jpg,8
25_12-20.mp4,304,16396,2109,1746,2359,1986,270,"~317
Л1937
315:
519375","[[""~317"", 0.5374278426170349, 26.0], [""Л1937"", 0.4522561925058229, 60.0], [""315:"", 0.7583960294723511, 24.5], [""519375"", 0.31784587981091256, 54.0]]",,,ml/output/tracks/best_frames/25_12-20/track_0304_r0.jpg,ml/output/tracks/best_frames_hires/25_12-20/track_0304_r0.jpg,:
25_12-20.mp4,307,16549,2118,1347,2376,1622,0,,[],,,ml/output/tracks/best_frames/25_12-20/track_0307_r1.jpg,ml/output/tracks/best_frames_hires/25_12-20/track_0307_r1.jpg,
25_12-20.mp4,311,16549,601,1518,817,1852,270,"шE
31
1733
2299","[[""шE"", 0.8393867402386618, 14.0], [""31"", 0.8539713917174924, 16.0], [""1733"", 0.7396124005317688, 51.0], [""2299"", 0.9999289512634277, 53.45857750013488]]",,,ml/output/tracks/best_frames/25_12-20/track_0311_r2.jpg,ml/output/tracks/best_frames_hires/25_12-20/track_0311_r2.jpg,8
25_12-20.mp4,315,16549,579,200,792,482,270,1999,"[[""1999"", 0.9994533209576859, 44.0]]",,,ml/output/tracks/best_frames/25_12-20/track_0315_r0.jpg,ml/output/tracks/best_frames_hires/25_12-20/track_0315_r0.jpg,9
25_12-20.mp4,309,16549,564,1261,782,1500,270,"7
1733 `","[[""7"", 0.6392509364696366, 12.0], [""1733 `"", 0.7794417509287033, 51.0]]",,,ml/output/tracks/best_frames/25_12-20/track_0309_r2.jpg,ml/output/tracks/best_frames_hires/25_12-20/track_0309_r2.jpg,8
25_12-20.mp4,306,16549,2157,650,2409,942,90,"Viа
5 .","[[""Viа"", 0.46099522313273095, 39.0], [""5 ."", 0.22327751444901844, 30.348290420329363]]",,,ml/output/tracks/best_frames/25_12-20/track_0306_r0.jpg,ml/output/tracks/best_frames_hires/25_12-20/track_0306_r0.jpg,
25_12-20.mp4,298,16549,3165,124,3233,210,0,,[],,,ml/output/tracks/best_frames/25_12-20/track_0298_r0.jpg,ml/output/tracks/best_frames_hires/25_12-20/track_0298_r0.jpg,
25_12-20.mp4,304,16549,2101,1623,2361,1897,270,"193
315
193","[[""193"", 0.9858349754232067, 48.0], [""315"", 0.42390766418916603, 20.0], [""193"", 0.9606981662958501, 45.0]]",,,ml/output/tracks/best_frames/25_12-20/track_0304_r1.jpg,ml/output/tracks/best_frames_hires/25_12-20/track_0304_r1.jpg,8 13
25_12-20.mp4,303,16549,2124,1187,2388,1487,180,"$
8","[[""$"", 0.9955093129825663, 151.96950439796888], [""8"", 0.5502321492065363, 199.5]]",,,ml/output/tracks/best_frames/25_12-20/track_0303_r2.jpg,ml/output/tracks/best_frames_hires/25_12-20/track_0303_r2.jpg,
25_12-20.mp4,251,16549,550,932,752,1186,0,,[],,,ml/output/tracks/best_frames/25_12-20/track_0251_r1.jpg,ml/output/tracks/best_frames_hires/25_12-20/track_0251_r1.jpg,
25_12-20.mp4,294,16549,2102,1824,2363,2054,270,"~315
4937
Т67о
315
4937","[[""~315"", 0.5035549402236938, 20.0], [""4937"", 0.31765562295913696, 48.0], [""Т67о"", 0.17725028097629547, 31.766967646379353], [""315"", 0.5463720667021476, 20.0], [""4937"", 0.8233968019485474, 50.5]]",,,ml/output/tracks/best_frames/25_12-20/track_0294_r2.jpg,ml/output/tracks/best_frames_hires/25_12-20/track_0294_r2.jpg,5
25_12-20.mp4,315,16702,573,277,784,553,270,1999,"[[""1999"", 0.9999967813491821, 51.0]]",,,ml/output/tracks/best_frames/25_12-20/track_0315_r1.jpg,ml/output/tracks/best_frames_hires/25_12-20/track_0315_r1.jpg,0
25_12-20.mp4,317,16702,2116,1404,2371,1628,0,,[],,,ml/output/tracks/best_frames/25_12-20/track_0317_r0.jpg,ml/output/tracks/best_frames_hires/25_12-20/track_0317_r0.jpg,
25_12-20.mp4,304,16702,2101,1592,2351,1866,90,et€-,"[[""et€-"", 0.2251966893672943, 24.0]]",,,ml/output/tracks/best_frames/25_12-20/track_0304_r2.jpg,ml/output/tracks/best_frames_hires/25_12-20/track_0304_r2.jpg,
25_12-20.mp4,309,16702,571,1323,794,1565,270,"г
с -
зx
'733
47","[[""г"", 0.21810119918811566, 8.0], [""с -"", 0.3662797808647156, 14.0], [""зx"", 0.14451540550992895, 14.0], [""'733"", 0.7295234799385071, 49.0], [""47"", 0.4865551091336883, 19.0]]",,,ml/output/tracks/best_frames/25_12-20/track_0309_r1.jpg,ml/output/tracks/best_frames_hires/25_12-20/track_0309_r1.jpg,8
25_12-20.mp4,311,16702,601,1526,824,1851,270,"х=
с
31
22
1733
4P
47","[[""х="", 0.10024858995007713, 16.0], [""с"", 0.2052654439785897, 14.0], [""31"", 0.6607585732114888, 16.0], [""22"", 0.9999996628252286, 36.0], [""1733"", 0.8872796822659286, 42.0], [""4P"", 0.5880525313489695, 20.0], [""47"", 0.9864626225560549, 21.5]]",,,ml/output/tracks/best_frames/25_12-20/track_0311_r0.jpg,ml/output/tracks/best_frames_hires/25_12-20/track_0311_r0.jpg,
25_12-20.mp4,297,16702,2125,1123,2304,1296,270,"367
1794
-36
1794","[[""367"", 0.7288856860119868, 28.0], [""1794"", 0.9999988079071045, 68.81948429575579], [""-36"", 0.9868840776782961, 25.0], [""1794"", 0.9999987483024597, 63.0]]",,,ml/output/tracks/best_frames/25_12-20/track_0297_r2.jpg,ml/output/tracks/best_frames_hires/25_12-20/track_0297_r2.jpg,41 9
25_12-20.mp4,307,16702,2115,1276,2304,1593,270,"36
1794
367
1
794","[[""36"", 0.9985401768666635, 26.0], [""1794"", 0.6842273740047071, 64.0], [""367"", 0.7187497173062865, 26.0], [""1"", 0.9889444067483472, 34.0], [""794"", 1.0, 65.9488880886714]]",,,ml/output/tracks/best_frames/25_12-20/track_0307_r2.jpg,ml/output/tracks/best_frames_hires/25_12-20/track_0307_r2.jpg,
25_12-20.mp4,306,16702,2156,566,2422,868,270," ,эу","[["" ,эу"", 0.3280433118343353, 67.0]]",,,ml/output/tracks/best_frames/25_12-20/track_0306_r2.jpg,ml/output/tracks/best_frames_hires/25_12-20/track_0306_r2.jpg,
25_12-20.mp4,316,16702,2087,1813,2361,2076,270,"179
31
{937
45э
31
0937","[[""179"", 0.41993644532765956, 22.0], [""31"", 0.5229506063787448, 24.0], [""{937"", 0.3690357208251953, 48.0], [""45э"", 0.10301110476701045, 29.733382424812238], [""31"", 0.9998628569095095, 19.0], [""0937"", 0.5538105964660645, 51.0]]",,,ml/output/tracks/best_frames/25_12-20/track_0316_r0.jpg,ml/output/tracks/best_frames_hires/25_12-20/track_0316_r0.jpg,3
25_12-20.mp4,284,16856,2147,655,2304,1038,0,,[],,,ml/output/tracks/best_frames/25_12-20/track_0284_r1.jpg,ml/output/tracks/best_frames_hires/25_12-20/track_0284_r1.jpg,
25_12-20.mp4,320,16856,555,1068,764,1327,0,,[],,,ml/output/tracks/best_frames/25_12-20/track_0320_r0.jpg,ml/output/tracks/best_frames_hires/25_12-20/track_0320_r0.jpg,
25_12-20.mp4,317,16856,2108,1491,2369,1747,0,,[],,,ml/output/tracks/best_frames/25_12-20/track_0317_r1.jpg,ml/output/tracks/best_frames_hires/25_12-20/track_0317_r1.jpg,
25_12-20.mp4,313,16856,2139,864,2400,1118,270,"У
PtF5g","[[""У"", 0.19001964687820205, 43.0], [""PtF5g"", 0.07409178192957626, 82.88271806127005]]",,,ml/output/tracks/best_frames/25_12-20/track_0313_r1.jpg,ml/output/tracks/best_frames_hires/25_12-20/track_0313_r1.jpg,
25_12-20.mp4,321,16856,2076,2085,2317,2159,0,{ШJиа,"[[""{ШJиа"", 0.023623225307105474, 30.0]]",,,ml/output/tracks/best_frames/25_12-20/track_0321_r1.jpg,ml/output/tracks/best_frames_hires/25_12-20/track_0321_r1.jpg,
25_12-20.mp4,309,16856,581,1382,797,1620,270,"~ -
ха' >
1733
474","[[""~ -"", 0.21252510369163682, 14.0], [""ха' >"", 0.26514561246917495, 17.0], [""1733"", 0.44961604475975037, 49.0], [""474"", 0.7687457420780645, 30.0]]",,,ml/output/tracks/best_frames/25_12-20/track_0309_r0.jpg,ml/output/tracks/best_frames_hires/25_12-20/track_0309_r0.jpg,8 1
25_12-20.mp4,316,17009,2073,1737,2330,2008,0,,[],,,ml/output/tracks/best_frames/25_12-20/track_0316_r1.jpg,ml/output/tracks/best_frames_hires/25_12-20/track_0316_r1.jpg,
25_12-20.mp4,321,17009,2075,1977,2337,2159,0,,[],,,ml/output/tracks/best_frames/25_12-20/track_0321_r0.jpg,ml/output/tracks/best_frames_hires/25_12-20/track_0321_r0.jpg,
25_12-20.mp4,318,17009,2185,2,2429,301,270,"dg
аuтg","[[""dg"", 0.5992162735781982, 54.0], [""аuтg"", 0.1599656343460083, 58.85050999741726]]",,,ml/output/tracks/best_frames/25_12-20/track_0318_r2.jpg,ml/output/tracks/best_frames_hires/25_12-20/track_0318_r2.jpg,981
25_12-20.mp4,320,17009,561,1026,768,1240,0,,[],,,ml/output/tracks/best_frames/25_12-20/track_0320_r2.jpg,ml/output/tracks/best_frames_hires/25_12-20/track_0320_r2.jpg,
25_12-20.mp4,323,17009,565,1147,766,1401,0,,[],,,ml/output/tracks/best_frames/25_12-20/track_0323_r2.jpg,ml/output/tracks/best_frames_hires/25_12-20/track_0323_r2.jpg,
25_12-20.mp4,313,17009,2139,910,2394,1202,0,,[],,,ml/output/tracks/best_frames/25_12-20/track_0313_r0.jpg,ml/output/tracks/best_frames_hires/25_12-20/track_0313_r0.jpg,
25_12-20.mp4,313,17162,2126,865,2404,1194,0,,[],,,ml/output/tracks/best_frames/25_12-20/track_0313_r2.jpg,ml/output/tracks/best_frames_hires/25_12-20/track_0313_r2.jpg,
25_12-20.mp4,328,17162,2126,999,2382,1288,0,,[],,,ml/output/tracks/best_frames/25_12-20/track_0328_r0.jpg,ml/output/tracks/best_frames_hires/25_12-20/track_0328_r0.jpg,
25_12-20.mp4,317,17162,2093,1543,2302,1817,90,1621,"[[""1621"", 0.9521056413650513, 69.82552138893217]]",,,ml/output/tracks/best_frames/25_12-20/track_0317_r2.jpg,ml/output/tracks/best_frames_hires/25_12-20/track_0317_r2.jpg,
25_12-20.mp4,318,17162,2173,2,2437,336,90,"Люj
fiu
595
4","[[""Люj"", 0.061798896846424194, 65.0], [""fiu"", 0.8496670500172303, 52.80949648147157], [""595"", 0.2772398080028552, 64.0], [""4"", 0.8680138945114244, 26.0]]",,,ml/output/tracks/best_frames/25_12-20/track_0318_r0.jpg,ml/output/tracks/best_frames_hires/25_12-20/track_0318_r0.jpg,
25_12-20.mp4,323,17162,560,1208,771,1468,0,,[],,,ml/output/tracks/best_frames/25_12-20/track_0323_r0.jpg,ml/output/tracks/best_frames_hires/25_12-20/track_0323_r0.jpg,
25_12-20.mp4,282,17162,551,614,763,873,0,3,"[[""3"", 0.9954614991450264, 116.0]]",,,ml/output/tracks/best_frames/25_12-20/track_0282_r0.jpg,ml/output/tracks/best_frames_hires/25_12-20/track_0282_r0.jpg,
25_12-20.mp4,315,17162,565,447,782,686,270,1999,"[[""1999"", 0.9952601790428162, 57.0]]",,,ml/output/tracks/best_frames/25_12-20/track_0315_r2.jpg,ml/output/tracks/best_frames_hires/25_12-20/track_0315_r2.jpg,91 3
25_12-20.mp4,333,17315,2171,189,2423,470,180,"$
5
3","[[""$"", 0.978133541556506, 132.0], [""5"", 0.20339210677235897, 140.97748250431414], [""3"", 0.1701498525445979, 139.0]]",,,ml/output/tracks/best_frames/25_12-20/track_0333_r0.jpg,ml/output/tracks/best_frames_hires/25_12-20/track_0333_r0.jpg,05
25_12-20.mp4,328,17315,2123,972,2303,1240,0,,[],,,ml/output/tracks/best_frames/25_12-20/track_0328_r1.jpg,ml/output/tracks/best_frames_hires/25_12-20/track_0328_r1.jpg,
25_12-20.mp4,330,17315,2109,1081,2378,1369,0,,[],,,ml/output/tracks/best_frames/25_12-20/track_0330_r0.jpg,ml/output/tracks/best_frames_hires/25_12-20/track_0330_r0.jpg,
25_12-20.mp4,331,17315,639,1718,869,2087,270,"229
1733","[[""229"", 0.9992097616195679, 48.400107696569485], [""1733"", 0.9988647699356079, 47.818649996489924]]",,,ml/output/tracks/best_frames/25_12-20/track_0331_r0.jpg,ml/output/tracks/best_frames_hires/25_12-20/track_0331_r0.jpg,
25_12-20.mp4,332,17315,622,1675,834,1893,90,"г
=
#
ggZ!
12
4
5
2.
9921","[[""г"", 0.8235701493372858, 14.0], [""="", 0.7150836667696292, 14.0], [""#"", 0.8132305129060491, 14.0], [""ggZ!"", 0.17930786311626434, 45.6120680655489], [""12"", 0.129439535871056, 15.5], [""4"", 0.2943996630870629, 10.0], [""5"", 0.2053933307542346, 16.5], [""2."", 0.28142037725981683, 14.0], [""9921"", 0.5656483173370361, 46.74306485167352]]",,,ml/output/tracks/best_frames/25_12-20/track_0332_r0.jpg,ml/output/tracks/best_frames_hires/25_12-20/track_0332_r0.jpg,
25_12-20.mp4,318,17315,2174,9,2436,333,180,"8
5","[[""8"", 0.4602527357213013, 89.0], [""5"", 0.299445413889444, 153.96442179763028]]",,,ml/output/tracks/best_frames/25_12-20/track_0318_r1.jpg,ml/output/tracks/best_frames_hires/25_12-20/track_0318_r1.jpg,
25_12-20.mp4,320,17315,562,1165,774,1430,0,,[],,,ml/output/tracks/best_frames/25_12-20/track_0320_r1.jpg,ml/output/tracks/best_frames_hires/25_12-20/track_0320_r1.jpg,
25_12-20.mp4,316,17315,2065,1701,2321,1961,90,Es,"[[""Es"", 0.9625562324125001, 20.0]]",,,ml/output/tracks/best_frames/25_12-20/track_0316_r2.jpg,ml/output/tracks/best_frames_hires/25_12-20/track_0316_r2.jpg,
25_12-20.mp4,323,17315,574,1282,776,1540,0,,[],,,ml/output/tracks/best_frames/25_12-20/track_0323_r1.jpg,ml/output/tracks/best_frames_hires/25_12-20/track_0323_r1.jpg,
25_12-20.mp4,336,17469,2055,1878,2299,2114,0,,[],,,ml/output/tracks/best_frames/25_12-20/track_0336_r1.jpg,ml/output/tracks/best_frames_hires/25_12-20/track_0336_r1.jpg,
25_12-20.mp4,335,17469,2107,1162,2361,1444,0,,[],,,ml/output/tracks/best_frames/25_12-20/track_0335_r0.jpg,ml/output/tracks/best_frames_hires/25_12-20/track_0335_r0.jpg,
25_12-20.mp4,333,17469,2172,108,2435,406,90,"шкор
hiuwD 
2/
.","[[""шкор"", 0.1349298357963562, 72.0], [""hiuwD "", 0.6192520797893611, 67.85460115744343], [""2/"", 0.12944366954091133, 60.0], [""."", 0.3358656609255064, 62.46095087448545]]",,,ml/output/tracks/best_frames/25_12-20/track_0333_r2.jpg,ml/output/tracks/best_frames_hires/25_12-20/track_0333_r2.jpg,5
25_12-20.mp4,331,17469,644,1779,871,2116,0,"2
n
1|
JMg","[[""2"", 0.26199603553358486, 128.0], [""n"", 0.7538715395394888, 41.0], [""1|"", 0.3609846213982857, 32.0], [""JMg"", 0.12878543638594975, 38.0]]",,,ml/output/tracks/best_frames/25_12-20/track_0331_r2.jpg,ml/output/tracks/best_frames_hires/25_12-20/track_0331_r2.jpg,
25_12-20.mp4,330,17469,2118,1016,2385,1279,270,Алун,"[[""Алун"", 0.00798267312347889, 55.883484054145526]]",,,ml/output/tracks/best_frames/25_12-20/track_0330_r1.jpg,ml/output/tracks/best_frames_hires/25_12-20/track_0330_r1.jpg,
25_12-20.mp4,332,17469,629,1732,847,1944,270,"Cr
оe
1733","[[""Cr"", 0.31836092754689155, 15.0], [""оe"", 0.04200051614126705, 17.873807925473827], [""1733"", 0.9986851811408997, 46.824583805532015]]",,,ml/output/tracks/best_frames/25_12-20/track_0332_r1.jpg,ml/output/tracks/best_frames_hires/25_12-20/track_0332_r1.jpg,
25_12-20.mp4,338,17469,583,1347,783,1606,180,3,"[[""3"", 0.971449412305688, 37.0]]",,,ml/output/tracks/best_frames/25_12-20/track_0338_r0.jpg,ml/output/tracks/best_frames_hires/25_12-20/track_0338_r0.jpg,
25_12-20.mp4,328,17469,2116,946,2304,1209,0,,[],,,ml/output/tracks/best_frames/25_12-20/track_0328_r2.jpg,ml/output/tracks/best_frames_hires/25_12-20/track_0328_r2.jpg,
25_12-20.mp4,326,17469,2162,145,2304,481,0,,[],,,ml/output/tracks/best_frames/25_12-20/track_0326_r0.jpg,ml/output/tracks/best_frames_hires/25_12-20/track_0326_r0.jpg,
25_12-20.mp4,340,17622,2158,301,2419,609,0,"[8a
9
6","[[""[8a"", 0.14340422129741134, 131.0], [""9"", 0.860727345953137, 144.9726775445671], [""6"", 0.41835939168380776, 92.5]]",,,ml/output/tracks/best_frames/25_12-20/track_0340_r0.jpg,ml/output/tracks/best_frames_hires/25_12-20/track_0340_r0.jpg,
25_12-20.mp4,341,17622,587,1411,786,1658,0,,[],,,ml/output/tracks/best_frames/25_12-20/track_0341_r0.jpg,ml/output/tracks/best_frames_hires/25_12-20/track_0341_r0.jpg,
25_12-20.mp4,336,17622,2052,1866,2301,2114,0,,[],,,ml/output/tracks/best_frames/25_12-20/track_0336_r0.jpg,ml/output/tracks/best_frames_hires/25_12-20/track_0336_r0.jpg,
25_12-20.mp4,335,17622,2108,1241,2359,1512,0,,[],,,ml/output/tracks/best_frames/25_12-20/track_0335_r1.jpg,ml/output/tracks/best_frames_hires/25_12-20/track_0335_r1.jpg,
25_12-20.mp4,326,17622,2161,215,2304,533,0,,[],,,ml/output/tracks/best_frames/25_12-20/track_0326_r1.jpg,ml/output/tracks/best_frames_hires/25_12-20/track_0326_r1.jpg,
25_12-20.mp4,330,17622,2114,1068,2394,1288,0,' ),"[[""' )"", 0.7235014761995127, 39.0]]",,,ml/output/tracks/best_frames/25_12-20/track_0330_r2.jpg,ml/output/tracks/best_frames_hires/25_12-20/track_0330_r2.jpg,
25_12-20.mp4,333,17622,2168,187,2431,476,270,"durш
daung","[[""durш"", 0.13131281733512878, 77.0], [""daung"", 0.8465252702372305, 82.9074739542794]]",,,ml/output/tracks/best_frames/25_12-20/track_0333_r1.jpg,ml/output/tracks/best_frames_hires/25_12-20/track_0333_r1.jpg,5
25_12-20.mp4,338,17622,579,1325,780,1564,0,,[],,,ml/output/tracks/best_frames/25_12-20/track_0338_r1.jpg,ml/output/tracks/best_frames_hires/25_12-20/track_0338_r1.jpg,
25_12-20.mp4,342,17622,678,2082,898,2159,0,,[],,,ml/output/tracks/best_frames/25_12-20/track_0342_r0.jpg,ml/output/tracks/best_frames_hires/25_12-20/track_0342_r0.jpg,
25_12-20.mp4,331,17622,651,1789,881,2155,0,"""1
8","[[""\""1"", 0.6260655091967307, 30.0], [""8"", 0.4158226255540285, 127.90156910939999]]",,,ml/output/tracks/best_frames/25_12-20/track_0331_r1.jpg,ml/output/tracks/best_frames_hires/25_12-20/track_0331_r1.jpg,
25_12-20.mp4,282,17622,553,864,754,1096,0,"=
8","[[""="", 0.8674482265179542, 45.0], [""8"", 0.4232851895542957, 122.81570153784217]]",,,ml/output/tracks/best_frames/25_12-20/track_0282_r2.jpg,ml/output/tracks/best_frames_hires/25_12-20/track_0282_r2.jpg,
25_12-20.mp4,348,17775,639,1782,859,2051,270,1733,"[[""1733"", 0.5490876151654492, 49.23999152002544]]",,,ml/output/tracks/best_frames/25_12-20/track_0348_r0.jpg,ml/output/tracks/best_frames_hires/25_12-20/track_0348_r0.jpg,
25_12-20.mp4,342,17775,675,2080,892,2159,0,,[],,,ml/output/tracks/best_frames/25_12-20/track_0342_r1.jpg,ml/output/tracks/best_frames_hires/25_12-20/track_0342_r1.jpg,
25_12-20.mp4,349,17775,2164,407,2420,692,180,"9
5
5","[[""9"", 0.5223859261424337, 137.0], [""5"", 0.6864385754429492, 115.95579502714077], [""5"", 0.3964711281282831, 104.49081364433613]]",,,ml/output/tracks/best_frames/25_12-20/track_0349_r0.jpg,ml/output/tracks/best_frames_hires/25_12-20/track_0349_r0.jpg,
25_12-20.mp4,341,17775,583,1380,790,1634,0,,[],,,ml/output/tracks/best_frames/25_12-20/track_0341_r1.jpg,ml/output/tracks/best_frames_hires/25_12-20/track_0341_r1.jpg,
25_12-20.mp4,340,17775,2166,269,2435,582,180,"&
[
6
 0","[[""&"", 0.09990065329294229, 139.0], [""["", 0.5859497474788533, 152.96993380723475], [""6"", 0.3793232407781808, 59.0], ["" 0"", 0.8491730471312015, 48.0]]",,,ml/output/tracks/best_frames/25_12-20/track_0340_r1.jpg,ml/output/tracks/best_frames_hires/25_12-20/track_0340_r1.jpg,
25_12-20.mp4,344,17775,601,1478,793,1724,0,5,"[[""5"", 0.974846108185389, 55.48128031658074]]",,,ml/output/tracks/best_frames/25_12-20/track_0344_r1.jpg,ml/output/tracks/best_frames_hires/25_12-20/track_0344_r1.jpg,2
25_12-20.mp4,335,17775,2113,1135,2386,1428,270,~abj,"[[""~abj"", 0.3356550633907318, 71.87241120712648]]",,,ml/output/tracks/best_frames/25_12-20/track_0335_r2.jpg,ml/output/tracks/best_frames_hires/25_12-20/track_0335_r2.jpg,
25_12-20.mp4,282,17775,551,877,759,1158,270,"1
1999","[[""1"", 0.7994108849472923, 8.0], [""1999"", 0.9999997615814209, 55.616377166145185]]",,,ml/output/tracks/best_frames/25_12-20/track_0282_r1.jpg,ml/output/tracks/best_frames_hires/25_12-20/track_0282_r1.jpg,
25_12-20.mp4,326,17775,2168,324,2303,538,0,,[],,,ml/output/tracks/best_frames/25_12-20/track_0326_r2.jpg,ml/output/tracks/best_frames_hires/25_12-20/track_0326_r2.jpg,
25_12-20.mp4,346,17775,2105,1314,2365,1581,90,fun,"[[""fun"", 0.5774824592563136, 39.0]]",,,ml/output/tracks/best_frames/25_12-20/track_0346_r0.jpg,ml/output/tracks/best_frames_hires/25_12-20/track_0346_r0.jpg,
25_12-20.mp4,350,17928,555,974,763,1225,90,"1iы
6661
1. .
6661","[[""1iы"", 0.18963832188433885, 28.21096324630747], [""6661"", 0.997642457485199, 56.5774576946319], [""1. ."", 0.17906649160292587, 25.234018792149747], [""6661"", 0.9972784519195557, 52.43513828814113]]",,,ml/output/tracks/best_frames/25_12-20/track_0350_r2.jpg,ml/output/tracks/best_frames_hires/25_12-20/track_0350_r2.jpg,
25_12-20.mp4,351,17928,2172,484,2427,762,0,"[3a
е","[[""[3a"", 0.1791222547299168, 140.0], [""е"", 0.21490905282657824, 103.94388913179114]]",,,ml/output/tracks/best_frames/25_12-20/track_0351_r2.jpg,ml/output/tracks/best_frames_hires/25_12-20/track_0351_r2.jpg,
25_12-20.mp4,346,17928,2119,1384,2364,1649,90,38,"[[""38"", 0.6294359723532146, 26.0]]",,,ml/output/tracks/best_frames/25_12-20/track_0346_r1.jpg,ml/output/tracks/best_frames_hires/25_12-20/track_0346_r1.jpg,
25_12-20.mp4,348,17928,641,1806,869,2058,0,"5
i}
8
6","[[""5"", 0.7959698828280501, 48.0], [""i}"", 0.8328982598509613, 28.0], [""8"", 0.3675106462368518, 120.88925633852895], [""6"", 0.3629740995969577, 30.5]]",,,ml/output/tracks/best_frames/25_12-20/track_0348_r1.jpg,ml/output/tracks/best_frames_hires/25_12-20/track_0348_r1.jpg,
25_12-20.mp4,351,18082,2181,543,2430,832,90,"Тiкoб
fiuwD
55 ","[[""Тiкoб"", 0.06328291992862568, 67.0], [""fiuwD"", 0.8738040471748677, 73.88012033751102], [""55 "", 0.04773409087140945, 65.5]]",,,ml/output/tracks/best_frames/25_12-20/track_0351_r0.jpg,ml/output/tracks/best_frames_hires/25_12-20/track_0351_r0.jpg,
25_12-20.mp4,349,18082,2168,413,2304,746,0,,[],,,ml/output/tracks/best_frames/25_12-20/track_0349_r1.jpg,ml/output/tracks/best_frames_hires/25_12-20/track_0349_r1.jpg,
25_12-20.mp4,352,18082,2063,2086,2314,2158,0,,[],,,ml/output/tracks/best_frames/25_12-20/track_0352_r1.jpg,ml/output/tracks/best_frames_hires/25_12-20/track_0352_r1.jpg,
25_12-20.mp4,348,18082,645,1823,863,2061,270,"1733
VAAPA
97","[[""1733"", 0.9954897165298462, 49.23999152002543], [""VAAPA"", 0.5783204092926293, 34.67223788975764], [""97"", 0.7080574337131483, 30.5]]",,,ml/output/tracks/best_frames/25_12-20/track_0348_r2.jpg,ml/output/tracks/best_frames_hires/25_12-20/track_0348_r2.jpg,
25_12-20.mp4,354,18082,2113,1459,2365,1730,270,"'259
36-2","[[""'259"", 0.15980859100818634, 35.0], [""36-2"", 0.8310168385505676, 26.0]]",,,ml/output/tracks/best_frames/25_12-20/track_0354_r0.jpg,ml/output/tracks/best_frames_hires/25_12-20/track_0354_r0.jpg,
25_12-20.mp4,346,18082,2119,1289,2393,1575,90,"fiandy
fiqia","[[""fiandy"", 0.2017513895937088, 87.847876370844], [""fiqia"", 0.4908332336647068, 77.8645860506972]]",,,ml/output/tracks/best_frames/25_12-20/track_0346_r2.jpg,ml/output/tracks/best_frames_hires/25_12-20/track_0346_r2.jpg,
25_12-20.mp4,350,18082,558,1025,769,1280,90,"V
666
танz
7
6661
5::","[[""V"", 0.4458075999114186, 34.0], [""666"", 0.9999329642490232, 56.52199056825282], [""танz"", 0.06271325771755472, 12.721988205115395], [""7"", 0.705071337959712, 18.0], [""6661"", 0.9932686512200696, 53.62460219875504], [""5::"", 0.22663046602381123, 15.443776436578162]]",,,ml/output/tracks/best_frames/25_12-20/track_0350_r0.jpg,ml/output/tracks/best_frames_hires/25_12-20/track_0350_r0.jpg,
25_12-20.mp4,344,18082,610,1590,815,1825,90,Vvzn,"[[""Vvzn"", 0.39378440380096436, 30.0]]",,,ml/output/tracks/best_frames/25_12-20/track_0344_r0.jpg,ml/output/tracks/best_frames_hires/25_12-20/track_0344_r0.jpg,5
25_12-20.mp4,312,18082,569,490,767,739,0,,[],,,ml/output/tracks/best_frames/25_12-20/track_0312_r0.jpg,ml/output/tracks/best_frames_hires/25_12-20/track_0312_r0.jpg,
25_12-20.mp4,336,18082,2070,1894,2337,2137,270,"794
794","[[""794"", 0.9999997246979434, 55.0], [""794"", 0.6890566960299375, 58.43955998213547]]",,,ml/output/tracks/best_frames/25_12-20/track_0336_r2.jpg,ml/output/tracks/best_frames_hires/25_12-20/track_0336_r2.jpg,6
25_12-20.mp4,340,18082,2175,396,2444,689,0,"[?
=
","[[""[?"", 0.6135415142181276, 141.0], [""="", 0.29159532396283794, 87.91881664685849], ["""", 0.0, 141.5]]",,,ml/output/tracks/best_frames/25_12-20/track_0340_r2.jpg,ml/output/tracks/best_frames_hires/25_12-20/track_0340_r2.jpg,0
25_12-20.mp4,355,18235,965,1606,1149,1944,270,"FINo
(1896
130
7","[[""FINo"", 0.9104131460189819, 28.0], [""(1896"", 0.4291201718756937, 24.0], [""130"", 0.04383481444492901, 10.0], [""7"", 0.13452547909942414, 11.487211038916769]]",,,ml/output/tracks/best_frames/25_12-20/track_0355_r0.jpg,ml/output/tracks/best_frames_hires/25_12-20/track_0355_r0.jpg,8
25_12-20.mp4,352,18235,2078,2060,2301,2159,0,,[],,,ml/output/tracks/best_frames/25_12-20/track_0352_r0.jpg,ml/output/tracks/best_frames_hires/25_12-20/track_0352_r0.jpg,
25_12-20.mp4,351,18235,2169,613,2430,896,90,"Тшwj
hiuw
/3
6.","[[""Тшwj"", 0.24634341895580292, 74.0], [""hiuw"", 0.5592367649078369, 54.76187060183952], [""/3"", 0.23559445048971323, 73.5], [""6."", 0.4660312797711878, 55.949500218612]]",,,ml/output/tracks/best_frames/25_12-20/track_0351_r1.jpg,ml/output/tracks/best_frames_hires/25_12-20/track_0351_r1.jpg,
25_12-20.mp4,354,18235,2112,1501,2365,1767,90,F98,"[[""F98"", 0.5957245230674744, 28.713906763541047]]",,,ml/output/tracks/best_frames/25_12-20/track_0354_r1.jpg,ml/output/tracks/best_frames_hires/25_12-20/track_0354_r1.jpg,
25_12-20.mp4,357,18235,686,2076,914,2159,0,,[],,,ml/output/tracks/best_frames/25_12-20/track_0357_r0.jpg,ml/output/tracks/best_frames_hires/25_12-20/track_0357_r0.jpg,
25_12-20.mp4,341,18235,611,1554,810,1783,90,'n,"[[""'n"", 0.25936426054613104, 28.0]]",,,ml/output/tracks/best_frames/25_12-20/track_0341_r2.jpg,ml/output/tracks/best_frames_hires/25_12-20/track_0341_r2.jpg,
25_12-20.mp4,344,18235,628,1645,822,1868,0,5,"[[""5"", 0.6776795143211736, 81.48935444201916]]",,,ml/output/tracks/best_frames/25_12-20/track_0344_r2.jpg,ml/output/tracks/best_frames_hires/25_12-20/track_0344_r2.jpg,2
25_12-20.mp4,345,18235,2188,40,2445,311,0,"[
1
1
Iif
8
j1
2
2","[[""["", 0.8967991161771351, 24.0], [""1"", 0.9720347441350761, 30.0], [""1"", 0.8705595688444454, 74.0], [""Iif"", 0.4477937690390286, 64.0], [""8"", 0.837979364037583, 188.0], [""j1"", 0.5167896017559387, 22.0], [""2"", 0.34647070593232243, 113.95409029100279], [""2"", 0.18856733984556318, 103.98588327594572]]",,,ml/output/tracks/best_frames/25_12-20/track_0345_r0.jpg,ml/output/tracks/best_frames_hires/25_12-20/track_0345_r0.jpg,1 1 06
25_12-20.mp4,350,18235,559,1087,766,1337,90,"666
95
666 1 ","[[""666"", 0.9999677897282875, 55.49616501476277], [""95"", 0.8943484778869873, 19.0], [""666 1 "", 0.8063052973804476, 55.34251608718694]]",,,ml/output/tracks/best_frames/25_12-20/track_0350_r1.jpg,ml/output/tracks/best_frames_hires/25_12-20/track_0350_r1.jpg,
25_12-20.mp4,312,18235,565,534,769,805,0,,[],,,ml/output/tracks/best_frames/25_12-20/track_0312_r1.jpg,ml/output/tracks/best_frames_hires/25_12-20/track_0312_r1.jpg,
25_12-20.mp4,357,18388,689,2074,888,2159,0,8,"[[""8"", 0.9897287357753157, 64.50674493453688]]",,,ml/output/tracks/best_frames/25_12-20/track_0357_r1.jpg,ml/output/tracks/best_frames_hires/25_12-20/track_0357_r1.jpg,
25_12-20.mp4,312,18388,556,628,767,894,0,,[],,,ml/output/tracks/best_frames/25_12-20/track_0312_r2.jpg,ml/output/tracks/best_frames_hires/25_12-20/track_0312_r2.jpg,
25_12-20.mp4,358,18388,2192,1,2466,325,270,"(_
= ;
"" - 
е7n :
-36-
7995
&awл
6 :5
7 - :
1
5
7
7:7
715:
36-
17995","[[""(_"", 0.14938987551969846, 8.0], [""= ;"", 0.1622503399848938, 14.0], [""\"" - "", 0.4463161485035787, 13.0], [""е7n :"", 0.23926976426926036, 14.0], [""-36-"", 0.5320539486463056, 26.0], [""7995"", 0.8724962472915649, 55.0], [""&awл"", 0.39963600039482117, 90.88340902935337], [""6 :5"", 0.9148478519023922, 14.0], [""7 - :"", 0.12195448592572511, 12.5], [""1"", 0.15400844498451338, 8.0], [""5"", 0.7674693383216358, 8.0], [""7"", 0.47315213417755686, 10.0], [""7:7"", 0.671822148912252, 19.0], [""715:"", 0.3238838016986847, 13.0], [""36-"", 0.9524499795880434, 25.0], [""17995"", 0.6425124272155232, 55.5]]",,,ml/output/tracks/best_frames/25_12-20/track_0358_r0.jpg,ml/output/tracks/best_frames_hires/25_12-20/track_0358_r0.jpg,20 2 48
25_12-20.mp4,361,18388,2168,706,2437,997,270,"n
&атч
20
20","[[""n"", 0.9925551024089749, 50.0], [""&атч"", 0.5000306963920593, 77.0], [""20"", 0.9952908993160028, 24.0], [""20"", 0.999622553691752, 22.0]]",,,ml/output/tracks/best_frames/25_12-20/track_0361_r0.jpg,ml/output/tracks/best_frames_hires/25_12-20/track_0361_r0.jpg,8
25_12-20.mp4,354,18388,2118,1451,2304,1751,0,,[],,,ml/output/tracks/best_frames/25_12-20/track_0354_r2.jpg,ml/output/tracks/best_frames_hires/25_12-20/track_0354_r2.jpg,
25_12-20.mp4,360,18388,557,1167,769,1429,90,"1э
6661
1.
6
6661","[[""1э"", 0.4687577500469254, 14.0], [""6661"", 0.9990164961568898, 58.788521306805706], [""1."", 0.1085376794285689, 11.862910994608], [""6"", 0.23080053517667043, 24.0], [""6661"", 0.9941295385360718, 53.76432954798335]]",,,ml/output/tracks/best_frames/25_12-20/track_0360_r0.jpg,ml/output/tracks/best_frames_hires/25_12-20/track_0360_r0.jpg,
25_12-20.mp4,363,18388,2185,4,2304,264,270,"5= ;
36-:
700s
253
36 : 47008","[[""5= ;"", 0.5513795575633742, 14.0], [""36-:"", 0.404646635055542, 26.0], [""700s"", 0.8582510352134705, 34.0], [""253"", 0.42224129038915237, 16.0], [""36 : 47008"", 0.4754548891609345, 35.5]]",,,ml/output/tracks/best_frames/25_12-20/track_0363_r0.jpg,ml/output/tracks/best_frames_hires/25_12-20/track_0363_r0.jpg,11 8
25_12-20.mp4,349,18388,2168,580,2304,915,0,,[],,,ml/output/tracks/best_frames/25_12-20/track_0349_r2.jpg,ml/output/tracks/best_frames_hires/25_12-20/track_0349_r2.jpg,
25_12-20.mp4,355,18541,979,1752,1163,2066,180,"Lo
0
1","[[""Lo"", 0.7574544231716529, 27.0], [""0"", 0.9999816418536653, 18.0], [""1"", 0.9831527828463074, 34.5]]",,,ml/output/tracks/best_frames/25_12-20/track_0355_r1.jpg,ml/output/tracks/best_frames_hires/25_12-20/track_0355_r1.jpg,8
25_12-20.mp4,356,18541,2167,864,2430,1124,270,"'ал""U
Tl
==е=

20->
2
::: 
5
2083
2","[[""'ал\""U"", 0.07255640284761079, 79.0], [""Tl"", 0.20664275461550663, 65.0], [""==е="", 0.6455411911010742, 17.0], ["""", 0.0, 8.0], [""20->"", 0.3421210050582886, 26.0], [""2"", 1.0, 44.0], [""::: "", 0.8932284712791443, 16.0], [""5"", 0.6134524179131837, 12.5], [""2083"", 0.554033100605011, 26.0], [""2"", 1.0, 45.0]]",,,ml/output/tracks/best_frames/25_12-20/track_0356_r1.jpg,ml/output/tracks/best_frames_hires/25_12-20/track_0356_r1.jpg,8
25_12-20.mp4,361,18541,2178,742,2436,1028,180,"&
68","[[""&"", 0.6710523761149148, 153.0], [""68"", 0.5834343234335643, 90.5]]",,,ml/output/tracks/best_frames/25_12-20/track_0361_r1.jpg,ml/output/tracks/best_frames_hires/25_12-20/track_0361_r1.jpg,
25_12-20.mp4,363,18541,2196,4,2304,303,0,"Ж:]
?
""
il
#""
""
;
H
4
5","[[""Ж:]"", 0.10447056591510773, 33.0], [""?"", 0.35236560079866663, 34.0], [""\"""", 0.6957862627252922, 24.0], [""il"", 0.5241101174104119, 94.0], [""#\"""", 0.8534016131249103, 22.0], [""\"""", 0.26214207178088955, 36.0], ["";"", 0.936291377442533, 108.0], [""H"", 0.5289573831834247, 24.0], [""4"", 0.9993333735782848, 22.0], [""5"", 0.36323607590838947, 98.5]]",,,ml/output/tracks/best_frames/25_12-20/track_0363_r2.jpg,ml/output/tracks/best_frames_hires/25_12-20/track_0363_r2.jpg,1 1 9
25_12-20.mp4,357,18541,688,2040,890,2157,270,1733,"[[""1733"", 0.991958498954773, 49.601414015922046]]",,,ml/output/tracks/best_frames/25_12-20/track_0357_r2.jpg,ml/output/tracks/best_frames_hires/25_12-20/track_0357_r2.jpg,65
25_12-20.mp4,360,18541,565,1256,775,1518,0,"d
3
8","[[""d"", 0.12544677149171068, 30.0], [""3"", 0.5805710060230673, 22.0], [""8"", 0.8884773655438529, 107.77802414077411]]",,,ml/output/tracks/best_frames/25_12-20/track_0360_r1.jpg,ml/output/tracks/best_frames_hires/25_12-20/track_0360_r1.jpg,
25_12-20.mp4,361,18694,2180,714,2448,996,90,"TiuwьB
fiuwD
683
61 ","[[""TiuwьB"", 0.38756305910358774, 77.83216847251538], [""fiuwD"", 0.5915791834591523, 71.87241120712645], [""683"", 0.11323706996075185, 75.0], [""61 "", 0.4402806810413388, 55.956947271126225]]",,,ml/output/tracks/best_frames/25_12-20/track_0361_r2.jpg,ml/output/tracks/best_frames_hires/25_12-20/track_0361_r2.jpg,
25_12-20.mp4,365,18694,2100,1779,2347,1998,270,"3Б2
794
367
2
794","[[""3Б2"", 0.2093537541910273, 26.0], [""794"", 0.9999986234898187, 63.8328200498446], [""367"", 0.9517260327498086, 22.0], [""2"", 0.13670840174526777, 21.3960901790848], [""794"", 0.9999999311744849, 56.43417844207228]]",,,ml/output/tracks/best_frames/25_12-20/track_0365_r2.jpg,ml/output/tracks/best_frames_hires/25_12-20/track_0365_r2.jpg,2
25_12-20.mp4,363,18694,2197,53,2304,339,0,"2
'Id
'
!
3
F
{5
31
:
4
15
1
4
1
0
1","[[""2"", 0.9867142025230038, 28.0], [""'Id"", 0.9014016952392905, 30.0], [""'"", 0.9678165729850576, 40.0], [""!"", 0.5185166916704453, 94.0], [""3"", 0.2818406352389502, 56.0], [""F"", 0.23508899130465366, 22.0], [""{5"", 0.49553891916482107, 66.0], [""31"", 0.4328969476409198, 74.5], ["":"", 0.31315042064511545, 31.0], [""4"", 0.2687433324162072, 14.0], [""15"", 0.18347096730850734, 64.0], [""1"", 0.995066543681844, 15.0], [""4"", 0.9063199300474167, 20.0], [""1"", 0.8081672223511447, 56.0], [""0"", 0.36343763281624675, 13.0], [""1"", 0.9992420917884068, 39.482455801365276]]",,,ml/output/tracks/best_frames/25_12-20/track_0363_r1.jpg,ml/output/tracks/best_frames_hires/25_12-20/track_0363_r1.jpg,5 3 4 7 4
25_12-20.mp4,355,18694,985,1806,1160,2094,90,"9ЭГ
930","[[""9ЭГ"", 0.4281925879306026, 26.17676442039607], [""930"", 0.6633698664517943, 25.96374012184674]]",,,ml/output/tracks/best_frames/25_12-20/track_0355_r2.jpg,ml/output/tracks/best_frames_hires/25_12-20/track_0355_r2.jpg,2
25_12-20.mp4,358,18694,2214,13,2477,332,270,"dамп
Fizа BiFcas
1=_
1=
ъ""
{П=зп 1
75
2175 =
2E31
5€
365а)
799
526 3--6151 
:
85
1
53
7.
 --7 -12
:
2175 -
26
9
36 3 1799","[[""dамп"", 0.5002239942550659, 67.0], [""Fizа BiFcas"", 0.11142697456771455, 18.0], [""1=_"", 0.12724125694462352, 8.0], [""1="", 0.026416811525218156, 8.0], [""ъ\"""", 0.17462813135159466, 8.0], [""{П=зп 1"", 0.2443662879730838, 14.0], [""75"", 0.5720651948987365, 14.0], [""2175 ="", 0.891468059680973, 16.0], [""2E31"", 0.6934362649917603, 16.0], [""5€"", 0.21327570638287274, 20.0], [""365а)"", 0.6350576948673456, 26.0], [""799"", 0.9999863037349991, 45.0], [""526 3--6151 "", 0.21657258951406547, 15.0], ["":"", 0.8825309616668164, 15.0], [""85"", 0.16911233873447148, 14.5], [""1"", 0.7129050474952159, 8.0], [""53"", 0.24377826811342115, 8.0], [""7."", 0.12691642651935237, 9.0], ["" --7 -12"", 0.10714517859262705, 16.5], ["":"", 0.2933321621129359, 12.0], [""2175 -"", 0.7775995054835088, 15.5], [""26"", 0.6770853046903421, 15.0], [""9"", 0.9999977350247811, 41.0], [""36 3 1799"", 0.43413511299936475, 42.5]]",,,ml/output/tracks/best_frames/25_12-20/track_0358_r1.jpg,ml/output/tracks/best_frames_hires/25_12-20/track_0358_r1.jpg,5 3 3 1 5 5 1
25_12-20.mp4,356,18694,2166,918,2435,1193,180,"1
&
Il
1
2
g
1
5
[
&
3","[[""1"", 0.9481365857590305, 63.0], [""&"", 0.26193129951082383, 74.0], [""Il"", 0.8831902914462291, 102.0], [""1"", 0.8750815666203948, 125.0], [""2"", 0.2512705334489205, 30.0], [""g"", 0.37923991356935005, 38.0], [""1"", 0.44783670150890487, 34.0], [""5"", 0.8310346528156209, 102.0], [""["", 0.11634807643574252, 35.91873100314254], [""&"", 0.2635138517980842, 150.95628407130732], [""3"", 0.38509388795149846, 106.5]]",,,ml/output/tracks/best_frames/25_12-20/track_0356_r0.jpg,ml/output/tracks/best_frames_hires/25_12-20/track_0356_r0.jpg,0 5 8 0 1
25_12-20.mp4,345,18694,2200,305,2461,607,0,"[
₽
Il
8
F
:
2","[[""["", 0.9931547171967203, 30.0], [""₽"", 0.9314719501162472, 34.0], [""Il"", 0.3017410258651671, 101.0], [""8"", 0.5651119203394614, 194.0], [""F"", 0.5122052894251716, 24.0], ["":"", 0.297080374413472, 36.0], [""2"", 0.7329624618615185, 158.96682459792174]]",,,ml/output/tracks/best_frames/25_12-20/track_0345_r2.jpg,ml/output/tracks/best_frames_hires/25_12-20/track_0345_r2.jpg,
25_12-20.mp4,359,18848,2109,1658,2304,1950,90,"Шл
LL
'(gE-","[[""Шл"", 0.7761068493791581, 13.0], [""LL"", 0.3430563974541264, 42.0], [""'(gE-"", 0.2827559478000619, 28.71390676354104]]",,,ml/output/tracks/best_frames/25_12-20/track_0359_r2.jpg,ml/output/tracks/best_frames_hires/25_12-20/track_0359_r2.jpg,7
25_12-20.mp4,358,18848,2211,120,2475,409,0,"@
1
{
1
""
8
#
'
@
9
:
11
1
:
8
3
1","[[""@"", 0.5984327710793877, 60.0], [""1"", 0.46935231729003135, 28.0], [""{"", 0.916428325304711, 46.0], [""1"", 0.2650404706642462, 97.0], [""\"""", 0.8762239671740737, 58.0], [""8"", 0.8801644324706928, 202.0], [""#"", 0.7260184664986902, 24.0], [""'"", 0.3563147832831106, 40.0], [""@"", 0.23976755263996896, 115.95579502714077], [""9"", 0.34233530840313975, 31.0], ["":"", 0.25788043630269897, 86.0], [""11"", 0.8586512406217988, 21.0], [""1"", 0.9759237180601623, 93.5], ["":"", 0.20537517840033193, 29.0], [""8"", 0.999271763871107, 116.0], [""3"", 0.17135166326611184, 162.99003972306957], [""1"", 0.9911729251755652, 37.48045301021166]]",,,ml/output/tracks/best_frames/25_12-20/track_0358_r2.jpg,ml/output/tracks/best_frames_hires/25_12-20/track_0358_r2.jpg,5 2 8 1 8 4 2
25_12-20.mp4,372,18848,2164,1005,2426,1284,180,"{
8
Il
1
&
[
1
[
6
8","[[""{"", 0.9561840170701998, 63.0], [""8"", 0.5678931084031582, 117.0], [""Il"", 0.6974643229465044, 102.0], [""1"", 0.9011486323754667, 122.0], [""&"", 0.9259670355084069, 42.0], [""["", 0.6375373352995872, 32.0], [""1"", 0.7551461133631996, 34.0], [""["", 0.9984642207839443, 38.84609579056329], [""6"", 0.1302135443950414, 145.9453185442864], [""8"", 0.5245184910463649, 52.5]]",,,ml/output/tracks/best_frames/25_12-20/track_0372_r2.jpg,ml/output/tracks/best_frames_hires/25_12-20/track_0372_r2.jpg,1 6 8 : 7
25_12-20.mp4,356,18848,2170,865,2444,1198,180,"d
{
Il
Ё
[
1
8
&
6","[[""d"", 0.9608014903920434, 23.0], [""{"", 0.2696686971447413, 47.0], [""Il"", 0.9769111347967969, 100.0], [""Ё"", 0.9018375933146139, 99.0], [""["", 0.7955833288957734, 32.0], [""1"", 0.8455555434905513, 34.0], [""8"", 0.11815201521825713, 151.0], [""&"", 0.3878941598708572, 143.9513942615879], [""6"", 0.3895146106306271, 145.5]]",,,ml/output/tracks/best_frames/25_12-20/track_0356_r2.jpg,ml/output/tracks/best_frames_hires/25_12-20/track_0356_r2.jpg,8 8 3 1 8 1 2 1
25_12-20.mp4,373,18848,2199,214,2473,541,0,"@
Il
""
&
#
{
8
8
2","[[""@"", 0.99627817914849, 42.0], [""Il"", 0.8578977577800048, 98.0], [""\"""", 0.9431503458607473, 58.0], [""&"", 0.21701116488026528, 149.0], [""#"", 0.9043587804228537, 24.0], [""{"", 0.9999374161022025, 68.0], [""8"", 0.22841948675324275, 159.96727591242816], [""8"", 0.9999955892611503, 83.0], [""2"", 0.9349116143540961, 107.48687663476588]]",,,ml/output/tracks/best_frames/25_12-20/track_0373_r0.jpg,ml/output/tracks/best_frames_hires/25_12-20/track_0373_r0.jpg,002040
25_12-20.mp4,365,19001,2088,1892,2332,2119,0,"3
2
5","[[""3"", 0.9058394845235398, 111.95228525119978], [""2"", 0.9816059062316675, 139.99174657366652], [""5"", 0.4116741340173036, 45.47128050160591]]",,,ml/output/tracks/best_frames/25_12-20/track_0365_r1.jpg,ml/output/tracks/best_frames_hires/25_12-20/track_0365_r1.jpg,4 8
25_12-20.mp4,373,19001,2209,216,2472,495,0,"""INKfG]
{'
4
3
'
1
I1t
'
46
2
8
1
5","[[""\""INKfG]"", 0.2694679745052299, 33.0], [""{'"", 0.3676536213311837, 36.0], [""4"", 0.762238426150649, 32.0], [""3"", 0.7332261037539958, 158.0], [""'"", 0.6822384436759457, 46.0], [""1"", 0.9840273089357652, 24.0], [""I1t"", 0.330606073141098, 66.0], [""'"", 0.9844745941510524, 40.0], [""46"", 0.30274112903217537, 28.0], [""2"", 0.39731368763330366, 118.9581798100752], [""8"", 0.27233301082105754, 173.0], [""1"", 0.70992652661063, 27.0], [""5"", 0.11906421719718097, 167.99000832562479]]",,,ml/output/tracks/best_frames/25_12-20/track_0373_r2.jpg,ml/output/tracks/best_frames_hires/25_12-20/track_0373_r2.jpg,1 8 8 4
25_12-20.mp4,370,19001,589,1450,804,1703,0,,[],,,ml/output/tracks/best_frames/25_12-20/track_0370_r2.jpg,ml/output/tracks/best_frames_hires/25_12-20/track_0370_r2.jpg,
25_12-20.mp4,376,19001,555,834,770,1097,0,,[],,,ml/output/tracks/best_frames/25_12-20/track_0376_r2.jpg,ml/output/tracks/best_frames_hires/25_12-20/track_0376_r2.jpg,
25_12-20.mp4,359,19001,2104,1709,2304,2012,270,"79
36
5179","[[""79"", 0.8940357393796463, 44.0], [""36"", 0.35301027315781414, 21.0], [""5179"", 0.6012818813323975, 51.0]]",,,ml/output/tracks/best_frames/25_12-20/track_0359_r0.jpg,ml/output/tracks/best_frames_hires/25_12-20/track_0359_r0.jpg,3
25_12-20.mp4,375,19001,666,1945,881,2159,270,"WAPА
9474","[[""WAPА"", 0.7805887798562666, 30.0], [""9474"", 0.4783679246902466, 28.0]]",,,ml/output/tracks/best_frames/25_12-20/track_0375_r0.jpg,ml/output/tracks/best_frames_hires/25_12-20/track_0375_r0.jpg,
25_12-20.mp4,359,19154,2095,1791,2347,2054,270,"7
5Pu4;","[[""7"", 0.9986769763550143, 30.0], [""5Pu4;"", 0.09263353454257878, 73.84689344855175]]",,,ml/output/tracks/best_frames/25_12-20/track_0359_r1.jpg,ml/output/tracks/best_frames_hires/25_12-20/track_0359_r1.jpg,51
25_12-20.mp4,372,19154,2155,1150,2417,1420,180,"{
а
Ill
[
&
Ш
""|
1
@","[[""{"", 0.4348149448688332, 34.0], [""а"", 0.23957983554181794, 120.0], [""Ill"", 0.9515249570925328, 100.0], [""["", 0.8065096651795365, 119.0], [""&"", 0.9097114017920518, 28.0], [""Ш"", 0.14918880096685427, 34.0], [""\""|"", 0.10329197599642402, 30.0], [""1"", 0.9036699901602994, 56.96773982019982], [""@"", 0.4337787339782295, 146.95358542089218]]",,,ml/output/tracks/best_frames/25_12-20/track_0372_r0.jpg,ml/output/tracks/best_frames_hires/25_12-20/track_0372_r0.jpg,3 8 9: 81
25_12-20.mp4,376,19154,554,869,770,1162,0,,[],,,ml/output/tracks/best_frames/25_12-20/track_0376_r1.jpg,ml/output/tracks/best_frames_hires/25_12-20/track_0376_r1.jpg,
25_12-20.mp4,373,19154,2201,302,2472,573,0,"'THL
1
I
""
8
#
{5
4
2
9
9
8
1
8
3","[[""'THL"", 0.3356899619102478, 17.0], [""1"", 0.9999104758272814, 24.0], [""I"", 0.693299778846054, 96.0], [""\"""", 0.7922908532174269, 58.0], [""8"", 0.36872292553633557, 186.0], [""#"", 0.9085928204094706, 24.0], [""{5"", 0.3807906353423497, 54.0], [""4"", 0.9406251002860841, 28.0], [""2"", 0.2518382959538066, 150.97494483936237], [""9"", 0.2592227047978355, 21.5], [""9"", 0.20425577080815405, 19.0], [""8"", 0.9974088786078852, 121.0], [""1"", 0.9940669586199533, 92.0], [""8"", 0.4946163008929858, 27.0], [""3"", 0.2781238695752677, 166.48980562647603]]",,,ml/output/tracks/best_frames/25_12-20/track_0373_r1.jpg,ml/output/tracks/best_frames_hires/25_12-20/track_0373_r1.jpg,4 7 2 8 4 2
25_12-20.mp4,377,19154,2199,393,2464,694,180,"&}
82
[
;
[
1
If
w
шllE
%
6
6
00
4
4
1
0
0
1:
1
8","[[""&}"", 0.16179256977368234, 26.0], [""82"", 0.5589384261883628, 60.0], [""["", 0.6545527782511726, 40.0], ["";"", 0.49950959816874274, 24.0], [""["", 0.954505004123817, 28.0], [""1"", 0.9989856670849839, 76.0], [""If"", 0.7241881783274179, 60.0], [""w"", 0.5141372188773516, 26.0], [""шllE"", 0.21654701232910156, 54.0], [""%"", 0.9058196294549283, 30.0], [""6"", 0.032852088624855336, 167.96013284141895], [""6"", 0.7156193137247016, 11.0], [""00"", 0.9046384749675734, 34.0], [""4"", 0.520332944336932, 40.0], [""4"", 0.33867476210822645, 20.0], [""1"", 0.6809535011557308, 32.0], [""0"", 0.6280901021512051, 23.0], [""0"", 0.8053286173175458, 13.0], [""1:"", 0.1527769159538119, 33.0], [""1"", 0.9963367217329875, 15.0], [""8"", 0.5579644448744148, 35.0]]",,,ml/output/tracks/best_frames/25_12-20/track_0377_r0.jpg,ml/output/tracks/best_frames_hires/25_12-20/track_0377_r0.jpg,
25_12-20.mp4,375,19154,663,1907,879,2133,90,Кvn,"[[""Кvn"", 0.20685789989801648, 20.0]]",,,ml/output/tracks/best_frames/25_12-20/track_0375_r1.jpg,ml/output/tracks/best_frames_hires/25_12-20/track_0375_r1.jpg,
25_12-20.mp4,374,19154,626,0,844,207,0,,[],,,ml/output/tracks/best_frames/25_12-20/track_0374_r1.jpg,ml/output/tracks/best_frames_hires/25_12-20/track_0374_r1.jpg,
25_12-20.mp4,370,19154,598,1508,814,1754,0,,[],,,ml/output/tracks/best_frames/25_12-20/track_0370_r0.jpg,ml/output/tracks/best_frames_hires/25_12-20/track_0370_r0.jpg,
25_12-20.mp4,345,19154,2190,529,2455,844,180,"9
[
F
8
1
If
4
%
to
5
1
4
8
1

6
8
5
1","[[""9"", 0.25279907678965685, 26.0], [""["", 0.32276182747649784, 41.0], [""F"", 0.7292896873787527, 22.0], [""8"", 0.9682056143105946, 86.0], [""1"", 0.2667793268401262, 58.0], [""If"", 0.5441855903379362, 62.0], [""4"", 0.3118315012036419, 38.0], [""%"", 0.7099105563691275, 28.0], [""to"", 0.4442660806396056, 162.9573459116137], [""5"", 0.724763753594889, 162.96310638882971], [""1"", 0.9996070055910913, 97.0], [""4"", 0.1946514337235863, 21.0], [""8"", 0.6473638958859738, 145.0], [""1"", 0.4344179905368186, 21.0], ["""", 0.0, 50.0], [""6"", 0.14152963940574637, 21.0], [""8"", 0.9271148525159312, 60.0], [""5"", 0.9311773246906832, 163.4901075360554], [""1"", 0.5799072156364993, 67.99428537605593]]",,,ml/output/tracks/best_frames/25_12-20/track_0345_r1.jpg,ml/output/tracks/best_frames_hires/25_12-20/track_0345_r1.jpg,2
25_12-20.mp4,365,19154,2076,1908,2340,2140,0,"Th
2
5
2","[[""Th"", 0.1066322433598374, 18.0], [""2"", 0.9789028641698714, 96.93458851833111], [""5"", 0.11098250827581069, 18.0], [""2"", 0.6320180134727913, 130.99147325003975]]",,,ml/output/tracks/best_frames/25_12-20/track_0365_r0.jpg,ml/output/tracks/best_frames_hires/25_12-20/track_0365_r0.jpg,2
25_12-20.mp4,364,19154,557,999,772,1255,0,,[],,,ml/output/tracks/best_frames/25_12-20/track_0364_r1.jpg,ml/output/tracks/best_frames_hires/25_12-20/track_0364_r1.jpg,
25_12-20.mp4,381,19307,2068,2071,2314,2159,90,"{E;
BLI(","[[""{E;"", 0.3689234901892592, 26.0], [""BLI("", 0.5432010293006897, 55.771763639228006]]",,,ml/output/tracks/best_frames/25_12-20/track_0381_r0.jpg,ml/output/tracks/best_frames_hires/25_12-20/track_0381_r0.jpg,2
25_12-20.mp4,375,19307,682,1926,887,2134,0,,[],,,ml/output/tracks/best_frames/25_12-20/track_0375_r2.jpg,ml/output/tracks/best_frames_hires/25_12-20/track_0375_r2.jpg,
25_12-20.mp4,364,19307,569,1059,770,1321,0,,[],,,ml/output/tracks/best_frames/25_12-20/track_0364_r0.jpg,ml/output/tracks/best_frames_hires/25_12-20/track_0364_r0.jpg,
25_12-20.mp4,370,19307,605,1544,816,1794,270,9,"[[""9"", 0.9999873638552259, 34.0]]",,,ml/output/tracks/best_frames/25_12-20/track_0370_r1.jpg,ml/output/tracks/best_frames_hires/25_12-20/track_0370_r1.jpg,
25_12-20.mp4,382,19307,2184,610,2454,915,180,"'
8
₽
'
#
8
4
=
7
6
@
₽
5
3
1

3
9
3
1
2
:","[[""'"", 0.913155684077438, 26.0], [""8"", 0.8128182946180118, 28.0], [""₽"", 0.13397973365423255, 50.0], [""'"", 0.8563567002627828, 58.0], [""#"", 0.21407488941676522, 24.0], [""8"", 0.7556768040318254, 90.0], [""4"", 0.5808694267216197, 50.0], [""="", 0.20804677231717505, 48.0], [""7"", 0.12916568525711014, 49.0], [""6"", 0.9159112093054524, 163.9579261731219], [""@"", 0.08279101018757729, 163.96360157258232], [""₽"", 0.2716031550122011, 40.93732773208808], [""5"", 0.962146197446657, 48.5], [""3"", 0.40239145535716503, 44.0], [""1"", 0.11053844098052323, 23.0], ["""", 0.0, 10.0], [""3"", 0.7910988484102042, 148.0], [""9"", 0.8443101958192187, 47.0], [""3"", 0.9780918058466206, 15.0], [""1"", 0.8008458394820686, 54.5], [""2"", 0.45793893783596573, 159.49029644275407], ["":"", 0.9912258580492086, 41.48416694537501]]",,,ml/output/tracks/best_frames/25_12-20/track_0382_r0.jpg,ml/output/tracks/best_frames_hires/25_12-20/track_0382_r0.jpg,2
25_12-20.mp4,374,19307,617,19,838,272,0,,[],,,ml/output/tracks/best_frames/25_12-20/track_0374_r0.jpg,ml/output/tracks/best_frames_hires/25_12-20/track_0374_r0.jpg,
25_12-20.mp4,372,19307,2143,1219,2408,1488,180,"!
;
2
:
1
[
j
с
'
6","[[""!"", 0.8599327801852183, 32.0], ["";"", 0.23474717210007512, 24.0], [""2"", 0.43402537987006795, 130.0], ["":"", 0.15556901551431057, 54.0], [""1"", 0.9113880034875343, 125.0], [""["", 0.9338800517182086, 62.0], [""j"", 0.1027593876546149, 93.0], [""с"", 0.300655078818469, 34.0], [""'"", 0.794490532925952, 28.0], [""6"", 0.13269519615207148, 138.95541389950574]]",,,ml/output/tracks/best_frames/25_12-20/track_0372_r1.jpg,ml/output/tracks/best_frames_hires/25_12-20/track_0372_r1.jpg,72 2 11 2 8
25_12-20.mp4,377,19307,2192,377,2471,653,0,"Е
;
$
Il
F
I
8
Ё
9
2
6
:
8
92
8
5
1
:
8
4
2","[[""Е"", 0.474924567301116, 28.0], ["";"", 0.5379840449883524, 32.0], [""$"", 0.7188337962305837, 88.0], [""Il"", 0.7752498447896933, 105.0], [""F"", 0.1683508723726499, 24.0], [""I"", 0.8491688911868245, 70.0], [""8"", 0.9968727281000298, 120.0], [""Ё"", 0.5934399172587099, 36.0], [""9"", 0.1729880492588345, 159.96727591242816], [""2"", 0.9977136820420043, 24.5], [""6"", 0.9813439605478926, 10.0], ["":"", 0.9931284624424421, 35.5], [""8"", 0.9527421739792921, 33.0], [""92"", 0.5159882542957319, 55.0], [""8"", 0.9999350319924396, 116.0], [""5"", 0.589015144683799, 23.0], [""1"", 0.9996855506176558, 61.0], ["":"", 0.43169169262205287, 30.5], [""8"", 0.999999880790714, 28.0], [""4"", 0.7859175488849814, 51.5], [""2"", 0.9974699546278067, 114.48857299197107]]",,,ml/output/tracks/best_frames/25_12-20/track_0377_r1.jpg,ml/output/tracks/best_frames_hires/25_12-20/track_0377_r1.jpg,9 4 8
25_12-20.mp4,382,19461,2181,698,2441,988,180,"IIl
8
68
6
8
6","[[""IIl"", 0.34417822649776575, 24.0], [""8"", 0.986676428580413, 92.0], [""68"", 0.8035603952669034, 136.94563724430793], [""6"", 0.7663876822614526, 116.95661208276158], [""8"", 0.3225002575112548, 133.0], [""6"", 0.9555786566384228, 113.98981323951995]]",,,ml/output/tracks/best_frames/25_12-20/track_0382_r1.jpg,ml/output/tracks/best_frames_hires/25_12-20/track_0382_r1.jpg,
25_12-20.mp4,383,19461,587,382,810,564,0,"7
g
1
#
8","[[""7"", 0.852464890704141, 24.0], [""g"", 0.07046237385885945, 115.0], [""1"", 0.3828853161621737, 36.0], [""#"", 0.38405581133338274, 22.0], [""8"", 0.9996340609650503, 70.5]]",,,ml/output/tracks/best_frames/25_12-20/track_0383_r1.jpg,ml/output/tracks/best_frames_hires/25_12-20/track_0383_r1.jpg,64
25_12-20.mp4,384,19461,2131,1299,2399,1555,180,"а
&","[[""а"", 0.9078893568390676, 130.0], [""&"", 0.5065129340977279, 134.94380426584036]]",,,ml/output/tracks/best_frames/25_12-20/track_0384_r0.jpg,ml/output/tracks/best_frames_hires/25_12-20/track_0384_r0.jpg,2
25_12-20.mp4,381,19461,2063,2072,2312,2158,0,,[],,,ml/output/tracks/best_frames/25_12-20/track_0381_r1.jpg,ml/output/tracks/best_frames_hires/25_12-20/track_0381_r1.jpg,
25_12-20.mp4,388,19461,2186,537,2304,759,180,"[
""
{
1","[[""["", 0.7419465149928897, 43.0], [""\"""", 0.9137966846765835, 58.0], [""{"", 0.99768248517654, 68.0], [""1"", 0.566542351755345, 28.0]]",,,ml/output/tracks/best_frames/25_12-20/track_0388_r0.jpg,ml/output/tracks/best_frames_hires/25_12-20/track_0388_r0.jpg,8
25_12-20.mp4,360,19461,594,1490,817,1745,180,"8
3","[[""8"", 0.999417032352401, 109.96182820095987], [""3"", 0.9636990860171899, 173.49532727722982]]",,,ml/output/tracks/best_frames/25_12-20/track_0360_r2.jpg,ml/output/tracks/best_frames_hires/25_12-20/track_0360_r2.jpg,
25_12-20.mp4,376,19461,563,1025,773,1274,0,,[],,,ml/output/tracks/best_frames/25_12-20/track_0376_r0.jpg,ml/output/tracks/best_frames_hires/25_12-20/track_0376_r0.jpg,
25_12-20.mp4,374,19461,630,1,844,267,0,,[],,,ml/output/tracks/best_frames/25_12-20/track_0374_r2.jpg,ml/output/tracks/best_frames_hires/25_12-20/track_0374_r2.jpg,
25_12-20.mp4,378,19614,2174,864,2428,1066,180,"IuIlIIl
6
11","[[""IuIlIIl"", 0.19676545772442475, 22.0], [""6"", 0.932456712071744, 150.95628407130732], [""11"", 0.6400700221941523, 20.5]]",,,ml/output/tracks/best_frames/25_12-20/track_0378_r2.jpg,ml/output/tracks/best_frames_hires/25_12-20/track_0378_r2.jpg,
25_12-20.mp4,388,19614,2184,581,2304,812,90,"~5
s
#
""а
5
5_ =","[[""~5"", 0.492974548152806, 11.0], [""s"", 0.6616897164616411, 8.0], [""#"", 0.6113693632392483, 12.0], [""\""а"", 0.1181492895863671, 12.0], [""5"", 0.36672017253103206, 8.0], [""5_ ="", 0.5671959519386292, 14.0]]",,,ml/output/tracks/best_frames/25_12-20/track_0388_r1.jpg,ml/output/tracks/best_frames_hires/25_12-20/track_0388_r1.jpg,9
25_12-20.mp4,384,19614,2126,1356,2392,1614,270,"zJ
2019""3
Tuly
25
2019","[[""zJ"", 0.27651262960307044, 24.0], [""2019\""3"", 0.4112918833989983, 48.0], [""Tuly"", 0.15230007469654083, 81.85102789510793], [""25"", 0.5595438412710497, 21.0], [""2019"", 1.0, 48.0]]",,,ml/output/tracks/best_frames/25_12-20/track_0384_r1.jpg,ml/output/tracks/best_frames_hires/25_12-20/track_0384_r1.jpg,8
25_12-20.mp4,385,19614,2129,1200,2304,1472,0,,[],,,ml/output/tracks/best_frames/25_12-20/track_0385_r0.jpg,ml/output/tracks/best_frames_hires/25_12-20/track_0385_r0.jpg,
25_12-20.mp4,383,19614,582,446,805,654,0,"3
9","[[""3"", 0.8820082747802758, 134.0], [""9"", 0.9926445342500756, 50.5]]",,,ml/output/tracks/best_frames/25_12-20/track_0383_r0.jpg,ml/output/tracks/best_frames_hires/25_12-20/track_0383_r0.jpg,12 9
25_12-20.mp4,382,19614,2178,650,2441,940,270,"#
3€
799s
&аилч
5 :5
77
35 17995","[[""#"", 0.49573550866830374, 14.0], [""3€"", 0.7261900191526999, 26.0], [""799s"", 0.590779721736908, 55.0], [""&аилч"", 0.13808241671856283, 95.89704228570736], [""5 :5"", 0.24779537320137024, 12.0], [""77"", 0.11311015788059835, 7.0], [""35 17995"", 0.7217831192194443, 54.5]]",,,ml/output/tracks/best_frames/25_12-20/track_0382_r2.jpg,ml/output/tracks/best_frames_hires/25_12-20/track_0382_r2.jpg,
25_12-20.mp4,391,19614,2186,3,2462,124,0,,[],,,ml/output/tracks/best_frames/25_12-20/track_0391_r0.jpg,ml/output/tracks/best_frames_hires/25_12-20/track_0391_r0.jpg,
25_12-20.mp4,381,19614,2066,2078,2301,2159,0,,[],,,ml/output/tracks/best_frames/25_12-20/track_0381_r2.jpg,ml/output/tracks/best_frames_hires/25_12-20/track_0381_r2.jpg,
25_12-20.mp4,380,19614,2191,0,2449,301,270,"5~

9аъ
&`
с
529
2: 
3
7
0
22 .
2
76:
2
1529","[[""5~"", 0.27130360679187204, 8.0], ["""", 0.0, 8.0], [""9аъ"", 0.31569803717633055, 8.0], [""&`"", 0.3853980973887982, 16.0], [""с"", 0.7679569121933447, 14.0], [""529"", 0.9999998623489704, 54.0], [""2: "", 0.544908259591399, 12.0], [""3"", 0.15519511176356193, 10.0], [""7"", 0.27720273805067563, 10.0], [""0"", 0.35800569249232966, 10.0], [""22 ."", 0.3185095534571979, 9.0], [""2"", 0.10864449411338573, 10.0], [""76:"", 0.6614308675130398, 19.5], [""2"", 0.5995458114339272, 12.0], [""1529"", 0.9999998211860657, 56.5]]",,,ml/output/tracks/best_frames/25_12-20/track_0380_r1.jpg,ml/output/tracks/best_frames_hires/25_12-20/track_0380_r1.jpg,6 3
25_12-20.mp4,390,19614,599,141,827,395,0,,[],,,ml/output/tracks/best_frames/25_12-20/track_0390_r2.jpg,ml/output/tracks/best_frames_hires/25_12-20/track_0390_r2.jpg,
25_12-20.mp4,388,19767,2185,643,2304,846,180,"I
1
(
'|","[[""I"", 0.3242716969703139, 32.0], [""1"", 0.9986159825189276, 58.0], [""("", 0.9827891124622425, 68.0], [""'|"", 0.34345213602301855, 26.0]]",,,ml/output/tracks/best_frames/25_12-20/track_0388_r2.jpg,ml/output/tracks/best_frames_hires/25_12-20/track_0388_r2.jpg,
25_12-20.mp4,397,19767,602,1596,832,1837,90,"1
6661
6661","[[""1"", 0.3257348088492087, 32.0], [""6661"", 0.8886364985600845, 63.59323125797914], [""6661"", 0.9628233313560486, 60.56578223504199]]",,,ml/output/tracks/best_frames/25_12-20/track_0397_r1.jpg,ml/output/tracks/best_frames_hires/25_12-20/track_0397_r1.jpg,
25_12-20.mp4,389,19767,2183,3,2304,281,0,"""If
!
$5i","[[""\""If"", 0.902378011804367, 60.0], [""!"", 0.9183225433999418, 24.0], [""$5i"", 0.28897819440455436, 44.0]]",,,ml/output/tracks/best_frames/25_12-20/track_0389_r1.jpg,ml/output/tracks/best_frames_hires/25_12-20/track_0389_r1.jpg,
25_12-20.mp4,391,19767,2191,2,2437,171,0,,[],,,ml/output/tracks/best_frames/25_12-20/track_0391_r1.jpg,ml/output/tracks/best_frames_hires/25_12-20/track_0391_r1.jpg,
25_12-20.mp4,390,19767,596,202,816,449,0,,[],,,ml/output/tracks/best_frames/25_12-20/track_0390_r1.jpg,ml/output/tracks/best_frames_hires/25_12-20/track_0390_r1.jpg,
25_12-20.mp4,385,19767,2138,1304,2303,1564,90,JC,"[[""JC"", 0.11078565730582604, 26.0]]",,,ml/output/tracks/best_frames/25_12-20/track_0385_r1.jpg,ml/output/tracks/best_frames_hires/25_12-20/track_0385_r1.jpg,
25_12-20.mp4,384,19767,2126,1418,2387,1665,270,"2019
3ы
20195","[[""2019"", 0.9999998807907104, 48.0], [""3ы"", 0.3308373089760153, 88.85195832684704], [""20195"", 0.9604777435888533, 50.0]]",,,ml/output/tracks/best_frames/25_12-20/track_0384_r2.jpg,ml/output/tracks/best_frames_hires/25_12-20/track_0384_r2.jpg,8
25_12-20.mp4,380,19767,2193,4,2448,356,270,"5m,
<
=
2
-7
529
5 :
3 .
54 .
2 
7
26 :
2
27
1529","[[""5m,"", 0.3008433168240053, 12.0], [""<"", 0.30700201483000455, 8.0], [""="", 0.2907458403126526, 12.0], [""2"", 0.10595708682217264, 14.0], [""-7"", 0.9899864113842103, 26.0], [""529"", 1.0, 57.0], [""5 :"", 0.4734456184802185, 13.5], [""3 ."", 0.12887534274524115, 12.5], [""54 ."", 0.3674190804757386, 10.0], [""2 "", 0.43337406265339573, 13.0], [""7"", 0.23603844253034723, 9.0], [""26 :"", 0.18766154451263745, 15.0], [""2"", 0.36848329135187896, 12.0], [""27"", 0.9989827266929652, 22.0], [""1529"", 0.9993247231010197, 55.5]]",,,ml/output/tracks/best_frames/25_12-20/track_0380_r0.jpg,ml/output/tracks/best_frames_hires/25_12-20/track_0380_r0.jpg,8
25_12-20.mp4,378,19767,2171,864,2428,1129,90,")
P6
fiu
5:","[["")"", 0.9695969267058899, 28.0], [""P6"", 0.11949090722718102, 62.0], [""fiu"", 0.5385257005691528, 54.82484743187865], [""5:"", 0.23917871727252366, 52.43150604322875]]",,,ml/output/tracks/best_frames/25_12-20/track_0378_r1.jpg,ml/output/tracks/best_frames_hires/25_12-20/track_0378_r1.jpg,
25_12-20.mp4,385,19920,2135,1371,2303,1635,270,"Z5
5","[[""Z5"", 0.3785460192406474, 20.0], [""5"", 0.401089433062257, 25.0]]",,,ml/output/tracks/best_frames/25_12-20/track_0385_r2.jpg,ml/output/tracks/best_frames_hires/25_12-20/track_0385_r2.jpg,
25_12-20.mp4,397,19920,625,1676,842,1906,180,"8
8","[[""8"", 0.9842162869581585, 106.95949751217998], [""8"", 0.8214818054259467, 106.47349036951425]]",,,ml/output/tracks/best_frames/25_12-20/track_0397_r0.jpg,ml/output/tracks/best_frames_hires/25_12-20/track_0397_r0.jpg,
25_12-20.mp4,364,19920,582,1300,796,1544,0,,[],,,ml/output/tracks/best_frames/25_12-20/track_0364_r2.jpg,ml/output/tracks/best_frames_hires/25_12-20/track_0364_r2.jpg,
25_12-20.mp4,378,19920,2174,890,2432,1189,180,"С0
[II
9}
8
""
5
t8
₽
8
8
6","[[""С0"", 0.8166995650291391, 33.0], [""[II"", 0.39205312197272235, 32.0], [""9}"", 0.9769568668828221, 26.0], [""8"", 0.8903448504170797, 94.0], [""\"""", 0.21312984792417988, 34.0], [""5"", 0.4406316284870151, 26.0], [""t8"", 0.13769485839338327, 150.95628407130732], [""₽"", 0.1071383690896397, 116.95661208276158], [""8"", 0.354747180837478, 27.0], [""8"", 0.9356966146975907, 143.0], [""6"", 0.9862295904831377, 115.48743029116817]]",,,ml/output/tracks/best_frames/25_12-20/track_0378_r0.jpg,ml/output/tracks/best_frames_hires/25_12-20/track_0378_r0.jpg, 6 2
25_12-20.mp4,389,19920,2192,3,2304,326,180,"9""
1
I""","[[""9\"""", 0.13151355666236703, 34.0], [""1"", 0.7736999145380175, 22.0], [""I\"""", 0.34676554000409093, 56.0]]",,,ml/output/tracks/best_frames/25_12-20/track_0389_r2.jpg,ml/output/tracks/best_frames_hires/25_12-20/track_0389_r2.jpg,
25_12-20.mp4,390,19920,589,218,815,493,0,,[],,,ml/output/tracks/best_frames/25_12-20/track_0390_r0.jpg,ml/output/tracks/best_frames_hires/25_12-20/track_0390_r0.jpg,
25_12-20.mp4,399,19920,580,1210,779,1416,0,,[],,,ml/output/tracks/best_frames/25_12-20/track_0399_r1.jpg,ml/output/tracks/best_frames_hires/25_12-20/track_0399_r1.jpg,
25_12-20.mp4,405,20074,2125,1567,2380,1805,270,"Ei :
5
2019
-1 :
20195","[[""Ei :"", 0.5053287578934925, 24.0], [""5"", 0.9074723152636501, 18.0], [""2019"", 0.9999967217445374, 50.0], [""-1 :"", 0.7518761986332354, 24.0], [""20195"", 0.8501267071438712, 50.0]]",,,ml/output/tracks/best_frames/25_12-20/track_0405_r0.jpg,ml/output/tracks/best_frames_hires/25_12-20/track_0405_r0.jpg,3
25_12-20.mp4,404,20074,578,356,795,608,0,,[],,,ml/output/tracks/best_frames/25_12-20/track_0404_r0.jpg,ml/output/tracks/best_frames_hires/25_12-20/track_0404_r0.jpg,
25_12-20.mp4,403,20074,2166,1011,2426,1305,90,"66
wPр
fiuwog
fiu
62
68
6","[[""66"", 0.9998115244961071, 48.0], [""wPр"", 0.16394078965297698, 62.0], [""fiuwog"", 0.5826215326430786, 105.90213975477786], [""fiu"", 0.4748833179473877, 53.81741091138235], [""62"", 0.3461277474160304, 52.0], [""68"", 0.33535064350553645, 96.47185104860671], [""6"", 0.7446607347078249, 53.93605254789719]]",,,ml/output/tracks/best_frames/25_12-20/track_0403_r0.jpg,ml/output/tracks/best_frames_hires/25_12-20/track_0403_r0.jpg,
25_12-20.mp4,408,20074,2169,901,2431,1169,180,"III
{
""
8
1
'
'|
t8
₽
8
7
5","[[""III"", 0.17822662119462193, 44.0], [""{"", 0.7179730346136957, 40.0], [""\"""", 0.9998326371606368, 60.0], [""8"", 0.9468010120695567, 148.0], [""1"", 0.6087233940605898, 92.0], [""'"", 0.22442338633195025, 28.0], [""'|"", 0.1757860372131711, 28.0], [""t8"", 0.9276930097424932, 115.92059504335984], [""₽"", 0.4472872164547539, 169.96117170507353], [""8"", 0.5772624627332021, 131.0], [""7"", 0.14566477606195694, 33.0], [""5"", 0.878269229068426, 165.49037198056067]]",,,ml/output/tracks/best_frames/25_12-20/track_0408_r0.jpg,ml/output/tracks/best_frames_hires/25_12-20/track_0408_r0.jpg,
25_12-20.mp4,409,20074,2198,275,2443,550,270,"1 .
= -
5
0 -
# = :
=
z7
529
2
:
3.
7
6: :2
25-:
6
7
-7
1529","[[""1 ."", 0.3269432431340654, 12.0], [""= -"", 0.05168384686112404, 8.0], [""5"", 0.26759270173929295, 12.0], [""0 -"", 0.15795966921959284, 12.0], [""# = :"", 0.1931363495636722, 14.0], [""="", 0.9733048419447101, 20.0], [""z7"", 0.4575708718199063, 24.0], [""529"", 0.9999998623489704, 53.0], [""2"", 0.4964297133579407, 13.0], ["":"", 0.3305794737515022, 13.0], [""3."", 0.10085935953804792, 10.0], [""7"", 0.408451953040867, 10.0], [""6: :2"", 0.17807568066710613, 13.0], [""25-:"", 0.401211678981781, 15.5], [""6"", 0.07743421292549701, 7.0], [""7"", 0.6766838138611355, 12.0], [""-7"", 0.9999608036558825, 24.0], [""1529"", 0.9999808076528622, 54.5]]",,,ml/output/tracks/best_frames/25_12-20/track_0409_r0.jpg,ml/output/tracks/best_frames_hires/25_12-20/track_0409_r0.jpg,8
25_12-20.mp4,399,20074,580,1281,788,1534,0,,[],,,ml/output/tracks/best_frames/25_12-20/track_0399_r0.jpg,ml/output/tracks/best_frames_hires/25_12-20/track_0399_r0.jpg,
25_12-20.mp4,380,20074,2193,113,2447,420,180,";Ja
""
{
[i","[["";Ja"", 0.18738323670355017, 44.0], [""\"""", 0.49419878868704714, 24.0], [""{"", 0.479076651177909, 62.0], [""[i"", 0.34757895966236935, 24.0]]",,,ml/output/tracks/best_frames/25_12-20/track_0380_r2.jpg,ml/output/tracks/best_frames_hires/25_12-20/track_0380_r2.jpg,3
25_12-20.mp4,337,20074,579,1033,779,1300,0,,[],,,ml/output/tracks/best_frames/25_12-20/track_0337_r1.jpg,ml/output/tracks/best_frames_hires/25_12-20/track_0337_r1.jpg,
25_12-20.mp4,389,20074,2190,113,2304,412,180,"1
1
[","[[""1"", 0.922505637722967, 28.0], [""1"", 0.4664116112726333, 52.0], [""["", 0.9107690088399956, 22.0]]",,,ml/output/tracks/best_frames/25_12-20/track_0389_r0.jpg,ml/output/tracks/best_frames_hires/25_12-20/track_0389_r0.jpg,
25_12-20.mp4,410,20227,798,811,950,967,0,,[],,,ml/output/tracks/best_frames/25_12-20/track_0410_r1.jpg,ml/output/tracks/best_frames_hires/25_12-20/track_0410_r1.jpg,
25_12-20.mp4,406,20227,563,782,789,996,0,"1
g","[[""1"", 0.3072336340075168, 26.0], [""g"", 0.6647353551673838, 129.0]]",,,ml/output/tracks/best_frames/25_12-20/track_0406_r1.jpg,ml/output/tracks/best_frames_hires/25_12-20/track_0406_r1.jpg,
25_12-20.mp4,411,20227,660,1781,859,2039,0,8,"[[""8"", 0.9845183583422568, 107.94834142531266]]",,,ml/output/tracks/best_frames/25_12-20/track_0411_r0.jpg,ml/output/tracks/best_frames_hires/25_12-20/track_0411_r0.jpg,
25_12-20.mp4,409,20227,2193,345,2436,617,0,"1I
I
; [
{
g
6
3","[[""1I"", 0.19286637456771752, 26.0], [""I"", 0.23921651594992355, 54.0], [""; ["", 0.8610714511991824, 50.0], [""{"", 0.9753741839087979, 30.0], [""g"", 0.6623050369790384, 126.0], [""6"", 0.7179509136045112, 38.0], [""3"", 0.5026527587508554, 122.5]]",,,ml/output/tracks/best_frames/25_12-20/track_0409_r1.jpg,ml/output/tracks/best_frames_hires/25_12-20/track_0409_r1.jpg,9 3
25_12-20.mp4,412,20227,2117,1643,2363,1871,0,"g
1
{
8","[[""g"", 0.34105390143145087, 158.0], [""1"", 0.99389058543602, 50.0], [""{"", 0.8192521685266598, 77.0], [""8"", 0.2726497517958393, 154.5]]",,,ml/output/tracks/best_frames/25_12-20/track_0412_r0.jpg,ml/output/tracks/best_frames_hires/25_12-20/track_0412_r0.jpg,3
25_12-20.mp4,404,20227,572,421,789,674,0,,[],,,ml/output/tracks/best_frames/25_12-20/track_0404_r2.jpg,ml/output/tracks/best_frames_hires/25_12-20/track_0404_r2.jpg,
25_12-20.mp4,403,20227,2165,1083,2418,1369,180,"U}
8
68
5
8
2","[[""U}"", 0.7376935389368959, 26.0], [""8"", 0.8355617950236969, 94.0], [""68"", 0.5889937082893741, 145.95287176802532], [""5"", 0.8277145530626093, 82.90747395427934], [""8"", 0.47134332018936576, 130.0], [""2"", 0.22489278452900408, 87.98202801832946]]",,,ml/output/tracks/best_frames/25_12-20/track_0403_r1.jpg,ml/output/tracks/best_frames_hires/25_12-20/track_0403_r1.jpg,2
25_12-20.mp4,337,20227,581,1096,787,1361,0,,[],,,ml/output/tracks/best_frames/25_12-20/track_0337_r0.jpg,ml/output/tracks/best_frames_hires/25_12-20/track_0337_r0.jpg,
25_12-20.mp4,408,20227,2174,870,2442,1131,270,"=
=5
1799s
gawj
-36 
5:. -
13
2


36
17995","[[""="", 0.5904947330573265, 12.0], [""=5"", 0.23619760835658754, 14.0], [""1799s"", 0.9309227695424401, 52.0], [""gawj"", 0.36873286962509155, 102.89534162932978], [""-36 "", 0.928598940372467, 33.65045146956902], [""5:. -"", 0.36463029951785864, 15.5], [""13"", 0.1480911659145079, 9.0], [""2"", 0.2552706731417089, 8.0], ["""", 0.0, 9.0], ["""", 0.0, 8.0], [""36"", 0.999985754394923, 24.0], [""17995"", 0.379215234851867, 51.0]]",,,ml/output/tracks/best_frames/25_12-20/track_0408_r1.jpg,ml/output/tracks/best_frames_hires/25_12-20/track_0408_r1.jpg,918 1
25_12-20.mp4,411,20380,669,1829,870,2068,0,$,"[[""$"", 0.9340967570699519, 102.95604362337126]]",,,ml/output/tracks/best_frames/25_12-20/track_0411_r1.jpg,ml/output/tracks/best_frames_hires/25_12-20/track_0411_r1.jpg,
25_12-20.mp4,412,20380,2114,1619,2303,1879,0,"11
g
""
2","[[""11"", 0.22817146913922137, 32.0], [""g"", 0.988392378764047, 87.0], [""\"""", 0.7274862374603327, 30.0], [""2"", 0.8256665603778544, 115.5]]",,,ml/output/tracks/best_frames/25_12-20/track_0412_r1.jpg,ml/output/tracks/best_frames_hires/25_12-20/track_0412_r1.jpg,2
25_12-20.mp4,414,20380,2107,1718,2353,1936,270,"27
2019""
21
20195","[[""27"", 0.1878664505833939, 24.0], [""2019\"""", 0.9222578559367207, 52.0], [""21"", 0.5602345971342843, 24.0], [""20195"", 0.7572667735104839, 48.0]]",,,ml/output/tracks/best_frames/25_12-20/track_0414_r0.jpg,ml/output/tracks/best_frames_hires/25_12-20/track_0414_r0.jpg,2
25_12-20.mp4,410,20380,801,873,951,1047,270,"1= ~=

72","[[""1= ~="", 0.18295157995868985, 12.0], ["""", 0.0, 9.0], [""72"", 0.25741493611739863, 10.0]]",,,ml/output/tracks/best_frames/25_12-20/track_0410_r0.jpg,ml/output/tracks/best_frames_hires/25_12-20/track_0410_r0.jpg,
25_12-20.mp4,408,20380,2171,942,2444,1208,0,"I
@э
""1
""
8
е
1 31
08
8
8","[[""I"", 0.9905610952884594, 36.0], [""@э"", 0.4233893029217666, 48.0], [""\""1"", 0.43683906738844486, 80.0], [""\"""", 0.7391132372932283, 60.0], [""8"", 0.4202414105805339, 188.0], [""е"", 0.41446764478422793, 116.95661208276161], [""1 31"", 0.2502331266588269, 36.0], [""08"", 0.5241929078551452, 41.5], [""8"", 0.9998116581915042, 83.0], [""8"", 0.21958906492571728, 28.0]]",,,ml/output/tracks/best_frames/25_12-20/track_0408_r2.jpg,ml/output/tracks/best_frames_hires/25_12-20/track_0408_r2.jpg,:
25_12-20.mp4,399,20380,593,1425,811,1673,0,,[],,,ml/output/tracks/best_frames/25_12-20/track_0399_r2.jpg,ml/output/tracks/best_frames_hires/25_12-20/track_0399_r2.jpg,
25_12-20.mp4,406,20380,562,858,792,1091,180,"8
8","[[""8"", 0.8996828497188858, 130.0], [""8"", 0.3486267549488389, 112.0]]",,,ml/output/tracks/best_frames/25_12-20/track_0406_r0.jpg,ml/output/tracks/best_frames_hires/25_12-20/track_0406_r0.jpg,
25_12-20.mp4,405,20380,2124,1553,2388,1822,90,"fa $
fusD
.","[[""fa $"", 0.7750690706667908, 92.88916861762493], [""fusD"", 0.5570935410858704, 54.76187060183952], [""."", 0.37621946814857665, 55.949500218612]]",,,ml/output/tracks/best_frames/25_12-20/track_0405_r2.jpg,ml/output/tracks/best_frames_hires/25_12-20/track_0405_r2.jpg,
25_12-20.mp4,403,20380,2160,1163,2413,1448,180,"(0
g}
8
5
-
8
2","[[""(0"", 0.15830367384930732, 77.0], [""g}"", 0.7427435020347539, 26.0], [""8"", 0.5596850653210481, 92.0], [""5"", 0.8959375165716352, 144.95214155347696], [""-"", 0.2499503815954549, 30.0], [""8"", 0.894979904966565, 116.0], [""2"", 0.9894383167175, 77.4761196777174]]",,,ml/output/tracks/best_frames/25_12-20/track_0403_r2.jpg,ml/output/tracks/best_frames_hires/25_12-20/track_0403_r2.jpg,
25_12-20.mp4,415,20380,2166,1037,2432,1334,180,"8
'Il
to
'N
t8
5
1
.
61
2
5","[[""8"", 0.5846965306342469, 146.0], [""'Il"", 0.20263480899531494, 66.0], [""to"", 0.9779211267255713, 18.0], [""'N"", 0.643378691815838, 34.0], [""t8"", 0.3608870564204978, 140.949044456578], [""5"", 0.39685816336259805, 170.96167599126898], [""1"", 0.7760762173575131, 66.97674339530124], [""."", 0.27658266556659683, 28.5], [""61"", 0.2233754488563846, 23.0], [""2"", 0.9900053197885086, 161.5], [""5"", 0.5720430232258877, 166.99056341864565]]",,,ml/output/tracks/best_frames/25_12-20/track_0415_r0.jpg,ml/output/tracks/best_frames_hires/25_12-20/track_0415_r0.jpg,2
25_12-20.mp4,419,20533,2109,1794,2357,1992,0,"g
""
3","[[""g"", 0.7775338109427175, 159.0], [""\"""", 0.4291466230269094, 28.0], [""3"", 0.7412007142026802, 127.0]]",,,ml/output/tracks/best_frames/25_12-20/track_0419_r2.jpg,ml/output/tracks/best_frames_hires/25_12-20/track_0419_r2.jpg,2
25_12-20.mp4,420,20533,2154,1241,2409,1525,270,"&aк
799s
gaum
7995","[[""&aк"", 0.46156606678116424, 65.0], [""799s"", 0.7810891270637512, 50.0], [""gaum"", 0.5587639212608337, 83.90992430410324], [""7995"", 0.9845478534698486, 52.0]]",,,ml/output/tracks/best_frames/25_12-20/track_0420_r0.jpg,ml/output/tracks/best_frames_hires/25_12-20/track_0420_r0.jpg,9
25_12-20.mp4,422,20533,572,448,786,733,0,,[],,,ml/output/tracks/best_frames/25_12-20/track_0422_r0.jpg,ml/output/tracks/best_frames_hires/25_12-20/track_0422_r0.jpg,
25_12-20.mp4,415,20533,2171,1014,2445,1281,180,"Ili
8
#
Ilf
[
5
96","[[""Ili"", 0.5258190631866455, 100.0], [""8"", 0.7016845854026457, 144.0], [""#"", 0.5283574141512872, 37.0], [""Ilf"", 0.3384683169108557, 72.0], [""["", 0.6970252021894794, 40.93732773208808], [""5"", 0.869249254719989, 170.961675991269], [""96"", 0.09604929243233594, 89.5]]",,,ml/output/tracks/best_frames/25_12-20/track_0415_r1.jpg,ml/output/tracks/best_frames_hires/25_12-20/track_0415_r1.jpg,16
25_12-20.mp4,424,20533,0,1715,90,1863,270,0,"[[""0"", 0.4006325033658733, 88.0]]",,,ml/output/tracks/best_frames/25_12-20/track_0424_r0.jpg,ml/output/tracks/best_frames_hires/25_12-20/track_0424_r0.jpg,
25_12-20.mp4,411,20533,665,1851,880,2102,180,"8
8","[[""8"", 0.9077310242184957, 102.95604362337124], [""8"", 0.8213902929324526, 143.4929936654142]]",,,ml/output/tracks/best_frames/25_12-20/track_0411_r2.jpg,ml/output/tracks/best_frames_hires/25_12-20/track_0411_r2.jpg,
25_12-20.mp4,405,20533,2122,1584,2384,1861,270,"dawng
zi
Уыi","[[""dawng"", 0.3606148401403817, 72.0], [""zi"", 0.42534742003592935, 24.0], [""Уыi"", 0.23552673400421972, 84.86317107148173]]",,,ml/output/tracks/best_frames/25_12-20/track_0405_r1.jpg,ml/output/tracks/best_frames_hires/25_12-20/track_0405_r1.jpg,
25_12-20.mp4,414,20533,2109,1691,2303,1950,270,"21
2019
21
2019","[[""21"", 0.43503162053691957, 26.0], [""2019"", 0.9963677660230839, 48.0], [""21"", 0.9408447073568141, 22.0], [""2019"", 0.9999593496322632, 48.0]]",,,ml/output/tracks/best_frames/25_12-20/track_0414_r2.jpg,ml/output/tracks/best_frames_hires/25_12-20/track_0414_r2.jpg,8
25_12-20.mp4,415,20686,2165,1054,2447,1276,180,"F
1
[
8
8
1
g
Ii
1
[
5
9
60
:
1
5
1
2","[[""F"", 0.19090449208656324, 49.0], [""1"", 0.8316360465328785, 50.0], [""["", 0.9958614104248262, 43.0], [""8"", 0.9743212348383992, 144.0], [""8"", 0.9628375022626621, 60.0], [""1"", 0.8934564987349383, 98.0], [""g"", 0.9180262358908955, 56.0], [""Ii"", 0.5416092997148528, 58.0], [""1"", 0.21913877004364224, 60.97187711526891], [""["", 0.08087872447899347, 168.9606574105585], [""5"", 0.9935433519002714, 33.0], [""9"", 0.2434363622524529, 33.0], [""60"", 0.16135450602983606, 77.0], ["":"", 0.2641213725860361, 36.0], [""1"", 0.9813262468176767, 68.0], [""5"", 0.9796634038875709, 31.0], [""1"", 0.8413251058684637, 68.0], [""2"", 0.3207240156706668, 35.0]]",,,ml/output/tracks/best_frames/25_12-20/track_0415_r2.jpg,ml/output/tracks/best_frames_hires/25_12-20/track_0415_r2.jpg,8 :
25_12-20.mp4,424,20686,0,1746,104,1901,0,,[],,,ml/output/tracks/best_frames/25_12-20/track_0424_r1.jpg,ml/output/tracks/best_frames_hires/25_12-20/track_0424_r1.jpg,
25_12-20.mp4,426,20686,2152,1315,2405,1591,270,"8J1
99
9'
{awIlil]
goмng
8:13
6 
999","[[""8J1"", 0.19668013887546051, 16.0], [""99"", 0.9964131953315996, 20.0], [""9'"", 0.9866844269010963, 40.0], [""{awIlil]"", 0.09623984889072058, 74.88371697650618], [""goмng"", 0.2756263289293291, 83.85929291125632], [""8:13"", 0.12743130747135364, 16.0], [""6 "", 0.4011787779224856, 10.0], [""999"", 0.998083937282903, 45.0]]",,,ml/output/tracks/best_frames/25_12-20/track_0426_r0.jpg,ml/output/tracks/best_frames_hires/25_12-20/track_0426_r0.jpg,5
25_12-20.mp4,422,20686,573,508,779,774,0,,[],,,ml/output/tracks/best_frames/25_12-20/track_0422_r1.jpg,ml/output/tracks/best_frames_hires/25_12-20/track_0422_r1.jpg,
25_12-20.mp4,337,20686,595,1305,811,1553,0,,[],,,ml/output/tracks/best_frames/25_12-20/track_0337_r2.jpg,ml/output/tracks/best_frames_hires/25_12-20/track_0337_r2.jpg,
25_12-20.mp4,427,20686,627,1613,855,1865,180,"8
:","[[""8"", 0.8094726133765704, 134.96815278536124], ["":"", 0.8504319970160203, 48.95621185796966]]",,,ml/output/tracks/best_frames/25_12-20/track_0427_r0.jpg,ml/output/tracks/best_frames_hires/25_12-20/track_0427_r0.jpg,5 8
25_12-20.mp4,428,20686,587,1182,821,1464,0,,[],,,ml/output/tracks/best_frames/25_12-20/track_0428_r0.jpg,ml/output/tracks/best_frames_hires/25_12-20/track_0428_r0.jpg,
25_12-20.mp4,420,20686,2158,1187,2425,1468,180,"F
8]
[
Il
&
6
1
6
5
4
1
1
9
3
9
8
8
8","[[""F"", 0.878187676675001, 48.0], [""8]"", 0.16988380617419654, 123.0], [""["", 0.998859492473926, 41.0], [""Il"", 0.9825486862655032, 78.0], [""&"", 0.9764860114701754, 74.0], [""6"", 0.7657107436820212, 144.95214155347696], [""1"", 0.24247503776358403, 60.97187711526897], [""6"", 0.3703914455685755, 105.95867314025008], [""5"", 0.9700282403099578, 48.0], [""4"", 0.2002185008376225, 24.0], [""1"", 0.9991419964460455, 69.0], [""1"", 0.939764766337138, 25.0], [""9"", 0.9150453783579593, 12.0], [""3"", 0.6850282194840283, 148.0], [""9"", 0.9701394300493895, 23.0], [""8"", 0.12877197663121454, 78.5], [""8"", 0.7300386398722516, 39.0], [""8"", 0.7834646979591184, 109.48739791817115]]",,,ml/output/tracks/best_frames/25_12-20/track_0420_r1.jpg,ml/output/tracks/best_frames_hires/25_12-20/track_0420_r1.jpg,0
25_12-20.mp4,406,20686,575,1079,792,1331,270,"99
IlII","[[""99"", 0.9933762386085194, 20.0], [""IlII"", 0.6961181163787842, 18.0]]",,,ml/output/tracks/best_frames/25_12-20/track_0406_r2.jpg,ml/output/tracks/best_frames_hires/25_12-20/track_0406_r2.jpg,
25_12-20.mp4,423,20686,2189,585,2430,862,180,"а
8'
8
3
8
8
'
#
2
Е
Il
я
5
:
4:
6","[[""а"", 0.11219008505154093, 30.0], [""8'"", 0.6845086590891835, 32.0], [""8"", 0.7225334791247064, 30.0], [""3"", 0.9996568259025516, 50.0], [""8"", 0.3242462411342082, 34.0], [""8"", 0.9991819148208378, 98.0], [""'"", 0.645291310121948, 68.0], [""#"", 0.9810338752772374, 44.0], [""2"", 0.3894046554344186, 56.0], [""Е"", 0.7102078934650855, 32.0], [""Il"", 0.542721745188063, 70.0], [""я"", 0.28855909351774756, 24.0], [""5"", 0.041037233594317435, 84.0], ["":"", 0.8251452939590287, 35.0], [""4:"", 0.6586882128801229, 41.5], [""6"", 0.3297341550138668, 31.0]]",,,ml/output/tracks/best_frames/25_12-20/track_0423_r2.jpg,ml/output/tracks/best_frames_hires/25_12-20/track_0423_r2.jpg,8 2 9 : :
25_12-20.mp4,414,20686,2116,1659,2380,1931,0,"I5
F
g
{
1
""
1
[
5
1","[[""I5"", 0.20753660299922597, 83.0], [""F"", 0.8793025910541843, 26.0], [""g"", 0.5148935414955567, 112.0], [""{"", 0.9775178533377726, 99.0], [""1"", 0.9282374236949096, 46.0], [""\"""", 0.3402977125120401, 30.890745963252584], [""1"", 0.9915497763032022, 94.98853727377661], [""["", 0.9986649442203408, 75.9819848608206], [""5"", 0.8802828736101596, 114.0], [""1"", 0.9978632432546561, 68.5]]",,,ml/output/tracks/best_frames/25_12-20/track_0414_r1.jpg,ml/output/tracks/best_frames_hires/25_12-20/track_0414_r1.jpg,5 5 8 :
25_12-20.mp4,431,20686,690,2070,899,2159,0,,[],,,ml/output/tracks/best_frames/25_12-20/track_0431_r0.jpg,ml/output/tracks/best_frames_hires/25_12-20/track_0431_r0.jpg,
25_12-20.mp4,416,20686,2182,0,2442,372,90,I,"[[""I"", 0.9407090394599891, 41.0]]",,,ml/output/tracks/best_frames/25_12-20/track_0416_r2.jpg,ml/output/tracks/best_frames_hires/25_12-20/track_0416_r2.jpg,
25_12-20.mp4,427,20840,633,1693,848,1925,270,"1
""ата
1999'","[[""1"", 0.9999532705044203, 26.0], [""\""ата"", 0.09813336282968521, 22.22788122702984], [""1999'"", 0.9924895322527255, 65.1322857115191]]",,,ml/output/tracks/best_frames/25_12-20/track_0427_r1.jpg,ml/output/tracks/best_frames_hires/25_12-20/track_0427_r1.jpg,4 8
25_12-20.mp4,426,20840,2148,1307,2412,1632,90,"ШПТШ
65 ((
1L_ =
LCBZ
'B
fuwD
fiuwD
688
-1 0","[[""ШПТШ"", 0.2692532983742511, 24.0], [""65 (("", 0.820269107987136, 26.0], [""1L_ ="", 0.146859467485332, 8.0], [""LCBZ"", 0.7541136145591736, 20.0], [""'B"", 0.186248927801195, 48.0], [""fuwD"", 0.5272725820541382, 60.81313749677156], [""fiuwD"", 0.5538640799845157, 71.87241120712645], [""688"", 0.20826238783202544, 77.46518906566916], [""-1 0"", 0.42992148129192737, 86.97627159754495]]",,,ml/output/tracks/best_frames/25_12-20/track_0426_r1.jpg,ml/output/tracks/best_frames_hires/25_12-20/track_0426_r1.jpg,2
25_12-20.mp4,431,20840,708,2058,918,2159,0,,[],,,ml/output/tracks/best_frames/25_12-20/track_0431_r1.jpg,ml/output/tracks/best_frames_hires/25_12-20/track_0431_r1.jpg,
25_12-20.mp4,424,20840,3,1766,112,1933,0,,[],,,ml/output/tracks/best_frames/25_12-20/track_0424_r2.jpg,ml/output/tracks/best_frames_hires/25_12-20/track_0424_r2.jpg,
25_12-20.mp4,433,20840,563,606,781,855,180,"5
1
1
1
'","[[""5"", 0.28677141078459556, 24.0], [""1"", 0.7929024776581741, 77.0], [""1"", 0.7963198296403426, 74.0], [""1"", 0.5231313037684373, 58.96991404929263], [""'"", 0.4650133309169746, 54.96532330749694]]",,,ml/output/tracks/best_frames/25_12-20/track_0433_r0.jpg,ml/output/tracks/best_frames_hires/25_12-20/track_0433_r0.jpg,8 7 6 2 : 2
25_12-20.mp4,428,20840,573,1210,792,1431,0,,[],,,ml/output/tracks/best_frames/25_12-20/track_0428_r1.jpg,ml/output/tracks/best_frames_hires/25_12-20/track_0428_r1.jpg,
25_12-20.mp4,425,20840,2093,1896,2343,2110,0,"{
5
IIl
8
7
1
9","[[""{"", 0.12125164103636976, 28.0], [""5"", 0.8419573379950727, 30.0], [""IIl"", 0.5380719900131226, 105.0], [""8"", 0.7137605510041709, 154.0], [""7"", 0.9944407931331831, 22.0], [""1"", 0.9714163964297065, 98.98945585230855], [""9"", 0.23117881637648807, 102.47976085458416]]",,,ml/output/tracks/best_frames/25_12-20/track_0425_r0.jpg,ml/output/tracks/best_frames_hires/25_12-20/track_0425_r0.jpg,
25_12-20.mp4,419,20840,2109,1733,2363,1993,0,"F
5
1
8
[
g
7
1
5
8
9
7
3","[[""F"", 0.3897042788950422, 26.0], [""5"", 0.9450103160149901, 28.0], [""1"", 0.9985734547158565, 71.0], [""8"", 0.6869044386406955, 50.0], [""["", 0.8894844463259268, 75.0], [""g"", 0.8339123968675075, 155.0], [""7"", 0.9837599561362573, 22.0], [""1"", 0.9136780609609652, 98.98945585230854], [""5"", 0.9774945168740032, 23.0], [""8"", 0.30268991946948987, 85.5], [""9"", 0.2133560662312881, 153.5], [""7"", 0.9999057076748308, 19.0], [""3"", 0.2722755940121466, 29.467739820199824]]",,,ml/output/tracks/best_frames/25_12-20/track_0419_r1.jpg,ml/output/tracks/best_frames_hires/25_12-20/track_0419_r1.jpg,5 2 3 7
25_12-20.mp4,422,20840,573,505,794,768,0,,[],,,ml/output/tracks/best_frames/25_12-20/track_0422_r2.jpg,ml/output/tracks/best_frames_hires/25_12-20/track_0422_r2.jpg,
25_12-20.mp4,416,20840,2179,0,2448,445,270,WL,"[[""WL"", 0.2052453516066721, 66.0]]",,,ml/output/tracks/best_frames/25_12-20/track_0416_r1.jpg,ml/output/tracks/best_frames_hires/25_12-20/track_0416_r1.jpg,
25_12-20.mp4,404,20840,565,698,774,964,0,"$
1
Il
F
₽
1
!
8
Ё
#
[
В
5
.
:
7
4
1
3
2
5
3","[[""$"", 0.5043000750183388, 52.0], [""1"", 0.10929578422778619, 46.0], [""Il"", 0.7323888231920309, 80.0], [""F"", 0.9822206355792993, 24.0], [""₽"", 0.22645085129724762, 40.0], [""1"", 0.981587363390318, 88.0], [""!"", 0.35912437342631165, 60.0], [""8"", 0.7296904386194569, 110.0], [""Ё"", 0.7925753571129377, 36.0], [""#"", 0.15467909727952733, 24.0], [""["", 0.5196556452867753, 54.96532330749696], [""В"", 0.17429282831757575, 32.90341723552112], [""5"", 0.9873806347913252, 55.5], [""."", 0.9268230975586143, 76.0], ["":"", 0.48594290262670725, 31.5], [""7"", 0.5314712894549736, 23.0], [""4"", 0.1118943870423772, 42.5], [""1"", 0.9596916237997597, 64.5], [""3"", 0.9827546045005562, 108.0], [""2"", 0.7621628679900461, 35.0], [""5"", 0.9011379949902789, 38.0], [""3"", 0.977895636360504, 24.0]]",,,ml/output/tracks/best_frames/25_12-20/track_0404_r1.jpg,ml/output/tracks/best_frames_hires/25_12-20/track_0404_r1.jpg,0 8 35 5 2 3 5
25_12-20.mp4,420,20840,2158,1176,2427,1455,180,"'
2
Е
#
й
8
Il
&
68
3
'
1
4
5
3
1
6
:
:
9
 3
2
5
2
3","[[""'"", 0.9931367783904079, 26.0], [""2"", 0.30135901242012153, 50.0], [""Е"", 0.5153068677473129, 66.0], [""#"", 0.14069186200541228, 51.0], [""й"", 0.8467555167555929, 26.0], [""8"", 0.9851279645262743, 116.0], [""Il"", 0.6361540067608104, 82.0], [""&"", 0.9479748976238547, 72.0], [""68"", 0.5430692351009861, 141.94984628122137], [""3"", 0.6433017863205492, 112.95320079145188], [""'"", 0.4481802810062163, 72.9804530102117], [""1"", 0.9598381908199514, 43.5], [""4"", 0.4451080784412085, 24.0], [""5"", 0.9996811405723385, 15.0], [""3"", 0.9599263699964276, 149.0], [""1"", 0.9947509686436575, 62.5], [""6"", 0.867687841136334, 10.0], ["":"", 0.5353274145850406, 22.0], ["":"", 0.39982419379612466, 58.0], [""9"", 0.9791624785435857, 14.0], ["" 3"", 0.11190369768034748, 85.0], [""2"", 0.9972914940817645, 54.5], [""5"", 0.9999886751495559, 15.0], [""2"", 0.3553538666804492, 55.41380928420097], [""3"", 0.923348414525563, 108.98727054653433]]",,,ml/output/tracks/best_frames/25_12-20/track_0420_r2.jpg,ml/output/tracks/best_frames_hires/25_12-20/track_0420_r2.jpg,2
25_12-20.mp4,416,20993,2184,0,2454,513,270,"'Q
шc","[[""'Q"", 0.6294834483277951, 61.0], [""шc"", 0.05628421026672788, 14.585247978209196]]",,,ml/output/tracks/best_frames/25_12-20/track_0416_r0.jpg,ml/output/tracks/best_frames_hires/25_12-20/track_0416_r0.jpg,
25_12-20.mp4,432,20993,565,864,765,1043,180,"2
Е
=
85
'
g
'
5
Шl
&

7
2
5
6
6
5
1
8
5
9","[[""2"", 0.9274988407813822, 22.0], [""Е"", 0.5930426226544938, 36.0], [""="", 0.8035533251002711, 24.0], [""85"", 0.10675405676762861, 110.0], [""'"", 0.43429440665482844, 62.0], [""g"", 0.6101046007398168, 24.0], [""'"", 0.514959067156159, 34.0], [""5"", 0.3537166287125082, 32.0], [""Шl"", 0.45887980724789523, 64.0], [""&"", 0.31767506439297577, 40.0], ["""", 0.0, 6.5], [""7"", 0.6419126092075409, 12.5], [""2"", 0.6083573697882372, 23.0], [""5"", 0.4593417383137286, 32.5], [""6"", 0.7800502237045102, 13.0], [""6"", 0.5623717977147322, 22.0], [""5"", 0.5437035502136247, 24.0], [""1"", 0.9842405313843052, 87.0], [""8"", 0.9212432809849957, 50.5], [""5"", 0.27488484309975547, 10.0], [""9"", 0.30034800776144266, 35.47808873418606]]",,,ml/output/tracks/best_frames/25_12-20/track_0432_r1.jpg,ml/output/tracks/best_frames_hires/25_12-20/track_0432_r1.jpg,3: 442
25_12-20.mp4,435,20993,2138,1393,2404,1707,180,"to
6
6","[[""to"", 0.16480091991009266, 154.95875431373565], [""6"", 0.5261202899565411, 90.94256100321184], [""6"", 0.9959800194238255, 84.98566218641307]]",,,ml/output/tracks/best_frames/25_12-20/track_0435_r0.jpg,ml/output/tracks/best_frames_hires/25_12-20/track_0435_r0.jpg,
25_12-20.mp4,423,20993,2177,657,2440,961,270,"Цмы
Гпигист
Шs
T17a
KVтv
Пmcrij
Ксян Руби
алодсс |ЮАР]
75L
21052
аonex
27%)
152999
анот
10
7/4-39 : 41
 /: :  /-1 2/-7
5.-..:  .42  0.
751
05
26
21053
 2 0763
-279
1152999
5 1","[[""Цмы"", 0.18051342958902342, 8.0], [""Гпигист"", 0.29567478476381553, 12.0], [""Шs"", 0.2805526883976492, 18.0], [""T17a"", 0.25115543603897095, 6.0], [""KVтv"", 0.7123880982398987, 14.0], [""Пmcrij"", 0.11316685877071905, 8.0], [""Ксян Руби"", 0.44718040109855084, 14.0], [""алодсс |ЮАР]"", 0.48150026761637144, 18.0], [""75L"", 0.9992020108182922, 14.0], [""21052"", 0.5821145752047271, 21.0], [""аonex"", 0.173624604814528, 8.0], [""27%)"", 0.36664441483390187, 26.0], [""152999"", 0.9856778699841144, 57.0], [""анот"", 0.22579796612262726, 12.764703585452594], [""10"", 0.13748402192199802, 5.5], [""7/4-39 : 41"", 0.10423606049423313, 16.0], ["" /: :  /-1 2/-7"", 0.12148154675748674, 14.0], [""5.-..:  .42  0."", 0.08081050534836619, 16.0], [""751"", 0.9545641921106964, 15.0], [""05"", 0.2925806862148939, 8.0], [""26"", 0.16812745084712263, 8.0], [""21053"", 0.8622965001053718, 18.0], ["" 2 0763"", 0.20163439548113227, 10.0], [""-279"", 0.775140703963804, 28.0], [""1152999"", 0.4976627466135001, 58.0], [""5 1"", 0.37070046202884643, 9.0]]",,,ml/output/tracks/best_frames/25_12-20/track_0423_r1.jpg,ml/output/tracks/best_frames_hires/25_12-20/track_0423_r1.jpg,2
25_12-20.mp4,419,20993,2101,1815,2351,2071,0,"6
5
Ill
g
F
1
7
1:
5","[[""6"", 0.8620469404015729, 28.0], [""5"", 0.19959303193560007, 30.0], [""Ill"", 0.5054691756246191, 105.0], [""g"", 0.8491133070907644, 153.0], [""F"", 0.8950926845335836, 22.0], [""1"", 0.9612592444718793, 100.98987437804499], [""7"", 0.19086957024857387, 32.5], [""1:"", 0.39137549854724707, 96.0], [""5"", 0.37906682780180745, 113.98253274428981]]",,,ml/output/tracks/best_frames/25_12-20/track_0419_r0.jpg,ml/output/tracks/best_frames_hires/25_12-20/track_0419_r0.jpg,8
25_12-20.mp4,428,20993,584,1208,800,1428,0,,[],,,ml/output/tracks/best_frames/25_12-20/track_0428_r2.jpg,ml/output/tracks/best_frames_hires/25_12-20/track_0428_r2.jpg,
25_12-20.mp4,427,20993,637,1691,864,1946,90,"[z
,6661
'ei
666   :
74","[[""[z"", 0.9292299586725994, 38.0], ["",6661"", 0.46546759197709436, 66.25306290925869], [""'ei"", 0.14790183565127535, 23.291884482932346], [""666   :"", 0.5264938540193371, 75.96001272070743], [""74"", 0.41355166158465934, 21.391777875283395]]",,,ml/output/tracks/best_frames/25_12-20/track_0427_r2.jpg,ml/output/tracks/best_frames_hires/25_12-20/track_0427_r2.jpg,8
25_12-20.mp4,421,20993,2175,582,2304,911,0,";
5
1
3
;
3
 zяfg
5
1
{
3
2
1","[["";"", 0.6172618676320241, 26.0], [""5"", 0.49629466307811754, 93.0], [""1"", 0.7096875944019452, 66.0], [""3"", 0.908094278373742, 58.0], ["";"", 0.7064861354324989, 36.0], [""3"", 0.9403418621232049, 122.0], ["" zяfg"", 0.4082785294332986, 24.0], [""5"", 0.16432017126736387, 50.0], [""1"", 0.3965110617271108, 60.97187711526891], [""{"", 0.7153196360037697, 70.97932119800069], [""3"", 0.5117056283211561, 97.0], [""2"", 0.6064064496145285, 30.0], [""1"", 0.3018859144447248, 53.0]]",,,ml/output/tracks/best_frames/25_12-20/track_0421_r1.jpg,ml/output/tracks/best_frames_hires/25_12-20/track_0421_r1.jpg,0
25_12-20.mp4,426,20993,2157,1264,2418,1537,270,"У
&@x
7ату
Jwi
TSL
283
79999
gawm
50
71
2
28317
62:2
79999
1/.","[[""У"", 0.9680534836281964, 40.0], [""&@x"", 0.23013599324374032, 69.0], [""7ату"", 0.40565788745880127, 12.0], [""Jwi"", 0.2633852195958289, 8.0], [""TSL"", 0.9865367877392279, 14.0], [""283"", 0.7663285349321197, 16.0], [""79999"", 0.9808811416658171, 52.0], [""gawm"", 0.7665246725082397, 104.91622710809202], [""50"", 0.4317745671010725, 10.0], [""71"", 0.7154206480449483, 14.0], [""2"", 0.2360406143998981, 8.0], [""28317"", 0.9960498305899828, 19.5], [""62:2"", 0.12051718682050705, 13.0], [""79999"", 0.9798595882230153, 52.0], [""1/."", 0.40227000422638826, 21.0]]",,,ml/output/tracks/best_frames/25_12-20/track_0426_r2.jpg,ml/output/tracks/best_frames_hires/25_12-20/track_0426_r2.jpg,
25_12-20.mp4,425,20993,2093,1921,2335,2139,0,"₽
₽
Il
g
7
1
'","[[""₽"", 0.20073715203417297, 26.0], [""₽"", 0.30084721684558247, 28.0], [""Il"", 0.4956685576785527, 104.0], [""g"", 0.5677326752284593, 152.0], [""7"", 0.37057647251487325, 22.0], [""1"", 0.9851353003505814, 100.98987437804499], [""'"", 0.13069702809411243, 48.95621185796966]]",,,ml/output/tracks/best_frames/25_12-20/track_0425_r1.jpg,ml/output/tracks/best_frames_hires/25_12-20/track_0425_r1.jpg,
25_12-20.mp4,433,20993,573,577,791,842,180,"'
Е
'
[
8","[[""'"", 0.8379950782018888, 26.0], [""Е"", 0.6203056553573596, 30.0], [""'"", 0.2619217209672229, 56.0], [""["", 0.10165101906352803, 60.97187711526893], [""8"", 0.9274670396307592, 54.96532330749694]]",,,ml/output/tracks/best_frames/25_12-20/track_0433_r1.jpg,ml/output/tracks/best_frames_hires/25_12-20/track_0433_r1.jpg,2 1 2
25_12-20.mp4,435,21146,2137,1372,2410,1648,90,"'D
fiuwwD
fiuwD
66
","[[""'D"", 0.28473010659217834, 52.0], [""fiuwwD"", 0.15546781635090967, 56.78105928984837], [""fiuwD"", 0.8737685514569788, 70.86827665105534], [""66"", 0.17369530481979553, 48.0], ["""", 0.0, 66.96674292077445]]",,,ml/output/tracks/best_frames/25_12-20/track_0435_r2.jpg,ml/output/tracks/best_frames_hires/25_12-20/track_0435_r2.jpg,9
25_12-20.mp4,440,21146,2125,1482,2393,1797,180,"6
е8
6
68
6","[[""6"", 0.7623973602894694, 59.0], [""е8"", 0.14473290826097995, 153.95815673572625], [""6"", 0.8166942557647907, 92.94520483458302], [""68"", 0.7889393268150148, 88.0], [""6"", 0.18609320725548528, 85.48584370012048]]",,,ml/output/tracks/best_frames/25_12-20/track_0440_r0.jpg,ml/output/tracks/best_frames_hires/25_12-20/track_0440_r0.jpg,
25_12-20.mp4,434,21146,2158,864,2435,1135,270,"ащяzD
Пъи
Патnas
мшнсс
пыцанэт
паnтuън
(Партmъп )
TSL
2105 
2999
369)
7
a
LN ;
Н1Fнd
Ш)
@awn
Taапу
39-9 64705 1 /
5.- -6: 4. 30
05 40
23 554 0
/7:-    0   751
2105 
2999
369
7
66
22
5:","[[""ащяzD"", 0.07713964907232392, 26.0], [""Пъи"", 0.03935684263706207, 8.0], [""Патnas"", 0.35907074404823675, 14.0], [""мшнсс"", 0.3420618195981754, 8.0], [""пыцанэт"", 0.19570013456223684, 8.0], [""паnтuън"", 0.10293520714516505, 14.0], [""(Партmъп )"", 0.3280732619665932, 16.0], [""TSL"", 0.547322347530079, 14.0], [""2105 "", 0.8038079844424929, 16.0], [""2999"", 0.988996684551239, 52.0], [""369)"", 0.8315194249153137, 28.0], [""7"", 0.9998620796078264, 40.0], [""a"", 0.20073295935754132, 6.0], [""LN ;"", 0.1722349455655164, 8.0], [""Н1Fнd"", 0.05278812527507807, 8.0], [""Ш)"", 0.4746466236723022, 14.0], [""@awn"", 0.6964148879051208, 98.92150622199733], [""Taапу"", 0.22101023443953366, 17.695996608010176], [""39-9 64705 1 /"", 0.13495545519910185, 14.0], [""5.- -6: 4. 30"", 0.14190896368279432, 14.0], [""05 40"", 0.3488086015471802, 12.0], [""23 554 0"", 0.05899935588485626, 9.0], [""/7:-    0   751"", 0.4334503888162694, 20.5], [""2105 "", 0.9178382150240809, 18.0], [""2999"", 0.9994227886199951, 52.5], [""369"", 0.9999810730072588, 28.0], [""7"", 0.9996562299584753, 37.0], [""66"", 0.112513872118969, 9.0], [""22"", 0.4295026220970554, 8.0], [""5:"", 0.5783802695803948, 10.0]]",,,ml/output/tracks/best_frames/25_12-20/track_0434_r2.jpg,ml/output/tracks/best_frames_hires/25_12-20/track_0434_r2.jpg,5 8 3 1 9 6 7 5 1 2 1
25_12-20.mp4,441,21146,2068,2062,2331,2159,270,"99
Xw;
99","[[""99"", 0.9386168758414939, 20.0], [""Xw;"", 0.13625727487428593, 85.86689182448853], [""99"", 0.757597174639464, 16.0]]",,,ml/output/tracks/best_frames/25_12-20/track_0441_r0.jpg,ml/output/tracks/best_frames_hires/25_12-20/track_0441_r0.jpg,
25_12-20.mp4,443,21146,2184,46,2452,588,90,"[(%zz-
75 2
VOll ~atamn
чнэу маэсг
заниини
мя
14
омна
1 1 
18","[[""[(%zz-"", 0.9374848238905843, 40.0], [""75 2"", 0.5838664770126343, 14.0], [""VOll ~atamn"", 0.6506705588899688, 16.0], [""чнэу маэсг"", 0.21747476714248662, 16.0], [""заниини"", 0.3049050189486751, 8.0], [""мя"", 0.7127106047829304, 14.0], [""14"", 0.08093365977006887, 8.0], [""омна"", 0.17077341675758362, 14.0], [""1 1 "", 0.35399957326266324, 8.0], [""18"", 0.8089883939373087, 62.0]]",,,ml/output/tracks/best_frames/25_12-20/track_0443_r0.jpg,ml/output/tracks/best_frames_hires/25_12-20/track_0443_r0.jpg,5 7 1 : : 3 :
25_12-20.mp4,442,21146,655,1816,865,2029,90,"[z
.6661
aIeI
66
666162
6451","[[""[z"", 0.9231479821083518, 36.0], ["".6661"", 0.36831328119596163, 65.1322857115191], [""aIeI"", 0.11332658678293228, 19.13841995766063], [""66"", 0.11774033894503895, 15.0], [""666162"", 0.37246451670766517, 72.7636918214518], [""6451"", 0.29777470231056213, 20.261682845566327]]",,,ml/output/tracks/best_frames/25_12-20/track_0442_r0.jpg,ml/output/tracks/best_frames_hires/25_12-20/track_0442_r0.jpg,
25_12-20.mp4,432,21146,560,864,778,1117,270,"Умча
пunnav
лнааПиаа TlО т0TD
uncmarn
IUрu;F
niNнашnu
сшaкчи
mL
ZпJ
249
11999""9
ППШп
ППпП","[[""Умча"", 0.3880917501806182, 8.0], [""пunnav"", 0.11565030140088989, 8.0], [""лнааПиаа TlО т0TD"", 0.2636677488807383, 12.0], [""uncmarn"", 0.13289688625201504, 8.0], [""IUрu;F"", 0.1200446689115316, 14.0], [""niNнашnu"", 0.11668350287738288, 8.0], [""сшaкчи"", 0.04113315096433908, 8.0], [""mL"", 0.37851164584505015, 12.0], [""ZпJ"", 0.3699509189562456, 14.0], [""249"", 0.4007443593090333, 20.0], [""11999\""9"", 0.6598060717674968, 45.0], [""ППШп"", 0.1615292727947235, 14.0], [""ППпП"", 0.1142549142241478, 20.0]]",,,ml/output/tracks/best_frames/25_12-20/track_0432_r0.jpg,ml/output/tracks/best_frames_hires/25_12-20/track_0432_r0.jpg,
25_12-20.mp4,425,21146,2077,1895,2348,2139,0,";
5
Ill
g
7
5
1
8
5","[["";"", 0.8494670551131414, 26.0], [""5"", 0.976210144740012, 28.0], [""Ill"", 0.2940719836624533, 103.0], [""g"", 0.284081049603774, 148.0], [""7"", 0.7417210413734665, 22.0], [""5"", 0.22652684475883778, 28.0], [""1"", 0.9746875721225514, 100.98987437804499], [""8"", 0.570237599737311, 48.5], [""5"", 0.3241593594063694, 110.98311292836291]]",,,ml/output/tracks/best_frames/25_12-20/track_0425_r2.jpg,ml/output/tracks/best_frames_hires/25_12-20/track_0425_r2.jpg,
25_12-20.mp4,446,21299,2115,1637,2357,1882,270,"@w g
~Xuh;
[вашя
1т,
m
crxi
[Патпл=
20%
.29 -5
75
0
77
/-7-:
209","[[""@w g"", 0.21587495505809784, 31.0], [""~Xuh;"", 0.21925133633963603, 55.0], [""[вашя"", 0.3015897398140099, 16.0], [""1т,"", 0.06587037373337294, 6.0], [""m"", 0.7306606999187615, 8.0], [""crxi"", 0.28428685665130615, 14.0], [""[Патпл="", 0.27513378636899966, 14.0], [""20%"", 0.9972033178938331, 26.0], ["".29 -5"", 0.1357464252305339, 15.5], [""75"", 0.23924427829617895, 13.5], [""0"", 0.39755394966256574, 7.0], [""77"", 0.3138708549168427, 12.0], [""/-7-:"", 0.15178604751080452, 16.0], [""209"", 0.9996327560854648, 24.0]]",,,ml/output/tracks/best_frames/25_12-20/track_0446_r0.jpg,ml/output/tracks/best_frames_hires/25_12-20/track_0446_r0.jpg,6 8 7 2
25_12-20.mp4,445,21299,665,1878,872,2106,180,"@
3
8
2","[[""@"", 0.5808297237169633, 28.0], [""3"", 0.9755111114103876, 154.98155319441483], [""8"", 0.6393846656456539, 115.99144036903681], [""2"", 0.928032079168716, 29.467739820199817]]",,,ml/output/tracks/best_frames/25_12-20/track_0445_r0.jpg,ml/output/tracks/best_frames_hires/25_12-20/track_0445_r0.jpg,
25_12-20.mp4,443,21299,2186,2,2448,451,270,МUI,"[[""МUI"", 0.14589651511012042, 59.0]]",,,ml/output/tracks/best_frames/25_12-20/track_0443_r1.jpg,ml/output/tracks/best_frames_hires/25_12-20/track_0443_r1.jpg,
25_12-20.mp4,442,21299,653,1776,858,1992,270,"лато
1999'","[[""лато"", 0.273186046485861, 24.325147764406054], [""1999'"", 0.9878661549875396, 65.1940146061741]]",,,ml/output/tracks/best_frames/25_12-20/track_0442_r1.jpg,ml/output/tracks/best_frames_hires/25_12-20/track_0442_r1.jpg,
25_12-20.mp4,441,21299,2068,2077,2328,2159,90,"fq""ol","[[""fq\""ol"", 0.14482536272439753, 91.90733452056406]]",,,ml/output/tracks/best_frames/25_12-20/track_0441_r1.jpg,ml/output/tracks/best_frames_hires/25_12-20/track_0441_r1.jpg,
25_12-20.mp4,440,21299,2131,1514,2385,1775,90,"liuwD
(twi
6
-.7","[[""liuwD"", 0.3322295458920423, 53.0], [""(twi"", 0.43151748180389404, 70.86827665105534], [""6"", 0.6477476107911571, 49.0], [""-.7"", 0.09367769690095118, 61.459459253345585]]",,,ml/output/tracks/best_frames/25_12-20/track_0440_r2.jpg,ml/output/tracks/best_frames_hires/25_12-20/track_0440_r2.jpg,
25_12-20.mp4,435,21299,2138,1413,2404,1682,90,"Tiuw₽ 0
fiuwD
62 8
-","[[""Tiuw₽ 0"", 0.23998961160052915, 82.85524838600497], [""fiuwD"", 0.8824577458991519, 69.86393923832145], [""62 8"", 0.11871431767940521, 69.5], [""-"", 0.5933285291326342, 65.96557251554299]]",,,ml/output/tracks/best_frames/25_12-20/track_0435_r1.jpg,ml/output/tracks/best_frames_hires/25_12-20/track_0435_r1.jpg,28
25_12-20.mp4,421,21453,2151,867,2304,1191,0,"8
ё
Е
$
Ill
#
8
8
Ё
?
1
i
5
5
:
5
3
:
5
6
5
1
8
:4
5
8","[[""8"", 0.9527788272323647, 100.0], [""ё"", 0.9031000693383682, 50.0], [""Е"", 0.25617600376813243, 28.0], [""$"", 0.5277803889073063, 89.0], [""Ill"", 0.6816808721087623, 108.0], [""#"", 0.31725459709949533, 24.0], [""8"", 0.9704892437584931, 94.0], [""8"", 0.9980920126196544, 30.0], [""Ё"", 0.49822658580139034, 48.0], [""?"", 0.5629316502084727, 34.91404880886694], [""1"", 0.9763541983796955, 62.973655330211045], [""i"", 0.43877621749672713, 46.95237412036795], [""5"", 0.6936962766360466, 12.0], [""5"", 0.30513093586066375, 31.0], ["":"", 0.711817908553769, 24.0], [""5"", 0.38954816567911976, 27.0], [""3"", 0.8923595578761514, 59.0], ["":"", 0.5346843547507696, 107.0], [""5"", 0.2679835614461332, 27.0], [""6"", 0.9934019565853305, 10.0], [""5"", 0.9635646283095554, 23.0], [""1"", 0.9839981005600897, 67.5], [""8"", 0.9922941934892293, 96.5], ["":4"", 0.6673986666513271, 60.0], [""5"", 0.8946092485923742, 15.0], [""8"", 0.9999966621426779, 27.0]]",,,ml/output/tracks/best_frames/25_12-20/track_0421_r0.jpg,ml/output/tracks/best_frames_hires/25_12-20/track_0421_r0.jpg,2 1 2 6 1 1 3 2 0 8 5 5
25_12-20.mp4,446,21453,2126,1576,2376,1838,90,"~d
liuwD
68","[[""~d"", 0.6928850699686095, 14.0], [""liuwD"", 0.15723880350142733, 53.0], [""68"", 0.9636148667257455, 48.0]]",,,ml/output/tracks/best_frames/25_12-20/track_0446_r2.jpg,ml/output/tracks/best_frames_hires/25_12-20/track_0446_r2.jpg,23  9
25_12-20.mp4,447,21453,2181,242,2434,780,270,"Пчиа
Птппсто
Пa
Пнщ
кwv
Кmcc
#гиn
Pvt ~
51n1₽
пос {ЮАР) 0
75L
2105:
279/
152939
шc ,
пvut
75 06   .
:2-: : :/ 0 276 -
2:/.96   .42  0
751
03 
21053
5-
279
/152999
0
22.1","[[""Пчиа"", 0.4911532998085022, 12.0], [""Птппсто"", 0.3073490758380685, 14.0], [""Пa"", 0.21502237364508536, 20.0], [""Пнщ"", 0.341512708970909, 8.0], [""кwv"", 0.6447925634659777, 14.0], [""Кmcc"", 0.6969300508499146, 13.0], [""#гиn"", 0.1054954081773758, 8.0], [""Pvt ~"", 0.3664106779843167, 16.0], [""51n1₽"", 0.04376814741173807, 6.0], [""пос {ЮАР) 0"", 0.7090408326253986, 16.0], [""75L"", 0.9804839378554091, 14.0], [""2105:"", 0.5410281061912546, 18.0], [""279/"", 0.8966030478477478, 26.0], [""152939"", 0.9152580268990711, 60.0], [""шc ,"", 0.11721842161974888, 13.536442559194754], [""пvut"", 0.14752186834812164, 12.764703585452594], [""75 06   ."", 0.10846084624673882, 16.0], ["":2-: : :/ 0 276 -"", 0.17301143855011758, 14.0], [""2:/.96   .42  0"", 0.12791398246414082, 19.0], [""751"", 0.6129721999168396, 14.0], [""03 "", 0.3637857990161564, 8.0], [""21053"", 0.5115154533811835, 18.0], [""5-"", 0.24733947051846236, 9.0], [""279"", 0.999976048759065, 28.5], [""/152999"", 0.9719096803772239, 57.0], [""0"", 0.1347637231351797, 8.0], [""22.1"", 0.13533644378185272, 9.0]]",,,ml/output/tracks/best_frames/25_12-20/track_0447_r0.jpg,ml/output/tracks/best_frames_hires/25_12-20/track_0447_r0.jpg,5 581 3 1 6 2 8 81 8 2 2 :
25_12-20.mp4,444,21453,565,991,776,1252,180,"4'
8
g
:
;
84
Fa

8
:
8
8
26","[[""4'"", 0.9966420441184155, 24.0], [""8"", 0.988551906931562, 24.0], [""g"", 0.1605298989208137, 58.0], ["":"", 0.45360851437013494, 28.0], ["";"", 0.32842936638600406, 24.0], [""84"", 0.20794548912016983, 115.0], [""Fa"", 0.8295880097369764, 14.0], ["""", 0.0, 20.0], [""8"", 0.7975936893294353, 36.0], ["":"", 0.5196912228090156, 24.5], [""8"", 0.997855979274366, 127.5], [""8"", 0.9585868337635475, 41.0], [""26"", 0.7270003604907097, 13.0]]",,,ml/output/tracks/best_frames/25_12-20/track_0444_r0.jpg,ml/output/tracks/best_frames_hires/25_12-20/track_0444_r0.jpg,
25_12-20.mp4,443,21453,2185,2,2441,376,270,ЖчI,"[[""ЖчI"", 0.627094938703244, 44.0]]",,,ml/output/tracks/best_frames/25_12-20/track_0443_r2.jpg,ml/output/tracks/best_frames_hires/25_12-20/track_0443_r2.jpg,
25_12-20.mp4,423,21453,2164,790,2425,1070,270,"@
пmлпеа
П:
кwv
Пина 94Rn
Кгип Rvа ч
косшинос
{ЮАР) 0
Nъw
папп
[Партугапи
2105:
'/6)
152999
36%
 цаn
тАа
2932
:/49 276 -
7.- 0:
55
41429 0
4- /:.
1
 /:-7//:
21051
5. 
/152999
369
53
15
22
55 -
2301
13","[[""@"", 0.9883955786824892, 32.0], [""пmлпеа"", 0.21666668745996823, 8.0], [""П:"", 0.5952842487757631, 16.0], [""кwv"", 0.9031067947533498, 14.0], [""Пина 94Rn"", 0.3471694562992542, 14.0], [""Кгип Rvа ч"", 0.15584626656749176, 14.0], [""косшинос"", 0.18215598368412392, 8.0], [""{ЮАР) 0"", 0.6364579766789897, 16.0], [""Nъw"", 0.3788092745712997, 8.0], [""папп"", 0.727660059928894, 14.0], [""[Партугапи"", 0.9431435915630212, 18.0], [""2105:"", 0.6089130878815251, 18.0], [""'/6)"", 0.4690943658351898, 24.0], [""152999"", 0.9861138558148698, 60.0], [""36%"", 0.578504857697439, 26.0], ["" цаn"", 0.2224002331495285, 8.0], [""тАа"", 0.04853321623378845, 8.0], [""2932"", 0.10694620758295059, 8.5], ["":/49 276 -"", 0.3538862645741543, 14.0], [""7.- 0:"", 0.08072547885452555, 12.0], [""55"", 0.6653238978391792, 12.0], [""41429 0"", 0.2205296388532725, 19.0], [""4- /:."", 0.1499342065463257, 13.5], [""1"", 0.42162003130948733, 7.0], ["" /:-7//:"", 0.12089882583092648, 20.0], [""21051"", 0.5968876016578498, 19.0], [""5. "", 0.1380666405868882, 9.0], [""/152999"", 0.8398056692247902, 56.5], [""369"", 0.864495038986206, 26.0], [""53"", 0.3080927116156669, 10.0], [""15"", 0.5908191472505409, 8.0], [""22"", 0.1161259603604249, 10.0], [""55 -"", 0.15606656670570374, 10.0], [""2301"", 0.27208656072616577, 7.0], [""13"", 0.37900227144889964, 8.847998304005102]]",,,ml/output/tracks/best_frames/25_12-20/track_0423_r0.jpg,ml/output/tracks/best_frames_hires/25_12-20/track_0423_r0.jpg,: : 3 8
25_12-20.mp4,432,21453,573,799,786,1058,180,"#4'
8
1
₽
8
5
1
g
Ie
ill
Е
:
:
.
8
:","[[""#4'"", 0.5624966332022067, 30.0], [""8"", 0.9950119625054334, 22.0], [""1"", 0.2917658072547056, 56.0], [""₽"", 0.25647010736031817, 36.0], [""8"", 0.9968076237222512, 86.0], [""5"", 0.8238430103257457, 42.0], [""1"", 0.2639747247284028, 64.0], [""g"", 0.8307722294432551, 26.0], [""Ie"", 0.31250946104575983, 44.0], [""ill"", 0.24817853822787383, 80.0], [""Е"", 0.061150826085271115, 32.90341723552112], ["":"", 0.3271183008906178, 22.0], ["":"", 0.3309363925171773, 24.0], [""."", 0.4892590917597808, 57.5], [""8"", 0.540817662000336, 29.0], ["":"", 0.9226667422230008, 35.47808873418606]]",,,ml/output/tracks/best_frames/25_12-20/track_0432_r2.jpg,ml/output/tracks/best_frames_hires/25_12-20/track_0432_r2.jpg,8
25_12-20.mp4,441,21453,2074,2063,2313,2159,270,"J
II
99","[[""J"", 0.7925525397360254, 41.0], [""II"", 0.8453005661012701, 16.0], [""99"", 0.9999194161766682, 18.0]]",,,ml/output/tracks/best_frames/25_12-20/track_0441_r2.jpg,ml/output/tracks/best_frames_hires/25_12-20/track_0441_r2.jpg,
25_12-20.mp4,434,21453,2149,1007,2406,1271,0,"Е
1
Ill
Е
g
#
I
=
8
Ё
a
2
:
2 :
8
5
1
5
8
:4
2","[[""Е"", 0.5861390184908579, 32.0], [""1"", 0.8960928989375851, 26.0], [""Ill"", 0.4366048420499647, 107.0], [""Е"", 0.5137015491133212, 28.0], [""g"", 0.2541923779272679, 178.0], [""#"", 0.3724398319458402, 24.0], [""I"", 0.9985736929643316, 71.0], [""="", 0.6364158026697773, 48.0], [""8"", 0.9998115389934448, 28.0], [""Ё"", 0.44401669203015004, 48.0], [""a"", 0.2276833500719846, 34.91404880886694], [""2"", 0.5830476265045945, 146.97346630857487], ["":"", 0.9898238516468751, 16.0], [""2 :"", 0.7933309949849249, 17.5], [""8"", 0.9998909264744817, 102.5], [""5"", 0.9718380078479107, 23.0], [""1"", 0.9091623118343364, 56.5], [""5"", 0.9054082813983122, 15.0], [""8"", 0.9998085590442685, 27.0], ["":4"", 0.35858467607621786, 61.0], [""2"", 0.8292149509496518, 68.95935245872434]]",,,ml/output/tracks/best_frames/25_12-20/track_0434_r0.jpg,ml/output/tracks/best_frames_hires/25_12-20/track_0434_r0.jpg,0 0 5
25_12-20.mp4,449,21453,2111,1685,2349,1927,0,"@'
g
Ill
""
;
1
5
3
2
:
7","[[""@'"", 0.20686752542820017, 32.0], [""g"", 0.9815990559896228, 46.0], [""Ill"", 0.7493375539779663, 85.0], [""\"""", 0.5129189529337772, 26.0], ["";"", 0.19385363430928138, 32.90341723552115], [""1"", 0.48021358586369445, 86.98630120864573], [""5"", 0.35018008523388744, 24.0], [""3"", 0.9996441919261692, 20.0], [""2"", 0.3956802270922708, 96.0], ["":"", 0.820199151077361, 105.5], [""7"", 0.9940291630489497, 21.0]]",,,ml/output/tracks/best_frames/25_12-20/track_0449_r2.jpg,ml/output/tracks/best_frames_hires/25_12-20/track_0449_r2.jpg,5 1 8 1
25_12-20.mp4,445,21453,678,1903,891,2113,180,"@
3
8
3","[[""@"", 0.7687434355037936, 28.0], [""3"", 0.730997207643501, 147.97384795982893], [""8"", 0.8477991527644271, 131.49251247790522], [""3"", 0.43727307626841494, 43.97793763265159]]",,,ml/output/tracks/best_frames/25_12-20/track_0445_r1.jpg,ml/output/tracks/best_frames_hires/25_12-20/track_0445_r1.jpg,
25_12-20.mp4,442,21453,658,1785,865,2035,270,"42
тато
1999","[[""42"", 0.9999967125473989, 18.0], [""тато"", 0.5689848065376282, 24.35411306164177], [""1999"", 0.8029618263244629, 58.49907859855968]]",,,ml/output/tracks/best_frames/25_12-20/track_0442_r2.jpg,ml/output/tracks/best_frames_hires/25_12-20/track_0442_r2.jpg,
25_12-20.mp4,449,21606,2108,1715,2351,1953,270,"JNVJI
DFROs
саz
шla
[гmI^
[Парптяаа 7
20%
,201
8э
F
8:0-03
92--7 
5 5-
 .:-7-- 2 72
209
1201
6 9","[[""JNVJI"", 0.541203218689976, 50.0], [""DFROs"", 0.41902720073796085, 18.0], [""саz"", 0.5845280731392135, 14.0], [""шla"", 0.22652613356528836, 8.0], [""[гmI^"", 0.10625260687605027, 8.0], [""[Парптяаа 7"", 0.43977149327981874, 17.0], [""20%"", 0.4713912851550463, 26.0], ["",201"", 0.5140309929847717, 48.0], [""8э"", 0.1962378442823265, 14.585247978209225], [""F"", 0.9820421268914856, 18.72386843031552], [""8:0-03"", 0.4163400192998622, 14.0], [""92--7 "", 0.10311299171889277, 19.0], [""5 5-"", 0.2956954831650501, 16.0], ["" .:-7-- 2 72"", 0.19045844217019095, 21.0], [""209"", 0.9997127966502839, 27.0], [""1201"", 0.7443191409111023, 48.0], [""6 9"", 0.23742783069610596, 18.35512585328165]]",,,ml/output/tracks/best_frames/25_12-20/track_0449_r1.jpg,ml/output/tracks/best_frames_hires/25_12-20/track_0449_r1.jpg,6 52 8 8 2 55 92 5
25_12-20.mp4,446,21606,2112,1625,2360,1866,270,"у
@wng
UXvby
Еzьш
1
пiз
20
{Пэт ;
2
6
7:/
20
83
 .:24 7","[[""у"", 0.8401304084442387, 23.0], [""@wng"", 0.6064585024796345, 39.0], [""UXvby"", 0.19139351241793068, 67.0], [""Еzьш"", 0.15473023056983948, 14.0], [""1"", 0.9957065274616674, 8.0], [""пiз"", 0.12375825784670717, 8.0], [""20"", 0.9999959539049404, 24.0], [""{Пэт ;"", 0.1871377148835108, 18.72386843031552], [""2"", 0.2151048679393739, 13.0], [""6"", 0.6205414320902491, 10.0], [""7:/"", 0.14237290217615048, 12.5], [""20"", 0.9999985670074514, 22.0], [""83"", 0.7229218680581708, 17.33611894487882], ["" .:24 7"", 0.24658647121781577, 18.863439934105088]]",,,ml/output/tracks/best_frames/25_12-20/track_0446_r1.jpg,ml/output/tracks/best_frames_hires/25_12-20/track_0446_r1.jpg,8 9 3 3
25_12-20.mp4,434,21606,2142,1051,2399,1310,180,"а
1
1
#
8
1
g
I
'
i
3
3
5
1
83
:
5
65","[[""а"", 0.28063063082441886, 48.0], [""1"", 0.5493359568078269, 54.0], [""1"", 0.9647031929071126, 69.0], [""#"", 0.5295302801935122, 24.0], [""8"", 0.9213717777416583, 116.0], [""1"", 0.7007273776682474, 136.0], [""g"", 0.8871491393811084, 34.0], [""I"", 0.9782861084790149, 104.0], [""'"", 0.949499468965346, 30.0], [""i"", 0.27628238251259063, 98.0], [""3"", 0.18752879785328336, 93.0], [""3"", 0.8648873804702827, 41.0], [""5"", 0.43592204503193344, 45.0], [""1"", 0.9798014581129024, 84.0], [""83"", 0.5981831730121796, 61.0], ["":"", 0.982096587451796, 36.0], [""5"", 0.9945139041229254, 33.0], [""65"", 0.7061331060354632, 19.0]]",,,ml/output/tracks/best_frames/25_12-20/track_0434_r1.jpg,ml/output/tracks/best_frames_hires/25_12-20/track_0434_r1.jpg,2 6
25_12-20.mp4,444,21606,572,1031,779,1289,90,"[ltitil
6G
66
LEnZ
66
66
197","[[""[ltitil"", 0.12799870135379518, 26.0], [""6G"", 0.976094326668864, 18.0], [""66"", 0.9999077839408606, 42.0], [""LEnZ"", 0.2808963656425476, 14.0], [""66"", 0.9483098197855953, 18.0], [""66"", 0.9999991570631338, 33.0], [""197"", 0.9268289128161231, 16.0]]",,,ml/output/tracks/best_frames/25_12-20/track_0444_r2.jpg,ml/output/tracks/best_frames_hires/25_12-20/track_0444_r2.jpg,
25_12-20.mp4,440,21606,2125,1518,2385,1788,0,"2
@а","[[""2"", 0.6004269012265837, 106.0], [""@а"", 0.5049786724093959, 52.809496481471626]]",,,ml/output/tracks/best_frames/25_12-20/track_0440_r1.jpg,ml/output/tracks/best_frames_hires/25_12-20/track_0440_r1.jpg,
25_12-20.mp4,421,21606,2149,865,2304,1163,270,"Вuно g4RnOs
шнэнъЕт
Питгрнос
1lъJn
паппшк
(Партугапчя] 0 7SL
2105:
2HJ
99
'29'
36%
14
79g
Тачгу
А,
21052
0
6-0
283
2999
369
753 
/1799
23955","[[""Вuно g4RnOs"", 0.42091048196243797, 16.0], [""шнэнъЕт"", 0.06085105974995188, 6.0], [""Питгрнос"", 0.16371351464439876, 12.0], [""1lъJn"", 0.10075423594293267, 8.0], [""паппшк"", 0.6860690117152838, 8.0], [""(Партугапчя] 0 7SL"", 0.4182822040789459, 16.0], [""2105:"", 0.48213969025560105, 16.0], [""2HJ"", 0.8069874891425339, 14.0], [""99"", 0.9999993256504904, 20.0], [""'29'"", 0.9979947209358215, 54.0], [""36%"", 0.6850911246683471, 28.0], [""14"", 0.2583024690915657, 6.0], [""79g"", 0.9532043630357794, 50.0], [""Тачгу"", 0.49099841175009196, 17.695996608010176], [""А,"", 0.02707196029316638, 11.414213562373106], [""21052"", 0.6400140456909038, 14.0], [""0"", 0.47288509992563377, 9.0], [""6-0"", 0.30106912388986007, 10.5], [""283"", 0.9999156203950641, 18.0], [""2999"", 0.999459981918335, 56.0], [""369"", 0.9999872672905089, 25.0], [""753 "", 0.1668188935261683, 10.0], [""/1799"", 0.7939789525450712, 58.0], [""23955"", 0.12652265422015105, 9.0]]",,,ml/output/tracks/best_frames/25_12-20/track_0421_r2.jpg,ml/output/tracks/best_frames_hires/25_12-20/track_0421_r2.jpg,8 1 6 1 21 3 2 8 5
25_12-20.mp4,445,21606,677,1874,905,2145,270,"42'
лота
1999""","[[""42'"", 0.738879112016797, 18.0], [""лота"", 0.6093744039535522, 24.354113061641755], [""1999\"""", 0.9983611900167801, 68.30967746720751]]",,,ml/output/tracks/best_frames/25_12-20/track_0445_r2.jpg,ml/output/tracks/best_frames_hires/25_12-20/track_0445_r2.jpg,
25_12-20.mp4,454,21759,0,1609,83,1882,270,"$
9","[[""$"", 0.9955517754875132, 138.95541389950574], [""9"", 0.8694559930614219, 144.95938724328067]]",,,ml/output/tracks/best_frames/25_12-20/track_0454_r2.jpg,ml/output/tracks/best_frames_hires/25_12-20/track_0454_r2.jpg,
25_12-20.mp4,456,21759,2138,1116,2390,1384,180,"8
₽
!
1
#
8
а
I
i
F9
!
:
.: 9
38
1
7
9
9
7
:
8
3
2
:
5","[[""8"", 0.999510109832741, 40.0], [""₽"", 0.048139205904718096, 50.0], [""!"", 0.6391364723556059, 74.0], [""1"", 0.282998511579283, 69.0], [""#"", 0.7408246197816339, 26.0], [""8"", 0.3022780503801279, 198.0], [""а"", 0.8588551856280482, 24.0], [""I"", 0.9586984163334478, 102.0], [""i"", 0.36465009190307285, 101.0], [""F9"", 0.7299387201459482, 24.0], [""!"", 0.7310758935487662, 34.0], ["":"", 0.2731250215220058, 36.923047895281684], ["".: 9"", 0.37871843576431274, 12.0], [""38"", 0.36145804623585176, 65.0], [""1"", 0.9963703963971717, 70.0], [""7"", 0.65318425608476, 25.0], [""9"", 0.666585833104282, 10.0], [""9"", 0.7502624277200063, 23.0], [""7"", 0.9923927576892311, 48.5], ["":"", 0.8707867087336787, 108.0], [""8"", 0.9165243022046212, 146.5], [""3"", 0.44714531433078264, 44.5], [""2"", 0.18314438654124388, 17.0], ["":"", 0.5915592018129736, 36.0], [""5"", 0.3264162786507683, 33.0]]",,,ml/output/tracks/best_frames/25_12-20/track_0456_r1.jpg,ml/output/tracks/best_frames_hires/25_12-20/track_0456_r1.jpg,
25_12-20.mp4,452,21759,633,1593,848,1844,180,"8
₽","[[""8"", 0.9913720835558912, 70.75384615384615], [""₽"", 0.11647735678323912, 54.925254998708624]]",,,ml/output/tracks/best_frames/25_12-20/track_0452_r0.jpg,ml/output/tracks/best_frames_hires/25_12-20/track_0452_r0.jpg,8 2
25_12-20.mp4,455,21759,702,1967,891,2159,0,";
8","[["";"", 0.16730770290977048, 64.94731066042213], [""8"", 0.9999890327754315, 80.9259791634235]]",,,ml/output/tracks/best_frames/25_12-20/track_0455_r0.jpg,ml/output/tracks/best_frames_hires/25_12-20/track_0455_r0.jpg,
25_12-20.mp4,449,21759,2091,1738,2349,2009,270,"JXUbl
ErsWFROS
1г
T -
Г:дл:а 
(Порптявуа 7z
20%
2019""
Fл
6 -:
5 /.
 577-   72
2526
209-
120199","[[""JXUbl"", 0.15311094448737025, 53.0], [""ErsWFROS"", 0.3331018127615375, 16.0], [""1г"", 0.2207070533422715, 8.0], [""T -"", 0.3084392871198479, 8.0], [""Г:дл:а "", 0.11843593518430398, 8.0], [""(Порптявуа 7z"", 0.1469954164082859, 20.0], [""20%"", 0.9946447610855103, 26.0], [""2019\"""", 0.9970093073757801, 50.0], [""Fл"", 0.7602186884108703, 16.664100588675694], [""6 -:"", 0.285407692193985, 15.0], [""5 /."", 0.26810384483163474, 15.5], ["" 577-   72"", 0.2674416618862071, 19.5], [""2526"", 0.999673068523407, 16.0], [""209-"", 0.8571972250938416, 27.0], [""120199"", 0.6088010966040719, 48.0]]",,,ml/output/tracks/best_frames/25_12-20/track_0449_r0.jpg,ml/output/tracks/best_frames_hires/25_12-20/track_0449_r0.jpg,4 74 2 31
25_12-20.mp4,457,21759,2167,335,2430,839,270,"Пuun
пzпптнпг
тиктани
нTU
Еq
Кnccui Ксип Руйн
nJrnE
дот {ЮдП]
75L
2105-
шLT
27%/
99
1529'
#этыk
 L1=
Vмc
шаз Ww
76  6
.-:  :: 7  /6 
5:...6   14/9 0
751
0
21055
0 574
-279
1 : :
152999
5-37:
:71
0

50","[[""Пuun"", 0.8733338117599487, 14.0], [""пzпптнпг"", 0.22027373722102303, 8.0], [""тиктани"", 0.1570188754998756, 8.0], [""нTU"", 0.11155953824551297, 8.0], [""Еq"", 0.6254274934807926, 16.0], [""Кnccui Ксип Руйн"", 0.6674289448617756, 14.0], [""nJrnE"", 0.24785151556560597, 8.0], [""дот {ЮдП]"", 0.6054835731657635, 16.0], [""75L"", 0.9036843781124255, 16.0], [""2105-"", 0.5817682480362295, 18.0], [""шLT"", 0.07351127086840407, 6.0], [""27%/"", 0.951265275478363, 28.0], [""99"", 0.99999527955623, 20.0], [""1529'"", 0.8147127263343045, 54.0], [""#этыk"", 0.08000954121576198, 12.0], ["" L1="", 0.21117530763149261, 8.0], [""Vмc"", 0.06058706166196869, 14.5852479782092], [""шаз Ww"", 0.04668455679676832, 21.80163766803946], [""76  6"", 0.29734977064359025, 11.0], ["".-:  :: 7  /6 "", 0.2077194606248286, 14.0], [""5:...6   14/9 0"", 0.06775259180140364, 19.0], [""751"", 0.5778369903564453, 15.0], [""0"", 0.48810616256231754, 8.0], [""21055"", 0.40686066141524574, 19.0], [""0 574"", 0.13183129792666493, 9.0], [""-279"", 0.995087206363678, 25.0], [""1 : :"", 0.23801563546395635, 8.0], [""152999"", 0.677395435543738, 57.0], [""5-37:"", 0.09740826548175967, 10.0], ["":71"", 0.18295470234156552, 20.0], [""0"", 0.9897128440428702, 15.0], ["""", 0.0, 24.0], [""50"", 0.16892068414037648, 8.0]]",,,ml/output/tracks/best_frames/25_12-20/track_0457_r1.jpg,ml/output/tracks/best_frames_hires/25_12-20/track_0457_r1.jpg,2 8 3: 8 1 0 5 8 1 : 55 :
25_12-20.mp4,458,21759,568,942,788,1214,270,"7а4а
ппппенат
gizE
Ччпцоъ
Ta тато
Nanvn
'вpг
[ипчц,
##
'спаннн |
9; 75L
2671
249)
199999
ПШНПЛШШШ","[[""7а4а"", 0.09439634531736374, 6.0], [""ппппенат"", 0.14386299757568552, 8.0], [""gizE"", 0.10041622072458267, 20.0], [""Ччпцоъ"", 0.12147615555403224, 8.0], [""Ta тато"", 0.8451326570262734, 14.0], [""Nanvn"", 0.14166487360678195, 8.0], [""'вpг"", 0.5637357234954834, 18.0], [""[ипчц,"", 0.06896417727246236, 8.0], [""##"", 0.23697309686479254, 20.0], [""'спаннн |"", 0.19710477751973432, 12.0], [""9; 75L"", 0.3909831563503881, 14.0], [""2671"", 0.565714418888092, 12.0], [""249)"", 0.835651159286499, 24.0], [""199999"", 0.9946886413904197, 42.0], [""ПШНПЛШШШ"", 0.0458806445821155, 26.0]]",,,ml/output/tracks/best_frames/25_12-20/track_0458_r0.jpg,ml/output/tracks/best_frames_hires/25_12-20/track_0458_r0.jpg,
25_12-20.mp4,452,21912,637,1622,862,1891,0,"8
5
1
3
8
8
5
:","[[""8"", 0.9279778756786214, 104.94505452921408], [""5"", 0.6562857975394856, 34.91404880886694], [""1"", 0.7600073973885948, 73.95979797464463], [""3"", 0.9990401188355378, 17.0], [""8"", 0.2860232095305406, 45.966137845288614], [""8"", 0.9999392041863899, 100.98673778419538], [""5"", 0.6599916024361505, 33.961723362137946], ["":"", 0.4790392743592662, 71.99215438794869]]",,,ml/output/tracks/best_frames/25_12-20/track_0452_r1.jpg,ml/output/tracks/best_frames_hires/25_12-20/track_0452_r1.jpg,8 :
25_12-20.mp4,459,21912,2091,1837,2336,2061,0,";
g
{
[
5
1
1
 
7
2
2
5
3","[["";"", 0.9024789131919455, 24.0], [""g"", 0.8621175567293768, 155.0], [""{"", 0.7214589676846686, 97.0], [""["", 0.99962655216817, 73.0], [""5"", 0.28430868709381585, 31.897366596101037], [""1"", 0.9319880307715245, 100.98987437804499], [""1"", 0.6881558198456474, 48.95621185796966], ["" "", 0.2734859846300566, 8.5], [""7"", 0.6911515911480457, 30.0], [""2"", 0.11191289038472352, 27.0], [""2"", 0.8104664067093417, 91.5], [""5"", 0.7356872069966904, 29.5], [""3"", 0.2727001735266299, 113.48546651922885]]",,,ml/output/tracks/best_frames/25_12-20/track_0459_r2.jpg,ml/output/tracks/best_frames_hires/25_12-20/track_0459_r2.jpg,09 31
25_12-20.mp4,456,21912,2133,1188,2390,1445,270,"Ч
Dдnnas Та ny
I:нот
Jнгрнн
паппъйн
тугаппэ]
7SL
1ы
29J13
5%)
79939
1лънъ
ин_
ШПШIII
@NI
7/:57 0 751
23 2
28313
2280
598179999
25
30:
775","[[""Ч"", 0.11032867910785171, 26.0], [""Dдnnas Та ny"", 0.2963144669672175, 16.0], [""I:нот"", 0.06876601452148073, 8.0], [""Jнгрнн"", 0.06388333469348562, 8.0], [""паппъйн"", 0.7105322980584537, 12.0], [""тугаппэ]"", 0.31529703875183573, 14.0], [""7SL"", 0.938552457510219, 16.0], [""1ы"", 0.6244496414211976, 6.0], [""29J13"", 0.7551962981035785, 16.0], [""5%)"", 0.8655196137527179, 26.0], [""79939"", 0.7751639044487602, 54.0], [""1лънъ"", 0.19965288842674875, 6.0], [""ин_"", 0.038253353975798744, 8.0], [""ШПШIII"", 0.39482820058491763, 26.0], [""@NI"", 0.17710654437541962, 75.88715504224767], [""7/:57 0 751"", 0.43305958373264275, 14.0], [""23 2"", 0.28893157839775085, 10.0], [""28313"", 0.46259813284696727, 16.0], [""2280"", 0.10904182493686676, 10.0], [""598179999"", 0.7691049571884561, 51.5], [""25"", 0.0933050715878513, 10.0], [""30:"", 0.10678989091912731, 10.5], [""775"", 0.38571477882688543, 13.0]]",,,ml/output/tracks/best_frames/25_12-20/track_0456_r2.jpg,ml/output/tracks/best_frames_hires/25_12-20/track_0456_r2.jpg,2
25_12-20.mp4,454,21912,0,1633,89,1921,270,"$
9
6","[[""$"", 0.9933448072168893, 151.95692200464538], [""9"", 0.7876893440384833, 143.9657122563354], [""6"", 0.21230905791725618, 73.47307962383078]]",,,ml/output/tracks/best_frames/25_12-20/track_0454_r1.jpg,ml/output/tracks/best_frames_hires/25_12-20/track_0454_r1.jpg,
25_12-20.mp4,455,21912,707,1988,904,2159,0,=,"[[""="", 0.7710265981961726, 33.908959956070056]]",,,ml/output/tracks/best_frames/25_12-20/track_0455_r1.jpg,ml/output/tracks/best_frames_hires/25_12-20/track_0455_r1.jpg,
25_12-20.mp4,457,22066,2166,474,2431,996,180,"L3
E
#
% ;
g
Ё
шоzн
E
a
3
с
8F
If
$
₽
E
Il
;
+5
""
:
а
Е
:
2
2 7
6 :","[[""L3"", 0.27733290201139343, 67.0], [""E"", 0.3322871697616989, 39.0], [""#"", 0.37171129765321, 75.0], [""% ;"", 0.6511798869312283, 26.0], [""g"", 0.19492678344167658, 36.0], [""Ё"", 0.35543509578565136, 34.0], [""шоzн"", 0.4380451440811157, 14.0], [""E"", 0.16968320242449764, 44.0], [""a"", 0.30020716961098515, 54.0], [""3"", 0.7533580382251017, 50.0], [""с"", 0.34303517517572857, 36.0], [""8F"", 0.06633644532754993, 131.0], [""If"", 0.818772842827363, 76.0], [""$"", 0.3111012046383088, 72.0], [""₽"", 0.14878029749303323, 28.0], [""E"", 0.40318206832248293, 36.0], [""Il"", 0.9893321797944089, 72.0], ["";"", 0.2971513314794869, 24.0], [""+5"", 0.3257551841822776, 24.0], [""\"""", 0.9576573093272742, 32.0], ["":"", 0.9971647122676508, 39.934149074525294], [""а"", 0.5474086045641258, 62.94375423053782], [""Е"", 0.6368023478003728, 34.91404880886694], ["":"", 0.900482445874573, 33.0], [""2"", 0.48730512237307266, 32.0], [""2 7"", 0.2559696677939473, 35.0], [""6 :"", 0.8933276695690332, 26.0]]",,,ml/output/tracks/best_frames/25_12-20/track_0457_r0.jpg,ml/output/tracks/best_frames_hires/25_12-20/track_0457_r0.jpg,5 : 3 3 :
25_12-20.mp4,456,22066,2137,1260,2388,1512,90,"66
66
ilCBZ
""пi,
#аu
иши
03
fiuwD;
2
-1","[[""66"", 0.997303920312968, 24.0], [""66"", 0.9950538644769655, 48.0], [""ilCBZ"", 0.4897692648538028, 20.0], [""\""пi,"", 0.08598614484071732, 8.0], [""#аu"", 0.18834542263896759, 8.0], [""иши"", 0.21553017540694153, 8.0], [""03"", 0.1818061883570206, 55.0], [""fiuwD;"", 0.20663638047502553, 72.87635528464466], [""2"", 0.7887992642538713, 46.0], [""-1"", 0.34608561491838885, 69.96991769109081]]",,,ml/output/tracks/best_frames/25_12-20/track_0456_r0.jpg,ml/output/tracks/best_frames_hires/25_12-20/track_0456_r0.jpg,82
25_12-20.mp4,454,22066,0,1667,113,1956,180,"рни
эээш
-80
0591","[[""рни"", 0.9895072462932183, 107.93542090668939], [""эээш"", 0.6463193297386169, 128.94736823473954], [""-80"", 0.45309609029759246, 102.98379062512767], [""0591"", 0.1513272523880005, 127.98533752655385]]",,,ml/output/tracks/best_frames/25_12-20/track_0454_r0.jpg,ml/output/tracks/best_frames_hires/25_12-20/track_0454_r0.jpg,
25_12-20.mp4,452,22066,649,1732,871,1995,0,"8
8
1
8
8
5
1","[[""8"", 0.9542553173250923, 101.9551113054329], [""8"", 0.8836053742490471, 34.91404880886694], [""1"", 0.7917037545445602, 74.96090602042332], [""8"", 0.9315872360042619, 20.0], [""8"", 0.9999988079074598, 90.46213202342582], [""5"", 0.8134351022607831, 36.968077406094565], [""1"", 0.5596814980077056, 74.48997793574492]]",,,ml/output/tracks/best_frames/25_12-20/track_0452_r2.jpg,ml/output/tracks/best_frames_hires/25_12-20/track_0452_r2.jpg,
25_12-20.mp4,444,22066,581,1215,788,1466,0,,[],,,ml/output/tracks/best_frames/25_12-20/track_0444_r1.jpg,ml/output/tracks/best_frames_hires/25_12-20/track_0444_r1.jpg,
25_12-20.mp4,455,22066,716,2032,899,2159,0,,[],,,ml/output/tracks/best_frames/25_12-20/track_0455_r2.jpg,ml/output/tracks/best_frames_hires/25_12-20/track_0455_r2.jpg,
25_12-20.mp4,459,22066,2092,1878,2346,2109,0,"1
I
8
₽
!
2
1
{
5
8
5
3","[[""1"", 0.6536497803797516, 69.0], [""I"", 0.996062942848571, 109.0], [""8"", 0.5304488106085046, 156.0], [""₽"", 0.6609148624119285, 32.0], [""!"", 0.9073533078997151, 28.0], [""2"", 0.8776890605767029, 96.94997449693597], [""1"", 0.9323435594082099, 76.98245580136528], [""{"", 0.16444897778403433, 50.912423715939326], [""5"", 0.3811807611493947, 112.9416111755578], [""8"", 0.29292238894618094, 55.5], [""5"", 0.9234368487970102, 28.0], [""3"", 0.8670805412907931, 124.9845281031545]]",,,ml/output/tracks/best_frames/25_12-20/track_0459_r0.jpg,ml/output/tracks/best_frames_hires/25_12-20/track_0459_r0.jpg,10 .
25_12-20.mp4,459,22219,2097,1883,2343,2154,0,"8
Ill
;
5
€
5
1
1
8
5
3","[[""8"", 0.1353160603886403, 152.0], [""Ill"", 0.20294193923473358, 105.0], ["";"", 0.8369172536701832, 30.0], [""5"", 0.24502642092910776, 52.0], [""€"", 0.23464307529423767, 79.923938185422], [""5"", 0.352172585500373, 31.897366596101023], [""1"", 0.9429966079623888, 102.99026852925964], [""1"", 0.9955718771011881, 74.98149479085589], [""8"", 0.8827190010868016, 58.5], [""5"", 0.9105923381053458, 29.0], [""3"", 0.35615056830080505, 124.9845281031545]]",,,ml/output/tracks/best_frames/25_12-20/track_0459_r1.jpg,ml/output/tracks/best_frames_hires/25_12-20/track_0459_r1.jpg,35
25_12-20.mp4,457,22219,2165,549,2434,1089,180,"ё
1
#
2
1
|
1
[
')'
Iaa
=
'
2
1
&
₽
=
'
2
8
а
&
d
g
Il
;
Ё
Е
:
Е
0
8
1
48
55
3
:
.
4
1
2
:","[[""ё"", 0.30603440182361297, 27.0], [""1"", 0.9830581062434618, 69.0], [""#"", 0.30582096852187135, 24.0], [""2"", 0.25396422057264445, 162.0], [""1"", 0.9600020554864308, 93.0], [""|"", 0.28560283952039356, 100.0], [""1"", 0.29950106042599955, 30.0], [""["", 0.4851760232249127, 87.0], [""')'"", 0.20836986601352692, 58.0], [""Iaa"", 0.1580511545428388, 8.0], [""="", 0.7768121453803047, 26.0], [""'"", 0.697844736805564, 26.0], [""2"", 0.2837575444425653, 50.0], [""1"", 0.9796702473721695, 75.0], [""&"", 0.433129356658867, 123.0], [""₽"", 0.459223221449534, 36.0], [""="", 0.9019440112752797, 34.0], [""'"", 0.10684319444004586, 68.0], [""2"", 0.5283272600041187, 34.0], [""8"", 0.34394644094826177, 58.0], [""а"", 0.9401867350536719, 24.0], [""&"", 0.07477385235967748, 77.0], [""d"", 0.19932906735964284, 44.0], [""g"", 0.8220693570646951, 34.0], [""Il"", 0.7318901172145542, 70.0], ["";"", 0.943458090830692, 26.0], [""Ё"", 0.12846866671226564, 36.0], [""Е"", 0.21342454299542712, 158.96682459792174], ["":"", 0.9518735237839451, 39.934149074525294], [""Е"", 0.539687262926325, 34.91404880886694], [""0"", 0.467939602241362, 9.5], [""8"", 0.9669301746153138, 24.0], [""1"", 0.9637475352185767, 70.0], [""48"", 0.21442142244544965, 56.0], [""55"", 0.19804544725381712, 113.0], [""3"", 0.8251107508477986, 31.0], ["":"", 0.24946095825143377, 36.0], [""."", 0.8676729614151988, 68.5], [""4"", 0.4630040400639359, 25.0], [""1"", 0.6550160884416734, 50.0], [""2"", 0.8745025635937829, 27.0], ["":"", 0.8205779244783571, 29.467739820199824]]",,,ml/output/tracks/best_frames/25_12-20/track_0457_r2.jpg,ml/output/tracks/best_frames_hires/25_12-20/track_0457_r2.jpg,5 2 8 : 1 6 3 1 8 2 2 4
25_12-20.mp4,458,22219,575,1092,793,1349,270,Il,"[[""Il"", 0.839483959019528, 22.0]]",,,ml/output/tracks/best_frames/25_12-20/track_0458_r2.jpg,ml/output/tracks/best_frames_hires/25_12-20/track_0458_r2.jpg,
25_12-20.mp4,447,22219,2152,333,2456,873,0,"8*2
#
I
:
2
1
g
;
сяg
Ё
япhz
₽
5
1
:
<я
4
2
5
4
3
9
4
5
2
2
3
1
6
2
8
1
4
:
8
5
:","[[""8*2"", 0.06710473190004322, 96.0], [""#"", 0.9966025647786978, 26.0], [""I"", 0.9442842023318576, 66.0], ["":"", 0.06862455606460571, 56.0], [""2"", 0.8505644719935503, 34.0], [""1"", 0.4220689466900609, 113.0], [""g"", 0.9571580774348973, 206.0], ["";"", 0.968047619153424, 36.0], [""сяg"", 0.11949501931667328, 36.0], [""Ё"", 0.16349816140622497, 50.0], [""япhz"", 0.03340061753988266, 19.0], [""₽"", 0.8132155701833312, 34.91404880886694], [""5"", 0.11555035709354033, 83.96911150685469], [""1"", 0.9674929201646734, 70.97932119800066], ["":"", 0.5546507321899732, 34.91404880886694], [""<я"", 0.11708714573587148, 38.84609579056337], [""4"", 0.542391724770269, 73.0], [""2"", 0.5102240311373407, 17.0], [""5"", 0.2375621544594333, 26.0], [""4"", 0.833785688061969, 13.0], [""3"", 0.9091711778087443, 67.5], [""9"", 0.18363651150161786, 25.0], [""4"", 0.35973335913724114, 69.0], [""5"", 0.9648877301120287, 24.5], [""2"", 0.3680535057519627, 28.0], [""2"", 0.599788595955161, 24.0], [""3"", 0.9998772182008366, 57.0], [""1"", 0.9999111910511296, 68.5], [""6"", 0.9946660787027781, 12.0], [""2"", 0.2431967713911911, 36.0], [""8"", 0.994548736807932, 121.0], [""1"", 0.4505832649360997, 32.0], [""4"", 0.41379017844178634, 57.0], ["":"", 0.8490868338822253, 15.0], [""8"", 0.9929010941561955, 28.0], [""5"", 0.3125321971347148, 41.5], ["":"", 0.9975523447360537, 44.47846037620445]]",,,ml/output/tracks/best_frames/25_12-20/track_0447_r2.jpg,ml/output/tracks/best_frames_hires/25_12-20/track_0447_r2.jpg,9 6 8  4 : 5 :
25_12-20.mp4,458,22372,575,1160,798,1420,0,,[],,,ml/output/tracks/best_frames/25_12-20/track_0458_r1.jpg,ml/output/tracks/best_frames_hires/25_12-20/track_0458_r1.jpg,
25_12-20.mp4,468,22372,2098,1951,2341,2159,270,"JOlJ
DFROS Ffx
Чaai Бааи
мiz
альн
(Портляе) а 72
20%
2019'
99
@uby
сn =
сзд
7:5  :
55 .97. 
/.0:   2 72
9
2526
-209
220199
324:","[[""JOlJ"", 0.2605296958179898, 39.0], [""DFROS Ffx"", 0.3368490477273782, 16.0], [""Чaai Бааи"", 0.06569988306364777, 17.0], [""мiz"", 0.17732364755683303, 8.0], [""альн"", 0.512077808380127, 14.0], [""(Портляе) а 72"", 0.37988897932688337, 18.0], [""20%"", 0.6347992420196533, 26.0], [""2019'"", 0.8055800593817789, 48.0], [""99"", 0.4818277796505756, 18.0], [""@uby"", 0.31860485672950745, 83.85929291125632], [""сn ="", 0.048527285189513256, 16.664100588675694], [""сзд"", 0.021975047365032016, 23.57770876399968], [""7:5  :"", 0.11519592982024542, 15.0], [""55 .97. "", 0.10029410968942881, 18.0], [""/.0:   2 72"", 0.23507263839320935, 19.5], [""9"", 0.9042476857544557, 14.0], [""2526"", 0.9990130066871643, 16.0], [""-209"", 0.766685962677002, 26.5], [""220199"", 0.38022263395574657, 48.0], [""324:"", 0.4670731723308563, 7.0]]",,,ml/output/tracks/best_frames/25_12-20/track_0468_r0.jpg,ml/output/tracks/best_frames_hires/25_12-20/track_0468_r0.jpg,38
25_12-20.mp4,447,22372,2150,420,2457,977,270,"шuc!
N 11
1
Пчна ~Птппгьос
Пнос кVw
Пчно DhR
Кnaccv
Льил
yа -
крешн:но
пъn]в
лос {Юдп]
uъm- папт
T5L
[Партyгаг
21057
279/
Liu
52999
36%
тэтэрныъ
згэтгэ,
1т 
=а ;
{ШШШЮШЩ
тгIйF+
ауг|
АJut
06:2 61
99 0 042
:0::: 4   9/  /6-
7--
2.../7  04/9 0
.- 7.01
75.
1:
//:9- :
21057
0 35 2
-279/
1 .3
1152999
-369
5279
51 .5 
3-6
:
62   
5.53:
359: 3
0
6:6
56 .42
27 1","[[""шuc!"", 0.1366618126630783, 16.0], [""N 11"", 0.1395035833120346, 8.0], [""1"", 0.6265053249638051, 87.0], [""Пчна ~Птппгьос"", 0.2233991526662122, 12.0], [""Пнос кVw"", 0.6676653448681518, 14.0], [""Пчно DhR"", 0.2644109960234064, 14.0], [""Кnaccv"", 0.5232422026581163, 14.0], [""Льил"", 0.19370771944522858, 8.0], [""yа -"", 0.40201972228197735, 14.0], [""крешн:но"", 0.19789232119005176, 8.0], [""пъn]в"", 0.03562785631850235, 6.0], [""лос {Юдп]"", 0.6764570433893871, 16.0], [""uъm- папт"", 0.2939527845123319, 12.0], [""T5L"", 0.9689561942151763, 14.0], [""[Партyгаг"", 0.38954369066307454, 18.0], [""21057"", 0.9855098598450268, 16.0], [""279/"", 0.5324116349220276, 26.0], [""Liu"", 0.2527825132475683, 6.0], [""52999"", 0.9948862052727163, 60.0], [""36%"", 0.9955752824392704, 26.0], [""тэтэрныъ"", 0.13034501496231812, 6.0], [""згэтгэ,"", 0.07969376419202825, 12.0], [""1т "", 0.04491203982371802, 6.0], [""=а ;"", 0.11331580182801398, 8.0], [""{ШШШЮШЩ"", 0.19755984888633787, 36.0], [""тгIйF+"", 0.023164696858528604, 8.0], [""ауг|"", 0.055522188825316864, 8.0], [""АJut"", 0.06572739779949188, 17.695996608010176], [""06:2 61"", 0.16860471159201812, 12.0], [""99 0 042"", 0.30481118897677534, 14.0], ["":0::: 4   9/  /6-"", 0.16006681966359645, 18.5], [""7--"", 0.16662958877789824, 12.0], [""2.../7  04/9 0"", 0.04727003997995519, 19.0], ["".- 7.01"", 0.2288808314968633, 14.0], [""75."", 0.8726848089634273, 14.0], [""1:"", 0.28026920847718106, 8.0], [""//:9- :"", 0.25103826405380414, 22.0], [""21057"", 0.5184252126309945, 18.0], [""0 35 2"", 0.3419426795946071, 9.0], [""-279/"", 0.935538530793643, 25.0], [""1 .3"", 0.5640521049499512, 8.0], [""1152999"", 0.6212013392311583, 57.5], [""-369"", 0.8372863703270269, 26.0], [""5279"", 0.3317481279373169, 12.0], [""51 .5 "", 0.4252872341934619, 9.0], [""3-6"", 0.10645625981765036, 10.0], ["":"", 0.3491671115210835, 20.5], [""62   "", 0.38784891403508426, 12.5], [""5.53:"", 0.10390620422677158, 8.0], [""359: 3"", 0.14787542605980084, 8.0], [""0"", 0.9635357252231849, 14.0], [""6:6"", 0.21989068731269457, 9.0], [""56 .42"", 0.06956499837709182, 10.0], [""27 1"", 0.21911385655403137, 8.0]]",,,ml/output/tracks/best_frames/25_12-20/track_0447_r1.jpg,ml/output/tracks/best_frames_hires/25_12-20/track_0447_r1.jpg,5 : 8 3 : 1 2 :
25_12-20.mp4,465,22372,2144,1208,2404,1481,90,"Шlllllll
ШШl:
66 |
662[(
0гэмг =
ICBZ
агкъ
Z5L
[кшЕ
нvлud
#аыu-t1
Ашяс_ SOuut
9
fiuwD
futr
-. 0
 ","[[""Шlllllll"", 0.34492380928795985, 26.0], [""ШШl:"", 0.22855030000209808, 18.0], [""66 |"", 0.42364561557769775, 24.0], [""662[("", 0.41109521134747923, 52.0], [""0гэмг ="", 0.04396078882768702, 8.0], [""ICBZ"", 0.2836090922355652, 16.0], [""агкъ"", 0.14649111032485962, 8.0], [""Z5L"", 0.513266546654848, 16.0], [""[кшЕ"", 0.07772798091173172, 12.0], [""нvлud"", 0.32731315215440204, 12.0], [""#аыu-t1"", 0.08289334458774741, 8.0], [""Ашяс_ SOuut"", 0.23941248939968496, 16.0], [""9"", 0.9903875247409957, 56.0], [""fiuwD"", 0.7966754669692162, 73.88012033751102], [""futr"", 0.7182327508926392, 58.79804058780405], [""-. 0"", 0.5514109134674072, 81.97597420967679], ["" "", 0.4312631297274869, 60.45788071230663]]",,,ml/output/tracks/best_frames/25_12-20/track_0465_r1.jpg,ml/output/tracks/best_frames_hires/25_12-20/track_0465_r1.jpg,2
25_12-20.mp4,465,22525,2138,1302,2397,1567,90,"66
6
тотх
IEnZ
а*па
iuoD
fiuwD
 6
-1.","[[""66"", 0.9941820451863562, 20.0], [""6"", 0.9540457174356476, 32.0], [""тотх"", 0.07718295603990555, 8.0], [""IEnZ"", 0.4966300129890442, 18.0], [""а*па"", 0.1515929102897644, 12.0], [""iuoD"", 0.3833160102367401, 54.0], [""fiuwD"", 0.92438601016661, 72.87635528464466], ["" 6"", 0.5992866504647997, 49.5], [""-1."", 0.29202132152374616, 70.47040244549515]]",,,ml/output/tracks/best_frames/25_12-20/track_0465_r0.jpg,ml/output/tracks/best_frames_hires/25_12-20/track_0465_r0.jpg,5
25_12-20.mp4,468,22525,2099,1931,2358,2143,0,";
8
Il
;
ё
₽
1
J0
3
8
3","[["";"", 0.9473891982952551, 26.0], [""8"", 0.35956006624121883, 154.0], [""Il"", 0.29852110147476196, 111.0], ["";"", 0.9094497960263404, 30.0], [""ё"", 0.3109538122044029, 85.93505331748679], [""₽"", 0.9366121918012595, 32.903417235521104], [""1"", 0.8305569971518914, 48.95621185796967], [""J0"", 0.09729196173430477, 50.85712236110372], [""3"", 0.5960616983139211, 118.94793449931396], [""8"", 0.4752815883279915, 22.0], [""3"", 0.5960667602810332, 123.9842433621084]]",,,ml/output/tracks/best_frames/25_12-20/track_0468_r1.jpg,ml/output/tracks/best_frames_hires/25_12-20/track_0468_r1.jpg,3
25_12-20.mp4,470,22679,2182,0,2438,302,0,,[],,,ml/output/tracks/best_frames/25_12-20/track_0470_r2.jpg,ml/output/tracks/best_frames_hires/25_12-20/track_0470_r2.jpg,
25_12-20.mp4,464,22679,2162,800,2432,1352,180,"i
1
#
3
Il
i
""у;
шога
:
;
g
1
&
8
=
1
#
2
а
'
'
:
;
!
68
₽
2
:
6
1
i
:
2
5 1
2
5
8
2
1
4
9
5
.
7
4
55
2:
1
:
:","[[""i"", 0.48162244011314215, 60.0], [""1"", 0.9379315571723055, 69.0], [""#"", 0.7142506047805206, 24.0], [""3"", 0.8583922408433864, 201.0], [""Il"", 0.6754676361250823, 106.0], [""i"", 0.23650333439526605, 99.0], [""\""у;"", 0.4806506921508499, 32.0], [""шога"", 0.39039834365268683, 14.0], ["":"", 0.24266523611240487, 44.0], ["";"", 0.49152790974605765, 24.0], [""g"", 0.8659766220566247, 50.0], [""1"", 0.9999126214995933, 68.0], [""&"", 0.15928140919712153, 36.0], [""8"", 0.9781654923768315, 120.0], [""="", 0.3640109202756072, 34.0], [""1"", 0.22210049246041663, 68.0], [""#"", 0.9561207214758873, 46.0], [""2"", 0.3360828347453868, 58.0], [""а"", 0.691386887085347, 24.0], [""'"", 0.6114883048269348, 28.0], [""'"", 0.11092123891609518, 34.0], ["":"", 0.4808488937758426, 60.0], ["";"", 0.9906978981035905, 26.0], [""!"", 0.11265123764278773, 28.0], [""68"", 0.6373984018154735, 149.95563188175646], [""₽"", 0.5523849633764257, 161.96260104277508], [""2"", 0.19108415173527593, 34.91404880886694], ["":"", 0.9997998576180898, 46.95237412036795], [""6"", 0.3110923614372183, 95.93307380301258], [""1"", 0.11103001061661644, 62.97365533021116], [""i"", 0.18243943759316128, 54.965323307496874], ["":"", 0.9489180598857025, 16.5], [""2"", 0.3847081235113734, 28.0], [""5 1"", 0.1829739740823513, 55.0], [""2"", 0.35717881531553886, 35.0], [""5"", 0.20134504544977805, 13.0], [""8"", 0.9698676311138712, 122.0], [""2"", 0.9402986287028767, 29.0], [""1"", 0.999832875559278, 70.5], [""4"", 0.5705281306154895, 56.0], [""9"", 0.8725435376277915, 29.0], [""5"", 0.5227481195014185, 36.0], [""."", 0.7859909991799476, 70.5], [""7"", 0.2627008388487049, 25.0], [""4"", 0.6048376042841141, 94.0], [""55"", 0.6413541036290693, 20.0], [""2:"", 0.40436298551405164, 57.0], [""1"", 0.8468994434681463, 66.5], ["":"", 0.16525168482562336, 40.9837633293717], ["":"", 0.33402337861048537, 30.46991404929264]]",,,ml/output/tracks/best_frames/25_12-20/track_0464_r2.jpg,ml/output/tracks/best_frames_hires/25_12-20/track_0464_r2.jpg,8 2
25_12-20.mp4,472,22679,2162,865,2303,1113,270,"Пччо DдRnas
кршлннос
4нТй
uъu паппъ;
(Партугапиэ]
21057
2939
36%
ЕT Lu u
21057
0 55- 0
2999
-369
:11.","[[""Пччо DдRnas"", 0.7033267185434097, 15.0], [""кршлннос"", 0.19928725822445525, 8.0], [""4нТй"", 0.04706272855401039, 6.0], [""uъu паппъ;"", 0.589171413046639, 12.0], [""(Партугапиэ]"", 0.5683241857232425, 18.0], [""21057"", 0.9725327961220642, 18.0], [""2939"", 0.6632219582860743, 57.0], [""36%"", 0.9864838884341062, 26.0], [""ЕT Lu u"", 0.31410631551854507, 8.0], [""21057"", 0.9043595601741854, 19.0], [""0 55- 0"", 0.14243546661295603, 10.0], [""2999"", 0.9998664259910583, 52.0], [""-369"", 0.6974893549870962, 27.0], ["":11."", 0.1661679446697235, 10.0]]",,,ml/output/tracks/best_frames/25_12-20/track_0472_r1.jpg,ml/output/tracks/best_frames_hires/25_12-20/track_0472_r1.jpg,5 : 3 : 6 : 21
25_12-20.mp4,468,22832,2098,1936,2364,2146,180,"Il
[
5
@
&
3
7
1
2
1
8
9
3
1","[[""Il"", 0.6154183669847838, 109.0], [""["", 0.7481742842685435, 68.0], [""5"", 0.5083104386086603, 35.0], [""@"", 0.7631027197688276, 156.0], [""&"", 0.15659837933255005, 125.93429130348325], [""3"", 0.9858375361351115, 87.91881664685852], [""7"", 0.13367080539069676, 41.0], [""1"", 0.9973268515740905, 109.0], [""2"", 0.32801003171654486, 44.0], [""1"", 0.9975729427947613, 99.5], [""8"", 0.6881848938874668, 97.5], [""9"", 0.10084400483354816, 12.0], [""3"", 0.6957667732092574, 100.4788273475117], [""1"", 0.946973040542165, 28.46532330749693]]",,,ml/output/tracks/best_frames/25_12-20/track_0468_r2.jpg,ml/output/tracks/best_frames_hires/25_12-20/track_0468_r2.jpg,38
25_12-20.mp4,472,22832,2173,704,2304,1006,270,"Пин
nтпncrar
Пнц
нг-
кV
КпасЕнд
Кtенг
Рyа -
ишлu[u
[ЮАП]
T5L
21057
шFта_
27%
Iu
52999
15394 
21057
0 2-2 0
-279
51. 3
1152999","[[""Пин"", 0.21855234101608836, 8.0], [""nтпncrar"", 0.24038375050933028, 14.0], [""Пнц"", 0.17674576070551226, 8.0], [""нг-"", 0.3108583092689514, 8.0], [""кV"", 0.4428094058420507, 14.0], [""КпасЕнд"", 0.5706664343674661, 14.0], [""Кtенг"", 0.25704120266989483, 8.0], [""Рyа -"", 0.3497801533728614, 14.0], [""ишлu[u"", 0.07197456147209684, 8.0], [""[ЮАП]"", 0.38519003044811895, 16.0], [""T5L"", 0.9687925336736369, 14.0], [""21057"", 0.9772498531112611, 18.0], [""шFта_"", 0.0896159070764468, 8.0], [""27%"", 0.8357871702878287, 26.0], [""Iu"", 0.13391036939205392, 6.0], [""52999"", 0.8015896426991769, 54.0], [""15394 "", 0.245710370585915, 10.0], [""21057"", 0.6515095764949307, 18.0], [""0 2-2 0"", 0.3052606445108311, 12.0], [""-279"", 0.5340398552396804, 25.0], [""51. 3"", 0.24503628892942217, 8.0], [""1152999"", 0.9783278148891886, 50.5]]",,,ml/output/tracks/best_frames/25_12-20/track_0472_r0.jpg,ml/output/tracks/best_frames_hires/25_12-20/track_0472_r0.jpg,1: 6 9
25_12-20.mp4,465,22832,2136,1446,2393,1718,180,"0
6
6
20
3","[[""0"", 0.9980756966014184, 34.0], [""6"", 0.9677027019988635, 154.95875431373565], [""6"", 0.7980614522780485, 95.93307380301258], [""20"", 0.49829674934277873, 28.5], [""3"", 0.44046230391814234, 85.9836139273292]]",,,ml/output/tracks/best_frames/25_12-20/track_0465_r2.jpg,ml/output/tracks/best_frames_hires/25_12-20/track_0465_r2.jpg,
25_12-20.mp4,470,22985,2193,1,2452,348,90,"Ino
18","[[""Ino"", 0.584557023047494, 67.0], [""18"", 0.4637300729640117, 59.5]]",,,ml/output/tracks/best_frames/25_12-20/track_0470_r1.jpg,ml/output/tracks/best_frames_hires/25_12-20/track_0470_r1.jpg,
25_12-20.mp4,479,22985,606,1575,832,1850,0,"8
8
3
8
8","[[""8"", 0.9999221578488324, 117.96714565174159], [""8"", 0.9527711474447642, 29.883483823189636], [""3"", 0.9999904632795733, 17.0], [""8"", 0.9999831915608048, 115.99144036903681], [""8"", 0.9224101495846959, 33.961723362137946]]",,,ml/output/tracks/best_frames/25_12-20/track_0479_r0.jpg,ml/output/tracks/best_frames_hires/25_12-20/track_0479_r0.jpg,2 2 8
25_12-20.mp4,481,23138,2191,116,2304,386,0,,[],,,ml/output/tracks/best_frames/25_12-20/track_0481_r0.jpg,ml/output/tracks/best_frames_hires/25_12-20/track_0481_r0.jpg,
25_12-20.mp4,478,23138,2125,1761,2375,1996,180,"j
1
!
!
Iе
&
6","[[""j"", 0.2743283679919841, 24.0], [""1"", 0.24832467717907836, 99.0], [""!"", 0.2768514979329808, 26.0], [""!"", 0.892223191408803, 52.0], [""Iе"", 0.12868217685798894, 173.0], [""&"", 0.7108087846926345, 125.94452787440247], [""6"", 0.5311067811019257, 30.5]]",,,ml/output/tracks/best_frames/25_12-20/track_0478_r0.jpg,ml/output/tracks/best_frames_hires/25_12-20/track_0478_r0.jpg,2 5 3
25_12-20.mp4,479,23138,629,1669,849,1910,90,"ш
6661(
ajo
666 1 6
5
2","[[""ш"", 0.33473297789052836, 23.572768345693078], [""6661("", 0.9636168241530916, 65.0797206054124], [""ajo"", 0.4799012243747711, 18.15603468156064], [""666 1 6"", 0.25578729045819315, 65.28075013340654], [""5"", 0.5252910483004634, 27.11156039545807], [""2"", 0.2117572524773772, 21.440055754905472]]",,,ml/output/tracks/best_frames/25_12-20/track_0479_r1.jpg,ml/output/tracks/best_frames_hires/25_12-20/track_0479_r1.jpg,8 2
25_12-20.mp4,464,23138,2156,1044,2427,1565,180,"'
2
&
1
1
;
8
Ill
$
ю
g
5
шuma
6
68
@
1
1
1
7
6
8
9
.
1
3
5 
3
50","[[""'"", 0.8202679241286468, 32.0], [""2"", 0.4688359818288177, 50.0], [""&"", 0.5685592471565002, 26.0], [""1"", 0.9370863039607435, 56.0], [""1"", 0.32358908007310916, 67.0], ["";"", 0.464923264780964, 26.0], [""8"", 0.27550926767972683, 92.0], [""Ill"", 0.43653176673690486, 106.0], [""$"", 0.4107267014851459, 65.0], [""ю"", 0.7333279804108237, 18.0], [""g"", 0.3897906084945113, 36.0], [""5"", 0.7756853908887393, 30.0], [""шuma"", 0.17657282948493958, 8.0], [""6"", 0.8053549342533337, 155.95933919729174], [""68"", 0.389286146886637, 146.95358542089218], [""@"", 0.07469119152830572, 113.95409029100279], [""1"", 0.2117038254750847, 46.5], [""1"", 0.9812331933142424, 15.0], [""1"", 0.9951964029553437, 70.0], [""7"", 0.8430426707832908, 25.0], [""6"", 0.7599504476897359, 12.0], [""8"", 0.9979009925615436, 125.0], [""9"", 0.834956368989026, 23.0], [""."", 0.21654277490233653, 105.0], [""1"", 0.8259446436590601, 89.5], [""3"", 0.7403998966795058, 63.5], [""5 "", 0.2799252014742987, 20.0], [""3"", 0.42817210580602705, 108.48714123529425], [""50"", 0.6215229561307122, 72.96865392576336]]",,,ml/output/tracks/best_frames/25_12-20/track_0464_r1.jpg,ml/output/tracks/best_frames_hires/25_12-20/track_0464_r1.jpg,85 2
25_12-20.mp4,478,23291,2126,1813,2367,2020,180,"1
[
!
'
I1е
!
$
95","[[""1"", 0.578020804154221, 105.0], [""["", 0.6317543884327428, 50.0], [""!"", 0.7987242002541848, 26.0], [""'"", 0.9388664769730894, 46.0], [""I1е"", 0.10479347980709063, 173.0], [""!"", 0.8053653113746719, 46.95237412036789], [""$"", 0.9951044778866027, 117.93572640740393], [""95"", 0.7742629100851856, 51.5]]",,,ml/output/tracks/best_frames/25_12-20/track_0478_r1.jpg,ml/output/tracks/best_frames_hires/25_12-20/track_0478_r1.jpg,2: 8
25_12-20.mp4,485,23291,642,1702,865,1945,270,'1999',"[[""'1999'"", 0.8726123438891776, 64.02868051240085]]",,,ml/output/tracks/best_frames/25_12-20/track_0485_r0.jpg,ml/output/tracks/best_frames_hires/25_12-20/track_0485_r0.jpg,8 5
25_12-20.mp4,479,23291,618,1573,837,1837,90,"'Ve
. 7","[[""'Ve"", 0.17271411773295794, 38.0], ["". 7"", 0.20891453794134532, 40.5]]",,,ml/output/tracks/best_frames/25_12-20/track_0479_r2.jpg,ml/output/tracks/best_frames_hires/25_12-20/track_0479_r2.jpg,
25_12-20.mp4,477,23291,2164,973,2304,1270,180,"&
2
0
F
'
#
M
8
Il
%
5","[[""&"", 0.8424180184410943, 26.0], [""2"", 0.5095146281486365, 48.0], [""0"", 0.8666678763980009, 30.0], [""F"", 0.4555187263477478, 42.0], [""'"", 0.984177851284759, 60.0], [""#"", 0.2649357199964051, 24.0], [""M"", 0.07319222969798833, 26.0], [""8"", 0.6045168680657298, 58.0], [""Il"", 0.7985969745837065, 102.0], [""%"", 0.7407720870402414, 30.0], [""5"", 0.5545394064379003, 30.0]]",,,ml/output/tracks/best_frames/25_12-20/track_0477_r2.jpg,ml/output/tracks/best_frames_hires/25_12-20/track_0477_r2.jpg,7 8 2 8 5 8 958
25_12-20.mp4,483,23291,2145,1101,2422,1633,180,"F
й
2
81
'
€
8
1
'
i
%
t
6
₽
[

1
4
7
8
4
9
9
:
3
6 6
2
5
3
8","[[""F"", 0.525650617196348, 45.0], [""й"", 0.5723625124575769, 24.0], [""2"", 0.3766907950421228, 50.0], [""81"", 0.3364052435382979, 127.0], [""'"", 0.5573527790178936, 60.0], [""€"", 0.929436868764256, 30.0], [""8"", 0.7615694607971477, 60.0], [""1"", 0.07489023827397379, 66.0], [""'"", 0.1940210496798187, 30.0], [""i"", 0.703177450659723, 101.0], [""%"", 0.7213583238547159, 30.0], [""t"", 0.22622345770123875, 153.95815673572628], [""6"", 0.9079770477030458, 143.9513942615879], [""₽"", 0.39593139625921836, 151.96950439796888], [""["", 0.3947433778033407, 62.97365533021116], ["""", 0.0, 10.0], [""1"", 0.7170742265010546, 45.5], [""4"", 0.5258818397678375, 25.0], [""7"", 0.4203516944475183, 51.0], [""8"", 0.8079691900310451, 148.0], [""4"", 0.13512741111654591, 62.0], [""9"", 0.9984169316111071, 12.0], [""9"", 0.9554545546252236, 25.0], ["":"", 0.326424519730498, 107.0], [""3"", 0.931079203256914, 67.5], [""6 6"", 0.35428371898604516, 15.0], [""2"", 0.9291571587964995, 27.0], [""5"", 0.9987665644287205, 31.0], [""3"", 0.3825134146655138, 109.98752338877846], [""8"", 0.818408397040912, 38.48149479085589]]",,,ml/output/tracks/best_frames/25_12-20/track_0483_r0.jpg,ml/output/tracks/best_frames_hires/25_12-20/track_0483_r0.jpg,2
25_12-20.mp4,464,23291,2146,898,2457,1414,180,"1
81
F
#
+
а
8
|
i
$
ё
5
B
2
8F
&
I
8
€
=
6
!
[
2
5:
1
1
3
4
1
2
8
:
1","[[""1"", 0.6600970713646213, 56.0], [""81"", 0.5947658415796038, 127.0], [""F"", 0.5822711663061888, 45.0], [""#"", 0.5482824804654598, 26.0], [""+"", 0.5034012663046816, 28.0], [""а"", 0.3277103784876658, 22.0], [""8"", 0.695099521448256, 60.0], [""|"", 0.49564310223818, 100.0], [""i"", 0.20950351658675093, 100.0], [""$"", 0.9170193306381726, 58.0], [""ё"", 0.18810258806121283, 22.0], [""5"", 0.8957349868021289, 30.0], [""B"", 0.44981971937664866, 32.0], [""2"", 0.24864675445002948, 52.0], [""8F"", 0.06498699380887905, 131.0], [""&"", 0.17068414157574896, 34.0], [""I"", 0.2977056987948714, 50.0], [""8"", 0.8403536528919666, 58.0], [""€"", 0.7660619047538262, 40.0], [""="", 0.4243056916804768, 24.0], [""6"", 0.2534517962084273, 142.95062935650407], [""!"", 0.25428945246833123, 62.973655330211045], [""["", 0.20544825191160498, 168.9606574105585], [""2"", 0.6380267689691124, 11.0], [""5:"", 0.16553111768946732, 8.5], [""1"", 0.9562467318983323, 28.0], [""1"", 0.6000232112552659, 12.0], [""3"", 0.6691722028124367, 53.0], [""4"", 0.13367004266950833, 57.0], [""1"", 0.55770917981366, 71.5], [""2"", 0.9643869680917874, 57.5], [""8"", 0.9626041547462592, 150.5], ["":"", 0.6622434338524386, 36.0], [""1"", 0.5056091031349297, 18.0]]",,,ml/output/tracks/best_frames/25_12-20/track_0464_r0.jpg,ml/output/tracks/best_frames_hires/25_12-20/track_0464_r0.jpg,03 2
25_12-20.mp4,486,23291,2187,273,2439,586,270,"Ии
шnic","[[""Ии"", 0.1056184234120081, 44.0], [""шnic"", 0.5956915020942688, 12.0]]",,,ml/output/tracks/best_frames/25_12-20/track_0486_r1.jpg,ml/output/tracks/best_frames_hires/25_12-20/track_0486_r1.jpg,5 :
25_12-20.mp4,486,23445,2186,316,2437,626,270,"И
иicu","[[""И"", 0.0630952965806566, 46.0], [""иicu"", 0.17790883779525757, 13.536442559194754]]",,,ml/output/tracks/best_frames/25_12-20/track_0486_r0.jpg,ml/output/tracks/best_frames_hires/25_12-20/track_0486_r0.jpg,:
25_12-20.mp4,483,23445,2150,1139,2419,1638,180,"j
П
1
+
3
=
Ilj
1
0
3
68
3
3
1
5
5
1
4
6
3
1
8
40
:
3
5","[[""j"", 0.7105452857200625, 58.0], [""П"", 0.14318132587585186, 66.0], [""1"", 0.7039941916455064, 67.0], [""+"", 0.24785331769274777, 24.0], [""3"", 0.1718619128098533, 182.0], [""="", 0.8378914110882398, 22.0], [""Ilj"", 0.9285101854939323, 76.0], [""1"", 0.7593990397385966, 48.0], [""0"", 0.13797431062784327, 20.0], [""3"", 0.10134940888131272, 154.95875431373565], [""68"", 0.9321824697809256, 142.95062935650404], [""3"", 0.8028903921041461, 115.94490834920339], [""3"", 0.4807637540181986, 24.834140112506475], [""1"", 0.9990946912253662, 23.0], [""5"", 0.5465704134350666, 51.5], [""5"", 0.9512691807917726, 15.0], [""1"", 0.27302939877703025, 60.5], [""4"", 0.13290363006796557, 25.0], [""6"", 0.9539677055784068, 12.0], [""3"", 0.7266395230913645, 197.0], [""1"", 0.7156444241624094, 105.0], [""8"", 0.5801800411010305, 37.5], [""40"", 0.6586688192482716, 18.0], ["":"", 0.6299905032335715, 43.48564025080296], [""3"", 0.5651362060766338, 108.98727054653433], [""5"", 0.14018336394542885, 33.47527105692893]]",,,ml/output/tracks/best_frames/25_12-20/track_0483_r1.jpg,ml/output/tracks/best_frames_hires/25_12-20/track_0483_r1.jpg,2
25_12-20.mp4,478,23445,2122,1833,2363,2053,270,"(
Сa
[Af  5 F_7 @
ыm'
е -
кеr_c
(зуз
2058
12019
(иby
. .48 33
35 :.
2
77 
0-417
6-2058
20199
2:","[[""("", 0.4894274573080679, 48.0], [""Сa"", 0.6708642150375238, 14.0], [""[Af  5 F_7 @"", 0.12974669163820654, 24.0], [""ыm'"", 0.24188498492304653, 8.0], [""е -"", 0.36048004031181335, 8.0], [""кеr_c"", 0.04177786552924262, 8.0], [""(зуз"", 0.030490251258015633, 17.0], [""2058"", 0.7607653737068176, 26.0], [""12019"", 0.8435338689128924, 44.0], [""(иby"", 0.507523238658905, 87.89745154651052], ["". .48 33"", 0.2512137871448771, 18.0], [""35 :."", 0.13022851219005957, 12.0], [""2"", 0.4651773094440479, 18.0], [""77 "", 0.17065218941730853, 13.0], [""0-417"", 0.24421087452811638, 20.5], [""6-2058"", 0.3792111220743985, 26.5], [""20199"", 0.9272907423868326, 46.0], [""2:"", 0.6375501501667188, 17.33611894487882]]",,,ml/output/tracks/best_frames/25_12-20/track_0478_r2.jpg,ml/output/tracks/best_frames_hires/25_12-20/track_0478_r2.jpg,7 8
25_12-20.mp4,485,23445,648,1729,876,1965,90,"ш
s6661 
65
6661 :6
6","[[""ш"", 0.55131635113813, 16.0], [""s6661 "", 0.47709760156989983, 69.85960086056639], [""65"", 0.7463976752734918, 19.0], [""6661 :6"", 0.26813806681342395, 73.45248170840662], [""6"", 0.25982605154741023, 16.687704593674226]]",,,ml/output/tracks/best_frames/25_12-20/track_0485_r1.jpg,ml/output/tracks/best_frames_hires/25_12-20/track_0485_r1.jpg,8 6
25_12-20.mp4,481,23445,2181,208,2304,479,0,,[],,,ml/output/tracks/best_frames/25_12-20/track_0481_r2.jpg,ml/output/tracks/best_frames_hires/25_12-20/track_0481_r2.jpg,
25_12-20.mp4,485,23598,662,1787,887,2005,180,3,"[[""3"", 0.8093238597072663, 136.97607077673848]]",,,ml/output/tracks/best_frames/25_12-20/track_0485_r2.jpg,ml/output/tracks/best_frames_hires/25_12-20/track_0485_r2.jpg,8 8
25_12-20.mp4,483,23598,2135,1200,2405,1723,0,"[
Ill
2
p
#
gl
Ё
Q
3
e
2
2
0
9
2","[[""["", 0.9227212484222633, 28.0], [""Ill"", 0.6694431900978088, 106.0], [""2"", 0.9626278975871152, 195.0], [""p"", 0.5623634838451075, 26.0], [""#"", 0.3045363404141632, 66.0], [""gl"", 0.4130421399384221, 24.0], [""Ё"", 0.34205441839185724, 49.0], [""Q"", 0.46763654321244985, 30.0], [""3"", 0.881221513295035, 34.91404880886694], [""e"", 0.5185415856701958, 112.95320079145185], [""2"", 0.20849976301864448, 91.94390619355954], [""2"", 0.773193224870866, 106.94727926154292], [""0"", 0.9998650596367611, 28.0], [""9"", 0.2957389214328856, 87.48422462575994], [""2"", 0.9977770298496722, 105.48632234834207]]",,,ml/output/tracks/best_frames/25_12-20/track_0483_r2.jpg,ml/output/tracks/best_frames_hires/25_12-20/track_0483_r2.jpg,2
25_12-20.mp4,487,23751,2176,1,2416,238,90,"~
ШN
/","[[""~"", 0.29236063513247146, 235.0], [""ШN"", 0.3080477822189397, 121.91736252380505], [""/"", 0.490559818809416, 100.0]]",,,ml/output/tracks/best_frames/25_12-20/track_0487_r2.jpg,ml/output/tracks/best_frames_hires/25_12-20/track_0487_r2.jpg,
25_12-20.mp4,481,23751,2172,242,2304,509,0,,[],,,ml/output/tracks/best_frames/25_12-20/track_0481_r1.jpg,ml/output/tracks/best_frames_hires/25_12-20/track_0481_r1.jpg,
25_12-20.mp4,477,23751,2132,1082,2397,1536,180,"0
=
i
₽
#
:
5
8
[
i
%
:
d
&
6
!
6
4
9
8","[[""0"", 0.9986221771204242, 19.0], [""="", 0.5174846321888396, 24.0], [""i"", 0.19665065482986765, 54.0], [""₽"", 0.43961324469889007, 43.0], [""#"", 0.5387342527142778, 26.0], ["":"", 0.15617994181162942, 156.0], [""5"", 0.7208236320593642, 58.0], [""8"", 0.16701168711954129, 22.0], [""["", 0.8173302066494479, 62.0], [""i"", 0.3733822600736403, 95.0], [""%"", 0.8906945962840531, 30.0], ["":"", 0.6843392158754256, 46.0], [""d"", 0.09143333731142267, 51.0], [""&"", 0.692927309228569, 90.0], [""6"", 0.18150304222609126, 135.94473213191804], [""!"", 0.9072433920004563, 58.96991404929258], [""6"", 0.16642956028368872, 102.95604362337122], [""4"", 0.9601231818379716, 27.5], [""9"", 0.22561859582438704, 49.5], [""8"", 0.9966557614451723, 100.5]]",,,ml/output/tracks/best_frames/25_12-20/track_0477_r1.jpg,ml/output/tracks/best_frames_hires/25_12-20/track_0477_r1.jpg,01 2
25_12-20.mp4,487,23904,2167,31,2415,311,90,"Il
)
M
1:","[[""Il"", 0.7875529891078178, 80.0], ["")"", 0.9083702319800437, 179.9610515696578], [""M"", 0.8605279513163033, 327.9640723303895], [""1:"", 0.8707330200515271, 179.0]]",,,ml/output/tracks/best_frames/25_12-20/track_0487_r0.jpg,ml/output/tracks/best_frames_hires/25_12-20/track_0487_r0.jpg,
25_12-20.mp4,477,23904,2128,1130,2390,1634,270,"&амт
5_
TE
529
35;
1799s
daчл
ga т
529
355 :
17995","[[""&амт"", 0.7410798072814941, 63.0], [""5_"", 0.7223568536516787, 14.0], [""TE"", 0.23635825416313386, 14.0], [""529"", 0.9999988987918347, 54.0], [""35;"", 0.9031544552194096, 26.0], [""1799s"", 0.9791156138727305, 50.0], [""daчл"", 0.2355862408876419, 92.92820125401477], [""ga т"", 0.19395709037780762, 82.85524838600497], [""529"", 1.0, 49.0], [""355 :"", 0.4452490759677106, 28.5], [""17995"", 0.9110979443882015, 49.0]]",,,ml/output/tracks/best_frames/25_12-20/track_0477_r0.jpg,ml/output/tracks/best_frames_hires/25_12-20/track_0477_r0.jpg,
25_12-20.mp4,487,24058,2160,0,2411,293,0,"2
#
5","[[""2"", 0.8665122923844457, 54.0], [""#"", 0.6034921024739539, 208.0], [""5"", 0.6131321122939113, 222.95981136337423]]",,,ml/output/tracks/best_frames/25_12-20/track_0487_r1.jpg,ml/output/tracks/best_frames_hires/25_12-20/track_0487_r1.jpg,
25_12-20.mp4,470,24058,2152,435,2422,795,90,"InqП1
18","[[""InqП1"", 0.1763847401366208, 72.0], [""18"", 0.2214232913429993, 62.5]]",,,ml/output/tracks/best_frames/25_12-20/track_0470_r0.jpg,ml/output/tracks/best_frames_hires/25_12-20/track_0470_r0.jpg,
25_12-20.mp4,492,24058,2112,1413,2367,1893,0,"1
2
1
Ii
g
1
2
0
2","[[""1"", 0.9710887354676743, 30.0], [""2"", 0.8684914244468587, 186.0], [""1"", 0.9675923555607966, 114.0], [""Ii"", 0.8064821565444653, 95.0], [""g"", 0.6676194683508108, 143.9722699260978], [""1"", 0.7692542066943133, 40.93732773208808], [""2"", 0.3638446534769493, 104.94505452921408], [""0"", 0.9898767484855853, 32.0], [""2"", 0.9928367135086233, 100.98673778419538]]",,,ml/output/tracks/best_frames/25_12-20/track_0492_r0.jpg,ml/output/tracks/best_frames_hires/25_12-20/track_0492_r0.jpg,08
25_12-20.mp4,493,24058,596,94,805,359,270,(,"[[""("", 0.7556479956541331, 132.97452222828898]]",,,ml/output/tracks/best_frames/25_12-20/track_0493_r0.jpg,ml/output/tracks/best_frames_hires/25_12-20/track_0493_r0.jpg,
25_12-20.mp4,494,24058,2096,2014,2303,2159,90,1Z,"[[""1Z"", 0.32730315137072086, 39.0]]",,,ml/output/tracks/best_frames/25_12-20/track_0494_r0.jpg,ml/output/tracks/best_frames_hires/25_12-20/track_0494_r0.jpg,
25_12-20.mp4,460,24211,597,0,808,221,0,,[],,,ml/output/tracks/best_frames/25_12-20/track_0460_r2.jpg,ml/output/tracks/best_frames_hires/25_12-20/track_0460_r2.jpg,
25_12-20.mp4,497,24211,2155,702,2402,996,270,"=
27
5

7
27","[[""="", 0.26675666867263104, 12.0], [""27"", 0.9999983141264758, 26.0], [""5"", 0.30666775468945673, 12.0], ["""", 0.0, 8.0], [""7"", 0.3134491495386307, 15.0], [""27"", 1.0, 24.0]]",,,ml/output/tracks/best_frames/25_12-20/track_0497_r2.jpg,ml/output/tracks/best_frames_hires/25_12-20/track_0497_r2.jpg,
25_12-20.mp4,496,24211,2156,529,2304,863,0,,[],,,ml/output/tracks/best_frames/25_12-20/track_0496_r0.jpg,ml/output/tracks/best_frames_hires/25_12-20/track_0496_r0.jpg,
25_12-20.mp4,493,24211,584,171,795,430,0,,[],,,ml/output/tracks/best_frames/25_12-20/track_0493_r1.jpg,ml/output/tracks/best_frames_hires/25_12-20/track_0493_r1.jpg,
25_12-20.mp4,494,24211,2081,2088,2324,2159,270,Хт},"[[""Хт}"", 0.30443062880163074, 50.0]]",,,ml/output/tracks/best_frames/25_12-20/track_0494_r1.jpg,ml/output/tracks/best_frames_hires/25_12-20/track_0494_r1.jpg,
25_12-20.mp4,499,24364,701,2072,918,2159,180,2,"[[""2"", 0.9859231138127598, 35.0]]",,,ml/output/tracks/best_frames/25_12-20/track_0499_r0.jpg,ml/output/tracks/best_frames_hires/25_12-20/track_0499_r0.jpg,
25_12-20.mp4,496,24364,2157,589,2304,895,0,,[],,,ml/output/tracks/best_frames/25_12-20/track_0496_r1.jpg,ml/output/tracks/best_frames_hires/25_12-20/track_0496_r1.jpg,
25_12-20.mp4,460,24364,592,31,797,285,0,;,"[["";"", 0.7019645141322464, 75.0]]",,,ml/output/tracks/best_frames/25_12-20/track_0460_r0.jpg,ml/output/tracks/best_frames_hires/25_12-20/track_0460_r0.jpg,
25_12-20.mp4,492,24364,2109,1373,2304,1847,0,"@
1
'
[
2
""1
6 :
8","[[""@"", 0.25448239427765884, 66.0], [""1"", 0.8043947515946606, 28.0], [""'"", 0.5986765292406382, 70.0], [""["", 0.9959223200817213, 53.0], [""2"", 0.5839560484585036, 183.0], [""\""1"", 0.45957106815963095, 56.0], [""6 :"", 0.41185819493656683, 18.5], [""8"", 0.42463779420751635, 22.0]]",,,ml/output/tracks/best_frames/25_12-20/track_0492_r1.jpg,ml/output/tracks/best_frames_hires/25_12-20/track_0492_r1.jpg,
25_12-20.mp4,496,24517,2153,674,2304,948,0,,[],,,ml/output/tracks/best_frames/25_12-20/track_0496_r2.jpg,ml/output/tracks/best_frames_hires/25_12-20/track_0496_r2.jpg,
25_12-20.mp4,492,24517,2121,1443,2375,1783,180,"IIl""
8
%
9
{
 {|
IEйh!
t
5
8","[[""IIl\"""", 0.16542529684084453, 97.0], [""8"", 0.5000135542628072, 128.0], [""%"", 0.9895566611929532, 38.0], [""9"", 0.16508734951898774, 34.0], [""{"", 0.15673566248502002, 56.0], ["" {|"", 0.22842173171112556, 26.0], [""IEйh!"", 0.06316169161902707, 18.0], [""t"", 0.994231817515189, 109.91022261086579], [""5"", 0.8922879388451044, 147.96117789653692], [""8"", 0.8622658825710836, 98.0]]",,,ml/output/tracks/best_frames/25_12-20/track_0492_r2.jpg,ml/output/tracks/best_frames_hires/25_12-20/track_0492_r2.jpg,
25_12-20.mp4,497,24517,2151,692,2418,1053,270,'U,"[[""'U"", 0.7451169339958839, 63.0]]",,,ml/output/tracks/best_frames/25_12-20/track_0497_r1.jpg,ml/output/tracks/best_frames_hires/25_12-20/track_0497_r1.jpg,
25_12-20.mp4,498,24517,2151,175,2419,534,90,"4""
ояниаон
И","[[""4\"""", 0.06343274918953205, 142.0], [""ояниаон"", 0.889073443917633, 45.0], [""И"", 0.7219822464446999, 47.0]]",,,ml/output/tracks/best_frames/25_12-20/track_0498_r2.jpg,ml/output/tracks/best_frames_hires/25_12-20/track_0498_r2.jpg,1
25_12-20.mp4,501,24517,2160,168,2304,467,90,"'1
ояниаон","[[""'1"", 0.11788959936894927, 115.0], [""ояниаон"", 0.9059260035752671, 45.0]]",,,ml/output/tracks/best_frames/25_12-20/track_0501_r1.jpg,ml/output/tracks/best_frames_hires/25_12-20/track_0501_r1.jpg,
25_12-20.mp4,499,24517,713,2085,929,2159,0,,[],,,ml/output/tracks/best_frames/25_12-20/track_0499_r1.jpg,ml/output/tracks/best_frames_hires/25_12-20/track_0499_r1.jpg,
25_12-20.mp4,500,24517,2143,866,2304,1184,180,"F
[O
4
5
{IJ","[[""F"", 0.8886335605592457, 30.0], [""[O"", 0.6832111430103199, 30.0], [""4"", 0.48763146974795646, 38.0], [""5"", 0.8846829071968045, 44.0], [""{IJ"", 0.15381305232829715, 62.0]]",,,ml/output/tracks/best_frames/25_12-20/track_0500_r0.jpg,ml/output/tracks/best_frames_hires/25_12-20/track_0500_r0.jpg,5 9 3 0
25_12-20.mp4,507,24671,2142,950,2398,1241,0,"11
!
f","[[""11"", 0.2666960792230376, 22.0], [""!"", 0.8911440007046032, 48.0], [""f"", 0.6794888509109711, 30.0]]",,,ml/output/tracks/best_frames/25_12-20/track_0507_r0.jpg,ml/output/tracks/best_frames_hires/25_12-20/track_0507_r0.jpg,1 :
25_12-20.mp4,506,24671,576,168,783,422,270,1199,"[[""1199"", 0.9999409317970276, 53.0]]",,,ml/output/tracks/best_frames/25_12-20/track_0506_r2.jpg,ml/output/tracks/best_frames_hires/25_12-20/track_0506_r2.jpg,0
25_12-20.mp4,503,24671,2102,1515,2304,1960,0,"""
1
I
2
$
2","[[""\"""", 0.6179647835162747, 24.0], [""1"", 0.740052001754762, 104.0], [""I"", 0.8743752599188248, 58.0], [""2"", 0.8082215568886433, 172.0], [""$"", 0.22074569570083113, 38.0], [""2"", 0.5729705366778468, 47.0]]",,,ml/output/tracks/best_frames/25_12-20/track_0503_r2.jpg,ml/output/tracks/best_frames_hires/25_12-20/track_0503_r2.jpg,5
25_12-20.mp4,501,24671,2152,289,2304,542,270,"Новинка
2052","[[""Новинка"", 0.9993439023775488, 49.0], [""2052"", 0.16941289603710175, 17.5]]",,,ml/output/tracks/best_frames/25_12-20/track_0501_r0.jpg,ml/output/tracks/best_frames_hires/25_12-20/track_0501_r0.jpg,
25_12-20.mp4,504,24671,2088,1712,2352,2120,180,"3
Illi
$
{
Lo
to
9
8
6","[[""3"", 0.5273823465216907, 126.0], [""Illi"", 0.8440932631492615, 121.0], [""$"", 0.5766718089334155, 52.0], [""{"", 0.9134038087136673, 28.0], [""Lo"", 0.4213645948244894, 138.95541389950574], [""to"", 0.3977457105242061, 104.91622710809202], [""9"", 0.9378878019576611, 48.0], [""8"", 0.8168377594822438, 174.0], [""6"", 0.874800905175622, 87.9867016103918]]",,,ml/output/tracks/best_frames/25_12-20/track_0504_r2.jpg,ml/output/tracks/best_frames_hires/25_12-20/track_0504_r2.jpg,92
25_12-20.mp4,499,24671,712,2085,929,2159,0,,[],,,ml/output/tracks/best_frames/25_12-20/track_0499_r2.jpg,ml/output/tracks/best_frames_hires/25_12-20/track_0499_r2.jpg,
25_12-20.mp4,500,24671,2148,864,2302,1101,0,,[],,,ml/output/tracks/best_frames/25_12-20/track_0500_r1.jpg,ml/output/tracks/best_frames_hires/25_12-20/track_0500_r1.jpg,
25_12-20.mp4,498,24671,2152,223,2420,617,270,"'ти
'X'
Новинка
-/: 9::","[[""'ти"", 0.4015905107537265, 52.0], [""'X'"", 0.6626272242347436, 63.0], [""Новинка"", 0.9998057086549778, 45.0], [""-/: 9::"", 0.1393863279690293, 44.5]]",,,ml/output/tracks/best_frames/25_12-20/track_0498_r1.jpg,ml/output/tracks/best_frames_hires/25_12-20/track_0498_r1.jpg,
25_12-20.mp4,497,24671,2147,749,2419,1140,270,"'6'
6","[[""'6'"", 0.2546493715861427, 66.0], [""6"", 0.29734514201280504, 12.0]]",,,ml/output/tracks/best_frames/25_12-20/track_0497_r0.jpg,ml/output/tracks/best_frames_hires/25_12-20/track_0497_r0.jpg,1
25_12-20.mp4,510,24824,2137,1010,2383,1300,270,"₽ =
0
сx
V=
7
27
  -
7
:
1:
52
273
1 5","[[""₽ ="", 0.4760144829394675, 14.0], [""0"", 0.14918431165722357, 8.0], [""сx"", 0.3145776272546476, 14.0], [""V="", 0.16877977575978587, 14.0], [""7"", 0.1528621951583773, 14.0], [""27"", 0.999960550777704, 24.0], [""  -"", 0.3720325793704171, 7.5], [""7"", 0.2553715075830496, 8.5], ["":"", 0.33094352462734733, 12.0], [""1:"", 0.4233105326437369, 12.0], [""52"", 0.7006967546206263, 13.0], [""273"", 0.5495341132047233, 24.0], [""1 5"", 0.8337301015853882, 46.0]]",,,ml/output/tracks/best_frames/25_12-20/track_0510_r1.jpg,ml/output/tracks/best_frames_hires/25_12-20/track_0510_r1.jpg,1 5
25_12-20.mp4,508,24824,2153,495,2402,780,0,,[],,,ml/output/tracks/best_frames/25_12-20/track_0508_r2.jpg,ml/output/tracks/best_frames_hires/25_12-20/track_0508_r2.jpg,
25_12-20.mp4,507,24824,2142,865,2405,1199,0,,[],,,ml/output/tracks/best_frames/25_12-20/track_0507_r1.jpg,ml/output/tracks/best_frames_hires/25_12-20/track_0507_r1.jpg,
25_12-20.mp4,506,24824,564,226,773,482,270,4199,"[[""4199"", 0.932445764541626, 53.0]]",,,ml/output/tracks/best_frames/25_12-20/track_0506_r1.jpg,ml/output/tracks/best_frames_hires/25_12-20/track_0506_r1.jpg,9
25_12-20.mp4,498,24824,2147,288,2419,702,270,"КИ
Новинка
9::99/:","[[""КИ"", 0.21253543295453667, 56.0], [""Новинка"", 0.999937325250906, 45.0], [""9::99/:"", 0.03510589109312934, 45.0]]",,,ml/output/tracks/best_frames/25_12-20/track_0498_r0.jpg,ml/output/tracks/best_frames_hires/25_12-20/track_0498_r0.jpg,
25_12-20.mp4,504,24824,2082,1758,2340,2159,0,"$
1
1
Ili
8
е
5
е
22
2","[[""$"", 0.6686560489135083, 46.0], [""1"", 0.14145892445643327, 28.0], [""1"", 0.945554244005109, 54.0], [""Ili"", 0.20969851660628946, 112.0], [""8"", 0.25164928953205745, 122.0], [""е"", 0.7147180501045938, 86.91672073525243], [""5"", 0.47661694141199007, 38.93072678605654], [""е"", 0.460291960389668, 92.94520483458302], [""22"", 0.294677214957368, 52.0], [""2"", 0.9845702852254625, 93.484285502749]]",,,ml/output/tracks/best_frames/25_12-20/track_0504_r0.jpg,ml/output/tracks/best_frames_hires/25_12-20/track_0504_r0.jpg,2
25_12-20.mp4,503,24824,2104,1581,2353,2001,180,"Il
'
3
1
[
1|
0
пты?}
Е8
t8
6
1
5
8
0
6","[[""Il"", 0.966614372278072, 93.0], [""'"", 0.12536421975798717, 96.0], [""3"", 0.16380026328539543, 167.0], [""1"", 0.7721282817166788, 30.0], [""["", 0.754115415604474, 58.0], [""1|"", 0.16354390804517369, 26.0], [""0"", 0.9563181920065666, 38.0], [""пты?}"", 0.23888993798204838, 18.0], [""Е8"", 0.23970116147632145, 137.95469537016584], [""t8"", 0.4622454189408694, 104.89994899387193], [""6"", 0.9027711153954989, 95.94884203831771], [""1"", 0.8934555972952332, 80.5], [""5"", 0.9618172979216446, 50.5], [""8"", 0.987497789992986, 38.0], [""0"", 0.9756276780771067, 43.0], [""6"", 0.2945644941100909, 87.48653637775016]]",,,ml/output/tracks/best_frames/25_12-20/track_0503_r0.jpg,ml/output/tracks/best_frames_hires/25_12-20/track_0503_r0.jpg,2
25_12-20.mp4,504,24977,2092,1811,2327,2159,90,"€5
662
{798
7 -
1
Tiuwь 3
KD
-1 0","[[""€5"", 0.9705895186620969, 20.0], [""662"", 0.9941256501122688, 48.0], [""{798"", 0.3517207752886547, 24.0], [""7 -"", 0.44761276448089843, 14.0], [""1"", 0.9300194073379231, 16.664100588675694], [""Tiuwь 3"", 0.36332765943049816, 80.87592718800431], [""KD"", 0.15402899312572746, 34.67223788975764], [""-1 0"", 0.23927359282970428, 69.96071135386624]]",,,ml/output/tracks/best_frames/25_12-20/track_0504_r1.jpg,ml/output/tracks/best_frames_hires/25_12-20/track_0504_r1.jpg,2
25_12-20.mp4,460,24977,580,122,793,381,0,,[],,,ml/output/tracks/best_frames/25_12-20/track_0460_r1.jpg,ml/output/tracks/best_frames_hires/25_12-20/track_0460_r1.jpg,
25_12-20.mp4,507,24977,2149,897,2402,1171,0,,[],,,ml/output/tracks/best_frames/25_12-20/track_0507_r2.jpg,ml/output/tracks/best_frames_hires/25_12-20/track_0507_r2.jpg,
25_12-20.mp4,503,24977,2105,1653,2349,1943,180,"c8
Ili
ё
I
%
9
1
8
81
8","[[""c8"", 0.2622304358011653, 80.0], [""Ili"", 0.4819932215601662, 93.0], [""ё"", 0.9096645578382692, 114.0], [""I"", 0.3853939208225974, 52.0], [""%"", 0.4001460472423446, 26.0], [""9"", 0.5170285167936441, 30.0], [""1"", 0.5508163620973825, 26.0], [""8"", 0.7193763438505449, 84.95250083612495], [""81"", 0.13019299884850644, 22.0], [""8"", 0.8964058485371993, 127.99206614913055]]",,,ml/output/tracks/best_frames/25_12-20/track_0503_r1.jpg,ml/output/tracks/best_frames_hires/25_12-20/track_0503_r1.jpg,
25_12-20.mp4,508,24977,2153,558,2401,843,0,,[],,,ml/output/tracks/best_frames/25_12-20/track_0508_r1.jpg,ml/output/tracks/best_frames_hires/25_12-20/track_0508_r1.jpg,
25_12-20.mp4,510,24977,2131,1074,2382,1375,270,"1
5 &
'ъ
{
 -
1
273
5
2
5.6 6
662
72
273
15","[[""1"", 0.6516662644262539, 8.0], [""5 &"", 0.2856922334824648, 12.0], [""'ъ"", 0.10530501688916298, 12.0], [""{"", 0.7758639912019341, 14.0], ["" -"", 0.3429734010987631, 14.0], [""1"", 0.8236704383493567, 14.0], [""273"", 0.9502821200521644, 24.0], [""5"", 1.0, 42.0], [""2"", 0.15333824611344937, 8.5], [""5.6 6"", 0.6171475657436348, 13.5], [""662"", 0.4877113535860602, 14.0], [""72"", 0.2769500505267948, 13.0], [""273"", 0.3406336585214425, 24.0], [""15"", 1.0, 45.0]]",,,ml/output/tracks/best_frames/25_12-20/track_0510_r0.jpg,ml/output/tracks/best_frames_hires/25_12-20/track_0510_r0.jpg,555 9
25_12-20.mp4,506,24977,563,286,774,541,270,01199,"[[""01199"", 0.47235791493566825, 53.0]]",,,ml/output/tracks/best_frames/25_12-20/track_0506_r0.jpg,ml/output/tracks/best_frames_hires/25_12-20/track_0506_r0.jpg,
25_12-20.mp4,511,24977,2143,1006,2383,1240,0,,[],,,ml/output/tracks/best_frames/25_12-20/track_0511_r0.jpg,ml/output/tracks/best_frames_hires/25_12-20/track_0511_r0.jpg,
25_12-20.mp4,512,25130,2090,1899,2314,2115,270,"7995
gawj
1
7995
1","[[""7995"", 0.95447838306427, 48.0], [""gawj"", 0.34604310989379883, 76.86046037180739], [""1"", 0.33202011880235105, 17.695996608010148], [""7995"", 0.9705064296722412, 48.0], [""1"", 0.6916724874582911, 27.380935300919766]]",292728.0,,ml/output/tracks/best_frames/25_12-20/track_0512_r2.jpg,ml/output/tracks/best_frames_hires/25_12-20/track_0512_r2.jpg,2
25_12-20.mp4,515,25130,2149,694,2399,973,270,1,"[[""1"", 0.4272900184203223, 154.0]]",,,ml/output/tracks/best_frames/25_12-20/track_0515_r2.jpg,ml/output/tracks/best_frames_hires/25_12-20/track_0515_r2.jpg,
25_12-20.mp4,508,25130,2146,493,2410,882,270,"Il
Новинка
9: 9 :","[[""Il"", 0.11374029721905822, 139.0], [""Новинка"", 0.9999365142106136, 45.0], [""9: 9 :"", 0.15642878686514944, 46.5]]",,,ml/output/tracks/best_frames/25_12-20/track_0508_r0.jpg,ml/output/tracks/best_frames_hires/25_12-20/track_0508_r0.jpg,
25_12-20.mp4,510,25130,2133,1087,2304,1296,0,,[],,,ml/output/tracks/best_frames/25_12-20/track_0510_r2.jpg,ml/output/tracks/best_frames_hires/25_12-20/track_0510_r2.jpg,
25_12-20.mp4,513,25130,558,406,762,661,180,8,"[[""8"", 0.9915170141184717, 111.0]]",,,ml/output/tracks/best_frames/25_12-20/track_0513_r2.jpg,ml/output/tracks/best_frames_hires/25_12-20/track_0513_r2.jpg,
25_12-20.mp4,511,25130,2145,1016,2390,1280,0,,[],,,ml/output/tracks/best_frames/25_12-20/track_0511_r1.jpg,ml/output/tracks/best_frames_hires/25_12-20/track_0511_r1.jpg,
25_12-20.mp4,514,25130,2129,1212,2377,1502,180,"1
$
1
1
""
+
1
{Il","[[""1"", 0.5573913153688324, 30.0], [""$"", 0.7931926121368669, 101.0], [""1"", 0.8940400509854705, 58.0], [""1"", 0.3287633865369486, 36.0], [""\"""", 0.2808071013977411, 50.0], [""+"", 0.17227199454172482, 26.0], [""1"", 0.5548315937712687, 30.0], [""{Il"", 0.4908262117648715, 60.0]]",,,ml/output/tracks/best_frames/25_12-20/track_0514_r0.jpg,ml/output/tracks/best_frames_hires/25_12-20/track_0514_r0.jpg,6 8
25_12-20.mp4,516,25283,2144,864,2391,1081,0,,[],,,ml/output/tracks/best_frames/25_12-20/track_0516_r1.jpg,ml/output/tracks/best_frames_hires/25_12-20/track_0516_r1.jpg,
25_12-20.mp4,519,25283,2146,694,2303,945,0,,[],,,ml/output/tracks/best_frames/25_12-20/track_0519_r1.jpg,ml/output/tracks/best_frames_hires/25_12-20/track_0519_r1.jpg,
25_12-20.mp4,514,25283,2118,1144,2304,1433,0,,[],,,ml/output/tracks/best_frames/25_12-20/track_0514_r1.jpg,ml/output/tracks/best_frames_hires/25_12-20/track_0514_r1.jpg,
25_12-20.mp4,517,25283,2120,1294,2367,1579,180,""";","[[""\"";"", 0.6730975276236525, 90.0]]",,,ml/output/tracks/best_frames/25_12-20/track_0517_r0.jpg,ml/output/tracks/best_frames_hires/25_12-20/track_0517_r0.jpg,
25_12-20.mp4,512,25283,2085,1928,2307,2135,90,#i=:,"[[""#i=:"", 0.26877662539482117, 44.0]]",,,ml/output/tracks/best_frames/25_12-20/track_0512_r0.jpg,ml/output/tracks/best_frames_hires/25_12-20/track_0512_r0.jpg,
25_12-20.mp4,514,25437,2121,1188,2373,1461,0,,[],,,ml/output/tracks/best_frames/25_12-20/track_0514_r2.jpg,ml/output/tracks/best_frames_hires/25_12-20/track_0514_r2.jpg,
25_12-20.mp4,519,25437,2129,720,2304,1000,270,"винка
1
597:","[[""винка"", 0.9975623303540061, 28.0], [""1"", 0.3477284964470897, 182.0], [""597:"", 0.2479931116104126, 15.0]]",,,ml/output/tracks/best_frames/25_12-20/track_0519_r0.jpg,ml/output/tracks/best_frames_hires/25_12-20/track_0519_r0.jpg,
25_12-20.mp4,516,25437,2143,875,2380,1161,90,"""л
~IIED","[[""\""л"", 0.13633622520309113, 279.0], [""~IIED"", 0.2136017123640361, 111.34257250153269]]",,,ml/output/tracks/best_frames/25_12-20/track_0516_r0.jpg,ml/output/tracks/best_frames_hires/25_12-20/track_0516_r0.jpg,
25_12-20.mp4,517,25437,2110,1380,2356,1658,270,"27
'1529
27
11529","[[""27"", 0.99962887502588, 24.0], [""'1529"", 0.7960622719007332, 50.0], [""27"", 0.9999783365885939, 24.0], [""11529"", 0.5134990669001175, 56.5]]",,,ml/output/tracks/best_frames/25_12-20/track_0517_r1.jpg,ml/output/tracks/best_frames_hires/25_12-20/track_0517_r1.jpg,8
25_12-20.mp4,521,25590,2068,2078,2290,2159,180,"g
2","[[""g"", 0.9384184749472446, 60.0], [""2"", 0.9481558546112865, 48.0]]",,,ml/output/tracks/best_frames/25_12-20/track_0521_r0.jpg,ml/output/tracks/best_frames_hires/25_12-20/track_0521_r0.jpg,
25_12-20.mp4,513,25590,548,630,742,890,270,1199,"[[""1199"", 0.999658465385437, 48.0]]",,,ml/output/tracks/best_frames/25_12-20/track_0513_r1.jpg,ml/output/tracks/best_frames_hires/25_12-20/track_0513_r1.jpg,18
25_12-20.mp4,517,25590,2098,1463,2343,1729,270,"27;
529
27
1529","[[""27;"", 0.9895973801612854, 26.0], [""529"", 0.5998622179031372, 50.0], [""27"", 0.8954001584537628, 22.0], [""1529"", 0.973079260428951, 50.0]]",,,ml/output/tracks/best_frames/25_12-20/track_0517_r2.jpg,ml/output/tracks/best_frames_hires/25_12-20/track_0517_r2.jpg,3
25_12-20.mp4,512,25590,2070,1944,2305,2149,270,"76
799 
26
1799","[[""76"", 0.34378812257642083, 24.0], [""799 "", 0.6960819959640503, 44.0], [""26"", 0.2705270549817266, 22.0], [""1799"", 0.9479398727416992, 45.0]]",,,ml/output/tracks/best_frames/25_12-20/track_0512_r1.jpg,ml/output/tracks/best_frames_hires/25_12-20/track_0512_r1.jpg,3
25_12-20.mp4,515,25590,2125,744,2375,1169,180,"е _
'
:
:","[[""е _"", 0.1348833740737644, 195.0], [""'"", 0.9326626606310953, 90.0], ["":"", 0.8934127794330529, 83.93163436434043], ["":"", 0.8303928483092591, 165.0]]",,,ml/output/tracks/best_frames/25_12-20/track_0515_r0.jpg,ml/output/tracks/best_frames_hires/25_12-20/track_0515_r0.jpg,
25_12-20.mp4,516,25590,2127,864,2303,1100,270,"a
1M","[[""a"", 0.9774087165133096, 26.0], [""1M"", 0.18653403499963908, 185.0]]",,,ml/output/tracks/best_frames/25_12-20/track_0516_r2.jpg,ml/output/tracks/best_frames_hires/25_12-20/track_0516_r2.jpg,
25_12-20.mp4,513,25743,548,709,741,961,0,8,"[[""8"", 0.995142888492083, 120.0]]",,,ml/output/tracks/best_frames/25_12-20/track_0513_r0.jpg,ml/output/tracks/best_frames_hires/25_12-20/track_0513_r0.jpg,
25_12-20.mp4,515,25743,2119,864,2370,1194,0,"t
5
е>
~
83","[[""t"", 0.07252158248780916, 30.0], [""5"", 0.6040630697406222, 90.0], [""е>"", 0.46115217927301255, 198.0], [""~"", 0.6812147022515234, 209.96894320708063], [""83"", 0.2388274109927159, 113.0]]",,,ml/output/tracks/best_frames/25_12-20/track_0515_r1.jpg,ml/output/tracks/best_frames_hires/25_12-20/track_0515_r1.jpg,
25_12-20.mp4,521,25743,2068,2080,2291,2159,270,"1799
1799","[[""1799"", 0.9982329607009888, 48.0], [""1799"", 0.9988008737564087, 44.0]]",,,ml/output/tracks/best_frames/25_12-20/track_0521_r1.jpg,ml/output/tracks/best_frames_hires/25_12-20/track_0521_r1.jpg,
25_12-20.mp4,522,25743,2116,1044,2361,1325,180,"е3
5
2
24","[[""е3"", 0.3029220127200098, 222.0], [""5"", 0.9845763178223166, 157.99036450555002], [""2"", 0.2549280210917324, 192.0], [""24"", 0.298641406593142, 165.48665760878686]]",,,ml/output/tracks/best_frames/25_12-20/track_0522_r2.jpg,ml/output/tracks/best_frames_hires/25_12-20/track_0522_r2.jpg,
25_12-20.mp4,526,25896,2093,1508,2302,1749,270,27,"[[""27"", 0.9860897863400314, 20.0]]",,,ml/output/tracks/best_frames/25_12-20/track_0526_r0.jpg,ml/output/tracks/best_frames_hires/25_12-20/track_0526_r0.jpg,
25_12-20.mp4,525,25896,2122,1088,2361,1265,0,"е
5
5 ","[[""е"", 0.7341186326414118, 228.0], [""5"", 0.4475944558568621, 234.97579437696754], [""5 "", 0.2608214000300535, 71.5]]",,,ml/output/tracks/best_frames/25_12-20/track_0525_r0.jpg,ml/output/tracks/best_frames_hires/25_12-20/track_0525_r0.jpg,
25_12-20.mp4,525,26050,2120,1042,2377,1276,270,"кa
[M
Iilill
(U""
:
11 -
-5
11","[[""кa"", 0.7317677255719516, 26.0], [""[M"", 0.7067628292814878, 310.0], [""Iilill"", 0.5148544506032517, 62.0], [""(U\"""", 0.48237266276385476, 130.10191977525903], ["":"", 0.807524777275276, 28.0], [""11 -"", 0.25976791977882385, 72.5], [""-5"", 0.28956083234373725, 124.25464316218404], [""11"", 0.47464784344484745, 66.90092406066611]]",,,ml/output/tracks/best_frames/25_12-20/track_0525_r1.jpg,ml/output/tracks/best_frames_hires/25_12-20/track_0525_r1.jpg,2 1
25_12-20.mp4,526,26050,2096,1514,2342,1778,180,"0
{1","[[""0"", 0.1781681396100021, 30.0], [""{1"", 0.517316229024986, 50.0]]",,,ml/output/tracks/best_frames/25_12-20/track_0526_r1.jpg,ml/output/tracks/best_frames_hires/25_12-20/track_0526_r1.jpg,
25_12-20.mp4,530,26050,2123,1110,2304,1399,0,"1
5
5
73 
5","[[""1"", 0.11766367593372706, 58.0], [""5"", 0.26981803254983916, 307.4379662151074], [""5"", 0.8976805564862076, 175.51487050850142], [""73 "", 0.24049180454862062, 44.0], [""5"", 0.7058115587478966, 59.0]]",,,ml/output/tracks/best_frames/25_12-20/track_0530_r1.jpg,ml/output/tracks/best_frames_hires/25_12-20/track_0530_r1.jpg,
25_12-20.mp4,522,26050,2112,1208,2358,1475,0,"5
~
5","[[""5"", 0.8713669286534156, 94.18070117804768], [""~"", 0.6220732394319981, 365.9866446472397], [""5"", 0.5097368274255452, 189.4851042584811]]",,,ml/output/tracks/best_frames/25_12-20/track_0522_r0.jpg,ml/output/tracks/best_frames_hires/25_12-20/track_0522_r0.jpg,
25_12-20.mp4,523,26050,549,864,742,1102,270,1199,"[[""1199"", 0.9997173331505498, 42.0]]",,,ml/output/tracks/best_frames/25_12-20/track_0523_r2.jpg,ml/output/tracks/best_frames_hires/25_12-20/track_0523_r2.jpg,
25_12-20.mp4,526,26203,2101,1552,2345,1821,0,,[],,,ml/output/tracks/best_frames/25_12-20/track_0526_r2.jpg,ml/output/tracks/best_frames_hires/25_12-20/track_0526_r2.jpg,
25_12-20.mp4,530,26203,2116,1117,2304,1472,180,"з
5

55 5 1
5","[[""з"", 0.8765342093923358, 270.0], [""5"", 0.9879743006458739, 219.8295284361386], ["""", 0.0, 19.0], [""55 5 1"", 0.6322400369329559, 69.0], [""5"", 0.9978407369098683, 81.5]]",,,ml/output/tracks/best_frames/25_12-20/track_0530_r0.jpg,ml/output/tracks/best_frames_hires/25_12-20/track_0530_r0.jpg,
25_12-20.mp4,532,26203,2088,1761,2317,2004,0,";[
""
3
;|
3","[["";["", 0.701721900393345, 40.0], [""\"""", 0.6617895993069602, 26.0], [""3"", 0.8322509254671537, 115.0], ["";|"", 0.4423612657536246, 32.0], [""3"", 0.964091278648894, 110.0]]",,,ml/output/tracks/best_frames/25_12-20/track_0532_r0.jpg,ml/output/tracks/best_frames_hires/25_12-20/track_0532_r0.jpg,8
25_12-20.mp4,534,26356,2090,1827,2312,2059,270,"1u.
сs
21
1529
27
15295","[[""1u."", 0.170173178980074, 8.0], [""сs"", 0.15092567330720708, 14.0], [""21"", 0.8566366640372131, 16.0], [""1529"", 0.9988440275192261, 44.0], [""27"", 0.9971506304965899, 21.0], [""15295"", 0.7034236250799373, 49.5]]",,,ml/output/tracks/best_frames/25_12-20/track_0534_r2.jpg,ml/output/tracks/best_frames_hires/25_12-20/track_0534_r2.jpg,8:
25_12-20.mp4,535,26356,2122,1245,2304,1562,0,";
$
1
7
5","[["";"", 0.25617799487287485, 66.0], [""$"", 0.6354440615553791, 343.9926181048046], [""1"", 0.4418094916731121, 194.59898708052944], [""7"", 0.6227691049052488, 74.0], [""5"", 0.7794223180308677, 84.5]]",,,ml/output/tracks/best_frames/25_12-20/track_0535_r1.jpg,ml/output/tracks/best_frames_hires/25_12-20/track_0535_r1.jpg,
25_12-20.mp4,537,26509,757,1176,909,1296,0,"0
~","[[""0"", 0.6186540347887473, 50.0], [""~"", 0.3322891625700528, 50.0]]",,,ml/output/tracks/best_frames/25_12-20/track_0537_r1.jpg,ml/output/tracks/best_frames_hires/25_12-20/track_0537_r1.jpg,
25_12-20.mp4,523,26509,552,1051,754,1302,180,"2
8
7","[[""2"", 0.6148609428922924, 56.0], [""8"", 0.996019398697289, 108.0], [""7"", 0.6749513751190115, 78.0]]",,,ml/output/tracks/best_frames/25_12-20/track_0523_r0.jpg,ml/output/tracks/best_frames_hires/25_12-20/track_0523_r0.jpg,
25_12-20.mp4,522,26509,2108,1422,2354,1687,180,"ё
€
5
8
5","[[""ё"", 0.2644713724191803, 296.0], [""€"", 0.49988787855500405, 80.0], [""5"", 0.8966258375153338, 209.08448503889792], [""8"", 0.7941622350515196, 191.0], [""5"", 0.6473126785478058, 81.5]]",,,ml/output/tracks/best_frames/25_12-20/track_0522_r1.jpg,ml/output/tracks/best_frames_hires/25_12-20/track_0522_r1.jpg,
25_12-20.mp4,530,26509,2125,1214,2371,1518,270,"винка
3(Й}
Ihl
(
84:-
1907
 
54","[[""винка"", 0.9999795281615073, 30.0], [""3(Й}"", 0.20170849561691284, 316.0], [""Ihl"", 0.47958446185820564, 48.0], [""("", 0.999917032055464, 120.15142604034213], [""84:-"", 0.11515005677938461, 30.5], [""1907"", 0.4408685863018036, 82.5], ["" "", 0.7523806755797899, 116.23928129609897], [""54"", 0.5780135284741219, 48.60703975309377]]",,,ml/output/tracks/best_frames/25_12-20/track_0530_r2.jpg,ml/output/tracks/best_frames_hires/25_12-20/track_0530_r2.jpg,3
25_12-20.mp4,535,26509,2112,1307,2303,1564,180,"з
€
5
5 5
5","[[""з"", 0.48722290772280985, 308.0], [""€"", 0.9583409315090172, 79.0], [""5"", 0.299842032751485, 204.33334400347178], [""5 5"", 0.8686242442494208, 85.5], [""5"", 0.895132835774465, 46.0]]",,,ml/output/tracks/best_frames/25_12-20/track_0535_r2.jpg,ml/output/tracks/best_frames_hires/25_12-20/track_0535_r2.jpg,2  2
25_12-20.mp4,534,26509,2083,1875,2302,2097,0,"Ii
(n
;
1
g
55
2
3","[[""Ii"", 0.16148566378374005, 42.0], [""(n"", 0.19921238531675162, 30.0], ["";"", 0.9354940210235476, 46.0], [""1"", 0.8374838978137547, 24.0], [""g"", 0.7654302691080126, 104.0], [""55"", 0.3947091493016538, 38.0], [""2"", 0.16102758838202647, 12.0], [""3"", 0.9994745944825354, 104.0]]",,,ml/output/tracks/best_frames/25_12-20/track_0534_r1.jpg,ml/output/tracks/best_frames_hires/25_12-20/track_0534_r1.jpg,8
25_12-20.mp4,537,26663,760,1179,911,1296,0,,[],,,ml/output/tracks/best_frames/25_12-20/track_0537_r0.jpg,ml/output/tracks/best_frames_hires/25_12-20/track_0537_r0.jpg,
25_12-20.mp4,535,26663,2108,1350,2346,1645,270,"3(0
(am
70
6.","[[""3(0"", 0.9596656383559636, 294.0], [""(am"", 0.33248290731688984, 124.55866557153684], [""70"", 0.11248261191102746, 68.0], [""6."", 0.11260905749955295, 85.0]]",,,ml/output/tracks/best_frames/25_12-20/track_0535_r0.jpg,ml/output/tracks/best_frames_hires/25_12-20/track_0535_r0.jpg,
25_12-20.mp4,523,26663,554,1102,758,1351,90,"65 :
55:","[[""65 :"", 0.917251706123352, 45.0], [""55:"", 0.4418676294553041, 38.0]]",,,ml/output/tracks/best_frames/25_12-20/track_0523_r1.jpg,ml/output/tracks/best_frames_hires/25_12-20/track_0523_r1.jpg,
25_12-20.mp4,533,26663,2148,0,2421,389,0,[U,"[[""[U"", 0.10638609314098897, 64.0]]",,,ml/output/tracks/best_frames/25_12-20/track_0533_r0.jpg,ml/output/tracks/best_frames_hires/25_12-20/track_0533_r0.jpg,
25_12-20.mp4,532,26663,2088,1754,2318,2001,0,,[],,,ml/output/tracks/best_frames/25_12-20/track_0532_r2.jpg,ml/output/tracks/best_frames_hires/25_12-20/track_0532_r2.jpg,
25_12-20.mp4,534,26663,2077,1889,2296,2117,90,Ll=,"[[""Ll="", 0.5182999398986443, 58.798040587804074]]",,,ml/output/tracks/best_frames/25_12-20/track_0534_r0.jpg,ml/output/tracks/best_frames_hires/25_12-20/track_0534_r0.jpg,
25_12-20.mp4,540,26816,2105,1471,2304,1749,0,"""
=
3
&
7
3
2","[[""\"""", 0.20142890129376667, 100.0], [""="", 0.1144687824550239, 82.0], [""3"", 0.9992055087426621, 142.0], [""&"", 0.6815367716293999, 325.104193681996], [""7"", 0.20912749434673117, 60.5], [""3"", 0.9978655058112942, 139.0], [""2"", 0.9291292360779302, 303.6384044716072]]",,,ml/output/tracks/best_frames/25_12-20/track_0540_r0.jpg,ml/output/tracks/best_frames_hires/25_12-20/track_0540_r0.jpg,3
25_12-20.mp4,532,26816,2087,1811,2328,2061,180,"8
5
8
5","[[""8"", 0.6880682058692855, 176.0], [""5"", 0.7688929068535799, 200.74813133309928], [""8"", 0.986590344585295, 165.0], [""5"", 0.8851248484881502, 193.31294999657507]]",,,ml/output/tracks/best_frames/25_12-20/track_0532_r1.jpg,ml/output/tracks/best_frames_hires/25_12-20/track_0532_r1.jpg,
25_12-20.mp4,539,26816,558,1181,762,1430,270,1199,"[[""1199"", 0.6946867658738466, 48.0]]",,,ml/output/tracks/best_frames/25_12-20/track_0539_r0.jpg,ml/output/tracks/best_frames_hires/25_12-20/track_0539_r0.jpg,
25_12-20.mp4,540,26969,2103,1479,2359,1756,270,"Новинка
B(
m: (B
: : :::
1
178 3","[[""Новинка"", 0.999872351238857, 54.0], [""B("", 0.9143935285142283, 222.0], [""m: (B"", 0.184365095887232, 98.0], ["": : :::"", 0.14121271358298687, 54.0], [""1"", 0.75432257561312, 72.5], [""178 3"", 0.22691288245614194, 94.0]]",,,ml/output/tracks/best_frames/25_12-20/track_0540_r2.jpg,ml/output/tracks/best_frames_hires/25_12-20/track_0540_r2.jpg,
25_12-20.mp4,539,26969,557,1272,769,1526,0,"8
8","[[""8"", 0.9509016917787818, 100.0], [""8"", 0.5569920437197062, 74.0]]",,,ml/output/tracks/best_frames/25_12-20/track_0539_r1.jpg,ml/output/tracks/best_frames_hires/25_12-20/track_0539_r1.jpg,
25_12-20.mp4,542,27122,2152,0,2443,477,270,"1399=
13995","[[""1399="", 0.9326965679240229, 57.0], [""13995"", 0.9563915845370159, 58.5]]",,,ml/output/tracks/best_frames/25_12-20/track_0542_r0.jpg,ml/output/tracks/best_frames_hires/25_12-20/track_0542_r0.jpg,
25_12-20.mp4,540,27122,2101,1536,2357,1833,270,"Новннка
B(
Iiн (:
1
18 :
9.: 91:","[[""Новннка"", 0.7490136062900723, 53.0], [""B("", 0.9117643973047835, 222.0], [""Iiн (:"", 0.16351323656197075, 96.0], [""1"", 0.9938386510320676, 70.0], [""18 :"", 0.4279260549169924, 95.5], [""9.: 91:"", 0.2886258816116113, 53.45212977605257]]",,,ml/output/tracks/best_frames/25_12-20/track_0540_r1.jpg,ml/output/tracks/best_frames_hires/25_12-20/track_0540_r1.jpg,5
25_12-20.mp4,533,27122,2164,3,2304,343,270,"399
1399","[[""399"", 0.9999998623489704, 52.0], [""1399"", 0.9948232054348692, 57.5]]",,,ml/output/tracks/best_frames/25_12-20/track_0533_r2.jpg,ml/output/tracks/best_frames_hires/25_12-20/track_0533_r2.jpg,3
25_12-20.mp4,525,27122,2123,1064,2397,1282,0,UVI,"[[""UVI"", 0.4390412602054808, 19.0]]",,,ml/output/tracks/best_frames/25_12-20/track_0525_r2.jpg,ml/output/tracks/best_frames_hires/25_12-20/track_0525_r2.jpg,
25_12-20.mp4,545,27122,560,1339,775,1587,270,1199,"[[""1199"", 0.9994154572486877, 49.0]]",,,ml/output/tracks/best_frames/25_12-20/track_0545_r1.jpg,ml/output/tracks/best_frames_hires/25_12-20/track_0545_r1.jpg,
25_12-20.mp4,539,27122,549,1175,765,1475,270,1199,"[[""1199"", 0.9998590350151062, 45.0]]",,,ml/output/tracks/best_frames/25_12-20/track_0539_r2.jpg,ml/output/tracks/best_frames_hires/25_12-20/track_0539_r2.jpg,5
25_12-20.mp4,533,27276,2160,39,2304,376,270,"3
4139","[[""3"", 0.9999922514111894, 40.0], [""4139"", 0.6236616969108582, 49.5]]",,,ml/output/tracks/best_frames/25_12-20/track_0533_r1.jpg,ml/output/tracks/best_frames_hires/25_12-20/track_0533_r1.jpg,8
25_12-20.mp4,545,27429,574,1464,794,1709,180,"[кян}
8","[[""[кян}"", 0.1492653428231287, 72.0], [""8"", 0.902530554791614, 98.0]]",,,ml/output/tracks/best_frames/25_12-20/track_0545_r2.jpg,ml/output/tracks/best_frames_hires/25_12-20/track_0545_r2.jpg,6
25_12-20.mp4,545,27582,584,1521,799,1749,180,"5
#
8
'L","[[""5"", 0.9313113441453993, 30.0], [""#"", 0.678545043518298, 64.0], [""8"", 0.9961699036975915, 134.0], [""'L"", 0.2791429155154519, 74.96090602042335]]",,,ml/output/tracks/best_frames/25_12-20/track_0545_r0.jpg,ml/output/tracks/best_frames_hires/25_12-20/track_0545_r0.jpg,5
25_12-20.mp4,548,27735,2144,290,2304,555,180,"1
!
5
@
;
8
'j","[[""1"", 0.812792070966907, 70.0], [""!"", 0.29340493017167546, 26.0], [""5"", 0.8411313607644502, 35.0], [""@"", 0.30632153655284355, 70.0], ["";"", 0.8811910751768472, 24.0], [""8"", 0.7460968763919631, 42.0], [""'j"", 0.3497904959123088, 52.0]]",,,ml/output/tracks/best_frames/25_12-20/track_0548_r0.jpg,ml/output/tracks/best_frames_hires/25_12-20/track_0548_r0.jpg,8 5 5 8 69
25_12-20.mp4,552,27888,3031,227,3094,302,0,,[],,,ml/output/tracks/best_frames/25_12-20/track_0552_r0.jpg,ml/output/tracks/best_frames_hires/25_12-20/track_0552_r0.jpg,
25_12-20.mp4,548,27888,2144,336,2304,605,270,"35:
3
-335 :
13","[[""35:"", 0.8190705720112382, 26.0], [""3"", 0.9999952316341023, 40.0], [""-335 :"", 0.28027487755216096, 26.0], [""13"", 0.9985025070877439, 42.0]]",,,ml/output/tracks/best_frames/25_12-20/track_0548_r1.jpg,ml/output/tracks/best_frames_hires/25_12-20/track_0548_r1.jpg,
25_12-20.mp4,542,28042,2122,325,2405,837,0,"8
1
8
8
5
8
43","[[""8"", 0.9996670761684676, 88.0], [""1"", 0.9805931567501744, 50.0], [""8"", 0.4888621006161351, 202.0], [""8"", 0.9999533897109281, 59.0], [""5"", 0.6867991215585789, 36.0], [""8"", 0.9999846220607687, 99.5], [""43"", 0.785985603793486, 29.0]]",,,ml/output/tracks/best_frames/25_12-20/track_0542_r1.jpg,ml/output/tracks/best_frames_hires/25_12-20/track_0542_r1.jpg,8
25_12-20.mp4,552,28042,3030,241,3094,313,0,,[],,,ml/output/tracks/best_frames/25_12-20/track_0552_r1.jpg,ml/output/tracks/best_frames_hires/25_12-20/track_0552_r1.jpg,
25_12-20.mp4,548,28195,2138,463,2304,740,0,"[
[
'
6
6","[[""["", 0.9659887627310617, 30.0], [""["", 0.16554982369785254, 36.0], [""'"", 0.3319526001544091, 38.0], [""6"", 0.22763906949860857, 59.0], [""6"", 0.9910587563902915, 59.0]]",,,ml/output/tracks/best_frames/25_12-20/track_0548_r2.jpg,ml/output/tracks/best_frames_hires/25_12-20/track_0548_r2.jpg,8 65 4
25_12-20.mp4,563,28501,2133,594,2304,869,270,33 ,"[[""33 "", 0.8908988784776186, 26.0]]",,,ml/output/tracks/best_frames/25_12-20/track_0563_r2.jpg,ml/output/tracks/best_frames_hires/25_12-20/track_0563_r2.jpg,
25_12-20.mp4,556,28501,607,0,813,210,0,,[],,,ml/output/tracks/best_frames/25_12-20/track_0556_r2.jpg,ml/output/tracks/best_frames_hires/25_12-20/track_0556_r2.jpg,
25_12-20.mp4,563,28655,2132,674,2304,958,180,"н
$
h
$","[[""н"", 0.9366664161252771, 30.0], [""$"", 0.9403965411075355, 74.0], [""h"", 0.8627228949077939, 24.0], [""$"", 0.5262986874153199, 58.0]]",,,ml/output/tracks/best_frames/25_12-20/track_0563_r0.jpg,ml/output/tracks/best_frames_hires/25_12-20/track_0563_r0.jpg,7 8 9 1 1
25_12-20.mp4,556,28655,596,5,815,256,0,,[],,,ml/output/tracks/best_frames/25_12-20/track_0556_r0.jpg,ml/output/tracks/best_frames_hires/25_12-20/track_0556_r0.jpg,
25_12-20.mp4,556,28808,601,0,802,231,90,"66
66","[[""66"", 0.99999527955623, 50.0], [""66"", 0.9999790952271377, 62.448520870597015]]",,,ml/output/tracks/best_frames/25_12-20/track_0556_r1.jpg,ml/output/tracks/best_frames_hires/25_12-20/track_0556_r1.jpg,
25_12-20.mp4,563,28808,2133,720,2304,999,0,"[
У
(","[[""["", 0.39537006932386376, 30.0], [""У"", 0.28963687151489026, 22.0], [""("", 0.19373025833773738, 28.0]]",,,ml/output/tracks/best_frames/25_12-20/track_0563_r1.jpg,ml/output/tracks/best_frames_hires/25_12-20/track_0563_r1.jpg,8
25_12-20.mp4,568,28808,661,1903,876,2115,180,3,"[[""3"", 0.9841622407024921, 105.94205048004598]]",,,ml/output/tracks/best_frames/25_12-20/track_0568_r0.jpg,ml/output/tracks/best_frames_hires/25_12-20/track_0568_r0.jpg,
25_12-20.mp4,568,28961,669,1947,878,2126,270,"4
199","[[""4"", 0.9812708629192599, 24.0], [""199"", 0.9892628524290004, 43.7414442211778]]",,,ml/output/tracks/best_frames/25_12-20/track_0568_r1.jpg,ml/output/tracks/best_frames_hires/25_12-20/track_0568_r1.jpg,
25_12-20.mp4,572,29114,2148,14,2396,284,0,,[],,,ml/output/tracks/best_frames/25_12-20/track_0572_r0.jpg,ml/output/tracks/best_frames_hires/25_12-20/track_0572_r0.jpg,
25_12-20.mp4,572,29268,2146,60,2399,350,0,,[],,,ml/output/tracks/best_frames/25_12-20/track_0572_r2.jpg,ml/output/tracks/best_frames_hires/25_12-20/track_0572_r2.jpg,
25_12-20.mp4,572,29421,2144,124,2399,410,90,"Lg
Uan
aDJ
тnu
оп
01
21","[[""Lg"", 0.8432839960834227, 24.0], [""Uan"", 0.4380517899990082, 14.0], [""aDJ"", 0.20882857875829727, 14.0], [""тnu"", 0.1555886603955701, 8.0], [""оп"", 0.9146243563409951, 16.0], [""01"", 0.9412721576103281, 12.0], [""21"", 0.15562730700157626, 13.0]]",,,ml/output/tracks/best_frames/25_12-20/track_0572_r1.jpg,ml/output/tracks/best_frames_hires/25_12-20/track_0572_r1.jpg,288 8
25_12-20.mp4,580,29727,578,191,766,450,0,,[],,,ml/output/tracks/best_frames/25_12-20/track_0580_r0.jpg,ml/output/tracks/best_frames_hires/25_12-20/track_0580_r0.jpg,
25_12-20.mp4,581,29727,2109,1131,2304,1417,0,"#
;
#
!
;
27
1
1
[
1
2
ё
aZatg","[[""#"", 0.35100423323689256, 26.0], ["";"", 0.7421331008098129, 28.0], [""#"", 0.6419340035867869, 49.0], [""!"", 0.20001340340680773, 50.0], ["";"", 0.9618826524337152, 24.0], [""27"", 0.11841170781984316, 50.0], [""1"", 0.6886706398690059, 60.0], [""1"", 0.7291134772096406, 26.0], [""["", 0.2836477610141266, 74.0], [""1"", 0.1449881289138375, 111.0], [""2"", 0.7195842381877107, 198.0], [""ё"", 0.8589571585026903, 50.0], [""aZatg"", 0.3182801993348819, 26.0]]",,,ml/output/tracks/best_frames/25_12-20/track_0581_r0.jpg,ml/output/tracks/best_frames_hires/25_12-20/track_0581_r0.jpg,
25_12-20.mp4,583,29880,1540,932,1611,1058,270,ТРАыI Ес,"[[""ТРАыI Ес"", 0.09836391907355606, 8.0]]",,,ml/output/tracks/best_frames/25_12-20/track_0583_r1.jpg,ml/output/tracks/best_frames_hires/25_12-20/track_0583_r1.jpg,2
25_12-20.mp4,580,29880,570,266,756,513,0,,[],,,ml/output/tracks/best_frames/25_12-20/track_0580_r1.jpg,ml/output/tracks/best_frames_hires/25_12-20/track_0580_r1.jpg,
25_12-20.mp4,581,29880,2110,1228,2303,1490,90,"UuL
Illi
66 (
~SDlZ","[[""UuL"", 0.1838628563959052, 8.0], [""Illi"", 0.7469684481620789, 24.0], [""66 ("", 0.9948355280481574, 24.0], [""~SDlZ"", 0.7449850082941719, 16.0]]",,,ml/output/tracks/best_frames/25_12-20/track_0581_r1.jpg,ml/output/tracks/best_frames_hires/25_12-20/track_0581_r1.jpg,
25_12-20.mp4,586,29880,2094,1373,2351,1864,270,"ИЧI
""@
'nEunrio 
Елъа
пнтгася ПОР'ТВЕКН 
lliia
""Leл
1257
гыгертое
арплр ""p
75L
[Испзv
99
1052
IIII
329
99
713'
za
Пгп
КзкпЕпэ
IY-бttнcm) 
15
1: 6:
207762  2
3
2 2
 7:6    0 751
/  
99
1052 
1..
329
99
34
713
16
57
 61
:3/9 /:","[[""ИЧI"", 0.44153985381126404, 46.0], [""\""@"", 0.1345898961184547, 16.0], [""'nEunrio "", 0.26373324812538634, 14.0], [""Елъа"", 0.24242961406707764, 16.0], [""пнтгася ПОР'ТВЕКН "", 0.15614415688087266, 24.0], [""lliia"", 0.19027347605520786, 24.0], [""\""Leл"", 0.14743152260780334, 12.0], [""1257"", 0.42297399044036865, 12.0], [""гыгертое"", 0.6284861283477826, 19.0], [""арплр \""p"", 0.427829456276531, 19.0], [""75L"", 0.7426617974141986, 16.0], [""[Испзv"", 0.5702200205684848, 19.0], [""99"", 0.9565894865519766, 28.0], [""1052"", 0.7416639743903161, 16.0], [""IIII"", 0.9288530945777893, 26.0], [""329"", 0.9581215051663671, 30.0], [""99"", 0.9966271388582832, 20.0], [""713'"", 0.9223586320877075, 62.0], [""za"", 0.2077152156367103, 16.664100588675694], [""Пгп"", 0.35947888691391644, 18.72386843031552], [""КзкпЕпэ"", 0.21969240420784192, 25.64146590985044], [""IY-бttнcm) "", 0.1814678233323275, 24.611442075295713], [""15"", 0.22615085848016386, 8.5], [""1: 6:"", 0.22115573003101544, 10.0], [""207762  2"", 0.16723177081257845, 20.0], [""3"", 0.2650010716746607, 12.0], [""2 2"", 0.45836857938283787, 9.0], ["" 7:6    0 751"", 0.2596184627053439, 26.0], [""/  "", 0.6106188959564821, 16.5], [""99"", 0.5540764274264359, 20.0], [""1052 "", 0.984545715540826, 19.5], [""1.."", 0.41743623976114463, 21.0], [""329"", 0.9999505877494812, 27.5], [""99"", 0.999999915706304, 20.0], [""34"", 0.9998802445639158, 24.0], [""713"", 1.0, 63.5], [""16"", 0.30570656512865185, 13.0], [""57"", 0.2204893993537466, 10.0], ["" 61"", 0.05487860544191174, 18.863439934105088], ["":3/9 /:"", 0.17831736088535158, 20.89055372888982]]",,,ml/output/tracks/best_frames/25_12-20/track_0586_r0.jpg,ml/output/tracks/best_frames_hires/25_12-20/track_0586_r0.jpg,0 ::8 2 7 2 6 8 1
25_12-20.mp4,591,30034,550,406,757,695,0,,[],,,ml/output/tracks/best_frames/25_12-20/track_0591_r1.jpg,ml/output/tracks/best_frames_hires/25_12-20/track_0591_r1.jpg,
25_12-20.mp4,542,30034,2095,1209,2362,1735,180,"&
#
Na
g
!
#
$
2
5
[
i
g
8
1
[
I
;
{
а
1
[
'
2
!
Ё
'
1
8
1
8
1
1
6
8
1
3
6
5
7
3
1
31
3
 3
:","[[""&"", 0.6395744649839941, 24.0], [""#"", 0.35406823144800015, 30.0], [""Na"", 0.09756537448791025, 68.0], [""g"", 0.6977461521419315, 30.0], [""!"", 0.528883690522207, 67.0], [""#"", 0.9576564927202504, 24.0], [""$"", 0.16521592331040225, 109.0], [""2"", 0.22520325479673886, 34.0], [""5"", 0.9928615390092297, 28.0], [""["", 0.4472512604725729, 57.0], [""i"", 0.6871110456004068, 89.0], [""g"", 0.9781564140463992, 48.0], [""8"", 0.9955026522796437, 119.0], [""1"", 0.860848121989477, 74.0], [""["", 0.5274604365368418, 30.0], [""I"", 0.9975806820047275, 62.0], ["";"", 0.997126024586592, 24.0], [""{"", 0.4370071473896395, 46.0], [""а"", 0.3091531604897604, 93.0], [""1"", 0.2097601002025664, 34.0], [""["", 0.22977125168432622, 202.0], [""'"", 0.3147749598064742, 40.0], [""2"", 0.3744277030216523, 28.0], [""!"", 0.19954334555056708, 60.97187711526891], [""Ё"", 0.12754400175369085, 43.945612429370726], [""'"", 0.2588150613929976, 56.967739820199796], [""1"", 0.984360102165752, 25.0], [""8"", 0.35758716445329597, 51.0], [""1"", 0.9995525383937007, 45.0], [""8"", 0.999918224099261, 117.5], [""1"", 0.45786311085578646, 51.0], [""1"", 0.1670207973855975, 21.0], [""6"", 0.9971536415622637, 26.0], [""8"", 0.35806921662882374, 21.0], [""1"", 0.26811798535007725, 80.5], [""3"", 0.5129986115903762, 32.0], [""6"", 0.8905579071087146, 11.0], [""5"", 0.2976581539198584, 34.0], [""7"", 0.5660343380112955, 15.0], [""3"", 0.2812102736397861, 52.0], [""1"", 0.9891152177948612, 50.5], [""31"", 0.41455777438455993, 66.0], [""3"", 0.7619031263563194, 16.0], ["" 3"", 0.09434672782476483, 56.0], ["":"", 0.7349828838819441, 30.970920231488662]]",,,ml/output/tracks/best_frames/25_12-20/track_0542_r2.jpg,ml/output/tracks/best_frames_hires/25_12-20/track_0542_r2.jpg,6 2 2 5 1 65 5 1 3 9 3 87
25_12-20.mp4,580,30034,571,302,754,583,0,,[],,,ml/output/tracks/best_frames/25_12-20/track_0580_r2.jpg,ml/output/tracks/best_frames_hires/25_12-20/track_0580_r2.jpg,
25_12-20.mp4,586,30034,2090,1435,2303,1908,180,"2
ё1
3
I
g
L
;
2
5
Ii
j
{
[
!
{
ё
4
45
1
4
50","[[""2"", 0.3371325863477104, 23.0], [""ё1"", 0.23684776353790082, 52.0], [""3"", 0.8492922592272976, 37.0], [""I"", 0.9978930139419049, 67.0], [""g"", 0.7937191936398449, 28.0], [""L"", 0.059729900637614186, 67.0], ["";"", 0.9669889035301971, 24.0], [""2"", 0.30706172801819775, 126.0], [""5"", 0.9991621342727655, 30.0], [""Ii"", 0.45856582048360767, 75.0], [""j"", 0.7927390150880456, 91.0], [""{"", 0.3238742248222515, 60.97187711526893], [""["", 0.6904422785901829, 60.93982809858525], [""!"", 0.7917919009412486, 62.973655330211045], [""{"", 0.2673166933423232, 56.96773982019977], [""ё"", 0.6667310545026375, 20.769836444763996], [""4"", 0.9358796251057733, 17.0], [""45"", 0.8135372695150849, 27.0], [""1"", 0.8541037716907205, 17.0], [""4"", 0.4762149953177506, 25.0], [""50"", 0.8395431407652576, 15.0]]",,,ml/output/tracks/best_frames/25_12-20/track_0586_r2.jpg,ml/output/tracks/best_frames_hires/25_12-20/track_0586_r2.jpg,4 4 1 7 : 2 5
25_12-20.mp4,581,30034,2106,1297,2303,1563,270,"пншъ
1ЕГ7
52
срП-
IYs6c
99
[IIII
па
:.
1-64
7 2
99
.
4:","[[""пншъ"", 0.2050562659803569, 8.0], [""1ЕГ7"", 0.13205209374427795, 12.0], [""52"", 0.9918745182284908, 16.0], [""срП-"", 0.5089522004127502, 14.0], [""IYs6c"", 0.3987348119357189, 17.0], [""99"", 0.9999984827137908, 28.0], [""[IIII"", 0.933218485174486, 18.0], [""па"", 0.10657429973458117, 16.664100588675694], ["":."", 0.9237962478110955, 11.0], [""1-64"", 0.833047091960907, 14.0], [""7 2"", 0.1434482470095693, 9.0], [""99"", 0.9999984827137908, 19.0], [""."", 0.8621226483005309, 19.0], [""4:"", 0.08347290292787062, 8.0]]",,,ml/output/tracks/best_frames/25_12-20/track_0581_r2.jpg,ml/output/tracks/best_frames_hires/25_12-20/track_0581_r2.jpg,8 23 5 : :
25_12-20.mp4,583,30034,1536,998,1608,1118,270,танытаг,"[[""танытаг"", 0.1826907266213447, 7.68]]",,,ml/output/tracks/best_frames/25_12-20/track_0583_r0.jpg,ml/output/tracks/best_frames_hires/25_12-20/track_0583_r0.jpg,
25_12-20.mp4,586,30187,2072,1564,2326,2019,0,"g
[i
5
[
aEira
g
8
1
##
i
1
₽
₽
1
1
€
2
3
4
7
2
1
4
8
3
5
1","[[""g"", 0.9520569461692254, 57.0], [""[i"", 0.8074853757950233, 93.0], [""5"", 0.9202813847835536, 28.0], [""["", 0.7257631311063086, 132.0], [""aEira"", 0.029570977477280245, 90.0], [""g"", 0.1300220395044107, 40.0], [""8"", 0.943184498676203, 24.0], [""1"", 0.968617846475528, 63.0], [""##"", 0.05483804247047326, 54.0], [""i"", 0.9513009223383051, 69.0], [""1"", 0.9987316579594427, 56.967739820199824], [""₽"", 0.56091218148282, 34.91404880886694], [""₽"", 0.608587238028818, 46.95237412036789], [""1"", 0.31609532428730347, 62.973655330211045], [""1"", 0.3031631082383832, 67.97743100844954], [""€"", 0.17927559772721313, 38.93072678605654], [""2"", 0.06642418820740037, 48.95621185796972], [""3"", 0.15668670171977794, 58.935479640399535], [""4"", 0.8359461697145889, 68.5], [""7"", 0.320640172238118, 32.0], [""2"", 0.8706697980678655, 36.0], [""1"", 0.9959737140535516, 68.5], [""4"", 0.9777572449662877, 25.0], [""8"", 0.23140796953526888, 36.46713310127909], [""3"", 0.9247431218204873, 60.984698895796896], [""5"", 0.9588323006433406, 49.476064888026315], [""1"", 0.35966265002167574, 61.48496235278276]]",,,ml/output/tracks/best_frames/25_12-20/track_0586_r1.jpg,ml/output/tracks/best_frames_hires/25_12-20/track_0586_r1.jpg,9 : 4 2 4
25_12-20.mp4,596,30187,602,0,801,221,180,"8
8
8","[[""8"", 0.9977678609635667, 22.0], [""8"", 0.9993342077653011, 95.0], [""8"", 0.9986411184249597, 101.48325008164633]]",,,ml/output/tracks/best_frames/25_12-20/track_0596_r1.jpg,ml/output/tracks/best_frames_hires/25_12-20/track_0596_r1.jpg,
25_12-20.mp4,589,30187,2111,570,2304,849,180,"g ig
;
1
1
!
8
'
д
{
!
1
2
1
6
8
5
3
2
8
7
1","[[""g ig"", 0.3988100411991867, 50.0], ["";"", 0.9878532072352897, 26.0], [""1"", 0.9658614090899533, 85.0], [""1"", 0.7497556279943183, 68.0], [""!"", 0.9906811680242846, 59.0], [""8"", 0.8914384141563438, 153.0], [""'"", 0.28003474245949533, 45.0], [""д"", 0.8039967507261849, 24.0], [""{"", 0.8828277572664689, 61.0], [""!"", 0.604508804407434, 55.96656400996892], [""1"", 0.9953087880116449, 86.5], [""2"", 0.7270248070695153, 36.5], [""1"", 0.5539717656685674, 88.5], [""6"", 0.9211205137374954, 14.0], [""8"", 0.978676776470877, 145.5], [""5"", 0.8856531697213121, 18.0], [""3"", 0.8920210819170826, 46.5], [""2"", 0.4185512519402579, 59.5], [""8"", 0.5044368874067438, 31.45487107393894], [""7"", 0.9226558640776297, 26.9369412592128], [""1"", 0.9097557454808793, 59.992609537949875]]",,,ml/output/tracks/best_frames/25_12-20/track_0589_r2.jpg,ml/output/tracks/best_frames_hires/25_12-20/track_0589_r2.jpg,
25_12-20.mp4,600,30340,2390,0,2485,51,0,,[],,,ml/output/tracks/best_frames/25_12-20/track_0600_r1.jpg,ml/output/tracks/best_frames_hires/25_12-20/track_0600_r1.jpg,
25_12-20.mp4,599,30340,1526,1196,1600,1292,0,,[],,,ml/output/tracks/best_frames/25_12-20/track_0599_r0.jpg,ml/output/tracks/best_frames_hires/25_12-20/track_0599_r0.jpg,
25_12-20.mp4,596,30340,600,0,802,222,0,"8
8","[[""8"", 0.8843423030897526, 22.0], [""8"", 0.18784602679284035, 139.96354569619092]]",,,ml/output/tracks/best_frames/25_12-20/track_0596_r0.jpg,ml/output/tracks/best_frames_hires/25_12-20/track_0596_r0.jpg,
25_12-20.mp4,602,30340,2137,434,2302,621,0,"g
i#
Ё
g
1
;
1
{
#
1
1
g
5
;
:
5
5
1
8
4 3","[[""g"", 0.23611258132791946, 26.0], [""i#"", 0.11479002075765629, 42.0], [""Ё"", 0.299694591438854, 56.0], [""g"", 0.8036947078412737, 206.0], [""1"", 0.5944698109388789, 73.0], ["";"", 0.45562219977809093, 26.0], [""1"", 0.5668214391069029, 57.0], [""{"", 0.5387202531488242, 26.0], [""#"", 0.8494467290860399, 54.0], [""1"", 0.9386335118164233, 85.0], [""1"", 0.9931057719615275, 99.0], [""g"", 0.11494582543104404, 48.0], [""5"", 0.19378438464418313, 32.90341723552109], ["";"", 0.30793907059182857, 38.93072678605654], ["":"", 0.24589384907432432, 60.5], [""5"", 0.46495382776265615, 22.0], [""5"", 0.9254294596346746, 53.0], [""1"", 0.5272827944647815, 110.5], [""8"", 0.9997735151751499, 28.0], [""4 3"", 0.40355811332772706, 57.0]]",,,ml/output/tracks/best_frames/25_12-20/track_0602_r1.jpg,ml/output/tracks/best_frames_hires/25_12-20/track_0602_r1.jpg,8 :
25_12-20.mp4,602,30493,2135,486,2303,692,270,"Duнa
СОПНЕЧНАЯ
ДОПИНА Kpin
Чт
Лнчp Крuu згу
пудср 
Геп 
0. T5L
189ая
31
шJ
'%a}
129995
гатаь
IIl
uiE
Paвrn
cat
[Росcu)
Iazя;
5 5 
319
3: 
112999
255: 
67
1.0:
9
7
13","[[""Duнa"", 0.4260612726211548, 14.0], [""СОПНЕЧНАЯ"", 0.8120043701248765, 21.0], [""ДОПИНА Kpin"", 0.45502270166892506, 18.0], [""Чт"", 0.22207304588313176, 14.0], [""Лнчp Крuu згу"", 0.16687906906796116, 17.0], [""пудср "", 0.22091466546633703, 15.0], [""Геп "", 0.10404130816459656, 14.0], [""0. T5L"", 0.6951408135303423, 16.0], [""189ая"", 0.3120339935731144, 16.0], [""31"", 0.9999946052076528, 26.0], [""шJ"", 0.37165466374976647, 8.0], [""'%a}"", 0.18436987698078156, 26.0], [""129995"", 0.5002588793691364, 52.0], [""гатаь"", 0.06793513014373616, 12.0], [""IIl"", 0.5670397941577148, 20.0], [""uiE"", 0.6358245758490115, 12.0], [""Paвrn"", 0.1856380418958189, 15.627466942413463], [""cat"", 0.15769312835562807, 13.53644255919474], [""[Росcu)"", 0.5941503575828777, 20.769836444763968], [""Iazя;"", 0.12596803284791713, 18.72386843031552], [""5 5 "", 0.4369528591632843, 13.0], [""319"", 0.9999965587250227, 26.0], [""3: "", 0.5857876997522261, 19.5], [""112999"", 0.6862620219791788, 52.0], [""255: "", 0.12387465362257541, 14.0], [""67"", 0.2710549012617154, 8.0], [""1.0:"", 0.17892169952392578, 15.0], [""9"", 0.7538325188890873, 36.0], [""7"", 0.2887300322030093, 11.788854381999826], [""13"", 0.9306466499540236, 10.748314552243073]]",,,ml/output/tracks/best_frames/25_12-20/track_0602_r2.jpg,ml/output/tracks/best_frames_hires/25_12-20/track_0602_r2.jpg,
25_12-20.mp4,599,30493,1537,1254,1609,1296,0,,[],,,ml/output/tracks/best_frames/25_12-20/track_0599_r1.jpg,ml/output/tracks/best_frames_hires/25_12-20/track_0599_r1.jpg,
25_12-20.mp4,606,30493,1536,1253,1598,1377,0,,[],,,ml/output/tracks/best_frames/25_12-20/track_0606_r1.jpg,ml/output/tracks/best_frames_hires/25_12-20/track_0606_r1.jpg,
25_12-20.mp4,600,30493,2382,1,2495,102,0,,[],,,ml/output/tracks/best_frames/25_12-20/track_0600_r0.jpg,ml/output/tracks/best_frames_hires/25_12-20/track_0600_r0.jpg,
25_12-20.mp4,589,30493,2120,680,2382,974,270,"тъна
JциЕтп ЫцА
ИЕт
1894""
)999
18943
5 5 
999","[[""тъна"", 0.14440004527568817, 8.0], [""JциЕтп ЫцА"", 0.13510152428841943, 13.0], [""ИЕт"", 0.11375927762390653, 8.0], [""1894\"""", 0.9234201314218285, 14.0], ["")999"", 0.9542554020881653, 48.0], [""18943"", 0.997496470788909, 16.0], [""5 5 "", 0.17184328195230544, 12.5], [""999"", 0.9260171423257184, 45.0]]",,,ml/output/tracks/best_frames/25_12-20/track_0589_r1.jpg,ml/output/tracks/best_frames_hires/25_12-20/track_0589_r1.jpg,8 7 /: :
25_12-20.mp4,606,30647,1536,1318,1604,1435,0,,[],,,ml/output/tracks/best_frames/25_12-20/track_0606_r0.jpg,ml/output/tracks/best_frames_hires/25_12-20/track_0606_r0.jpg,
25_12-20.mp4,612,30647,2087,1609,2304,1964,270,"пиEtя ПОРТ
Igia
Бмi цлЕтсс
1LET
ПОМЕЕКН
Дгtгm
ХEPЕС
орпинар
Крмч
[Узысшлаи)
T5L
(Ман
1052
32Ч0
99
1 ,
Iz_
713
пно
гитсаное
#амлълз
[ad
Til
1
 56- -  0 751
628
 4/ 
1052
329
99
34
:
7139
22
381
18 99
55
1
2:","[[""пиEtя ПОРТ"", 0.1484287308417285, 27.0], [""Igia"", 0.5583361387252808, 24.0], [""Бмi цлЕтсс"", 0.19892142402495852, 26.0], [""1LET"", 0.2614641487598419, 14.0], [""ПОМЕЕКН"", 0.2035572364419256, 19.0], [""Дгtгm"", 0.1971076033502627, 14.0], [""ХEPЕС"", 0.24186895175644751, 21.0], [""орпинар"", 0.7956340411191024, 15.0], [""Крмч"", 0.9562126994132996, 16.0], [""[Узысшлаи)"", 0.13547793957618134, 21.0], [""T5L"", 0.4069947242993837, 16.0], [""(Ман"", 0.8886080384254456, 16.0], [""1052"", 0.9993929266929626, 16.0], [""32Ч0"", 0.5684045553207397, 28.0], [""99"", 0.9935383605656516, 18.0], [""1 ,"", 0.5033009052276611, 6.0], [""Iz_"", 0.03558239843292226, 8.0], [""713"", 0.9999984858388146, 62.0], [""пно"", 0.456566036897671, 14.585247978209225], [""гитсаное"", 0.2776522373617693, 19.748314552243073], [""#амлълз"", 0.4415509297703854, 21.78885438199984], [""[ad"", 0.34195774257908096, 24.611442075295713], [""Til"", 0.29031041827111387, 21.496629104486146], [""1"", 0.5554165546767678, 5.5], ["" 56- -  0 751"", 0.6407938154399948, 23.0], [""628"", 0.8523589828930643, 21.5], ["" 4/ "", 0.2414051592350006, 21.0], [""1052"", 0.9998887777328491, 20.0], [""329"", 0.9679133296012878, 30.0], [""99"", 0.9999989041821146, 20.0], [""34"", 0.9999979769518709, 22.0], ["":"", 0.8421422076732519, 20.0], [""7139"", 0.9951227307319641, 64.5], [""22"", 0.38778013937312733, 13.0], [""381"", 0.05812117606345903, 23.374655464176186], [""18 99"", 0.19861689747636796, 30.43064661499389], [""55"", 0.34905415098623915, 21.90122361178794], [""1"", 0.27532746421630705, 21.39609017908481], [""2:"", 0.29222558686406713, 26.4047482407358]]",,,ml/output/tracks/best_frames/25_12-20/track_0612_r2.jpg,ml/output/tracks/best_frames_hires/25_12-20/track_0612_r2.jpg,4 1 4 2 5 : 4 .
25_12-20.mp4,591,30647,532,641,747,929,0,"8
=
d
Ё
=
8
5
9
1
1
27
8
:
:
5
6
7
8
5","[[""8"", 0.32292303390546806, 48.0], [""="", 0.18358060371179707, 32.0], [""d"", 0.7134237051208778, 106.0], [""Ё"", 0.29328322469712376, 26.0], [""="", 0.3412155736078972, 58.0], [""8"", 0.9714408351736417, 24.0], [""5"", 0.9310165140746598, 30.0], [""9"", 0.7091575475553782, 48.0], [""1"", 0.43909078928039946, 76.98245580136529], [""1"", 0.2724593117736873, 52.96262749935431], [""27"", 0.15690930314143164, 32.0], [""8"", 0.940288571873257, 48.0], ["":"", 0.340724200633705, 82.5], ["":"", 0.4386102499106279, 23.0], [""5"", 0.9033021837047137, 10.0], [""6"", 0.9891117795946549, 107.0], [""7"", 0.8331831910155394, 23.0], [""8"", 0.9984557634441025, 23.0], [""5"", 0.9850722368173734, 36.0]]",,,ml/output/tracks/best_frames/25_12-20/track_0591_r0.jpg,ml/output/tracks/best_frames_hires/25_12-20/track_0591_r0.jpg,2 7 7 3 8 5
25_12-20.mp4,602,30647,2129,574,2304,801,180,"?
5
1
{
li
'
2
!
1
2
8 1
1
5
:
6
8

5
1","[[""?"", 0.7817987425252717, 24.0], [""5"", 0.10964725318677893, 48.0], [""1"", 0.9153570577044299, 85.0], [""{"", 0.8974108616020118, 66.0], [""li"", 0.6547067854440345, 92.0], [""'"", 0.8340061283895608, 26.0], [""2"", 0.45617967787643465, 158.0], [""!"", 0.5440873034442575, 40.0], [""1"", 0.9755696293614733, 61.94184046297741], [""2"", 0.8835150585562168, 27.0], [""8 1"", 0.2715324508799034, 55.0], [""1"", 0.9989389612953268, 86.5], [""5"", 0.35705963277086994, 36.5], ["":"", 0.3029626205676692, 97.5], [""6"", 0.995636465316295, 14.0], [""8"", 0.9765075688810612, 144.0], ["""", 0.0, 20.0], [""5"", 0.9997447891962885, 18.41404880886695], [""1"", 0.2150497764247925, 28.443941249031468]]",,,ml/output/tracks/best_frames/25_12-20/track_0602_r0.jpg,ml/output/tracks/best_frames_hires/25_12-20/track_0602_r0.jpg,
25_12-20.mp4,607,30647,552,1127,752,1296,90,"олниао
0 :010","[[""олниао"", 0.7796442801868547, 24.0], [""0 :010"", 0.08763239812011576, 26.5]]",,,ml/output/tracks/best_frames/25_12-20/track_0607_r1.jpg,ml/output/tracks/best_frames_hires/25_12-20/track_0607_r1.jpg,
25_12-20.mp4,591,30800,533,714,746,998,180,"I
g
=
8
#
9
;
'
#
2
1","[[""I"", 0.36168298503093865, 26.0], [""g"", 0.38313335088447786, 30.0], [""="", 0.827148080031467, 36.0], [""8"", 0.9880472920397096, 24.0], [""#"", 0.17862537218385288, 24.0], [""9"", 0.6658631734507168, 102.0], ["";"", 0.5678009418942374, 22.0], [""'"", 0.8125986308741631, 48.0], [""#"", 0.29143029622815675, 40.0], [""2"", 0.12264275177257389, 30.890745963252527], [""1"", 0.12104691662893075, 66.97674339530124]]",,,ml/output/tracks/best_frames/25_12-20/track_0591_r2.jpg,ml/output/tracks/best_frames_hires/25_12-20/track_0591_r2.jpg,03 8
25_12-20.mp4,612,30800,2067,1609,2346,2005,180,"[
а
а
g
8
;
$
в
|
5
Ё
i
&
Ё
!
1
:
1
Е
3
1
5
7
8
8
5
1
83
1
:
1
8","[[""["", 0.374710125415195, 69.0], [""а"", 0.8818456105663621, 34.0], [""а"", 0.714126488929967, 37.0], [""g"", 0.9706636457446258, 44.0], [""8"", 0.340933681722678, 28.0], ["";"", 0.6390983516951998, 24.0], [""$"", 0.4674891666150529, 128.0], [""в"", 0.43480684836484684, 32.0], [""|"", 0.28794761323212015, 59.0], [""5"", 0.9999853373111343, 28.0], [""Ё"", 0.8349475457943392, 55.0], [""i"", 0.11339711064736324, 87.0], [""&"", 0.8593685363271995, 30.0], [""Ё"", 0.2700777962737142, 47.90053142316583], [""!"", 0.4974215682872263, 63.97448224142529], [""1"", 0.29811112256519223, 58.935479640399635], ["":"", 0.5412053943979487, 69.95486201689903], [""1"", 0.9460739787239767, 56.96773982019977], [""Е"", 0.896093914552921, 46.95237412036795], [""3"", 0.4142092047543464, 25.0], [""1"", 0.9881531106496801, 69.5], [""5"", 0.9271723595976624, 14.0], [""7"", 0.8056705570196563, 23.0], [""8"", 0.9051494500173227, 110.0], [""8"", 0.9992138500948045, 18.0], [""5"", 0.9999688866174417, 29.0], [""1"", 0.9999587540111321, 82.5], [""83"", 0.1777101449064587, 58.5], [""1"", 0.9983164011713406, 62.99331504246463], ["":"", 0.550199520263309, 43.977937632651575], [""1"", 0.9970757912406611, 58.49221423391448], [""8"", 0.44231017310611165, 34.47674339530124]]",,,ml/output/tracks/best_frames/25_12-20/track_0612_r1.jpg,ml/output/tracks/best_frames_hires/25_12-20/track_0612_r1.jpg,2 5 1 8 1 : 1 : 4
25_12-20.mp4,607,30800,549,1145,744,1296,270,винка,"[[""винка"", 0.9996527184158677, 24.0]]",,,ml/output/tracks/best_frames/25_12-20/track_0607_r0.jpg,ml/output/tracks/best_frames_hires/25_12-20/track_0607_r0.jpg,
25_12-20.mp4,612,30953,2063,1661,2346,2083,180,"1
!
'
[
₽:
ЯЁ}
&
g
=
;
$
8
5
Ё
j
&
g
1
2
=
2
'
Е
{
8
1
8
1
6
7
9
1
8
1
2
8
5
53
9
1","[[""1"", 0.3051558275216202, 69.0], [""!"", 0.10037849761970197, 36.0], [""'"", 0.31034559818186835, 36.0], [""["", 0.4917321083443227, 63.0], [""₽:"", 0.5819530886797948, 26.0], [""ЯЁ}"", 0.12619888229058046, 26.0], [""&"", 0.9994039231963292, 24.0], [""g"", 0.23172187042570158, 40.0], [""="", 0.2598498718605846, 56.0], ["";"", 0.3535079339400262, 24.0], [""$"", 0.14748429371551097, 109.0], [""8"", 0.27584619428176893, 32.0], [""5"", 0.9906144864167779, 28.0], [""Ё"", 0.9343478256936386, 55.0], [""j"", 0.5332566198256394, 87.0], [""&"", 0.9879111463071446, 40.0], [""g"", 0.21074977708224552, 48.9047482407358], [""1"", 0.5511070360889789, 55.96656400996892], [""2"", 0.6296935300553095, 46.95237412036789], [""="", 0.921110216763342, 33.90895995607002], [""2"", 0.457969270385977, 67.97743100844957], [""'"", 0.4274325533784271, 46.95237412036795], [""Е"", 0.8178546050557998, 43.94561242937078], [""{"", 0.8388904831924862, 56.96773982019977], [""8"", 0.9950094653632391, 25.0], [""1"", 0.9696461108643781, 13.0], [""8"", 0.9629610299883531, 35.0], [""1"", 0.5653331100802461, 68.5], [""6"", 0.7304987921043562, 12.0], [""7"", 0.577879698654872, 23.0], [""9"", 0.387475531555058, 112.5], [""1"", 0.8402049292353695, 99.0], [""8"", 0.9999364624579563, 18.0], [""1"", 0.8616892544755537, 78.5], [""2"", 0.47305964341166273, 53.5], [""8"", 0.9785893911964685, 34.5], [""5"", 0.9961268331211528, 29.0], [""53"", 0.4095661176974128, 16.0], [""9"", 0.2001692700023563, 36.954862016899064], [""1"", 0.7213447567124263, 56.49163596201504]]",,,ml/output/tracks/best_frames/25_12-20/track_0612_r0.jpg,ml/output/tracks/best_frames_hires/25_12-20/track_0612_r0.jpg,55 : 5 3 1 2 4 : 5 1
25_12-20.mp4,589,30953,2113,927,2373,1217,270,"саmнчыну
шатцашщкь
gъza
Vырu
Jhitw
JГ Гссг
н_tшa
[Росьт)
T3L
1аа
21053
33%
39939
Аы
ясъun
~ru
шнэ
ЛЮЩШШПЩ
zir0ts
п;
кa_
.: 
255-
21053
76
339
97 6
1139999
1 9
765-2
558.
5153
8
9
12012","[[""саmнчыну"", 0.23630156517260156, 8.0], [""шатцашщкь"", 0.06808726902279107, 8.0], [""gъza"", 0.3324580192565918, 26.0], [""Vырu"", 0.020787755027413368, 8.0], [""Jhitw"", 0.36728233761503654, 8.0], [""JГ Гссг"", 0.35720301602382276, 14.0], [""н_tшa"", 0.13035257824903068, 8.0], [""[Росьт)"", 0.3899293182976875, 16.0], [""T3L"", 0.9816424660095987, 12.0], [""1аа"", 0.05473682244711075, 8.0], [""21053"", 0.7652003345485509, 16.0], [""33%"", 0.4220642718697351, 30.0], [""39939"", 0.9549740777090006, 52.0], [""Аы"", 0.3868908617009286, 6.0], [""ясъun"", 0.057333690785169145, 8.0], [""~ru"", 0.023804496773069943, 6.0], [""шнэ"", 0.2813519537133432, 14.0], [""ЛЮЩШШПЩ"", 0.03707631503358164, 41.0], [""zir0ts"", 0.1386906071215051, 12.0], [""п;"", 0.16088137252090026, 11.414213562373106], [""кa_"", 0.05477392218885905, 13.536442559194768], ["".: "", 0.5301482900506355, 13.0], [""255-"", 0.31188639998435974, 12.0], [""21053"", 0.7321582593089634, 18.0], [""76"", 0.14026444133377533, 7.0], [""339"", 0.9998881593753898, 26.0], [""97 6"", 0.3722968684497066, 9.0], [""1139999"", 0.9730839355272783, 51.5], [""1 9"", 0.7806815582413399, 9.0], [""765-2"", 0.11749709798663546, 10.0], [""558."", 0.15163470804691315, 8.0], [""5153"", 0.3990011513233185, 9.5], [""8"", 0.4558893056448632, 13.0], [""9"", 0.3304244530423581, 39.5], [""12012"", 0.5373316110524805, 13.0]]",,,ml/output/tracks/best_frames/25_12-20/track_0589_r0.jpg,ml/output/tracks/best_frames_hires/25_12-20/track_0589_r0.jpg,: 148 8 4 6 1
25_12-20.mp4,571,31106,539,1081,749,1337,0,i,"[[""i"", 0.9163393143603891, 117.9846988957969]]",,,ml/output/tracks/best_frames/25_12-20/track_0571_r2.jpg,ml/output/tracks/best_frames_hires/25_12-20/track_0571_r2.jpg,
25_12-20.mp4,628,31260,2124,864,2303,1080,180,"1
[
Ii
а
Ii","[[""1"", 0.420260498623648, 71.0], [""["", 0.836579976054864, 30.0], [""Ii"", 0.9385870053542746, 97.0], [""а"", 0.13965551588800995, 44.0], [""Ii"", 0.9987108871123983, 56.0]]",,,ml/output/tracks/best_frames/25_12-20/track_0628_r0.jpg,ml/output/tracks/best_frames_hires/25_12-20/track_0628_r0.jpg,5 1 2 4 3 1 6 1 1 8 4 2
25_12-20.mp4,616,31260,593,0,812,226,90,"C5
6e
~t
бб27
#а
55
6626","[[""C5"", 0.8603094555767726, 16.0], [""6e"", 0.15920998863986885, 20.0], [""~t"", 0.30426445426937654, 14.0], [""бб27"", 0.8340989947319031, 68.81948429575576], [""#а"", 0.7991593097814257, 34.67223788975764], [""55"", 0.16020418435922848, 18.0], [""6626"", 0.9596055746078491, 65.44793449931393]]",,,ml/output/tracks/best_frames/25_12-20/track_0616_r1.jpg,ml/output/tracks/best_frames_hires/25_12-20/track_0616_r1.jpg,
25_12-20.mp4,628,31413,2128,938,2304,1155,180,"uпъzu
iib
9
'
'
[
3
{
1","[[""uпъzu"", 0.23871974319591818, 13.0], [""iib"", 0.4602041407952996, 66.0], [""9"", 0.3241739520081097, 85.0], [""'"", 0.5486766760786601, 30.0], [""'"", 0.9625569038553863, 48.0], [""["", 0.430349318096205, 46.0], [""3"", 0.20392583138004738, 56.0], [""{"", 0.8759067510811889, 54.96532330749694], [""1"", 0.42720641001324466, 72.98045301021166]]",,,ml/output/tracks/best_frames/25_12-20/track_0628_r1.jpg,ml/output/tracks/best_frames_hires/25_12-20/track_0628_r1.jpg,9 1 5 1 1 8 8 67.
25_12-20.mp4,616,31413,583,5,801,272,270,"421 =
299'","[[""421 ="", 0.7567504983300798, 14.0], [""299'"", 0.5142488479614258, 74.81558731147749]]",,,ml/output/tracks/best_frames/25_12-20/track_0616_r0.jpg,ml/output/tracks/best_frames_hires/25_12-20/track_0616_r0.jpg,
25_12-20.mp4,632,31413,2143,0,2302,257,0,,[],,,ml/output/tracks/best_frames/25_12-20/track_0632_r0.jpg,ml/output/tracks/best_frames_hires/25_12-20/track_0632_r0.jpg,
25_12-20.mp4,571,31566,555,1278,766,1520,270,чга,"[[""чга"", 0.5668579380750768, 24.0]]",,,ml/output/tracks/best_frames/25_12-20/track_0571_r0.jpg,ml/output/tracks/best_frames_hires/25_12-20/track_0571_r0.jpg,
25_12-20.mp4,630,31566,1530,1141,1606,1266,0,,[],,,ml/output/tracks/best_frames/25_12-20/track_0630_r0.jpg,ml/output/tracks/best_frames_hires/25_12-20/track_0630_r0.jpg,
25_12-20.mp4,632,31566,2153,42,2304,314,0,,[],,,ml/output/tracks/best_frames/25_12-20/track_0632_r1.jpg,ml/output/tracks/best_frames_hires/25_12-20/track_0632_r1.jpg,
25_12-20.mp4,571,31719,561,1329,769,1567,90,"олн
088","[[""олн"", 0.7244828897903437, 26.0], [""088"", 0.3368301789989125, 21.5]]",,,ml/output/tracks/best_frames/25_12-20/track_0571_r1.jpg,ml/output/tracks/best_frames_hires/25_12-20/track_0571_r1.jpg,
25_12-20.mp4,630,31719,1537,1191,1602,1314,0,,[],,,ml/output/tracks/best_frames/25_12-20/track_0630_r2.jpg,ml/output/tracks/best_frames_hires/25_12-20/track_0630_r2.jpg,
25_12-20.mp4,639,31873,547,1193,758,1458,270,"Нопннtа
3""
Tang","[[""Нопннtа"", 0.6173861831705514, 28.0], [""3\"""", 0.9579231198346653, 52.0], [""Tang"", 0.2894797623157501, 19.0]]",,,ml/output/tracks/best_frames/25_12-20/track_0639_r0.jpg,ml/output/tracks/best_frames_hires/25_12-20/track_0639_r0.jpg,
25_12-20.mp4,636,31873,565,173,772,429,0,8,"[[""8"", 0.9980109102247212, 130.95785319938028]]",,,ml/output/tracks/best_frames/25_12-20/track_0636_r2.jpg,ml/output/tracks/best_frames_hires/25_12-20/track_0636_r2.jpg,
25_12-20.mp4,638,31873,1539,1243,1602,1296,0,,[],,,ml/output/tracks/best_frames/25_12-20/track_0638_r1.jpg,ml/output/tracks/best_frames_hires/25_12-20/track_0638_r1.jpg,
25_12-20.mp4,640,31873,2106,1102,2304,1291,180,"15 0
1
'
'
i
;
Ili","[[""15 0"", 0.30968396137429144, 13.0], [""1"", 0.9999996423721633, 22.0], [""'"", 0.8320633388427865, 66.0], [""'"", 0.4802224250664757, 26.0], [""i"", 0.2604160468668546, 34.0], ["";"", 0.5117392271041901, 24.0], [""Ili"", 0.988201935974839, 52.0]]",,,ml/output/tracks/best_frames/25_12-20/track_0640_r0.jpg,ml/output/tracks/best_frames_hires/25_12-20/track_0640_r0.jpg,5 9 85 9 :5 7
25_12-20.mp4,635,32026,2127,0,2385,369,0,,[],,,ml/output/tracks/best_frames/25_12-20/track_0635_r0.jpg,ml/output/tracks/best_frames_hires/25_12-20/track_0635_r0.jpg,
25_12-20.mp4,639,32026,564,1229,770,1493,270,"Новинка
13","[[""Новинка"", 0.6716545676003883, 26.0], [""13"", 0.9894962930413371, 48.0]]",,,ml/output/tracks/best_frames/25_12-20/track_0639_r1.jpg,ml/output/tracks/best_frames_hires/25_12-20/track_0639_r1.jpg,
25_12-20.mp4,636,32026,564,201,772,446,270,259,"[[""259"", 0.5966743230819702, 66.80643892119889]]",,,ml/output/tracks/best_frames/25_12-20/track_0636_r0.jpg,ml/output/tracks/best_frames_hires/25_12-20/track_0636_r0.jpg,
25_12-20.mp4,640,32026,2104,1104,2304,1290,0,,[],,,ml/output/tracks/best_frames/25_12-20/track_0640_r1.jpg,ml/output/tracks/best_frames_hires/25_12-20/track_0640_r1.jpg,
25_12-20.mp4,638,32026,1540,1242,1602,1295,0,,[],,,ml/output/tracks/best_frames/25_12-20/track_0638_r0.jpg,ml/output/tracks/best_frames_hires/25_12-20/track_0638_r0.jpg,
25_12-20.mp4,630,32026,1537,1243,1601,1359,0,,[],,,ml/output/tracks/best_frames/25_12-20/track_0630_r1.jpg,ml/output/tracks/best_frames_hires/25_12-20/track_0630_r1.jpg,
25_12-20.mp4,639,32179,563,1223,779,1498,0,"6
11","[[""6"", 0.6513495048443616, 118.0], [""11"", 0.873915276364185, 22.0]]",,,ml/output/tracks/best_frames/25_12-20/track_0639_r2.jpg,ml/output/tracks/best_frames_hires/25_12-20/track_0639_r2.jpg,
25_12-20.mp4,636,32179,563,230,765,481,270,299,"[[""299"", 0.9996652007102966, 65.0]]",,,ml/output/tracks/best_frames/25_12-20/track_0636_r1.jpg,ml/output/tracks/best_frames_hires/25_12-20/track_0636_r1.jpg,
25_12-20.mp4,635,32332,2116,2,2379,370,0,,[],,,ml/output/tracks/best_frames/25_12-20/track_0635_r2.jpg,ml/output/tracks/best_frames_hires/25_12-20/track_0635_r2.jpg,
25_12-20.mp4,647,32485,550,364,750,611,180,"'Ri
8
8","[[""'Ri"", 0.21160830654443083, 22.0], [""8"", 0.925000038720114, 107.0], [""8"", 0.9686484682442966, 133.48985183500233]]",,,ml/output/tracks/best_frames/25_12-20/track_0647_r0.jpg,ml/output/tracks/best_frames_hires/25_12-20/track_0647_r0.jpg,
25_12-20.mp4,647,32639,552,433,747,689,180,"5
8
8","[[""5"", 0.7149060185123837, 24.0], [""8"", 0.9922813686279284, 111.0], [""8"", 0.9999210850072728, 126.0]]",,,ml/output/tracks/best_frames/25_12-20/track_0647_r1.jpg,ml/output/tracks/best_frames_hires/25_12-20/track_0647_r1.jpg,
25_12-20.mp4,653,32792,546,512,742,769,270,299,"[[""299"", 0.9999997935234566, 61.0]]",,,ml/output/tracks/best_frames/25_12-20/track_0653_r2.jpg,ml/output/tracks/best_frames_hires/25_12-20/track_0653_r2.jpg,
25_12-20.mp4,652,32792,619,1662,835,1871,270,нка,"[[""нка"", 0.9935464815851216, 24.0]]",,,ml/output/tracks/best_frames/25_12-20/track_0652_r1.jpg,ml/output/tracks/best_frames_hires/25_12-20/track_0652_r1.jpg,
25_12-20.mp4,593,32945,2077,1397,2325,1788,0,"0
1
""p
:
8
:","[[""0"", 0.08696346135050792, 26.0], [""1"", 0.9354620831005036, 40.0], [""\""p"", 0.4353244293501676, 40.0], ["":"", 0.30164027946145566, 170.0], [""8"", 0.9983096119757562, 54.0], ["":"", 0.14384007179277436, 123.0]]",,,ml/output/tracks/best_frames/25_12-20/track_0593_r1.jpg,ml/output/tracks/best_frames_hires/25_12-20/track_0593_r1.jpg,11 8  1
25_12-20.mp4,652,32945,625,1717,842,1928,270,инка,"[[""инка"", 0.9449881315231323, 29.0]]",,,ml/output/tracks/best_frames/25_12-20/track_0652_r2.jpg,ml/output/tracks/best_frames_hires/25_12-20/track_0652_r2.jpg,
25_12-20.mp4,635,33098,2114,448,2357,765,0,,[],,,ml/output/tracks/best_frames/25_12-20/track_0635_r1.jpg,ml/output/tracks/best_frames_hires/25_12-20/track_0635_r1.jpg,
25_12-20.mp4,654,33098,2101,683,2351,971,0,,[],,,ml/output/tracks/best_frames/25_12-20/track_0654_r0.jpg,ml/output/tracks/best_frames_hires/25_12-20/track_0654_r0.jpg,
25_12-20.mp4,652,33098,640,1768,854,1975,270,Iнка,"[[""Iнка"", 0.7251666946260797, 28.992497842273252]]",,,ml/output/tracks/best_frames/25_12-20/track_0652_r0.jpg,ml/output/tracks/best_frames_hires/25_12-20/track_0652_r0.jpg,
25_12-20.mp4,593,33098,2068,1439,2321,1820,270,"332
3995
33-2
1399","[[""332"", 0.8595235655066682, 24.0], [""3995"", 0.9832356572151184, 48.0], [""33-2"", 0.8909128308296204, 25.0], [""1399"", 0.9587844610214233, 50.0]]",,,ml/output/tracks/best_frames/25_12-20/track_0593_r0.jpg,ml/output/tracks/best_frames_hires/25_12-20/track_0593_r0.jpg,8
25_12-20.mp4,653,33098,540,648,738,899,270,299,"[[""299"", 0.9999953198664192, 57.0]]",,,ml/output/tracks/best_frames/25_12-20/track_0653_r0.jpg,ml/output/tracks/best_frames_hires/25_12-20/track_0653_r0.jpg,
25_12-20.mp4,660,33252,2099,608,2304,905,0,,[],,,ml/output/tracks/best_frames/25_12-20/track_0660_r0.jpg,ml/output/tracks/best_frames_hires/25_12-20/track_0660_r0.jpg,
25_12-20.mp4,654,33252,2097,762,2349,1047,0,,[],,,ml/output/tracks/best_frames/25_12-20/track_0654_r1.jpg,ml/output/tracks/best_frames_hires/25_12-20/track_0654_r1.jpg,
25_12-20.mp4,661,33252,654,1823,871,2034,270,ннла,"[[""ннла"", 0.9251641035079956, 22.47345747243581]]",,,ml/output/tracks/best_frames/25_12-20/track_0661_r0.jpg,ml/output/tracks/best_frames_hires/25_12-20/track_0661_r0.jpg,
25_12-20.mp4,650,33252,692,1998,898,2159,0,,[],,,ml/output/tracks/best_frames/25_12-20/track_0650_r2.jpg,ml/output/tracks/best_frames_hires/25_12-20/track_0650_r2.jpg,
25_12-20.mp4,653,33252,534,709,728,969,0,8,"[[""8"", 0.9999723436360455, 106.0]]",,,ml/output/tracks/best_frames/25_12-20/track_0653_r1.jpg,ml/output/tracks/best_frames_hires/25_12-20/track_0653_r1.jpg,
25_12-20.mp4,661,33405,664,1875,881,2075,90,"Пмн
0","[[""Пмн"", 0.059655565326168426, 20.0], [""0"", 0.9776311216467128, 12.0]]",,,ml/output/tracks/best_frames/25_12-20/track_0661_r1.jpg,ml/output/tracks/best_frames_hires/25_12-20/track_0661_r1.jpg,
25_12-20.mp4,660,33405,2111,597,2363,910,0,,[],,,ml/output/tracks/best_frames/25_12-20/track_0660_r1.jpg,ml/output/tracks/best_frames_hires/25_12-20/track_0660_r1.jpg,
25_12-20.mp4,593,33405,2064,1559,2318,1921,0,"1
1
g
#
""
8","[[""1"", 0.4882936552953687, 22.0], [""1"", 0.9884636078038547, 32.0], [""g"", 0.3579538796327739, 100.0], [""#"", 0.3844286834345354, 20.0], [""\"""", 0.671525298194652, 44.94801605407838], [""8"", 0.679924630185269, 115.0]]",,,ml/output/tracks/best_frames/25_12-20/track_0593_r2.jpg,ml/output/tracks/best_frames_hires/25_12-20/track_0593_r2.jpg,4- 8
25_12-20.mp4,647,33405,530,576,740,842,270,"299
4","[[""299"", 0.9999998623489704, 54.0], [""4"", 0.10443197638036228, 32.41934955049953]]",,,ml/output/tracks/best_frames/25_12-20/track_0647_r2.jpg,ml/output/tracks/best_frames_hires/25_12-20/track_0647_r2.jpg,8 4
25_12-20.mp4,663,33405,2389,0,2463,69,0,,[],,,ml/output/tracks/best_frames/25_12-20/track_0663_r1.jpg,ml/output/tracks/best_frames_hires/25_12-20/track_0663_r1.jpg,
25_12-20.mp4,654,33405,2099,864,2349,1124,0,,[],,,ml/output/tracks/best_frames/25_12-20/track_0654_r2.jpg,ml/output/tracks/best_frames_hires/25_12-20/track_0654_r2.jpg,
25_12-20.mp4,650,33405,691,1999,895,2159,0,,[],,,ml/output/tracks/best_frames/25_12-20/track_0650_r1.jpg,ml/output/tracks/best_frames_hires/25_12-20/track_0650_r1.jpg,
25_12-20.mp4,616,33405,534,472,742,745,270,29,"[[""29"", 1.0, 52.0]]",,,ml/output/tracks/best_frames/25_12-20/track_0616_r2.jpg,ml/output/tracks/best_frames_hires/25_12-20/track_0616_r2.jpg,1
25_12-20.mp4,661,33558,643,1810,851,2059,270,"Нодннко
13","[[""Нодннко"", 0.860114072537891, 39.0], [""13"", 0.9832321322720722, 42.0]]",,,ml/output/tracks/best_frames/25_12-20/track_0661_r2.jpg,ml/output/tracks/best_frames_hires/25_12-20/track_0661_r2.jpg,
25_12-20.mp4,663,33558,2392,0,2465,144,0,,[],,,ml/output/tracks/best_frames/25_12-20/track_0663_r0.jpg,ml/output/tracks/best_frames_hires/25_12-20/track_0663_r0.jpg,
25_12-20.mp4,660,33558,2111,685,2365,995,0,,[],,,ml/output/tracks/best_frames/25_12-20/track_0660_r2.jpg,ml/output/tracks/best_frames_hires/25_12-20/track_0660_r2.jpg,
25_12-20.mp4,650,33558,674,1923,894,2120,270,рдннCa,"[[""рдннCa"", 0.08442656346611435, 28.29362192148757]]",,,ml/output/tracks/best_frames/25_12-20/track_0650_r0.jpg,ml/output/tracks/best_frames_hires/25_12-20/track_0650_r0.jpg,
25_12-20.mp4,669,33711,528,864,734,1062,270,299,"[[""299"", 0.9999995182214076, 54.0]]",,,ml/output/tracks/best_frames/25_12-20/track_0669_r0.jpg,ml/output/tracks/best_frames_hires/25_12-20/track_0669_r0.jpg,
25_12-20.mp4,669,33865,532,827,739,1071,270,299,"[[""299"", 0.9999998623489704, 53.0]]",,,ml/output/tracks/best_frames/25_12-20/track_0669_r2.jpg,ml/output/tracks/best_frames_hires/25_12-20/track_0669_r2.jpg,
25_12-20.mp4,674,33865,2082,1039,2340,1252,0,,[],,,ml/output/tracks/best_frames/25_12-20/track_0674_r0.jpg,ml/output/tracks/best_frames_hires/25_12-20/track_0674_r0.jpg,
25_12-20.mp4,674,34018,2075,1038,2344,1271,0,,[],,,ml/output/tracks/best_frames/25_12-20/track_0674_r1.jpg,ml/output/tracks/best_frames_hires/25_12-20/track_0674_r1.jpg,
25_12-20.mp4,676,34018,527,965,747,1244,90,"662
zar
662
5
7 .","[[""662"", 0.972416616398707, 54.0], [""zar"", 0.24470942151332653, 18.0], [""662"", 0.5898647522433624, 49.0], [""5"", 0.8823084536999524, 24.0], [""7 ."", 0.1482331672499737, 12.0]]",,,ml/output/tracks/best_frames/25_12-20/track_0676_r0.jpg,ml/output/tracks/best_frames_hires/25_12-20/track_0676_r0.jpg,
25_12-20.mp4,670,34018,2067,1209,2304,1472,0,,[],,,ml/output/tracks/best_frames/25_12-20/track_0670_r1.jpg,ml/output/tracks/best_frames_hires/25_12-20/track_0670_r1.jpg,
25_12-20.mp4,669,34018,528,860,746,1130,270,"а7
299","[[""а7"", 0.31692102991067883, 17.0], [""299"", 0.9957306981086731, 52.0]]",,,ml/output/tracks/best_frames/25_12-20/track_0669_r1.jpg,ml/output/tracks/best_frames_hires/25_12-20/track_0669_r1.jpg,
25_12-20.mp4,662,34171,545,1163,752,1399,270,"J19 7
299","[[""J19 7"", 0.2844234565722003, 14.0], [""299"", 0.9999993117448777, 52.0]]",,,ml/output/tracks/best_frames/25_12-20/track_0662_r2.jpg,ml/output/tracks/best_frames_hires/25_12-20/track_0662_r2.jpg,
25_12-20.mp4,679,34171,539,1112,740,1296,0,8,"[[""8"", 0.9999707939373117, 104.0]]",,,ml/output/tracks/best_frames/25_12-20/track_0679_r2.jpg,ml/output/tracks/best_frames_hires/25_12-20/track_0679_r2.jpg,
25_12-20.mp4,678,34171,2066,1129,2297,1431,0,,[],,,ml/output/tracks/best_frames/25_12-20/track_0678_r0.jpg,ml/output/tracks/best_frames_hires/25_12-20/track_0678_r0.jpg,
25_12-20.mp4,676,34171,527,938,746,1199,270,"IFe-1а
23
299","[[""IFe-1а"", 0.20656879132789274, 14.0], [""23"", 0.7127477794134102, 24.0], [""299"", 0.9999995182214076, 54.0]]",,,ml/output/tracks/best_frames/25_12-20/track_0676_r2.jpg,ml/output/tracks/best_frames_hires/25_12-20/track_0676_r2.jpg,
25_12-20.mp4,674,34171,2068,1071,2338,1287,0,,[],,,ml/output/tracks/best_frames/25_12-20/track_0674_r2.jpg,ml/output/tracks/best_frames_hires/25_12-20/track_0674_r2.jpg,
25_12-20.mp4,670,34171,2062,1281,2302,1540,0,,[],,,ml/output/tracks/best_frames/25_12-20/track_0670_r2.jpg,ml/output/tracks/best_frames_hires/25_12-20/track_0670_r2.jpg,
25_12-20.mp4,670,34324,2057,1349,2302,1599,0,,[],,,ml/output/tracks/best_frames/25_12-20/track_0670_r0.jpg,ml/output/tracks/best_frames_hires/25_12-20/track_0670_r0.jpg,
25_12-20.mp4,678,34324,2065,1091,2330,1400,0,,[],,,ml/output/tracks/best_frames/25_12-20/track_0678_r1.jpg,ml/output/tracks/best_frames_hires/25_12-20/track_0678_r1.jpg,
25_12-20.mp4,676,34324,529,1009,747,1273,270,"1F:zxм
2u
299","[[""1F:zxм"", 0.08890093820802113, 11.0], [""2u"", 0.31939354354990496, 20.0], [""299"", 0.8944699168205261, 54.0]]",,,ml/output/tracks/best_frames/25_12-20/track_0676_r1.jpg,ml/output/tracks/best_frames_hires/25_12-20/track_0676_r1.jpg,
25_12-20.mp4,662,34324,552,1226,755,1458,90,"66
66","[[""66"", 0.9999350944702502, 50.0], [""66"", 0.9999990727694587, 45.0]]",,,ml/output/tracks/best_frames/25_12-20/track_0662_r0.jpg,ml/output/tracks/best_frames_hires/25_12-20/track_0662_r0.jpg,
25_12-20.mp4,681,34324,531,1105,751,1383,0,"{
;
8
F","[[""{"", 0.881535548978011, 63.0], ["";"", 0.34600837843994725, 36.0], [""8"", 0.9998767413930096, 106.0], [""F"", 0.8011936552837575, 26.0]]",,,ml/output/tracks/best_frames/25_12-20/track_0681_r0.jpg,ml/output/tracks/best_frames_hires/25_12-20/track_0681_r0.jpg,
25_12-20.mp4,682,34477,2071,1065,2345,1279,0,,[],,,ml/output/tracks/best_frames/25_12-20/track_0682_r0.jpg,ml/output/tracks/best_frames_hires/25_12-20/track_0682_r0.jpg,
25_12-20.mp4,678,34477,2064,1174,2329,1477,0,,[],,,ml/output/tracks/best_frames/25_12-20/track_0678_r2.jpg,ml/output/tracks/best_frames_hires/25_12-20/track_0678_r2.jpg,
25_12-20.mp4,679,34477,534,1169,750,1423,270,"1a
23
299","[[""1a"", 0.1117571316515722, 11.0], [""23"", 0.9884636804185138, 24.0], [""299"", 0.9998424649238586, 57.0]]",,,ml/output/tracks/best_frames/25_12-20/track_0679_r1.jpg,ml/output/tracks/best_frames_hires/25_12-20/track_0679_r1.jpg,
25_12-20.mp4,679,34631,544,1256,763,1527,270,"Рос ) 0 T
25
299","[[""Рос ) 0 T"", 0.2760212978888493, 16.0], [""25"", 0.9852667712963449, 24.0], [""299"", 0.9999997246979434, 54.0]]",,,ml/output/tracks/best_frames/25_12-20/track_0679_r0.jpg,ml/output/tracks/best_frames_hires/25_12-20/track_0679_r0.jpg,
25_12-20.mp4,690,34937,2062,1532,2310,1770,0,,[],,,ml/output/tracks/best_frames/25_12-20/track_0690_r0.jpg,ml/output/tracks/best_frames_hires/25_12-20/track_0690_r0.jpg,
25_12-20.mp4,689,34937,555,1364,771,1641,270,299,"[[""299"", 0.9999912977218628, 61.0]]",,,ml/output/tracks/best_frames/25_12-20/track_0689_r0.jpg,ml/output/tracks/best_frames_hires/25_12-20/track_0689_r0.jpg,
25_12-20.mp4,690,35090,2065,1536,2306,1805,0,,[],,,ml/output/tracks/best_frames/25_12-20/track_0690_r2.jpg,ml/output/tracks/best_frames_hires/25_12-20/track_0690_r2.jpg,
25_12-20.mp4,689,35090,562,1378,779,1630,270,"25
299","[[""25"", 0.528458296113728, 20.0], [""299"", 0.9987779259681702, 63.0]]",,,ml/output/tracks/best_frames/25_12-20/track_0689_r1.jpg,ml/output/tracks/best_frames_hires/25_12-20/track_0689_r1.jpg,
25_12-20.mp4,692,35090,2090,2,2418,197,180,"$
0","[[""$"", 0.7000909653123841, 60.0], [""0"", 0.9997644563156882, 32.0]]",,,ml/output/tracks/best_frames/25_12-20/track_0692_r0.jpg,ml/output/tracks/best_frames_hires/25_12-20/track_0692_r0.jpg,21
25_12-20.mp4,673,35090,537,468,729,718,270,899,"[[""899"", 0.9999997246979434, 42.0]]",,,ml/output/tracks/best_frames/25_12-20/track_0673_r0.jpg,ml/output/tracks/best_frames_hires/25_12-20/track_0673_r0.jpg,8
25_12-20.mp4,662,35090,583,1584,798,1798,0,,[],,,ml/output/tracks/best_frames/25_12-20/track_0662_r1.jpg,ml/output/tracks/best_frames_hires/25_12-20/track_0662_r1.jpg,
25_12-20.mp4,681,35090,533,1125,750,1296,0,,[],,,ml/output/tracks/best_frames/25_12-20/track_0681_r1.jpg,ml/output/tracks/best_frames_hires/25_12-20/track_0681_r1.jpg,
25_12-20.mp4,692,35244,2121,0,2304,284,0,"g
IUII
3","[[""g"", 0.890589744061888, 151.0], [""IUII"", 0.9368106722831726, 27.0], [""3"", 0.9524275668026725, 110.0]]",,,ml/output/tracks/best_frames/25_12-20/track_0692_r1.jpg,ml/output/tracks/best_frames_hires/25_12-20/track_0692_r1.jpg,3 .
25_12-20.mp4,690,35244,2052,1587,2306,1859,0,,[],,,ml/output/tracks/best_frames/25_12-20/track_0690_r1.jpg,ml/output/tracks/best_frames_hires/25_12-20/track_0690_r1.jpg,
25_12-20.mp4,673,35244,532,529,722,782,180,3,"[[""3"", 0.9999682905803553, 102.0]]",,,ml/output/tracks/best_frames/25_12-20/track_0673_r2.jpg,ml/output/tracks/best_frames_hires/25_12-20/track_0673_r2.jpg,
25_12-20.mp4,689,35244,568,1443,776,1679,0,"Il
8","[[""Il"", 0.6697396794865845, 46.0], [""8"", 0.9988661643973415, 105.0]]",,,ml/output/tracks/best_frames/25_12-20/track_0689_r2.jpg,ml/output/tracks/best_frames_hires/25_12-20/track_0689_r2.jpg,
25_12-20.mp4,681,35244,536,1128,751,1296,0,,[],,,ml/output/tracks/best_frames/25_12-20/track_0681_r2.jpg,ml/output/tracks/best_frames_hires/25_12-20/track_0681_r2.jpg,
25_12-20.mp4,695,35397,597,1711,815,1926,0,,[],,,ml/output/tracks/best_frames/25_12-20/track_0695_r0.jpg,ml/output/tracks/best_frames_hires/25_12-20/track_0695_r0.jpg,
25_12-20.mp4,688,35397,2034,1890,2276,2106,0,"2
1
8
2","[[""2"", 0.26833012024173186, 152.97563824094846], [""1"", 0.723940221638486, 52.96262749935431], [""8"", 0.9566808961296971, 51.47134318444144], [""2"", 0.9926957248060866, 114.48718665113506]]",,,ml/output/tracks/best_frames/25_12-20/track_0688_r0.jpg,ml/output/tracks/best_frames_hires/25_12-20/track_0688_r0.jpg,1 : 8
25_12-20.mp4,682,35397,2087,1070,2304,1290,0,"1
8
Il","[[""1"", 0.7945631075983783, 58.0], [""8"", 0.8863444877360962, 164.0], [""Il"", 0.683342106239548, 24.0]]",,,ml/output/tracks/best_frames/25_12-20/track_0682_r2.jpg,ml/output/tracks/best_frames_hires/25_12-20/track_0682_r2.jpg,
25_12-20.mp4,688,35550,2041,1770,2293,2077,270,"318
11299
11299
3193 ","[[""318"", 0.8230120690840772, 18.0], [""11299"", 0.6660597465736203, 56.78105928984837], [""11299"", 0.5483002003649006, 49.5], [""3193 "", 0.7786643424777779, 29.399020293902034]]",,,ml/output/tracks/best_frames/25_12-20/track_0688_r1.jpg,ml/output/tracks/best_frames_hires/25_12-20/track_0688_r1.jpg,4 3 73 8
25_12-20.mp4,695,35550,611,1792,830,1996,0,,[],,,ml/output/tracks/best_frames/25_12-20/track_0695_r2.jpg,ml/output/tracks/best_frames_hires/25_12-20/track_0695_r2.jpg,
25_12-20.mp4,698,35550,2028,1968,2265,2158,0,"8
{
{
5
3","[[""8"", 0.6783078196366574, 134.96815278536127], [""{"", 0.4976441425384479, 43.945612429370726], [""{"", 0.7579803474345717, 38.93072678605654], [""5"", 0.9975732999884066, 27.5], [""3"", 0.9969988962001395, 98.48208467866374]]",,,ml/output/tracks/best_frames/25_12-20/track_0698_r0.jpg,ml/output/tracks/best_frames_hires/25_12-20/track_0698_r0.jpg,8
25_12-20.mp4,673,35550,526,717,714,969,270,"очJ
Шп","[[""очJ"", 0.20172697129614253, 28.0], [""Шп"", 0.5653641518842072, 14.0]]",,,ml/output/tracks/best_frames/25_12-20/track_0673_r1.jpg,ml/output/tracks/best_frames_hires/25_12-20/track_0673_r1.jpg,
25_12-20.mp4,698,35703,2030,1983,2269,2159,90,[c,"[[""[c"", 0.90039580465316, 42.0]]",,,ml/output/tracks/best_frames/25_12-20/track_0698_r1.jpg,ml/output/tracks/best_frames_hires/25_12-20/track_0698_r1.jpg,5
25_12-20.mp4,687,35703,2128,400,2385,697,180,"4
[
g
Ii
6
3","[[""4"", 0.9392062166925008, 44.0], [""["", 0.10295670399105816, 32.0], [""g"", 0.41627090591590843, 116.0], [""Ii"", 0.7059354140123839, 83.0], [""6"", 0.3412661301344997, 120.0], [""3"", 0.6119030129777911, 30.0]]",,,ml/output/tracks/best_frames/25_12-20/track_0687_r2.jpg,ml/output/tracks/best_frames_hires/25_12-20/track_0687_r2.jpg,
25_12-20.mp4,695,35703,622,1840,836,2042,0,,[],,,ml/output/tracks/best_frames/25_12-20/track_0695_r1.jpg,ml/output/tracks/best_frames_hires/25_12-20/track_0695_r1.jpg,
25_12-20.mp4,680,35703,529,594,720,829,0,,[],,,ml/output/tracks/best_frames/25_12-20/track_0680_r1.jpg,ml/output/tracks/best_frames_hires/25_12-20/track_0680_r1.jpg,
25_12-20.mp4,680,35857,529,631,716,872,0,,[],,,ml/output/tracks/best_frames/25_12-20/track_0680_r2.jpg,ml/output/tracks/best_frames_hires/25_12-20/track_0680_r2.jpg,
25_12-20.mp4,688,35857,2032,1874,2295,2125,90,IE;,"[[""IE;"", 0.4370028833271663, 16.0]]",,,ml/output/tracks/best_frames/25_12-20/track_0688_r2.jpg,ml/output/tracks/best_frames_hires/25_12-20/track_0688_r2.jpg,
25_12-20.mp4,698,35857,2026,2038,2259,2159,90,lf:,"[[""lf:"", 0.31338404214767474, 20.0]]",,,ml/output/tracks/best_frames/25_12-20/track_0698_r2.jpg,ml/output/tracks/best_frames_hires/25_12-20/track_0698_r2.jpg,
25_12-20.mp4,680,36010,528,691,715,932,270,9,"[[""9"", 0.5976387571864485, 44.0]]",,,ml/output/tracks/best_frames/25_12-20/track_0680_r0.jpg,ml/output/tracks/best_frames_hires/25_12-20/track_0680_r0.jpg,
25_12-20.mp4,687,36010,2114,522,2371,815,180,"g
1
9
69","[[""g"", 0.9443157112860376, 112.0], [""1"", 0.9998579075747784, 105.0], [""9"", 0.9017757832114661, 61.5], [""69"", 0.09462538266678819, 18.0]]",,,ml/output/tracks/best_frames/25_12-20/track_0687_r1.jpg,ml/output/tracks/best_frames_hires/25_12-20/track_0687_r1.jpg,
25_12-20.mp4,706,36163,531,864,715,1024,0,,[],,,ml/output/tracks/best_frames/25_12-20/track_0706_r0.jpg,ml/output/tracks/best_frames_hires/25_12-20/track_0706_r0.jpg,
25_12-20.mp4,693,36163,2122,297,2396,651,270,". -
IIC 1Уя
#e== -=
=
16
39
7.
 .
2
16-
39","[["". -"", 0.3851315975189209, 14.0], [""IIC 1Уя"", 0.11942345915607855, 40.0], [""#e== -="", 0.25036949647008017, 14.0], [""="", 0.9154037058311246, 14.0], [""16"", 0.996798090111566, 24.0], [""39"", 0.999999915706304, 50.0], [""7."", 0.15388793448638363, 14.0], ["" ."", 0.4353112829365591, 12.0], [""2"", 0.3689798715058714, 13.0], [""16-"", 0.8134563565254211, 24.0], [""39"", 1.0, 50.0]]",,,ml/output/tracks/best_frames/25_12-20/track_0693_r2.jpg,ml/output/tracks/best_frames_hires/25_12-20/track_0693_r2.jpg,8 05 :
25_12-20.mp4,700,36163,530,957,722,1208,180,3,"[[""3"", 0.9940891846528679, 97.0]]",,,ml/output/tracks/best_frames/25_12-20/track_0700_r1.jpg,ml/output/tracks/best_frames_hires/25_12-20/track_0700_r1.jpg,
25_12-20.mp4,687,36163,2115,584,2368,873,0,"11
{
{
8
""
{","[[""11"", 0.12166588749929223, 42.0], [""{"", 0.8899438915187297, 36.0], [""{"", 0.309544150194597, 46.0], [""8"", 0.18615705702465934, 114.0], [""\"""", 0.9523761455697333, 36.0], [""{"", 0.8453717243938286, 24.0]]",,,ml/output/tracks/best_frames/25_12-20/track_0687_r0.jpg,ml/output/tracks/best_frames_hires/25_12-20/track_0687_r0.jpg,
25_12-20.mp4,693,36316,2119,375,2395,730,270," = =
2=- =
=c
16
39
ес
.:
6 . :
116-
399","[["" = ="", 0.4882997162472053, 14.0], [""2=- ="", 0.11921703171677188, 12.0], [""=c"", 0.2672284559109196, 12.0], [""16"", 0.9900143986817903, 24.0], [""39"", 0.999999915706304, 50.0], [""ес"", 0.10446015865424294, 20.616655393283793], ["".:"", 0.6643743020165351, 12.0], [""6 . :"", 0.2262438934753465, 15.0], [""116-"", 0.25989505648612976, 24.0], [""399"", 1.0, 50.0]]",,,ml/output/tracks/best_frames/25_12-20/track_0693_r1.jpg,ml/output/tracks/best_frames_hires/25_12-20/track_0693_r1.jpg,0 8 9 5 4-
25_12-20.mp4,707,36316,525,871,724,1162,270,U,"[[""U"", 0.7122913987122423, 24.0]]",,,ml/output/tracks/best_frames/25_12-20/track_0707_r0.jpg,ml/output/tracks/best_frames_hires/25_12-20/track_0707_r0.jpg,
25_12-20.mp4,693,36470,2118,443,2394,798,270,"15
399
7 .
2 :2
-15
1399","[[""15"", 0.903048681019774, 26.0], [""399"", 0.9999966963759913, 50.0], [""7 ."", 0.18556058406829834, 13.0], [""2 :2"", 0.26482094882483126, 22.5], [""-15"", 0.48283348414358745, 24.0], [""1399"", 0.7977020072835734, 48.0]]",,,ml/output/tracks/best_frames/25_12-20/track_0693_r0.jpg,ml/output/tracks/best_frames_hires/25_12-20/track_0693_r0.jpg,8
25_12-20.mp4,708,36470,672,2002,868,2159,90,m ),"[[""m )"", 0.2271381808766849, 27.692307692307693]]",,,ml/output/tracks/best_frames/25_12-20/track_0708_r0.jpg,ml/output/tracks/best_frames_hires/25_12-20/track_0708_r0.jpg,
25_12-20.mp4,682,36470,2085,1071,2304,1292,0,,[],,,ml/output/tracks/best_frames/25_12-20/track_0682_r1.jpg,ml/output/tracks/best_frames_hires/25_12-20/track_0682_r1.jpg,
25_12-20.mp4,707,36470,520,864,729,1129,270,"70
30:","[[""70"", 0.21676402244819692, 15.0], [""30:"", 0.3790786640181951, 52.0]]",,,ml/output/tracks/best_frames/25_12-20/track_0707_r1.jpg,ml/output/tracks/best_frames_hires/25_12-20/track_0707_r1.jpg,
25_12-20.mp4,706,36623,522,864,723,1069,270,30,"[[""30"", 0.9391225650331935, 52.0]]",,,ml/output/tracks/best_frames/25_12-20/track_0706_r2.jpg,ml/output/tracks/best_frames_hires/25_12-20/track_0706_r2.jpg,
25_12-20.mp4,708,36623,681,2066,882,2159,0,,[],,,ml/output/tracks/best_frames/25_12-20/track_0708_r1.jpg,ml/output/tracks/best_frames_hires/25_12-20/track_0708_r1.jpg,
25_12-20.mp4,697,36623,2091,620,2304,960,90,"5
668 !
€ gi
= =

#e
[
12","[[""5"", 0.9485337261846247, 20.0], [""668 !"", 0.6257002229310114, 52.0], [""€ gi"", 0.33844295144081116, 26.0], [""= ="", 0.5337823033332825, 16.0], ["""", 0.0, 16.0], [""#e"", 0.04892254510974502, 14.0], [""["", 0.09758021300528075, 8.0], [""12"", 0.30139658622344145, 14.0]]",,,ml/output/tracks/best_frames/25_12-20/track_0697_r2.jpg,ml/output/tracks/best_frames_hires/25_12-20/track_0697_r2.jpg,1  4 8 1
25_12-20.mp4,707,36776,525,989,726,1243,0,5,"[[""5"", 0.9965218799273003, 58.0]]",,,ml/output/tracks/best_frames/25_12-20/track_0707_r2.jpg,ml/output/tracks/best_frames_hires/25_12-20/track_0707_r2.jpg,
25_12-20.mp4,708,36776,671,2078,888,2159,90,41 )),"[[""41 ))"", 0.19772772869905791, 38.74214642660084]]",,,ml/output/tracks/best_frames/25_12-20/track_0708_r2.jpg,ml/output/tracks/best_frames_hires/25_12-20/track_0708_r2.jpg,
25_12-20.mp4,697,36776,2116,644,2375,1047,180,"{
Il
8
{
1
3","[[""{"", 0.22556794884884823, 44.0], [""Il"", 0.5329246026279427, 26.0], [""8"", 0.7705028912728409, 142.0], [""{"", 0.9156447210757257, 36.0], [""1"", 0.23138397107062136, 53.0], [""3"", 0.3850666651036505, 39.0]]",,,ml/output/tracks/best_frames/25_12-20/track_0697_r1.jpg,ml/output/tracks/best_frames_hires/25_12-20/track_0697_r1.jpg,8 1
25_12-20.mp4,700,36776,536,1202,740,1445,90,"668
#EFE-
668","[[""668"", 0.9998825845942603, 44.0], [""#EFE-"", 0.10956376030966765, 16.0], [""668"", 0.9999974534563641, 42.0]]",,,ml/output/tracks/best_frames/25_12-20/track_0700_r2.jpg,ml/output/tracks/best_frames_hires/25_12-20/track_0700_r2.jpg,
25_12-20.mp4,706,36776,516,893,731,1149,270,"70
30","[[""70"", 0.20182140532768542, 17.0], [""30"", 0.8936914095045285, 50.0]]",,,ml/output/tracks/best_frames/25_12-20/track_0706_r1.jpg,ml/output/tracks/best_frames_hires/25_12-20/track_0706_r1.jpg,
25_12-20.mp4,711,36929,528,1130,747,1429,90,"'6686
~Ft;
ония
668.
45:
0148","[[""'6686"", 0.6470186846256848, 50.0], [""~Ft;"", 0.24299155175685883, 24.0], [""ония"", 0.7666209256270081, 41.781107457779626], [""668."", 0.3738034665584564, 47.0], [""45:"", 0.5236459056671205, 19.0], [""0148"", 0.16209909319877625, 43.447367404095814]]",,,ml/output/tracks/best_frames/25_12-20/track_0711_r1.jpg,ml/output/tracks/best_frames_hires/25_12-20/track_0711_r1.jpg,0
25_12-20.mp4,713,36929,525,469,777,785,270,"9
Лаез
ксав: . -
': ;
46-","[[""9"", 1.0, 46.0], [""Лаез"", 0.1954771706787062, 48.0], [""ксав: . -"", 0.2709631964567235, 26.0], [""': ;"", 0.2197871208190918, 25.641465909850417], [""46-"", 0.4913503685522799, 36.0]]",,,ml/output/tracks/best_frames/25_12-20/track_0713_r1.jpg,ml/output/tracks/best_frames_hires/25_12-20/track_0713_r1.jpg,
25_12-20.mp4,697,36929,2113,712,2358,1132,180,"[
8
1
[
1
1
&","[[""["", 0.9601958379540179, 45.0], [""8"", 0.9999771119473735, 114.0], [""1"", 0.9146658011162891, 104.0], [""["", 0.8946639344675624, 50.0], [""1"", 0.35159682567638484, 80.0], [""1"", 0.9976087815425139, 125.0], [""&"", 0.8575305306749783, 68.0]]",,,ml/output/tracks/best_frames/25_12-20/track_0697_r0.jpg,ml/output/tracks/best_frames_hires/25_12-20/track_0697_r0.jpg,8 8
25_12-20.mp4,710,36929,2099,938,2353,1227,0,"1
п
91
{
{
[1
Id
8","[[""1"", 0.9989511142273422, 50.0], [""п"", 0.5381994236479528, 34.0], [""91"", 0.8683110124742508, 200.0], [""{"", 0.45299700624708805, 28.0], [""{"", 0.7895050788261528, 47.0], [""[1"", 0.2841588397797276, 108.0], [""Id"", 0.8765950430116567, 24.0], [""8"", 0.9982544711934858, 26.0]]",,,ml/output/tracks/best_frames/25_12-20/track_0710_r2.jpg,ml/output/tracks/best_frames_hires/25_12-20/track_0710_r2.jpg,
25_12-20.mp4,713,37082,520,550,762,862,0,"Ё
[
1","[[""Ё"", 0.3811109183073178, 44.0], [""["", 0.7454787768538473, 157.0], [""1"", 0.5590704958714277, 94.97606488802629]]",,,ml/output/tracks/best_frames/25_12-20/track_0713_r0.jpg,ml/output/tracks/best_frames_hires/25_12-20/track_0713_r0.jpg,
25_12-20.mp4,710,37082,2093,1005,2350,1291,0,"8
I
!
₽
{
1
F
8
8
1
0","[[""8"", 0.40059130645349583, 42.0], [""I"", 0.9870431861059501, 64.0], [""!"", 0.14319325718264864, 105.0], [""₽"", 0.16802869482575122, 26.0], [""{"", 0.49363436733989374, 109.0], [""1"", 0.9987858645131951, 75.0], [""F"", 0.34521897660546585, 26.0], [""8"", 0.9917970532923768, 116.0], [""8"", 0.723069716901481, 30.0], [""1"", 0.7693250966555212, 52.96262749935431], [""0"", 0.7304147375391814, 14.0]]",,,ml/output/tracks/best_frames/25_12-20/track_0710_r0.jpg,ml/output/tracks/best_frames_hires/25_12-20/track_0710_r0.jpg,
25_12-20.mp4,711,37082,526,1157,758,1495,0,"=
=
6
8
5
8
5
3","[[""="", 0.43717147148471724, 34.0], [""="", 0.9969683056540113, 24.0], [""6"", 0.9900929760441421, 31.76696764637935], [""8"", 0.7912536586120531, 76.94135903063501], [""5"", 0.8766160198162112, 46.0], [""8"", 0.9999988079074598, 97.0], [""5"", 0.7731693255472152, 20.0], [""3"", 1.0, 20.0]]",,,ml/output/tracks/best_frames/25_12-20/track_0711_r0.jpg,ml/output/tracks/best_frames_hires/25_12-20/track_0711_r0.jpg,2 3
25_12-20.mp4,700,37082,544,1314,752,1550,180,8,"[[""8"", 0.9999791384831305, 89.0]]",,,ml/output/tracks/best_frames/25_12-20/track_0700_r0.jpg,ml/output/tracks/best_frames_hires/25_12-20/track_0700_r0.jpg,
25_12-20.mp4,710,37236,2084,1077,2344,1359,180,"8
7
&
Ё
2
8
!
5
I
1
%
Ё
i
8
7
6
3
1
8
:
1
1
3
2
:","[[""8"", 0.21172987989592773, 47.0], [""7"", 0.13481547660103477, 32.0], [""&"", 0.4069746549159845, 26.0], [""Ё"", 0.1905768837412447, 28.0], [""2"", 0.8117334832869325, 46.0], [""8"", 0.9999973773973494, 86.0], [""!"", 0.6952891665299745, 26.0], [""5"", 0.5550318455668766, 34.0], [""I"", 0.6943420937954023, 64.0], [""1"", 0.743839440355746, 103.0], [""%"", 0.8787609696824461, 26.0], [""Ё"", 0.19606443712561727, 47.95435272784562], [""i"", 0.4545860652768994, 62.973655330211045], [""8"", 0.9999364624579563, 18.0], [""7"", 0.8555915007293926, 25.0], [""6"", 0.482010356818364, 13.0], [""3"", 0.9717398821966441, 137.5], [""1"", 0.998805760474486, 74.0], [""8"", 0.3443075644011664, 25.0], ["":"", 0.6434071562903796, 33.5], [""1"", 0.48175407266706216, 65.5], [""1"", 0.999752656020835, 92.5], [""3"", 0.18639233875925587, 55.5], [""2"", 0.3252588631633877, 48.48204866601971], ["":"", 0.7098989052370861, 54.48596023743556]]",,,ml/output/tracks/best_frames/25_12-20/track_0710_r1.jpg,ml/output/tracks/best_frames_hires/25_12-20/track_0710_r1.jpg,5 3
25_12-20.mp4,711,37236,537,1237,755,1512,270,"но
34
)899'","[[""но"", 0.9960701331604312, 24.0], [""34"", 0.7020973043537374, 20.0], ["")899'"", 0.5120105337712318, 58.0]]",,,ml/output/tracks/best_frames/25_12-20/track_0711_r2.jpg,ml/output/tracks/best_frames_hires/25_12-20/track_0711_r2.jpg,3 13
25_12-20.mp4,715,37236,2092,927,2304,1223,180,"8
8
;
2
=
!
'
1
1
1
8
2
1
8","[[""8"", 0.6546696755413564, 26.0], [""8"", 0.98329096449703, 28.0], ["";"", 0.7322952504954436, 26.0], [""2"", 0.40266532057307813, 48.0], [""="", 0.2412778499362398, 26.0], [""!"", 0.732662031194252, 61.0], [""'"", 0.9651498126353921, 50.0], [""1"", 0.7725785636727132, 104.0], [""1"", 0.8964993038716784, 88.98691770366622], [""1"", 0.4034461317602087, 64.97527105692893], [""8"", 0.7997386666901072, 21.0], [""2"", 0.48558962427677343, 36.0], [""1"", 0.9625431030714395, 61.0], [""8"", 0.9603055281984361, 47.5]]",,,ml/output/tracks/best_frames/25_12-20/track_0715_r0.jpg,ml/output/tracks/best_frames_hires/25_12-20/track_0715_r0.jpg,
25_12-20.mp4,719,37389,545,1315,762,1601,0,"5
8
:
8
7
3
2","[[""5"", 0.9043253379425131, 32.0], [""8"", 0.9986476704903566, 95.0], ["":"", 0.7034020871580005, 85.97058351020212], [""8"", 0.9966356488920525, 77.5], [""7"", 0.39747758701322766, 24.0], [""3"", 0.6426629625298439, 20.0], [""2"", 0.11492222351542924, 68.5]]",,,ml/output/tracks/best_frames/25_12-20/track_0719_r0.jpg,ml/output/tracks/best_frames_hires/25_12-20/track_0719_r0.jpg,8 -
25_12-20.mp4,717,37389,2093,1164,2347,1295,90,"66
4789","[[""66"", 0.9999807810911719, 20.0], [""4789"", 0.5125351548194885, 16.0]]",,,ml/output/tracks/best_frames/25_12-20/track_0717_r1.jpg,ml/output/tracks/best_frames_hires/25_12-20/track_0717_r1.jpg,
25_12-20.mp4,715,37389,2092,1016,2304,1311,0,"[ll
=
g
{
9
g
g
3
:","[[""[ll"", 0.3666347555165395, 113.0], [""="", 0.17667489367511635, 34.0], [""g"", 0.6679524350447572, 26.0], [""{"", 0.48381081457661423, 74.0], [""9"", 0.9190007808726399, 142.0], [""g"", 0.913147937845352, 24.0], [""g"", 0.9933444507810805, 30.0], [""3"", 0.9980754584123588, 61.9065654530509], ["":"", 0.1391090773405148, 49.95796083947522]]",,,ml/output/tracks/best_frames/25_12-20/track_0715_r1.jpg,ml/output/tracks/best_frames_hires/25_12-20/track_0715_r1.jpg,
25_12-20.mp4,719,37542,545,1312,761,1556,0,"$
=
8
3
61
8
7
3
7
2","[[""$"", 0.948693139748741, 34.0], [""="", 0.9531429544979098, 24.0], [""8"", 0.9831354073978673, 68.0], [""3"", 0.9203336475968769, 22.0], [""61"", 0.02364459091101629, 8.5], [""8"", 0.9999812842291114, 99.5], [""7"", 0.7205290390521704, 21.0], [""3"", 0.9822699025804127, 20.0], [""7"", 0.33650425392952243, 29.0], [""2"", 0.5470671495317134, 42.849798703945616]]",,,ml/output/tracks/best_frames/25_12-20/track_0719_r1.jpg,ml/output/tracks/best_frames_hires/25_12-20/track_0719_r1.jpg,
25_12-20.mp4,715,37542,2092,1079,2304,1286,180,"&
=
3
#
8
Il
i
#5
@
3
5
5
8
1
5
1
:5
2","[[""&"", 0.9816787801137252, 26.0], [""="", 0.8757706436006316, 36.0], [""3"", 0.9939357468902585, 28.0], [""#"", 0.5595550440947505, 24.0], [""8"", 0.9999203697798862, 86.0], [""Il"", 0.6033895869705435, 78.0], [""i"", 0.567716597229321, 84.0], [""#5"", 0.21799044811985013, 44.0], [""@"", 0.48758452093537485, 40.0], [""3"", 0.9265844022441492, 26.0], [""5"", 0.6740949928929609, 20.5], [""5"", 0.2236599512059536, 38.0], [""8"", 0.954828923579587, 113.5], [""1"", 0.9785113256005538, 79.0], [""5"", 0.9997781638163339, 24.0], [""1"", 0.9990494127180227, 73.5], ["":5"", 0.4760305031303616, 44.5], [""2"", 0.6148193469258878, 40.5]]",,,ml/output/tracks/best_frames/25_12-20/track_0715_r2.jpg,ml/output/tracks/best_frames_hires/25_12-20/track_0715_r2.jpg,
25_12-20.mp4,717,37695,2088,1036,2326,1378,270,"""ГЕПГЕна€
пы-cpucu АГПАЧ
Паппшт
Гсягап
пилпнал
Dun
{Азсрбанлан]
TSL
694
169
39999
Пика
0:5
1
16843
7  .
169
1139999","[[""\""ГЕПГЕна€"", 0.1436435238152481, 15.0], [""пы-cpucu АГПАЧ"", 0.16735477012301653, 15.0], [""Паппшт"", 0.5443791370245082, 12.0], [""Гсягап"", 0.2704986322814451, 17.0], [""пилпнал"", 0.04728798181882872, 8.0], [""Dun"", 0.6803794930642839, 8.0], [""{Азсрбанлан]"", 0.7198814428625356, 20.0], [""TSL"", 0.9954634394607516, 14.0], [""694"", 0.7291070213109941, 14.0], [""169"", 0.48015209705344125, 26.0], [""39999"", 0.9616388189166667, 50.0], [""Пика"", 0.5094348788261414, 16.664100588675694], [""0:5"", 0.11329963253763879, 7.5], [""1"", 0.3105495100909508, 9.0], [""16843"", 0.3982390630620659, 16.0], [""7  ."", 0.27487438905790124, 12.0], [""169"", 0.9999679273787255, 24.0], [""1139999"", 0.9560682384976511, 50.5]]",,,ml/output/tracks/best_frames/25_12-20/track_0717_r0.jpg,ml/output/tracks/best_frames_hires/25_12-20/track_0717_r0.jpg,
25_12-20.mp4,720,37695,576,0,775,236,0,,[],,,ml/output/tracks/best_frames/25_12-20/track_0720_r0.jpg,ml/output/tracks/best_frames_hires/25_12-20/track_0720_r0.jpg,
25_12-20.mp4,717,37849,2088,1137,2337,1447,270,"сплгла €
Ja АГПЛЫ
Pcicпn
Den
ншан]
TSL
694
9139999
JMк ,
79 0. 751 ::
21
16842
4 .
9139999","[[""сплгла €"", 0.4500968605420287, 13.0], [""Ja АГПЛЫ"", 0.38375787082134344, 14.0], [""Pcicпn"", 0.4681598612330729, 17.0], [""Den"", 0.40955423463786483, 12.0], [""ншан]"", 0.6503906581351382, 14.0], [""TSL"", 0.9365760711664404, 14.0], [""694"", 0.8722155420503911, 14.0], [""9139999"", 0.8834262530319207, 52.0], [""JMк ,"", 0.24305946756692198, 15.62746694241347], [""79 0. 751 ::"", 0.1874321779105262, 14.0], [""21"", 0.35022265796194474, 7.0], [""16842"", 0.4756047631032436, 16.0], [""4 ."", 0.18485543216059058, 12.5], [""9139999"", 0.7792727969654882, 49.0]]",,,ml/output/tracks/best_frames/25_12-20/track_0717_r2.jpg,ml/output/tracks/best_frames_hires/25_12-20/track_0717_r2.jpg,
25_12-20.mp4,719,37849,562,1439,771,1672,270,"34%8)
)899'
ТШПИяПи |
HHAР
-47","[[""34%8)"", 0.7576812621118499, 24.0], ["")899'"", 0.7535579896024777, 61.0], [""ТШПИяПи |"", 0.2326691732423812, 26.0], [""HHAР"", 0.2983418405056, 24.0], [""-47"", 0.7640056891398701, 25.5]]",,,ml/output/tracks/best_frames/25_12-20/track_0719_r2.jpg,ml/output/tracks/best_frames_hires/25_12-20/track_0719_r2.jpg,
25_12-20.mp4,724,38002,2065,1292,2337,1651,0,"5
'
#
$
I
₽ ;5
:
{
:
8
:
9","[[""5"", 0.6416625888335581, 22.0], [""'"", 0.7493756147699884, 28.0], [""#"", 0.1280437293161194, 49.0], [""$"", 0.17729556079979503, 32.0], [""I"", 0.7662195674106762, 67.0], [""₽ ;5"", 0.35924294030986686, 23.0], ["":"", 0.7902229717174691, 56.96773982019977], [""{"", 0.3711393834027241, 50.95960811756078], ["":"", 0.4339298855925655, 35.0], [""8"", 0.47850155618334966, 50.5], ["":"", 0.4700454565455061, 76.5], [""9"", 0.7395951036534285, 23.0]]",,,ml/output/tracks/best_frames/25_12-20/track_0724_r0.jpg,ml/output/tracks/best_frames_hires/25_12-20/track_0724_r0.jpg,4 8 :
25_12-20.mp4,720,38002,568,9,785,290,270,35%,"[[""35%"", 0.5338712987982441, 24.0]]",,,ml/output/tracks/best_frames/25_12-20/track_0720_r2.jpg,ml/output/tracks/best_frames_hires/25_12-20/track_0720_r2.jpg,8
25_12-20.mp4,724,38155,2071,1240,2323,1595,90,"66
Ф99
#е< нee
1:
 6 92:","[[""66"", 0.9997045633758364, 20.0], [""Ф99"", 0.6858940182011143, 16.0], [""#е< нee"", 0.45955727184290174, 14.0], [""1:"", 0.1975220015925179, 7.0], ["" 6 92:"", 0.30209282405503396, 14.0]]",,,ml/output/tracks/best_frames/25_12-20/track_0724_r1.jpg,ml/output/tracks/best_frames_hires/25_12-20/track_0724_r1.jpg,73 13 5 4
25_12-20.mp4,726,38155,543,146,764,440,270,"9495
МАССАНА
ЛIИПм
84//4.4","[[""9495"", 0.855234682559967, 52.0], [""МАССАНА"", 0.8755120969052342, 44.0], [""ЛIИПм"", 0.03599041222533785, 31.766967646379356], [""84//4.4"", 0.12612302070143216, 43.0]]",,,ml/output/tracks/best_frames/25_12-20/track_0726_r0.jpg,ml/output/tracks/best_frames_hires/25_12-20/track_0726_r0.jpg,6 8 :
25_12-20.mp4,727,38155,579,1610,798,1890,90,"vvHV
6
66
Imf!
6
66
25","[[""vvHV"", 0.37110790610313416, 26.0], [""6"", 0.9667170774830538, 32.0], [""66"", 0.9998205434356684, 16.0], [""Imf!"", 0.6647436022758484, 14.0], [""6"", 0.9999721052207775, 38.0], [""66"", 0.9999220292205985, 16.0], [""25"", 0.5562139865825189, 15.0]]",,,ml/output/tracks/best_frames/25_12-20/track_0727_r0.jpg,ml/output/tracks/best_frames_hires/25_12-20/track_0727_r0.jpg,
25_12-20.mp4,720,38155,558,22,782,342,180,&,"[[""&"", 0.9961329010189424, 85.91454295542545]]",,,ml/output/tracks/best_frames/25_12-20/track_0720_r1.jpg,ml/output/tracks/best_frames_hires/25_12-20/track_0720_r1.jpg,8 6
25_12-20.mp4,727,38308,587,1592,789,1825,90,"66
Imf
66
295","[[""66"", 0.9995424001904842, 16.0], [""Imf"", 0.9413098216016601, 13.0], [""66"", 0.9999270024387655, 16.0], [""295"", 0.42159988314299923, 14.0]]",,,ml/output/tracks/best_frames/25_12-20/track_0727_r1.jpg,ml/output/tracks/best_frames_hires/25_12-20/track_0727_r1.jpg,
25_12-20.mp4,728,38308,2118,0,2304,283,0,,[],,,ml/output/tracks/best_frames/25_12-20/track_0728_r2.jpg,ml/output/tracks/best_frames_hires/25_12-20/track_0728_r2.jpg,
25_12-20.mp4,724,38308,2069,1331,2325,1679,180,"1
&
8
;
[
1
{
Ё
{
Ё
'
!","[[""1"", 0.6395505359417122, 40.0], [""&"", 0.2725101515044379, 24.0], [""8"", 0.5865277860802962, 47.0], ["";"", 0.7732125123136626, 34.0], [""["", 0.1449218646239956, 42.94304067756626], [""1"", 0.7203222223695072, 89.98721050957943], [""{"", 0.3678968747165676, 54.965323307496945], [""Ё"", 0.164383384069823, 42.943040677566266], [""{"", 0.335939242028477, 52.96262749935431], [""Ё"", 0.5823240179779532, 52.96262749935431], [""'"", 0.9209661795699162, 46.9523741203679], [""!"", 0.99897351394279, 30.89074596325255]]",,,ml/output/tracks/best_frames/25_12-20/track_0724_r2.jpg,ml/output/tracks/best_frames_hires/25_12-20/track_0724_r2.jpg,5 : 5 9 8 8 2 7
25_12-20.mp4,726,38308,543,182,760,426,90,"Ls
sб67
Nээvw
mii
66
676.","[[""Ls"", 0.12469051914909166, 16.0], [""sб67"", 0.26529988646507263, 48.0], [""Nээvw"", 0.7293314574143758, 43.80244722357588], [""mii"", 0.8159998943107708, 31.600073637218316], [""66"", 0.8555604386660263, 18.0], [""676."", 0.6638906002044678, 44.5]]",,,ml/output/tracks/best_frames/25_12-20/track_0726_r2.jpg,ml/output/tracks/best_frames_hires/25_12-20/track_0726_r2.jpg,3 3
25_12-20.mp4,727,38462,596,1652,802,1876,0,,[],,,ml/output/tracks/best_frames/25_12-20/track_0727_r2.jpg,ml/output/tracks/best_frames_hires/25_12-20/track_0727_r2.jpg,
25_12-20.mp4,728,38462,2124,0,2389,259,0,,[],,,ml/output/tracks/best_frames/25_12-20/track_0728_r1.jpg,ml/output/tracks/best_frames_hires/25_12-20/track_0728_r1.jpg,
25_12-20.mp4,723,38462,2122,177,2371,465,0,"$
f
#
1
@
g
'
gax:а
8
;
5
5
8
8
1
6
:
9
1
286
8
5","[[""$"", 0.7439520252832068, 54.0], [""f"", 0.9189837533174483, 24.0], [""#"", 0.1677447844761879, 93.0], [""1"", 0.8514606254506738, 59.0], [""@"", 0.6492251101138926, 104.0], [""g"", 0.07613554883620566, 32.0], [""'"", 0.17104715951788396, 50.0], [""gax:а"", 0.2876937779084568, 22.0], [""8"", 0.9972575657642757, 44.94801605407838], ["";"", 0.14986250088526631, 27.866691212406067], [""5"", 0.7839176396373659, 58.5], [""5"", 0.6303314606271648, 25.0], [""8"", 0.6701810030364328, 81.5], [""8"", 0.9971240009439306, 17.0], [""1"", 0.9994776931121265, 60.5], [""6"", 0.5110067851042324, 104.0], ["":"", 0.649287641664742, 30.5], [""9"", 0.2785195753042444, 9.0], [""1"", 0.4830186934438565, 50.0], [""286"", 0.3076254690693946, 18.5], [""8"", 0.9993771092812409, 42.976833630141016], [""5"", 0.4080956282348467, 27.462627499354312]]",,,ml/output/tracks/best_frames/25_12-20/track_0723_r1.jpg,ml/output/tracks/best_frames_hires/25_12-20/track_0723_r1.jpg,3 3 4 1 8 0 2 0 5 2 9 8 1 1 1
25_12-20.mp4,733,38615,2112,111,2304,400,90,"{я
Z(c)
(Bizodl <rl
IS tiudзut
сцaфuнzu
&ъba
6672208/ 471
2 -1 1
61 03
18
712
613..","[[""{я"", 0.79298654609279, 24.0], [""Z(c)"", 0.9189900568949941, 61.0], [""(Bizodl <rl"", 0.14502925101690683, 18.0], [""IS tiudзut"", 0.5312392733811997, 16.0], [""сцaфuнzu"", 0.11895596765975666, 21.78885438199984], [""&ъba"", 0.22345910966396332, 18.72386843031552], [""6672208/ 471"", 0.1676469915725313, 24.0], [""2 -1 1"", 0.22468855162546444, 22.0], [""61 03"", 0.3656007058311817, 14.0], [""18"", 0.44099011986132525, 13.0], [""712"", 0.19891175592014773, 19.37107321330042], [""613.."", 0.10342525559131033, 20.38457184292247]]",,,ml/output/tracks/best_frames/25_12-20/track_0733_r0.jpg,ml/output/tracks/best_frames_hires/25_12-20/track_0733_r0.jpg,5 3 1 8 8 2 8 1
25_12-20.mp4,728,38615,2121,0,2391,339,270,"Cаa
лън
14 
279
279","[[""Cаa"", 0.45863709286080523, 14.0], [""лън"", 0.24622252049653434, 8.0], [""14 "", 0.23884673521929511, 14.0], [""279"", 0.6697122195423154, 24.0], [""279"", 0.9996007538643127, 22.0]]",,,ml/output/tracks/best_frames/25_12-20/track_0728_r0.jpg,ml/output/tracks/best_frames_hires/25_12-20/track_0728_r0.jpg,4 82
25_12-20.mp4,733,38768,2111,157,2304,442,270,"Апсритш SISA
mutcau
алх
14+ [Россмя)
175L
27%0
21
@[Il
Солху
ПЕнлфруа
-279
43
21
277
 ","[[""Апсритш SISA"", 0.14600974016971816, 19.0], [""mutcau"", 0.2816222657545711, 8.0], [""алх"", 0.7724177410752204, 8.0], [""14+ [Россмя)"", 0.4406570120090101, 16.0], [""175L"", 0.5307430624961853, 14.0], [""27%0"", 0.5807092785835266, 31.0], [""21"", 0.9844495460548534, 62.0], [""@[Il"", 0.2764418423175812, 24.0], [""Солху"", 0.6557640552168542, 17.695996608010176], [""ПЕнлфруа"", 0.4498160591291839, 21.78885438199984], [""-279"", 0.9995313286781311, 28.0], [""43"", 0.22983887729957062, 8.0], [""21"", 0.9999774252650832, 61.0], [""277"", 0.16136342401289616, 12.5], ["" "", 0.6994831568343649, 27.0]]",,,ml/output/tracks/best_frames/25_12-20/track_0733_r2.jpg,ml/output/tracks/best_frames_hires/25_12-20/track_0733_r2.jpg,5 4 1 8 5 3 5 8 1 9
25_12-20.mp4,736,38768,2010,1406,2342,2007,180,"Eilig
8
2
&
1
;
!
&
$
$
1
&
[
ё
;
{
Ё
'
5
6
7
53
4
5
7
5","[[""Eilig"", 0.2721595054420522, 68.0], [""8"", 0.9996114154728843, 98.0], [""2"", 0.49159519113254646, 40.0], [""&"", 0.5167083273850182, 26.0], [""1"", 0.35084223526702374, 139.0], ["";"", 0.1053130510403344, 47.0], [""!"", 0.9969881835041292, 32.0], [""&"", 0.32641001277546877, 36.0], [""$"", 0.6988140253302078, 38.0], [""$"", 0.8270830304593382, 36.0], [""1"", 0.9283675558934057, 111.99178641293543], [""&"", 0.9041092804142217, 42.94304067756627], [""["", 0.9694807208814069, 54.96532330749699], [""ё"", 0.23478408075447987, 44.94801605407838], ["";"", 0.16164814735135735, 101.97933657012504], [""{"", 0.38830358007095356, 52.96262749935431], [""Ё"", 0.8709615888125235, 52.96262749935431], [""'"", 0.9876013282815279, 46.95237412036795], [""5"", 0.2804745441954424, 24.0], [""6"", 0.8587167640990998, 12.0], [""7"", 0.3797630810386323, 12.0], [""53"", 0.44602469545336954, 61.5], [""4"", 0.4023722482035943, 14.0], [""5"", 0.23731493234644407, 15.0], [""7"", 0.7608280007929444, 34.0], [""5"", 0.14694736296725353, 46.48037655549933]]",,,ml/output/tracks/best_frames/25_12-20/track_0736_r0.jpg,ml/output/tracks/best_frames_hires/25_12-20/track_0736_r0.jpg,
25_12-20.mp4,726,38768,522,370,735,616,0,"[
:
#
8
8","[[""["", 0.42503569600411595, 146.0], ["":"", 0.5542780922801036, 50.0], [""#"", 0.5024626979603717, 84.95250083612495], [""8"", 0.33088269842438933, 70.5], [""8"", 0.38564387706720993, 81.48935444201918]]",,,ml/output/tracks/best_frames/25_12-20/track_0726_r1.jpg,ml/output/tracks/best_frames_hires/25_12-20/track_0726_r1.jpg,38
25_12-20.mp4,736,38921,2048,1649,2295,2006,180,"tulis
8
1
'
8
1
&
[
'
g
!
:
2
5
1
5
2
1
1
1
:","[[""tulis"", 0.1354547696508367, 64.0], [""8"", 0.9924946520919917, 101.0], [""1"", 0.4770613775573942, 40.0], [""'"", 0.8829588112021725, 38.0], [""8"", 0.3898308741029268, 34.0], [""1"", 0.9101521578412672, 111.99178641293543], [""&"", 0.3529547373647155, 42.94304067756627], [""["", 0.6827868022792281, 52.96262749935431], [""'"", 0.987365235736636, 46.95237412036795], [""g"", 0.1996439762206279, 46.95237412036795], [""!"", 0.9990974317995303, 32.90341723552115], ["":"", 0.6937972557459524, 35.5], [""2"", 0.8806486486666962, 41.5], [""5"", 0.7172942062440235, 16.0], [""1"", 0.9925224423823806, 92.5], [""5"", 0.7784482754406241, 22.910427500435993], [""2"", 0.95901207283109, 117.48920086078067], [""1"", 0.9978691973565788, 93.99548178905619], [""1"", 0.30146830936814695, 47.988288926138914], [""1"", 0.770965573624327, 52.49026852925963], ["":"", 0.35791158692405034, 45.48691770366622]]",,,ml/output/tracks/best_frames/25_12-20/track_0736_r1.jpg,ml/output/tracks/best_frames_hires/25_12-20/track_0736_r1.jpg,
25_12-20.mp4,736,39074,2041,1702,2299,2045,180,"aкtaljs
;
8
I
@
1
[
{
!
5
4
8
2
1
2
1
2
1
8
:","[[""aкtaljs"", 0.20426324137503415, 74.0], ["";"", 0.11710254047168078, 41.0], [""8"", 0.40571382715484106, 120.0], [""I"", 0.8012243861995536, 95.0], [""@"", 0.37366377789658145, 36.0], [""1"", 0.9468477586517032, 111.99178641293543], [""["", 0.8647404864432815, 56.96773982019977], [""{"", 0.5179380317377422, 52.96262749935431], [""!"", 0.997914449111704, 32.90341723552115], [""5"", 0.9980929653839645, 38.0], [""4"", 0.43976928298258144, 21.0], [""8"", 0.9813250659080133, 110.5], [""2"", 0.6994079844358261, 42.5], [""1"", 0.7541580669135897, 15.0], [""2"", 0.8834697903923008, 15.0], [""1"", 0.997917307151738, 94.5], [""2"", 0.9869929705228628, 48.5], [""1"", 0.9959282683902337, 93.9954817890562], [""8"", 0.7969479057255882, 46.48749362423399], ["":"", 0.5553164339824299, 44.48630120864574]]",,,ml/output/tracks/best_frames/25_12-20/track_0736_r2.jpg,ml/output/tracks/best_frames_hires/25_12-20/track_0736_r2.jpg,
25_12-20.mp4,740,39074,505,572,717,846,0,"1
9","[[""1"", 0.8989634038173335, 159.0], [""9"", 0.9801775577152263, 30.0]]",,,ml/output/tracks/best_frames/25_12-20/track_0740_r0.jpg,ml/output/tracks/best_frames_hires/25_12-20/track_0740_r0.jpg,
25_12-20.mp4,739,39074,2113,296,2304,654,270,"SWSA
плсам
[Росеия)
I75L
303""
27%
99
)219'
Ull
АпЕр-и
Cаi
Фсилфрут
15
29
25 6
-279
99
1
219
276
8
 7.","[[""SWSA"", 0.9725782871246338, 16.0], [""плсам"", 0.30142241025267197, 8.0], [""[Росеия)"", 0.45423862657464376, 17.0], [""I75L"", 0.9851745367050171, 14.0], [""303\"""", 0.9001927971839905, 14.0], [""27%"", 0.8816568937270103, 31.0], [""99"", 0.9996752318339001, 20.0], ["")219'"", 0.9888856605660177, 75.0], [""Ull"", 0.7408797816156757, 20.0], [""АпЕр-и"", 0.18271982189307617, 17.695996608010176], [""Cаi"", 0.2553288801547157, 15.627466942413463], [""Фсилфрут"", 0.47989450876957546, 20.769836444763968], [""15"", 0.34226185806681503, 16.664100588675694], [""29"", 0.492513189096273, 7.5], [""25 6"", 0.302006158306684, 8.0], [""-279"", 0.9720134155183285, 28.5], [""99"", 0.9999981455391691, 18.0], [""1"", 0.344262518524463, 15.5], [""219"", 0.9999991052683532, 67.0], [""276"", 0.10332806235740563, 8.5], [""8"", 0.39223195137209643, 14.0], ["" 7."", 0.16036115948294916, 26.0]]",,,ml/output/tracks/best_frames/25_12-20/track_0739_r1.jpg,ml/output/tracks/best_frames_hires/25_12-20/track_0739_r1.jpg,24 4.
25_12-20.mp4,733,39228,2124,307,2397,630,270,"5
SШ54
Eo пэусач
1d 
{Россия) 0 J75L
з03""
2790
99
219
[ШШ
Аnарата
Сату
Тенлфвут =
ПШШЦ
00
2:4:/ 0 1751
1
303 
2279
99
525
219
4
 
2
6","[[""5"", 0.9196537751724918, 28.0], [""SШ54"", 0.22755573689937592, 14.0], [""Eo пэусач"", 0.43390925283990717, 16.0], [""1d "", 0.3449329733848572, 14.0], [""{Россия) 0 J75L"", 0.36688917974534985, 24.0], [""з03\"""", 0.7888369560241699, 16.0], [""2790"", 0.4111671504154414, 26.0], [""99"", 0.9884956347196417, 20.0], [""219"", 0.9452342987060547, 64.0], [""[ШШ"", 0.4863473854303859, 20.0], [""Аnарата"", 0.1889835967440959, 18.72386843031552], [""Сату"", 0.24633710086345673, 16.664100588675694], [""Тенлфвут ="", 0.40838083673223613, 26.66828022501295], [""ПШШЦ"", 0.40828412771224976, 34.67223788975764], [""00"", 0.08541643859163843, 6.5], [""2:4:/ 0 1751"", 0.22115113748931464, 16.0], [""1"", 0.49844168127152955, 8.0], [""303 "", 0.8909254670143127, 16.0], [""2279"", 0.5407375693321228, 26.0], [""99"", 0.9999933408044295, 18.0], [""525"", 0.2683277358891075, 12.0], [""219"", 0.9999997246979434, 66.5], [""4"", 0.47160713540529287, 18.0], ["" "", 0.07937624081402195, 34.0], [""2"", 0.19434230191308988, 11.78885438199983], [""6"", 0.22193622325325268, 14.356953381770523]]",,,ml/output/tracks/best_frames/25_12-20/track_0733_r1.jpg,ml/output/tracks/best_frames_hires/25_12-20/track_0733_r1.jpg,
25_12-20.mp4,723,39228,2114,550,2377,853,180,"3
8
#
i
@
Е
=
F
8
8
5
4
3
1
8 
8
:","[[""3"", 0.7601492612987073, 38.0], [""8"", 0.915452636317017, 26.0], [""#"", 0.9920472107328493, 48.0], [""i"", 0.7671058477019557, 68.0], [""@"", 0.6329389528606875, 103.0], [""Е"", 0.6774993511208471, 22.0], [""="", 0.1689553337294294, 75.961969092711], [""F"", 0.24184470843078376, 27.866691212406067], [""8"", 0.49973820094112753, 39.0], [""8"", 0.9999991655351472, 26.0], [""5"", 0.9998732845396638, 14.0], [""4"", 0.976942419700638, 60.0], [""3"", 0.14118300489043634, 52.5], [""1"", 0.9008215049267996, 70.0], [""8 "", 0.12025846457468516, 119.5], [""8"", 0.5217698052350137, 11.0], ["":"", 0.8125056803527322, 21.5]]",,,ml/output/tracks/best_frames/25_12-20/track_0723_r0.jpg,ml/output/tracks/best_frames_hires/25_12-20/track_0723_r0.jpg,2
25_12-20.mp4,740,39228,509,571,718,820,0,"=
1
3","[[""="", 0.5093188504035062, 38.0], [""1"", 0.9801314117087401, 156.9868858035195], [""3"", 0.5495460841116575, 52.47891170461712]]",,,ml/output/tracks/best_frames/25_12-20/track_0740_r2.jpg,ml/output/tracks/best_frames_hires/25_12-20/track_0740_r2.jpg,
25_12-20.mp4,741,39228,670,2066,872,2159,270,"299
пшеч
ИСС)
12.","[[""299"", 0.9333455268693247, 52.28019268259146], [""пшеч"", 0.19469653069972992, 29.71497780926859], [""ИСС)"", 0.841475248336792, 44.811983196264265], [""12."", 0.09625687974789343, 44.45003244115145]]",,,ml/output/tracks/best_frames/25_12-20/track_0741_r0.jpg,ml/output/tracks/best_frames_hires/25_12-20/track_0741_r0.jpg,
25_12-20.mp4,739,39228,2109,404,2304,706,0,"1
@
;
1
8
8
$
!
8
1
!
28596","[[""1"", 0.9990937379830598, 73.0], [""@"", 0.29397182246558273, 115.0], ["";"", 0.2776945844545686, 26.0], [""1"", 0.5548015813165108, 50.0], [""8"", 0.9998173797067125, 26.0], [""8"", 0.3667148304848524, 28.0], [""$"", 0.8685631930274127, 57.89203868188389], [""!"", 0.8507192774032433, 93.98828892613892], [""8"", 0.9872823198139749, 42.94304067756627], [""1"", 0.9254920751196529, 56.967739820199824], [""!"", 0.9136637035696573, 32.90341723552109], [""28596"", 0.2801989166767593, 19.5]]",,,ml/output/tracks/best_frames/25_12-20/track_0739_r0.jpg,ml/output/tracks/best_frames_hires/25_12-20/track_0739_r0.jpg,
25_12-20.mp4,740,39381,505,647,717,891,180,"1
:

8","[[""1"", 0.6689077636218066, 151.99090039314558], ["":"", 0.28902617238424355, 67.0], ["""", 0.0, 119.5], [""8"", 0.4600128141888149, 20.0]]",,,ml/output/tracks/best_frames/25_12-20/track_0740_r1.jpg,ml/output/tracks/best_frames_hires/25_12-20/track_0740_r1.jpg,
25_12-20.mp4,741,39381,662,2079,879,2159,270,"ul
99
ше 
ИСС)
1/","[[""ul"", 0.6298965703667244, 14.0], [""99"", 0.9998875540599467, 50.0], [""ше "", 0.07416366040706635, 29.024802275056885], [""ИСС)"", 0.49304574728012085, 45.82085500087203], [""1/"", 0.15334094005877708, 45.45250083612498]]",,,ml/output/tracks/best_frames/25_12-20/track_0741_r1.jpg,ml/output/tracks/best_frames_hires/25_12-20/track_0741_r1.jpg,
25_12-20.mp4,739,39534,2108,537,2304,835,180,"g
8
ТЁ
[
I
9
₽ :
{
8
=)
5
8
8
1
1
9
1
738
7","[[""g"", 0.9848707546665061, 38.0], [""8"", 0.6829357480350531, 26.0], [""ТЁ"", 0.05011141312115803, 26.0], [""["", 0.05967768865062695, 77.0], [""I"", 0.9466412936220969, 68.0], [""9"", 0.8699491521147138, 113.0], [""₽ :"", 0.575748860836029, 24.0], [""{"", 0.044782401295560215, 30.0], [""8"", 0.41057567493254865, 51.0], [""=)"", 0.2265087953733685, 22.0], [""5"", 0.26525445461983566, 14.0], [""8"", 0.5693662711562162, 39.0], [""8"", 0.9999992847443906, 26.0], [""1"", 0.9868878061766395, 53.0], [""1"", 0.37263177345090526, 69.0], [""9"", 0.9947674952578645, 109.5], [""1"", 0.9990913548792832, 44.5], [""738"", 0.08448642297130064, 36.0], [""7"", 0.8841558843103634, 32.959181771496446]]",,,ml/output/tracks/best_frames/25_12-20/track_0739_r2.jpg,ml/output/tracks/best_frames_hires/25_12-20/track_0739_r2.jpg,
25_12-20.mp4,723,39534,2114,701,2377,1000,180,"$
:
[
5
я
!
I
1
%
1","[[""$"", 0.9780398143010558, 32.0], ["":"", 0.34444712739747274, 50.0], [""["", 0.46542629987144224, 58.0], [""5"", 0.9935504813422682, 28.0], [""я"", 0.32743118949292693, 34.0], [""!"", 0.09202368249650394, 30.0], [""I"", 0.93449601694903, 65.0], [""1"", 0.9525212221620336, 91.0], [""%"", 0.45154850039251926, 26.0], [""1"", 0.51154046455828, 90.98749362423399]]",,,ml/output/tracks/best_frames/25_12-20/track_0723_r2.jpg,ml/output/tracks/best_frames_hires/25_12-20/track_0723_r2.jpg,8 . 5 1 1 2 7 1 5 9
25_12-20.mp4,743,39841,2114,876,2378,1173,180,"&
>
;
8
а
[
5
$
8
Il
i
8
а
5
&
3","[[""&"", 0.28174565002601426, 24.0], ["">"", 0.9797675926290914, 32.0], ["";"", 0.9898513673148415, 24.0], [""8"", 0.9999978542339392, 86.0], [""а"", 0.22001063313440739, 50.0], [""["", 0.8879043935103006, 70.0], [""5"", 0.9998040295300257, 28.0], [""$"", 0.6589779230612045, 34.0], [""8"", 0.9925717295380174, 35.0], [""Il"", 0.9698279577041543, 66.0], [""i"", 0.4188531661404795, 104.0], [""8"", 0.7966269739828391, 28.0], [""а"", 0.061507198323820456, 32.0], [""5"", 0.868081200619887, 44.94801605407838], [""&"", 0.2731663905548345, 47.95435272784562], [""3"", 0.24723757736858776, 40.0]]",,,ml/output/tracks/best_frames/25_12-20/track_0743_r2.jpg,ml/output/tracks/best_frames_hires/25_12-20/track_0743_r2.jpg,28 6 6 8 2 5 7 87
25_12-20.mp4,747,39841,500,924,708,1193,270,ЕЗОя),"[[""ЕЗОя)"", 0.38152561861994505, 56.0]]",,,ml/output/tracks/best_frames/25_12-20/track_0747_r0.jpg,ml/output/tracks/best_frames_hires/25_12-20/track_0747_r0.jpg,
25_12-20.mp4,749,39994,565,2,800,103,0,,[],,,ml/output/tracks/best_frames/25_12-20/track_0749_r2.jpg,ml/output/tracks/best_frames_hires/25_12-20/track_0749_r2.jpg,
25_12-20.mp4,743,39994,2111,955,2378,1249,180,"8
ё
8
""
Il
5
$
8
Е
i
8
5
{
{
84 9
8 : : :
1
7","[[""8"", 0.9395558396272499, 24.0], [""ё"", 0.18909924614701001, 30.0], [""8"", 0.9999867678126328, 86.0], [""\"""", 0.3571374233075062, 52.0], [""Il"", 0.7540981917802154, 77.0], [""5"", 0.9994934246903, 26.0], [""$"", 0.9739867312638104, 36.0], [""8"", 0.9143326954763644, 34.0], [""Е"", 0.12685303438401263, 54.0], [""i"", 0.8317873802653253, 105.0], [""8"", 0.8439495287754575, 28.0], [""5"", 0.357347614097435, 50.95960811756082], [""{"", 0.45990989433167684, 58.96991404929261], [""{"", 0.8069773577440209, 52.96262749935431], [""84 9"", 0.1646209811568437, 15.0], [""8 : : :"", 0.5042657569893485, 20.0], [""1"", 0.21668422650446306, 27.0], [""7"", 0.7449670105978754, 38.0]]",,,ml/output/tracks/best_frames/25_12-20/track_0743_r0.jpg,ml/output/tracks/best_frames_hires/25_12-20/track_0743_r0.jpg,81
25_12-20.mp4,747,39994,505,924,711,1166,270,Е30з),"[[""Е30з)"", 0.37271103555957863, 54.0]]",,,ml/output/tracks/best_frames/25_12-20/track_0747_r1.jpg,ml/output/tracks/best_frames_hires/25_12-20/track_0747_r1.jpg,63
25_12-20.mp4,712,39994,510,1121,714,1367,0,"6
6G","[[""6"", 0.9755283016123464, 64.0], [""6G"", 0.1719863462596373, 30.0]]",,,ml/output/tracks/best_frames/25_12-20/track_0712_r0.jpg,ml/output/tracks/best_frames_hires/25_12-20/track_0712_r0.jpg,
25_12-20.mp4,743,40147,2109,1053,2365,1345,0,"I(
2","[[""I("", 0.510481934730544, 44.0], [""2"", 0.8454047160935865, 188.0]]",,,ml/output/tracks/best_frames/25_12-20/track_0743_r1.jpg,ml/output/tracks/best_frames_hires/25_12-20/track_0743_r1.jpg,
25_12-20.mp4,750,40147,513,1095,711,1278,270,30,"[[""30"", 0.46773794916194267, 50.0]]",,,ml/output/tracks/best_frames/25_12-20/track_0750_r2.jpg,ml/output/tracks/best_frames_hires/25_12-20/track_0750_r2.jpg,
25_12-20.mp4,749,40147,562,0,761,190,0,,[],,,ml/output/tracks/best_frames/25_12-20/track_0749_r1.jpg,ml/output/tracks/best_frames_hires/25_12-20/track_0749_r1.jpg,
25_12-20.mp4,748,40147,2104,864,2304,1203,270,"1399
15
13997","[[""1399"", 0.9997403621673584, 54.0], [""15"", 0.13224659512385628, 24.0], [""13997"", 0.5156967935586334, 50.0]]",,,ml/output/tracks/best_frames/25_12-20/track_0748_r2.jpg,ml/output/tracks/best_frames_hires/25_12-20/track_0748_r2.jpg,8
25_12-20.mp4,744,40147,540,49,777,304,0,,[],,,ml/output/tracks/best_frames/25_12-20/track_0744_r1.jpg,ml/output/tracks/best_frames_hires/25_12-20/track_0744_r1.jpg,
25_12-20.mp4,712,40147,524,1208,728,1456,0,,[],,,ml/output/tracks/best_frames/25_12-20/track_0712_r1.jpg,ml/output/tracks/best_frames_hires/25_12-20/track_0712_r1.jpg,
25_12-20.mp4,751,40300,2102,982,2303,1240,0,"[
1
Il'
I
$
1
[
1 3
8","[[""["", 0.38578876590594646, 30.0], [""1"", 0.9215342708863581, 82.0], [""Il'"", 0.4720589382194906, 26.0], [""I"", 0.992551420706377, 60.0], [""$"", 0.11769420329624669, 166.0], [""1"", 0.3346020169364152, 46.0], [""["", 0.6012353354691733, 45.950265711582915], [""1 3"", 0.9190174415491218, 24.0], [""8"", 0.9997789981889724, 85.5]]",,,ml/output/tracks/best_frames/25_12-20/track_0751_r1.jpg,ml/output/tracks/best_frames_hires/25_12-20/track_0751_r1.jpg,8 0
25_12-20.mp4,712,40300,530,1262,734,1506,0,,[],,,ml/output/tracks/best_frames/25_12-20/track_0712_r2.jpg,ml/output/tracks/best_frames_hires/25_12-20/track_0712_r2.jpg,
25_12-20.mp4,749,40300,552,11,764,244,0,,[],,,ml/output/tracks/best_frames/25_12-20/track_0749_r0.jpg,ml/output/tracks/best_frames_hires/25_12-20/track_0749_r0.jpg,
25_12-20.mp4,744,40300,534,108,750,361,0,,[],,,ml/output/tracks/best_frames/25_12-20/track_0744_r2.jpg,ml/output/tracks/best_frames_hires/25_12-20/track_0744_r2.jpg,
25_12-20.mp4,746,40300,2130,47,2394,328,180,"2sl
27
-1","[[""2sl"", 0.6380148352438305, 38.0], [""27"", 0.5433141383119298, 80.5], [""-1"", 0.21728608175907754, 31.0]]",,,ml/output/tracks/best_frames/25_12-20/track_0746_r1.jpg,ml/output/tracks/best_frames_hires/25_12-20/track_0746_r1.jpg,6
25_12-20.mp4,747,40300,503,939,723,1234,270,30,"[[""30"", 0.8720234757794201, 48.0]]",,,ml/output/tracks/best_frames/25_12-20/track_0747_r2.jpg,ml/output/tracks/best_frames_hires/25_12-20/track_0747_r2.jpg,
25_12-20.mp4,748,40300,2111,874,2400,1253,0,"""
{
II
{
7
8
{II
€
7
8
9","[[""\"""", 0.5768515175091693, 30.0], [""{"", 0.7368383609298554, 85.0], [""II"", 0.8346716735981429, 24.0], [""{"", 0.6840524716270835, 64.0], [""7"", 0.6129068935325712, 90.0], [""8"", 0.8309757533631377, 191.0], [""{II"", 0.1510457831173092, 77.0], [""€"", 0.9975362712541482, 61.906565453050916], [""7"", 0.25909981377327895, 89.5], [""8"", 0.995445918266924, 112.0], [""9"", 0.6512157807542849, 59.4790899050376]]",,,ml/output/tracks/best_frames/25_12-20/track_0748_r1.jpg,ml/output/tracks/best_frames_hires/25_12-20/track_0748_r1.jpg,5 : 9 8 8 9
25_12-20.mp4,751,40454,2085,1008,2304,1301,0,"9
1
""
IIl
Ik
3","[[""9"", 0.9960148777743747, 26.0], [""1"", 0.5461579458324337, 79.0], [""\"""", 0.5067415213206914, 32.0], [""IIl"", 0.4919757379754719, 26.0], [""Ik"", 0.33618666882170195, 49.0], [""3"", 0.8925011152638405, 114.5]]",,,ml/output/tracks/best_frames/25_12-20/track_0751_r0.jpg,ml/output/tracks/best_frames_hires/25_12-20/track_0751_r0.jpg,8
25_12-20.mp4,748,40607,2092,1047,2367,1431,180,"9
{
8
""
""
7","[[""9"", 0.8020609628872855, 28.0], [""{"", 0.988986585754251, 76.0], [""8"", 0.6035062714959736, 110.0], [""\"""", 0.3338666569653128, 32.0], [""\"""", 0.8904827606563828, 78.0], [""7"", 0.24068861325951563, 36.0]]",,,ml/output/tracks/best_frames/25_12-20/track_0748_r0.jpg,ml/output/tracks/best_frames_hires/25_12-20/track_0748_r0.jpg,11 0 8
25_12-20.mp4,756,40607,554,69,743,287,0,,[],,,ml/output/tracks/best_frames/25_12-20/track_0756_r0.jpg,ml/output/tracks/best_frames_hires/25_12-20/track_0756_r0.jpg,
25_12-20.mp4,746,40607,2121,174,2377,457,270,"LAшIVъ
9
75
9","[[""LAшIVъ"", 0.05653855862576436, 26.0], [""9"", 0.9999945163801982, 40.0], [""75"", 0.7136698460833273, 28.5], [""9"", 1.0, 48.0]]",,,ml/output/tracks/best_frames/25_12-20/track_0746_r2.jpg,ml/output/tracks/best_frames_hires/25_12-20/track_0746_r2.jpg,
25_12-20.mp4,751,40607,2091,1078,2304,1292,90,"31-
0","[[""31-"", 0.9837430570195281, 24.611442075295713], [""0"", 0.9487061442137588, 8.0]]",,,ml/output/tracks/best_frames/25_12-20/track_0751_r2.jpg,ml/output/tracks/best_frames_hires/25_12-20/track_0751_r2.jpg,
25_12-20.mp4,756,40760,553,95,738,316,0,,[],,,ml/output/tracks/best_frames/25_12-20/track_0756_r1.jpg,ml/output/tracks/best_frames_hires/25_12-20/track_0756_r1.jpg,
25_12-20.mp4,750,40760,528,1240,736,1485,0,,[],,,ml/output/tracks/best_frames/25_12-20/track_0750_r0.jpg,ml/output/tracks/best_frames_hires/25_12-20/track_0750_r0.jpg,
25_12-20.mp4,759,40760,529,174,733,396,0,,[],,,ml/output/tracks/best_frames/25_12-20/track_0759_r0.jpg,ml/output/tracks/best_frames_hires/25_12-20/track_0759_r0.jpg,
25_12-20.mp4,759,40913,528,222,726,425,0,,[],,,ml/output/tracks/best_frames/25_12-20/track_0759_r1.jpg,ml/output/tracks/best_frames_hires/25_12-20/track_0759_r1.jpg,
25_12-20.mp4,756,40913,542,135,733,339,0,,[],,,ml/output/tracks/best_frames/25_12-20/track_0756_r2.jpg,ml/output/tracks/best_frames_hires/25_12-20/track_0756_r2.jpg,
25_12-20.mp4,750,41067,537,1358,749,1613,270,~S0a,"[[""~S0a"", 0.1360235345841988, 48.0]]",,,ml/output/tracks/best_frames/25_12-20/track_0750_r1.jpg,ml/output/tracks/best_frames_hires/25_12-20/track_0750_r1.jpg,
25_12-20.mp4,746,41067,2110,398,2371,694,0,,[],,,ml/output/tracks/best_frames/25_12-20/track_0746_r0.jpg,ml/output/tracks/best_frames_hires/25_12-20/track_0746_r0.jpg,
25_12-20.mp4,744,41067,505,429,707,684,180,',"[[""'"", 0.6928132957748403, 83.9512899881151]]",,,ml/output/tracks/best_frames/25_12-20/track_0744_r0.jpg,ml/output/tracks/best_frames_hires/25_12-20/track_0744_r0.jpg,2
25_12-20.mp4,759,41067,531,259,718,463,0,,[],,,ml/output/tracks/best_frames/25_12-20/track_0759_r2.jpg,ml/output/tracks/best_frames_hires/25_12-20/track_0759_r2.jpg,
