video,track_id,rank,frame_idx,frame_ts_ms,x_min,y_min,x_max,y_max,x_min_orig,y_min_orig,x_max_orig,y_max_orig,sharpness,area,crop_path
25_12-20.mp4,0,0,9,460,2095,1421,2344,1669,2095,1421,2344,1669,12034.1,61752,ml/output/tracks/best_frames/25_12-20/track_0000_r0.jpg
25_12-20.mp4,0,1,12,613,2095,1421,2344,1668,2095,1421,2344,1668,12033.2,61503,ml/output/tracks/best_frames/25_12-20/track_0000_r1.jpg
25_12-20.mp4,0,2,6,306,2095,1421,2344,1668,2095,1421,2344,1668,11951.9,61503,ml/output/tracks/best_frames/25_12-20/track_0000_r2.jpg
25_12-20.mp4,1,0,12,613,586,180,802,419,586,180,802,419,8608.3,51624,ml/output/tracks/best_frames/25_12-20/track_0001_r0.jpg
25_12-20.mp4,1,1,9,460,587,180,802,419,587,180,802,419,8635.0,51385,ml/output/tracks/best_frames/25_12-20/track_0001_r1.jpg
25_12-20.mp4,1,2,6,306,587,180,803,419,587,180,803,419,8542.8,51624,ml/output/tracks/best_frames/25_12-20/track_0001_r2.jpg
25_12-20.mp4,2,0,12,613,2126,975,2373,1259,2126,975,2373,1259,11734.4,70148,ml/output/tracks/best_frames/25_12-20/track_0002_r0.jpg
25_12-20.mp4,2,1,9,460,2126,975,2373,1258,2126,975,2373,1258,11739.5,69901,ml/output/tracks/best_frames/25_12-20/track_0002_r1.jpg
25_12-20.mp4,2,2,3,153,2126,976,2374,1258,2126,976,2374,1258,11672.2,69936,ml/output/tracks/best_frames/25_12-20/track_0002_r2.jpg
25_12-20.mp4,3,0,9,460,655,1775,874,1970,655,1775,874,1970,10356.3,42705,ml/output/tracks/best_frames/25_12-20/track_0003_r0.jpg
25_12-20.mp4,3,1,12,613,654,1774,874,1970,654,1774,874,1970,10247.4,43120,ml/output/tracks/best_frames/25_12-20/track_0003_r1.jpg
25_12-20.mp4,3,2,6,306,654,1775,874,1970,654,1775,874,1970,10215.2,42900,ml/output/tracks/best_frames/25_12-20/track_0003_r2.jpg
25_12-20.mp4,4,0,12,613,589,1327,804,1549,589,1327,804,1549,12576.6,47730,ml/output/tracks/best_frames/25_12-20/track_0004_r0.jpg
25_12-20.mp4,4,1,9,460,589,1327,804,1549,589,1327,804,1549,12569.6,47730,ml/output/tracks/best_frames/25_12-20/track_0004_r1.jpg
25_12-20.mp4,4,2,6,306,589,1327,804,1549,589,1327,804,1549,12498.1,47730,ml/output/tracks/best_frames/25_12-20/track_0004_r2.jpg
25_12-20.mp4,5,0,12,613,2140,409,2425,959,2140,409,2425,959,8046.9,156750,ml/output/tracks/best_frames/25_12-20/track_0005_r0.jpg
25_12-20.mp4,5,1,9,460,2140,409,2425,959,2140,409,2425,959,8038.7,156750,ml/output/tracks/best_frames/25_12-20/track_0005_r1.jpg
25_12-20.mp4,5,2,6,306,2140,409,2425,959,2140,409,2425,959,7978.5,156750,ml/output/tracks/best_frames/25_12-20/track_0005_r2.jpg
25_12-20.mp4,6,0,12,613,566,735,764,976,566,735,764,976,11780.6,47718,ml/output/tracks/best_frames/25_12-20/track_0006_r0.jpg
25_12-20.mp4,6,1,9,460,566,735,764,976,566,735,764,976,11779.9,47718,ml/output/tracks/best_frames/25_12-20/track_0006_r1.jpg
25_12-20.mp4,6,2,6,306,566,735,764,976,566,735,764,976,11694.4,47718,ml/output/tracks/best_frames/25_12-20/track_0006_r2.jpg
25_12-20.mp4,7,0,9,460,2063,1920,2294,2129,2063,1920,2294,2129,9218.2,48279,ml/output/tracks/best_frames/25_12-20/track_0007_r0.jpg
25_12-20.mp4,7,1,12,613,2063,1920,2294,2129,2063,1920,2294,2129,9206.4,48279,ml/output/tracks/best_frames/25_12-20/track_0007_r1.jpg
25_12-20.mp4,7,2,6,306,2063,1920,2293,2129,2063,1920,2293,2129,9064.3,48070,ml/output/tracks/best_frames/25_12-20/track_0007_r2.jpg
25_12-20.mp4,8,0,12,613,578,1011,798,1297,578,1011,798,1297,12904.3,62920,ml/output/tracks/best_frames/25_12-20/track_0008_r0.jpg
25_12-20.mp4,8,1,9,460,578,1011,798,1297,578,1011,798,1297,12871.7,62920,ml/output/tracks/best_frames/25_12-20/track_0008_r1.jpg
25_12-20.mp4,8,2,6,306,578,1011,798,1297,578,1011,798,1297,12818.4,62920,ml/output/tracks/best_frames/25_12-20/track_0008_r2.jpg
25_12-20.mp4,9,0,12,613,2286,0,2382,38,2286,0,2382,38,34021.8,3648,ml/output/tracks/best_frames/25_12-20/track_0009_r0.jpg
25_12-20.mp4,9,1,9,460,2287,0,2381,38,2287,0,2381,38,34469.0,3572,ml/output/tracks/best_frames/25_12-20/track_0009_r1.jpg
25_12-20.mp4,9,2,6,306,2287,0,2382,38,2287,0,2382,38,34003.3,3610,ml/output/tracks/best_frames/25_12-20/track_0009_r2.jpg
25_12-20.mp4,10,0,12,613,2147,305,2418,699,2147,305,2418,699,8717.5,106774,ml/output/tracks/best_frames/25_12-20/track_0010_r0.jpg
25_12-20.mp4,10,1,9,460,2147,305,2418,698,2147,305,2418,698,8719.8,106503,ml/output/tracks/best_frames/25_12-20/track_0010_r1.jpg
25_12-20.mp4,10,2,6,306,2147,303,2417,698,2147,303,2417,698,8641.3,106650,ml/output/tracks/best_frames/25_12-20/track_0010_r2.jpg
25_12-20.mp4,11,0,60,3065,2128,767,2397,1058,2128,767,2397,1058,4236.8,78279,ml/output/tracks/best_frames/25_12-20/track_0011_r0.jpg
25_12-20.mp4,11,1,69,3524,2119,959,2386,1243,2119,959,2386,1243,4076.8,75828,ml/output/tracks/best_frames/25_12-20/track_0011_r1.jpg
25_12-20.mp4,11,2,33,1686,2150,75,2414,349,2150,75,2414,349,4214.6,72336,ml/output/tracks/best_frames/25_12-20/track_0011_r2.jpg
25_12-20.mp4,15,0,21,1073,2142,6,2303,71,2142,6,2303,71,3450.4,10465,ml/output/tracks/best_frames/25_12-20/track_0015_r0.jpg
25_12-20.mp4,15,1,18,919,2146,0,2302,117,2146,0,2302,117,1429.2,18252,ml/output/tracks/best_frames/25_12-20/track_0015_r1.jpg
25_12-20.mp4,16,0,30,1532,2138,865,2304,1258,2138,865,2304,1258,2272.8,65238,ml/output/tracks/best_frames/25_12-20/track_0016_r0.jpg
25_12-20.mp4,16,1,27,1379,2138,864,2304,1175,2138,864,2304,1175,2320.5,51626,ml/output/tracks/best_frames/25_12-20/track_0016_r1.jpg
25_12-20.mp4,16,2,24,1226,2139,864,2389,1081,2139,864,2389,1081,1960.7,54250,ml/output/tracks/best_frames/25_12-20/track_0016_r2.jpg
25_12-20.mp4,22,0,36,1839,612,4,835,264,612,4,835,264,631.4,57980,ml/output/tracks/best_frames/25_12-20/track_0022_r0.jpg
25_12-20.mp4,22,1,33,1686,619,0,841,227,619,0,841,227,275.4,50394,ml/output/tracks/best_frames/25_12-20/track_0022_r1.jpg
25_12-20.mp4,24,0,42,2145,2147,1027,2419,1282,2147,1027,2419,1282,2580.7,69360,ml/output/tracks/best_frames/25_12-20/track_0024_r0.jpg
25_12-20.mp4,24,1,36,1839,2148,864,2304,1287,2148,864,2304,1287,2080.6,65988,ml/output/tracks/best_frames/25_12-20/track_0024_r1.jpg
25_12-20.mp4,24,2,39,1992,2144,952,2304,1286,2144,952,2304,1286,1987.8,53440,ml/output/tracks/best_frames/25_12-20/track_0024_r2.jpg
25_12-20.mp4,25,0,39,1992,558,1049,781,1262,558,1049,781,1262,1307.4,47499,ml/output/tracks/best_frames/25_12-20/track_0025_r0.jpg
25_12-20.mp4,25,1,36,1839,564,968,775,1185,564,968,775,1185,1188.2,45787,ml/output/tracks/best_frames/25_12-20/track_0025_r1.jpg
25_12-20.mp4,25,2,42,2145,558,1069,793,1270,558,1069,793,1270,528.3,47235,ml/output/tracks/best_frames/25_12-20/track_0025_r2.jpg
25_12-20.mp4,26,0,99,5057,574,1202,779,1437,574,1202,779,1437,4964.5,48175,ml/output/tracks/best_frames/25_12-20/track_0026_r0.jpg
25_12-20.mp4,26,1,87,4444,554,918,765,1172,554,918,765,1172,4453.5,53594,ml/output/tracks/best_frames/25_12-20/track_0026_r1.jpg
25_12-20.mp4,26,2,90,4597,555,980,770,1231,555,980,770,1231,4291.0,53965,ml/output/tracks/best_frames/25_12-20/track_0026_r2.jpg
25_12-20.mp4,31,0,48,2452,2133,948,2399,1493,2133,948,2399,1493,1796.3,144970,ml/output/tracks/best_frames/25_12-20/track_0031_r0.jpg
25_12-20.mp4,31,1,45,2298,2143,891,2410,1436,2143,891,2410,1436,1700.4,145515,ml/output/tracks/best_frames/25_12-20/track_0031_r1.jpg
25_12-20.mp4,34,0,69,3524,2148,259,2396,529,2148,259,2396,529,6941.1,66960,ml/output/tracks/best_frames/25_12-20/track_0034_r0.jpg
25_12-20.mp4,34,1,60,3065,2152,85,2399,344,2152,85,2399,344,6818.1,63973,ml/output/tracks/best_frames/25_12-20/track_0034_r1.jpg
25_12-20.mp4,34,2,66,3371,2152,202,2395,469,2152,202,2395,469,6303.4,64881,ml/output/tracks/best_frames/25_12-20/track_0034_r2.jpg
25_12-20.mp4,38,0,51,2605,2053,1996,2299,2159,2053,1996,2299,2159,1317.7,40098,ml/output/tracks/best_frames/25_12-20/track_0038_r0.jpg
25_12-20.mp4,38,1,54,2758,2062,2048,2269,2159,2062,2048,2269,2159,552.2,22977,ml/output/tracks/best_frames/25_12-20/track_0038_r1.jpg
25_12-20.mp4,39,0,57,2911,2134,864,2301,993,2134,864,2301,993,2946.9,21543,ml/output/tracks/best_frames/25_12-20/track_0039_r0.jpg
25_12-20.mp4,39,1,54,2758,2140,864,2303,985,2140,864,2303,985,2458.4,19723,ml/output/tracks/best_frames/25_12-20/track_0039_r1.jpg
25_12-20.mp4,40,0,57,2911,560,864,763,1124,560,864,763,1124,2005.9,52780,ml/output/tracks/best_frames/25_12-20/track_0040_r0.jpg
25_12-20.mp4,40,1,54,2758,565,864,755,1070,565,864,755,1070,2263.2,39140,ml/output/tracks/best_frames/25_12-20/track_0040_r1.jpg
25_12-20.mp4,41,0,57,2911,1006,5,1136,172,1006,5,1136,172,3556.6,21710,ml/output/tracks/best_frames/25_12-20/track_0041_r0.jpg
25_12-20.mp4,41,1,54,2758,1011,0,1149,137,1011,0,1149,137,3409.4,18906,ml/output/tracks/best_frames/25_12-20/track_0041_r1.jpg
25_12-20.mp4,43,0,60,3065,602,1491,819,1743,602,1491,819,1743,2073.5,54684,ml/output/tracks/best_frames/25_12-20/track_0043_r0.jpg
25_12-20.mp4,43,1,54,2758,596,1383,810,1642,596,1383,810,1642,2027.7,55426,ml/output/tracks/best_frames/25_12-20/track_0043_r1.jpg
25_12-20.mp4,43,2,57,2911,599,1426,812,1682,599,1426,812,1682,1966.5,54528,ml/output/tracks/best_frames/25_12-20/track_0043_r2.jpg
25_12-20.mp4,44,0,60,3065,2123,864,2304,1076,2123,864,2304,1076,4223.7,38372,ml/output/tracks/best_frames/25_12-20/track_0044_r0.jpg
25_12-20.mp4,44,1,57,2911,2125,864,2379,1111,2125,864,2379,1111,2401.6,62738,ml/output/tracks/best_frames/25_12-20/track_0044_r1.jpg
25_12-20.mp4,46,0,126,6436,571,1322,783,1548,571,1322,783,1548,5668.2,47912,ml/output/tracks/best_frames/25_12-20/track_0046_r0.jpg
25_12-20.mp4,46,1,111,5670,550,992,766,1232,550,992,766,1232,4786.6,51840,ml/output/tracks/best_frames/25_12-20/track_0046_r1.jpg
25_12-20.mp4,46,2,117,5976,546,1121,771,1362,546,1121,771,1362,4499.6,54225,ml/output/tracks/best_frames/25_12-20/track_0046_r2.jpg
25_12-20.mp4,47,0,69,3524,2099,1505,2349,1878,2099,1505,2349,1878,2617.0,93250,ml/output/tracks/best_frames/25_12-20/track_0047_r0.jpg
25_12-20.mp4,47,1,63,3218,2091,1349,2303,1819,2091,1349,2303,1819,1860.2,99640,ml/output/tracks/best_frames/25_12-20/track_0047_r1.jpg
25_12-20.mp4,47,2,66,3371,2084,1457,2304,1836,2084,1457,2304,1836,2009.3,83380,ml/output/tracks/best_frames/25_12-20/track_0047_r2.jpg
25_12-20.mp4,48,0,66,3371,562,1082,771,1294,562,1082,771,1294,2253.6,44308,ml/output/tracks/best_frames/25_12-20/track_0048_r0.jpg
25_12-20.mp4,48,1,69,3524,561,1128,780,1296,561,1128,780,1296,1562.9,36792,ml/output/tracks/best_frames/25_12-20/track_0048_r1.jpg
25_12-20.mp4,51,0,72,3678,600,22,815,288,600,22,815,288,1166.6,57190,ml/output/tracks/best_frames/25_12-20/track_0051_r0.jpg
25_12-20.mp4,51,1,69,3524,618,0,826,204,618,0,826,204,1302.3,42432,ml/output/tracks/best_frames/25_12-20/track_0051_r1.jpg
25_12-20.mp4,54,0,99,5057,2122,353,2375,636,2122,353,2375,636,3959.1,71599,ml/output/tracks/best_frames/25_12-20/track_0054_r0.jpg
25_12-20.mp4,54,1,102,5210,2124,413,2372,690,2124,413,2372,690,4117.7,68696,ml/output/tracks/best_frames/25_12-20/track_0054_r1.jpg
25_12-20.mp4,54,2,96,4903,2127,244,2385,530,2127,244,2385,530,3384.6,73788,ml/output/tracks/best_frames/25_12-20/track_0054_r2.jpg
25_12-20.mp4,55,0,78,3984,555,864,762,1139,555,864,762,1139,2572.3,56925,ml/output/tracks/best_frames/25_12-20/track_0055_r0.jpg
25_12-20.mp4,55,1,75,3831,558,864,756,1101,558,864,756,1101,979.6,46926,ml/output/tracks/best_frames/25_12-20/track_0055_r1.jpg
25_12-20.mp4,58,0,138,7049,563,1171,786,1415,563,1171,786,1415,5213.7,54412,ml/output/tracks/best_frames/25_12-20/track_0058_r0.jpg
25_12-20.mp4,58,1,126,6436,550,953,766,1193,550,953,766,1193,4956.4,51840,ml/output/tracks/best_frames/25_12-20/track_0058_r1.jpg
25_12-20.mp4,58,2,135,6895,559,1111,786,1364,559,1111,786,1364,4437.8,57431,ml/output/tracks/best_frames/25_12-20/track_0058_r2.jpg
25_12-20.mp4,60,0,78,3984,2129,1145,2375,1279,2129,1145,2375,1279,1749.6,32964,ml/output/tracks/best_frames/25_12-20/track_0060_r0.jpg
25_12-20.mp4,60,1,81,4137,2121,1103,2375,1289,2121,1103,2375,1289,1069.3,47244,ml/output/tracks/best_frames/25_12-20/track_0060_r1.jpg
25_12-20.mp4,62,0,87,4444,683,1891,897,2123,683,1891,897,2123,1144.9,49648,ml/output/tracks/best_frames/25_12-20/track_0062_r0.jpg
25_12-20.mp4,62,1,84,4291,658,1817,878,2045,658,1817,878,2045,683.9,50160,ml/output/tracks/best_frames/25_12-20/track_0062_r1.jpg
25_12-20.mp4,63,0,87,4444,2126,834,2377,1105,2126,834,2377,1105,4255.2,68021,ml/output/tracks/best_frames/25_12-20/track_0063_r0.jpg
25_12-20.mp4,63,1,90,4597,2120,782,2379,1037,2120,782,2379,1037,4274.4,66045,ml/output/tracks/best_frames/25_12-20/track_0063_r1.jpg
25_12-20.mp4,63,2,126,6436,2092,1632,2326,1864,2092,1632,2326,1864,4449.7,54288,ml/output/tracks/best_frames/25_12-20/track_0063_r2.jpg
25_12-20.mp4,64,0,90,4597,598,47,812,290,598,47,812,290,1368.7,52002,ml/output/tracks/best_frames/25_12-20/track_0064_r0.jpg
25_12-20.mp4,64,1,87,4444,606,0,821,200,606,0,821,200,1239.0,43000,ml/output/tracks/best_frames/25_12-20/track_0064_r1.jpg
25_12-20.mp4,71,0,93,4750,2061,2049,2284,2159,2061,2049,2284,2159,1914.9,24530,ml/output/tracks/best_frames/25_12-20/track_0071_r0.jpg
25_12-20.mp4,71,1,96,4903,2057,2047,2276,2159,2057,2047,2276,2159,1306.0,24528,ml/output/tracks/best_frames/25_12-20/track_0071_r1.jpg
25_12-20.mp4,72,0,159,8121,582,1280,802,1524,582,1280,802,1524,4935.9,53680,ml/output/tracks/best_frames/25_12-20/track_0072_r0.jpg
25_12-20.mp4,72,1,153,7815,567,1152,788,1421,567,1152,788,1421,4426.3,59449,ml/output/tracks/best_frames/25_12-20/track_0072_r1.jpg
25_12-20.mp4,72,2,156,7968,571,1212,792,1478,571,1212,792,1478,4395.4,58786,ml/output/tracks/best_frames/25_12-20/track_0072_r2.jpg
25_12-20.mp4,73,0,99,5057,557,1084,769,1269,557,1084,769,1269,2467.6,39220,ml/output/tracks/best_frames/25_12-20/track_0073_r0.jpg
25_12-20.mp4,73,1,102,5210,553,1079,772,1282,553,1079,772,1282,1457.9,44457,ml/output/tracks/best_frames/25_12-20/track_0073_r1.jpg
25_12-20.mp4,75,0,105,5363,2138,9,2388,119,2138,9,2388,119,3578.9,27500,ml/output/tracks/best_frames/25_12-20/track_0075_r0.jpg
25_12-20.mp4,75,1,102,5210,2138,10,2392,163,2138,10,2392,163,1505.1,38862,ml/output/tracks/best_frames/25_12-20/track_0075_r1.jpg
25_12-20.mp4,76,0,105,5363,2121,475,2381,752,2121,475,2381,752,3384.8,72020,ml/output/tracks/best_frames/25_12-20/track_0076_r0.jpg
25_12-20.mp4,76,1,108,5516,2126,551,2376,836,2126,551,2376,836,3295.8,71250,ml/output/tracks/best_frames/25_12-20/track_0076_r1.jpg
25_12-20.mp4,76,2,102,5210,2120,525,2378,817,2120,525,2378,817,2454.2,75336,ml/output/tracks/best_frames/25_12-20/track_0076_r2.jpg
25_12-20.mp4,78,0,138,7049,2113,579,2373,866,2113,579,2373,866,4229.2,74620,ml/output/tracks/best_frames/25_12-20/track_0078_r0.jpg
25_12-20.mp4,78,1,126,6436,2135,328,2389,618,2135,328,2389,618,3744.6,73660,ml/output/tracks/best_frames/25_12-20/track_0078_r1.jpg
25_12-20.mp4,78,2,120,6129,2135,198,2385,487,2135,198,2385,487,3750.4,72250,ml/output/tracks/best_frames/25_12-20/track_0078_r2.jpg
25_12-20.mp4,79,0,105,5363,600,12,824,299,600,12,824,299,975.1,64288,ml/output/tracks/best_frames/25_12-20/track_0079_r0.jpg
25_12-20.mp4,79,1,108,5516,595,81,816,340,595,81,816,340,1062.0,57239,ml/output/tracks/best_frames/25_12-20/track_0079_r1.jpg
25_12-20.mp4,80,0,111,5670,2058,1892,2307,2108,2058,1892,2307,2108,1999.9,53784,ml/output/tracks/best_frames/25_12-20/track_0080_r0.jpg
25_12-20.mp4,80,1,114,5823,2066,1936,2302,2138,2066,1936,2302,2138,1830.7,47672,ml/output/tracks/best_frames/25_12-20/track_0080_r1.jpg
25_12-20.mp4,80,2,108,5516,2063,1900,2297,2148,2063,1900,2297,2148,1327.5,58032,ml/output/tracks/best_frames/25_12-20/track_0080_r2.jpg
25_12-20.mp4,81,0,111,5670,2123,640,2377,918,2123,640,2377,918,3207.3,70612,ml/output/tracks/best_frames/25_12-20/track_0081_r0.jpg
25_12-20.mp4,81,1,114,5823,2121,713,2376,1000,2121,713,2376,1000,2696.8,73185,ml/output/tracks/best_frames/25_12-20/track_0081_r1.jpg
25_12-20.mp4,81,2,108,5516,2118,695,2382,1008,2118,695,2382,1008,1925.9,82632,ml/output/tracks/best_frames/25_12-20/track_0081_r2.jpg
25_12-20.mp4,82,0,111,5670,2120,864,2376,1135,2120,864,2376,1135,1061.4,69376,ml/output/tracks/best_frames/25_12-20/track_0082_r0.jpg
25_12-20.mp4,82,1,114,5823,2116,864,2304,998,2116,864,2304,998,2050.2,25192,ml/output/tracks/best_frames/25_12-20/track_0082_r1.jpg
25_12-20.mp4,84,0,117,5976,2120,791,2376,1081,2120,791,2376,1081,2649.7,74240,ml/output/tracks/best_frames/25_12-20/track_0084_r0.jpg
25_12-20.mp4,84,1,114,5823,2119,867,2378,1164,2119,867,2378,1164,1745.0,76923,ml/output/tracks/best_frames/25_12-20/track_0084_r1.jpg
25_12-20.mp4,84,2,120,6129,2122,774,2303,1040,2122,774,2303,1040,1058.7,48146,ml/output/tracks/best_frames/25_12-20/track_0084_r2.jpg
25_12-20.mp4,85,0,120,6129,565,332,787,612,565,332,787,612,1550.8,62160,ml/output/tracks/best_frames/25_12-20/track_0085_r0.jpg
25_12-20.mp4,85,1,117,5976,574,246,798,522,574,246,798,522,1205.3,61824,ml/output/tracks/best_frames/25_12-20/track_0085_r1.jpg
25_12-20.mp4,85,2,114,5823,581,198,802,477,581,198,802,477,1171.6,61659,ml/output/tracks/best_frames/25_12-20/track_0085_r2.jpg
25_12-20.mp4,86,0,120,6129,2137,13,2399,306,2137,13,2399,306,1935.2,76766,ml/output/tracks/best_frames/25_12-20/track_0086_r0.jpg
25_12-20.mp4,86,1,117,5976,2133,0,2393,291,2133,0,2393,291,1893.1,75660,ml/output/tracks/best_frames/25_12-20/track_0086_r1.jpg
25_12-20.mp4,86,2,123,6283,2140,4,2408,309,2140,4,2408,309,1183.3,81740,ml/output/tracks/best_frames/25_12-20/track_0086_r2.jpg
25_12-20.mp4,87,0,186,9500,555,1279,756,1514,555,1279,756,1514,4304.8,47235,ml/output/tracks/best_frames/25_12-20/track_0087_r0.jpg
25_12-20.mp4,87,1,192,9807,571,1372,768,1614,571,1372,768,1614,4233.4,47674,ml/output/tracks/best_frames/25_12-20/track_0087_r1.jpg
25_12-20.mp4,87,2,198,10113,589,1570,792,1806,589,1570,792,1806,4114.3,47908,ml/output/tracks/best_frames/25_12-20/track_0087_r2.jpg
25_12-20.mp4,88,0,120,6129,2068,2043,2291,2159,2068,2043,2291,2159,1403.1,25868,ml/output/tracks/best_frames/25_12-20/track_0088_r0.jpg
25_12-20.mp4,88,1,117,5976,2047,2087,2295,2159,2047,2087,2295,2159,1772.1,17856,ml/output/tracks/best_frames/25_12-20/track_0088_r1.jpg
25_12-20.mp4,88,2,123,6283,2064,2121,2290,2159,2064,2121,2290,2159,1059.6,8588,ml/output/tracks/best_frames/25_12-20/track_0088_r2.jpg
25_12-20.mp4,90,0,120,6129,2121,872,2374,1160,2121,872,2374,1160,2761.9,72864,ml/output/tracks/best_frames/25_12-20/track_0090_r0.jpg
25_12-20.mp4,90,1,117,5976,2119,931,2375,1226,2119,931,2375,1226,1810.9,75520,ml/output/tracks/best_frames/25_12-20/track_0090_r1.jpg
25_12-20.mp4,90,2,126,6436,2126,883,2373,1207,2126,883,2373,1207,1530.3,80028,ml/output/tracks/best_frames/25_12-20/track_0090_r2.jpg
25_12-20.mp4,91,0,126,6436,558,1215,772,1473,558,1215,772,1473,3272.2,55212,ml/output/tracks/best_frames/25_12-20/track_0091_r0.jpg
25_12-20.mp4,91,1,123,6283,551,1167,768,1426,551,1167,768,1426,2885.6,56203,ml/output/tracks/best_frames/25_12-20/track_0091_r1.jpg
25_12-20.mp4,91,2,129,6589,568,1262,774,1507,568,1262,774,1507,2589.3,50470,ml/output/tracks/best_frames/25_12-20/track_0091_r2.jpg
25_12-20.mp4,93,0,126,6436,2120,1018,2380,1299,2120,1018,2380,1299,2581.1,73060,ml/output/tracks/best_frames/25_12-20/track_0093_r0.jpg
25_12-20.mp4,93,1,138,7049,2105,1262,2355,1525,2105,1262,2355,1525,2624.9,65750,ml/output/tracks/best_frames/25_12-20/track_0093_r1.jpg
25_12-20.mp4,93,2,123,6283,2120,954,2382,1243,2120,954,2382,1243,2136.2,75718,ml/output/tracks/best_frames/25_12-20/track_0093_r2.jpg
25_12-20.mp4,99,0,138,7049,2121,47,2382,318,2121,47,2382,318,3756.3,70731,ml/output/tracks/best_frames/25_12-20/track_0099_r0.jpg
25_12-20.mp4,99,1,159,8121,2116,556,2370,843,2116,556,2370,843,3558.3,72898,ml/output/tracks/best_frames/25_12-20/track_0099_r1.jpg
25_12-20.mp4,99,2,165,8428,2112,720,2368,1015,2112,720,2368,1015,3232.8,75520,ml/output/tracks/best_frames/25_12-20/track_0099_r2.jpg
25_12-20.mp4,101,0,126,6436,558,471,778,749,558,471,778,749,1838.4,61160,ml/output/tracks/best_frames/25_12-20/track_0101_r0.jpg
25_12-20.mp4,101,1,129,6589,567,559,779,809,567,559,779,809,1862.2,53000,ml/output/tracks/best_frames/25_12-20/track_0101_r1.jpg
25_12-20.mp4,101,2,138,7049,557,671,765,893,557,671,765,893,1207.8,46176,ml/output/tracks/best_frames/25_12-20/track_0101_r2.jpg
25_12-20.mp4,102,0,135,6895,590,3,805,262,590,3,805,262,1217.6,55685,ml/output/tracks/best_frames/25_12-20/track_0102_r0.jpg
25_12-20.mp4,102,1,132,6742,599,0,802,234,599,0,802,234,1235.5,47502,ml/output/tracks/best_frames/25_12-20/track_0102_r1.jpg
25_12-20.mp4,104,0,135,6895,2125,386,2385,655,2125,386,2385,655,1577.4,69940,ml/output/tracks/best_frames/25_12-20/track_0104_r0.jpg
25_12-20.mp4,104,1,132,6742,2126,278,2399,575,2126,278,2399,575,1037.2,81081,ml/output/tracks/best_frames/25_12-20/track_0104_r1.jpg
25_12-20.mp4,105,0,135,6895,2107,1056,2379,1277,2107,1056,2379,1277,1445.9,60112,ml/output/tracks/best_frames/25_12-20/track_0105_r0.jpg
25_12-20.mp4,105,1,132,6742,2118,991,2304,1242,2118,991,2304,1242,829.4,46686,ml/output/tracks/best_frames/25_12-20/track_0105_r1.jpg
25_12-20.mp4,106,0,138,7049,556,1116,768,1276,556,1116,768,1276,3654.0,33920,ml/output/tracks/best_frames/25_12-20/track_0106_r0.jpg
25_12-20.mp4,106,1,141,7202,557,1142,772,1283,557,1142,772,1283,2156.9,30315,ml/output/tracks/best_frames/25_12-20/track_0106_r1.jpg
25_12-20.mp4,107,0,147,7508,2114,153,2381,422,2114,153,2381,422,2377.0,71823,ml/output/tracks/best_frames/25_12-20/track_0107_r0.jpg
25_12-20.mp4,107,1,144,7355,2110,79,2381,355,2110,79,2381,355,2167.2,74796,ml/output/tracks/best_frames/25_12-20/track_0107_r1.jpg
25_12-20.mp4,107,2,141,7202,2112,9,2376,277,2112,9,2376,277,1922.6,70752,ml/output/tracks/best_frames/25_12-20/track_0107_r2.jpg
25_12-20.mp4,109,0,141,7202,2111,864,2366,1132,2111,864,2366,1132,1418.8,68340,ml/output/tracks/best_frames/25_12-20/track_0109_r0.jpg
25_12-20.mp4,109,1,144,7355,2098,864,2304,1041,2098,864,2304,1041,1954.0,36462,ml/output/tracks/best_frames/25_12-20/track_0109_r1.jpg
25_12-20.mp4,111,0,216,11033,570,1457,782,1709,570,1457,782,1709,4018.2,53424,ml/output/tracks/best_frames/25_12-20/track_0111_r0.jpg
25_12-20.mp4,111,1,207,10573,546,1293,758,1543,546,1293,758,1543,3988.8,53000,ml/output/tracks/best_frames/25_12-20/track_0111_r1.jpg
25_12-20.mp4,111,2,201,10267,532,1147,746,1415,532,1147,746,1415,3564.5,57352,ml/output/tracks/best_frames/25_12-20/track_0111_r2.jpg
25_12-20.mp4,112,0,147,7508,704,2065,911,2159,704,2065,911,2159,2135.5,19458,ml/output/tracks/best_frames/25_12-20/track_0112_r0.jpg
25_12-20.mp4,112,1,144,7355,702,2078,869,2159,702,2078,869,2159,2413.5,13527,ml/output/tracks/best_frames/25_12-20/track_0112_r1.jpg
25_12-20.mp4,112,2,150,7662,719,2048,905,2157,719,2048,905,2157,1167.6,20274,ml/output/tracks/best_frames/25_12-20/track_0112_r2.jpg
25_12-20.mp4,113,0,147,7508,2110,819,2370,1105,2110,819,2370,1105,2651.5,74360,ml/output/tracks/best_frames/25_12-20/track_0113_r0.jpg
25_12-20.mp4,113,1,150,7662,2108,903,2369,1187,2108,903,2369,1187,2494.1,74124,ml/output/tracks/best_frames/25_12-20/track_0113_r1.jpg
25_12-20.mp4,113,2,153,7815,2109,971,2360,1257,2109,971,2360,1257,2255.8,71786,ml/output/tracks/best_frames/25_12-20/track_0113_r2.jpg
25_12-20.mp4,114,0,153,7815,2084,1605,2325,1855,2084,1605,2325,1855,2142.3,60250,ml/output/tracks/best_frames/25_12-20/track_0114_r0.jpg
25_12-20.mp4,114,1,147,7508,2089,1482,2334,1729,2089,1482,2334,1729,2065.6,60515,ml/output/tracks/best_frames/25_12-20/track_0114_r1.jpg
25_12-20.mp4,114,2,150,7662,2087,1550,2331,1799,2087,1550,2331,1799,1994.2,60756,ml/output/tracks/best_frames/25_12-20/track_0114_r2.jpg
25_12-20.mp4,118,0,150,7662,2111,796,2378,1076,2111,796,2378,1076,1335.3,74760,ml/output/tracks/best_frames/25_12-20/track_0118_r0.jpg
25_12-20.mp4,118,1,156,7968,2108,933,2369,1215,2108,933,2369,1215,1254.3,73602,ml/output/tracks/best_frames/25_12-20/track_0118_r1.jpg
25_12-20.mp4,118,2,159,8121,2108,1015,2368,1289,2108,1015,2368,1289,1102.2,71240,ml/output/tracks/best_frames/25_12-20/track_0118_r2.jpg
25_12-20.mp4,119,0,156,7968,2110,346,2382,640,2110,346,2382,640,1619.7,79968,ml/output/tracks/best_frames/25_12-20/track_0119_r0.jpg
25_12-20.mp4,119,1,153,7815,2114,287,2381,563,2114,287,2381,563,1629.8,73692,ml/output/tracks/best_frames/25_12-20/track_0119_r1.jpg
25_12-20.mp4,120,0,156,7968,536,1057,775,1273,536,1057,775,1273,1438.8,51624,ml/output/tracks/best_frames/25_12-20/track_0120_r0.jpg
25_12-20.mp4,120,1,159,8121,551,1122,758,1296,551,1122,758,1296,935.8,36018,ml/output/tracks/best_frames/25_12-20/track_0120_r1.jpg
25_12-20.mp4,121,0,162,8275,2067,1945,2308,2159,2067,1945,2308,2159,800.7,51574,ml/output/tracks/best_frames/25_12-20/track_0121_r0.jpg
25_12-20.mp4,121,1,159,8121,2068,1960,2310,2159,2068,1960,2310,2159,280.4,48158,ml/output/tracks/best_frames/25_12-20/track_0121_r1.jpg
25_12-20.mp4,122,0,162,8275,2138,297,2394,562,2138,297,2394,562,531.9,67840,ml/output/tracks/best_frames/25_12-20/track_0122_r0.jpg
25_12-20.mp4,122,1,165,8428,2142,347,2393,582,2142,347,2393,582,528.2,58985,ml/output/tracks/best_frames/25_12-20/track_0122_r1.jpg
25_12-20.mp4,125,0,165,8428,2109,579,2374,852,2109,579,2374,852,1541.1,72345,ml/output/tracks/best_frames/25_12-20/track_0125_r0.jpg
25_12-20.mp4,125,1,174,8888,2133,574,2392,828,2133,574,2392,828,297.9,65786,ml/output/tracks/best_frames/25_12-20/track_0125_r1.jpg
25_12-20.mp4,125,2,171,8734,2139,490,2395,750,2139,490,2395,750,155.9,66560,ml/output/tracks/best_frames/25_12-20/track_0125_r2.jpg
25_12-20.mp4,126,0,171,8734,2100,914,2357,1203,2100,914,2357,1203,2964.8,74273,ml/output/tracks/best_frames/25_12-20/track_0126_r0.jpg
25_12-20.mp4,126,1,174,8888,2098,985,2348,1286,2098,985,2348,1286,2925.4,75250,ml/output/tracks/best_frames/25_12-20/track_0126_r1.jpg
25_12-20.mp4,126,2,168,8581,2109,864,2360,1123,2109,864,2360,1123,2894.7,65009,ml/output/tracks/best_frames/25_12-20/track_0126_r2.jpg
25_12-20.mp4,127,0,165,8428,2111,1179,2304,1458,2111,1179,2304,1458,937.2,53847,ml/output/tracks/best_frames/25_12-20/track_0127_r0.jpg
25_12-20.mp4,127,1,168,8581,2103,1131,2304,1296,2103,1131,2304,1296,700.2,33165,ml/output/tracks/best_frames/25_12-20/track_0127_r1.jpg
25_12-20.mp4,131,0,180,9194,2139,54,2377,328,2139,54,2377,328,2043.3,65212,ml/output/tracks/best_frames/25_12-20/track_0131_r0.jpg
25_12-20.mp4,131,1,177,9041,2146,0,2388,270,2146,0,2388,270,1875.5,65340,ml/output/tracks/best_frames/25_12-20/track_0131_r1.jpg
25_12-20.mp4,131,2,174,8888,2148,0,2390,188,2148,0,2390,188,2449.5,45496,ml/output/tracks/best_frames/25_12-20/track_0131_r2.jpg
25_12-20.mp4,138,0,258,13178,590,1565,815,1803,590,1565,815,1803,3168.8,53550,ml/output/tracks/best_frames/25_12-20/track_0138_r0.jpg
25_12-20.mp4,138,1,243,12412,554,1264,778,1527,554,1264,778,1527,2726.1,58912,ml/output/tracks/best_frames/25_12-20/track_0138_r1.jpg
25_12-20.mp4,138,2,261,13331,597,1611,825,1860,597,1611,825,1860,2778.7,56772,ml/output/tracks/best_frames/25_12-20/track_0138_r2.jpg
25_12-20.mp4,143,0,192,9807,2136,319,2387,615,2136,319,2387,615,2770.8,74296,ml/output/tracks/best_frames/25_12-20/track_0143_r0.jpg
25_12-20.mp4,143,1,189,9654,2144,262,2384,554,2144,262,2384,554,2705.6,70080,ml/output/tracks/best_frames/25_12-20/track_0143_r1.jpg
25_12-20.mp4,143,2,195,9960,2138,419,2394,700,2138,419,2394,700,2585.8,71936,ml/output/tracks/best_frames/25_12-20/track_0143_r2.jpg
25_12-20.mp4,147,0,195,9960,2148,278,2388,576,2148,278,2388,576,1573.1,71520,ml/output/tracks/best_frames/25_12-20/track_0147_r0.jpg
25_12-20.mp4,147,1,192,9807,2144,213,2304,463,2144,213,2304,463,1789.1,40000,ml/output/tracks/best_frames/25_12-20/track_0147_r1.jpg
25_12-20.mp4,147,2,189,9654,2150,122,2304,335,2150,122,2304,335,1335.9,32802,ml/output/tracks/best_frames/25_12-20/track_0147_r2.jpg
25_12-20.mp4,148,0,219,11186,2151,360,2412,640,2151,360,2412,640,1917.1,73080,ml/output/tracks/best_frames/25_12-20/track_0148_r0.jpg
25_12-20.mp4,148,1,198,10113,2165,7,2412,297,2165,7,2412,297,1808.5,71630,ml/output/tracks/best_frames/25_12-20/track_0148_r1.jpg
25_12-20.mp4,148,2,237,12105,2147,790,2418,1141,2147,790,2418,1141,1283.6,95121,ml/output/tracks/best_frames/25_12-20/track_0148_r2.jpg
25_12-20.mp4,149,0,192,9807,2087,1288,2299,1597,2087,1288,2299,1597,1912.2,65508,ml/output/tracks/best_frames/25_12-20/track_0149_r0.jpg
25_12-20.mp4,149,1,198,10113,2089,1483,2344,1753,2089,1483,2344,1753,928.2,68850,ml/output/tracks/best_frames/25_12-20/track_0149_r1.jpg
25_12-20.mp4,149,2,195,9960,2093,1390,2344,1637,2093,1390,2344,1637,921.5,61997,ml/output/tracks/best_frames/25_12-20/track_0149_r2.jpg
25_12-20.mp4,150,0,201,10267,530,1036,739,1290,530,1036,739,1290,1921.4,53086,ml/output/tracks/best_frames/25_12-20/track_0150_r0.jpg
25_12-20.mp4,150,1,198,10113,532,952,740,1206,532,952,740,1206,1681.3,52832,ml/output/tracks/best_frames/25_12-20/track_0150_r1.jpg
25_12-20.mp4,150,2,195,9960,526,864,729,1073,526,864,729,1073,1502.9,42427,ml/output/tracks/best_frames/25_12-20/track_0150_r2.jpg
25_12-20.mp4,153,0,216,11033,568,63,790,530,568,63,790,530,2124.2,103674,ml/output/tracks/best_frames/25_12-20/track_0153_r0.jpg
25_12-20.mp4,153,1,213,10880,571,1,787,470,571,1,787,470,1766.7,101304,ml/output/tracks/best_frames/25_12-20/track_0153_r1.jpg
25_12-20.mp4,153,2,207,10573,583,48,789,364,583,48,789,364,2470.1,65096,ml/output/tracks/best_frames/25_12-20/track_0153_r2.jpg
25_12-20.mp4,154,0,201,10267,2142,659,2397,961,2142,659,2397,961,2886.8,77010,ml/output/tracks/best_frames/25_12-20/track_0154_r0.jpg
25_12-20.mp4,154,1,198,10113,2145,573,2396,872,2145,573,2396,872,2762.7,75049,ml/output/tracks/best_frames/25_12-20/track_0154_r1.jpg
25_12-20.mp4,154,2,204,10420,2148,610,2304,860,2148,610,2304,860,899.2,39000,ml/output/tracks/best_frames/25_12-20/track_0154_r2.jpg
25_12-20.mp4,155,0,198,10113,2058,2044,2288,2159,2058,2044,2288,2159,784.5,26450,ml/output/tracks/best_frames/25_12-20/track_0155_r0.jpg
25_12-20.mp4,155,1,201,10267,2060,2116,2294,2159,2060,2116,2294,2159,607.0,10062,ml/output/tracks/best_frames/25_12-20/track_0155_r1.jpg
25_12-20.mp4,157,0,207,10573,2144,830,2398,1124,2144,830,2398,1124,3055.1,74676,ml/output/tracks/best_frames/25_12-20/track_0157_r0.jpg
25_12-20.mp4,157,1,204,10420,2143,763,2400,1063,2143,763,2400,1063,2583.2,77100,ml/output/tracks/best_frames/25_12-20/track_0157_r1.jpg
25_12-20.mp4,157,2,213,10880,2128,969,2385,1268,2128,969,2385,1268,2128.1,76843,ml/output/tracks/best_frames/25_12-20/track_0157_r2.jpg
25_12-20.mp4,158,0,201,10267,570,1544,795,1803,570,1544,795,1803,2755.4,58275,ml/output/tracks/best_frames/25_12-20/track_0158_r0.jpg
25_12-20.mp4,158,1,198,10113,564,1476,788,1728,564,1476,788,1728,2606.7,56448,ml/output/tracks/best_frames/25_12-20/track_0158_r1.jpg
25_12-20.mp4,159,0,258,13178,2152,435,2422,786,2152,435,2422,786,1934.3,94770,ml/output/tracks/best_frames/25_12-20/track_0159_r0.jpg
25_12-20.mp4,159,1,264,13485,2151,645,2405,942,2151,645,2405,942,2237.2,75438,ml/output/tracks/best_frames/25_12-20/track_0159_r1.jpg
25_12-20.mp4,159,2,276,14097,2137,990,2401,1268,2137,990,2401,1268,2283.9,73392,ml/output/tracks/best_frames/25_12-20/track_0159_r2.jpg
25_12-20.mp4,161,0,204,10420,2182,180,2420,475,2182,180,2420,475,1516.0,70210,ml/output/tracks/best_frames/25_12-20/track_0161_r0.jpg
25_12-20.mp4,161,1,207,10573,2178,109,2435,421,2178,109,2435,421,1288.1,80184,ml/output/tracks/best_frames/25_12-20/track_0161_r1.jpg
25_12-20.mp4,161,2,210,10726,2169,182,2431,486,2169,182,2431,486,1184.2,79648,ml/output/tracks/best_frames/25_12-20/track_0161_r2.jpg
25_12-20.mp4,166,0,222,11339,2149,591,2401,886,2149,591,2401,886,2751.2,74340,ml/output/tracks/best_frames/25_12-20/track_0166_r0.jpg
25_12-20.mp4,166,1,228,11646,2147,723,2400,1018,2147,723,2400,1018,2687.8,74635,ml/output/tracks/best_frames/25_12-20/track_0166_r1.jpg
25_12-20.mp4,166,2,237,12105,2141,950,2399,1242,2141,950,2399,1242,2653.0,75336,ml/output/tracks/best_frames/25_12-20/track_0166_r2.jpg
25_12-20.mp4,167,0,228,11646,562,257,777,515,562,257,777,515,2674.9,55470,ml/output/tracks/best_frames/25_12-20/track_0167_r0.jpg
25_12-20.mp4,167,1,237,12105,548,452,754,714,548,452,754,714,2646.9,53972,ml/output/tracks/best_frames/25_12-20/track_0167_r1.jpg
25_12-20.mp4,167,2,231,11799,556,314,771,578,556,314,771,578,2485.6,56760,ml/output/tracks/best_frames/25_12-20/track_0167_r2.jpg
25_12-20.mp4,168,0,207,10573,607,3,823,95,607,3,823,95,2344.2,19872,ml/output/tracks/best_frames/25_12-20/track_0168_r0.jpg
25_12-20.mp4,168,1,210,10726,612,1,817,121,612,1,817,121,1597.9,24600,ml/output/tracks/best_frames/25_12-20/track_0168_r1.jpg
25_12-20.mp4,169,0,219,11186,2062,1797,2326,2060,2062,1797,2326,2060,1142.4,69432,ml/output/tracks/best_frames/25_12-20/track_0169_r0.jpg
25_12-20.mp4,169,1,210,10726,2091,1674,2345,1943,2091,1674,2345,1943,1017.0,68326,ml/output/tracks/best_frames/25_12-20/track_0169_r1.jpg
25_12-20.mp4,169,2,213,10880,2085,1660,2304,1904,2085,1660,2304,1904,1191.6,53436,ml/output/tracks/best_frames/25_12-20/track_0169_r2.jpg
25_12-20.mp4,171,0,213,10880,2131,865,2304,1133,2131,865,2304,1133,919.6,46364,ml/output/tracks/best_frames/25_12-20/track_0171_r0.jpg
25_12-20.mp4,171,1,216,11033,2140,833,2398,1111,2140,833,2398,1111,497.7,71724,ml/output/tracks/best_frames/25_12-20/track_0171_r1.jpg
25_12-20.mp4,171,2,210,10726,2144,785,2303,1018,2144,785,2303,1018,781.9,37047,ml/output/tracks/best_frames/25_12-20/track_0171_r2.jpg
25_12-20.mp4,173,0,210,10726,606,1662,813,1932,606,1662,813,1932,1661.7,55890,ml/output/tracks/best_frames/25_12-20/track_0173_r0.jpg
25_12-20.mp4,173,1,216,11033,625,1759,838,2013,625,1759,838,2013,1402.1,54102,ml/output/tracks/best_frames/25_12-20/track_0173_r1.jpg
25_12-20.mp4,173,2,213,10880,617,1747,837,1991,617,1747,837,1991,1398.8,53680,ml/output/tracks/best_frames/25_12-20/track_0173_r2.jpg
25_12-20.mp4,174,0,216,11033,556,1337,766,1596,556,1337,766,1596,2173.1,54390,ml/output/tracks/best_frames/25_12-20/track_0174_r0.jpg
25_12-20.mp4,174,1,213,10880,552,1294,766,1556,552,1294,766,1556,1825.9,56068,ml/output/tracks/best_frames/25_12-20/track_0174_r1.jpg
25_12-20.mp4,174,2,210,10726,544,1249,756,1513,544,1249,756,1513,1781.2,55968,ml/output/tracks/best_frames/25_12-20/track_0174_r2.jpg
25_12-20.mp4,176,0,222,11339,2115,1169,2371,1442,2115,1169,2371,1442,1331.9,69888,ml/output/tracks/best_frames/25_12-20/track_0176_r0.jpg
25_12-20.mp4,176,1,258,13178,2064,1915,2327,2138,2064,1915,2327,2138,1468.0,58649,ml/output/tracks/best_frames/25_12-20/track_0176_r1.jpg
25_12-20.mp4,176,2,252,12872,2084,1852,2329,2071,2084,1852,2329,2071,1417.9,53655,ml/output/tracks/best_frames/25_12-20/track_0176_r2.jpg
25_12-20.mp4,177,0,216,11033,541,870,750,948,541,870,750,948,2006.9,16302,ml/output/tracks/best_frames/25_12-20/track_0177_r0.jpg
25_12-20.mp4,177,1,213,10880,538,864,755,1086,538,864,755,1086,198.4,48174,ml/output/tracks/best_frames/25_12-20/track_0177_r1.jpg
25_12-20.mp4,178,0,216,11033,2169,265,2398,527,2169,265,2398,527,858.6,59998,ml/output/tracks/best_frames/25_12-20/track_0178_r0.jpg
25_12-20.mp4,178,1,213,10880,2178,236,2304,424,2178,236,2304,424,412.0,23688,ml/output/tracks/best_frames/25_12-20/track_0178_r1.jpg
25_12-20.mp4,179,0,216,11033,2128,913,2304,1165,2128,913,2304,1165,958.0,44352,ml/output/tracks/best_frames/25_12-20/track_0179_r0.jpg
25_12-20.mp4,179,1,219,11186,2117,993,2304,1238,2117,993,2304,1238,908.2,45815,ml/output/tracks/best_frames/25_12-20/track_0179_r1.jpg
25_12-20.mp4,179,2,222,11339,2120,1139,2304,1281,2120,1139,2304,1281,1302.1,26128,ml/output/tracks/best_frames/25_12-20/track_0179_r2.jpg
25_12-20.mp4,184,0,219,11186,540,658,740,909,540,658,740,909,1714.9,50200,ml/output/tracks/best_frames/25_12-20/track_0184_r0.jpg
25_12-20.mp4,184,1,222,11339,538,703,744,948,538,703,744,948,1537.8,50470,ml/output/tracks/best_frames/25_12-20/track_0184_r1.jpg
25_12-20.mp4,186,0,225,11492,2141,864,2399,1146,2141,864,2399,1146,852.2,72756,ml/output/tracks/best_frames/25_12-20/track_0186_r0.jpg
25_12-20.mp4,186,1,222,11339,2140,864,2402,1122,2140,864,2402,1122,136.9,67596,ml/output/tracks/best_frames/25_12-20/track_0186_r1.jpg
25_12-20.mp4,187,0,222,11339,2167,0,2304,265,2167,0,2304,265,1592.2,36305,ml/output/tracks/best_frames/25_12-20/track_0187_r0.jpg
25_12-20.mp4,187,1,228,11646,2170,28,2303,245,2170,28,2303,245,1443.7,28861,ml/output/tracks/best_frames/25_12-20/track_0187_r1.jpg
25_12-20.mp4,187,2,225,11492,2171,1,2303,223,2171,1,2303,223,1218.3,29304,ml/output/tracks/best_frames/25_12-20/track_0187_r2.jpg
25_12-20.mp4,188,0,222,11339,570,1480,789,1715,570,1480,789,1715,3005.8,51465,ml/output/tracks/best_frames/25_12-20/track_0188_r0.jpg
25_12-20.mp4,188,1,225,11492,583,1514,788,1762,583,1514,788,1762,2725.6,50840,ml/output/tracks/best_frames/25_12-20/track_0188_r1.jpg
25_12-20.mp4,188,2,228,11646,586,1548,796,1782,586,1548,796,1782,2679.3,49140,ml/output/tracks/best_frames/25_12-20/track_0188_r2.jpg
25_12-20.mp4,189,0,222,11339,2119,1388,2362,1667,2119,1388,2362,1667,210.4,67797,ml/output/tracks/best_frames/25_12-20/track_0189_r0.jpg
25_12-20.mp4,189,1,225,11492,2119,1503,2359,1772,2119,1503,2359,1772,59.5,64560,ml/output/tracks/best_frames/25_12-20/track_0189_r1.jpg
25_12-20.mp4,190,0,276,14097,531,516,764,1159,531,516,764,1159,2271.0,149819,ml/output/tracks/best_frames/25_12-20/track_0190_r0.jpg
25_12-20.mp4,190,1,279,14251,528,585,762,1221,528,585,762,1221,2236.1,148824,ml/output/tracks/best_frames/25_12-20/track_0190_r1.jpg
25_12-20.mp4,190,2,291,14864,530,857,764,1494,530,857,764,1494,2159.5,149058,ml/output/tracks/best_frames/25_12-20/track_0190_r2.jpg
25_12-20.mp4,193,0,231,11799,2077,2014,2276,2159,2077,2014,2276,2159,592.5,28855,ml/output/tracks/best_frames/25_12-20/track_0193_r0.jpg
25_12-20.mp4,193,1,234,11952,2081,1982,2304,2159,2081,1982,2304,2159,397.9,39471,ml/output/tracks/best_frames/25_12-20/track_0193_r1.jpg
25_12-20.mp4,193,2,237,12105,2082,1988,2304,2159,2082,1988,2304,2159,358.9,37962,ml/output/tracks/best_frames/25_12-20/track_0193_r2.jpg
25_12-20.mp4,194,0,249,12718,2163,565,2430,884,2163,565,2430,884,1395.5,85173,ml/output/tracks/best_frames/25_12-20/track_0194_r0.jpg
25_12-20.mp4,194,1,228,11646,2169,167,2415,460,2169,167,2415,460,1443.8,72078,ml/output/tracks/best_frames/25_12-20/track_0194_r1.jpg
25_12-20.mp4,194,2,252,12872,2149,634,2436,938,2149,634,2436,938,1080.7,87248,ml/output/tracks/best_frames/25_12-20/track_0194_r2.jpg
25_12-20.mp4,198,0,231,11799,2168,221,2417,520,2168,221,2417,520,1279.6,74451,ml/output/tracks/best_frames/25_12-20/track_0198_r0.jpg
25_12-20.mp4,198,1,234,11952,2171,179,2437,508,2171,179,2437,508,1073.9,87514,ml/output/tracks/best_frames/25_12-20/track_0198_r1.jpg
25_12-20.mp4,201,0,237,12105,606,1,813,118,606,1,813,118,1426.9,24219,ml/output/tracks/best_frames/25_12-20/track_0201_r0.jpg
25_12-20.mp4,201,1,234,11952,607,2,816,98,607,2,816,98,1191.0,20064,ml/output/tracks/best_frames/25_12-20/track_0201_r1.jpg
25_12-20.mp4,202,0,246,12565,2169,419,2435,703,2169,419,2435,703,1571.9,75544,ml/output/tracks/best_frames/25_12-20/track_0202_r0.jpg
25_12-20.mp4,202,1,240,12259,2172,349,2437,671,2172,349,2437,671,1360.5,85330,ml/output/tracks/best_frames/25_12-20/track_0202_r1.jpg
25_12-20.mp4,202,2,237,12105,2170,262,2422,579,2170,262,2422,579,1175.0,79884,ml/output/tracks/best_frames/25_12-20/track_0202_r2.jpg
25_12-20.mp4,204,0,237,12105,534,583,748,852,534,583,748,852,2760.1,57566,ml/output/tracks/best_frames/25_12-20/track_0204_r0.jpg
25_12-20.mp4,204,1,258,13178,542,948,754,1204,542,948,754,1204,2870.8,54272,ml/output/tracks/best_frames/25_12-20/track_0204_r1.jpg
25_12-20.mp4,204,2,255,13025,536,866,750,1138,536,866,750,1138,2414.2,58208,ml/output/tracks/best_frames/25_12-20/track_0204_r2.jpg
25_12-20.mp4,205,0,264,13485,560,1313,778,1568,560,1313,778,1568,3541.5,55590,ml/output/tracks/best_frames/25_12-20/track_0205_r0.jpg
25_12-20.mp4,205,1,276,14097,592,1538,796,1799,592,1538,796,1799,3675.1,53244,ml/output/tracks/best_frames/25_12-20/track_0205_r1.jpg
25_12-20.mp4,205,2,267,13638,566,1367,785,1625,566,1367,785,1625,3290.9,56502,ml/output/tracks/best_frames/25_12-20/track_0205_r2.jpg
25_12-20.mp4,206,0,249,12718,2160,705,2417,1000,2160,705,2417,1000,2345.7,75815,ml/output/tracks/best_frames/25_12-20/track_0206_r0.jpg
25_12-20.mp4,206,1,246,12565,2163,623,2420,918,2163,623,2420,918,2339.3,75815,ml/output/tracks/best_frames/25_12-20/track_0206_r1.jpg
25_12-20.mp4,206,2,243,12412,2166,549,2423,847,2166,549,2423,847,2272.6,76586,ml/output/tracks/best_frames/25_12-20/track_0206_r2.jpg
25_12-20.mp4,207,0,240,12259,529,1087,765,1279,529,1087,765,1279,1032.6,45312,ml/output/tracks/best_frames/25_12-20/track_0207_r0.jpg
25_12-20.mp4,207,1,243,12412,547,1141,757,1280,547,1141,757,1280,306.5,29190,ml/output/tracks/best_frames/25_12-20/track_0207_r1.jpg
25_12-20.mp4,208,0,294,15017,2153,864,2420,1193,2153,864,2420,1193,2034.5,87843,ml/output/tracks/best_frames/25_12-20/track_0208_r0.jpg
25_12-20.mp4,208,1,288,14710,2166,725,2445,1060,2166,725,2445,1060,1896.2,93465,ml/output/tracks/best_frames/25_12-20/track_0208_r1.jpg
25_12-20.mp4,208,2,285,14557,2165,642,2436,987,2165,642,2436,987,1892.8,93495,ml/output/tracks/best_frames/25_12-20/track_0208_r2.jpg
25_12-20.mp4,210,0,258,13178,586,5,811,404,586,5,811,404,1706.5,89775,ml/output/tracks/best_frames/25_12-20/track_0210_r0.jpg
25_12-20.mp4,210,1,249,12718,570,40,802,459,570,40,802,459,1535.6,97208,ml/output/tracks/best_frames/25_12-20/track_0210_r1.jpg
25_12-20.mp4,210,2,246,12565,575,32,806,373,575,32,806,373,1465.9,78771,ml/output/tracks/best_frames/25_12-20/track_0210_r2.jpg
25_12-20.mp4,211,0,246,12565,2134,1188,2396,1467,2134,1188,2396,1467,1280.0,73098,ml/output/tracks/best_frames/25_12-20/track_0211_r0.jpg
25_12-20.mp4,211,1,258,13178,2110,1368,2381,1649,2110,1368,2381,1649,967.9,76151,ml/output/tracks/best_frames/25_12-20/track_0211_r1.jpg
25_12-20.mp4,211,2,249,12718,2131,1272,2390,1543,2131,1272,2390,1543,1037.3,70189,ml/output/tracks/best_frames/25_12-20/track_0211_r2.jpg
25_12-20.mp4,214,0,258,13178,2135,943,2395,1233,2135,943,2395,1233,2589.6,75400,ml/output/tracks/best_frames/25_12-20/track_0214_r0.jpg
25_12-20.mp4,214,1,255,13025,2142,869,2402,1161,2142,869,2402,1161,2332.9,75920,ml/output/tracks/best_frames/25_12-20/track_0214_r1.jpg
25_12-20.mp4,214,2,252,12872,2157,864,2410,1080,2157,864,2410,1080,2258.7,54648,ml/output/tracks/best_frames/25_12-20/track_0214_r2.jpg
25_12-20.mp4,216,0,249,12718,2134,1139,2407,1436,2134,1139,2407,1436,801.0,81081,ml/output/tracks/best_frames/25_12-20/track_0216_r0.jpg
25_12-20.mp4,216,1,252,12872,2135,1165,2303,1412,2135,1165,2303,1412,163.1,41496,ml/output/tracks/best_frames/25_12-20/track_0216_r1.jpg
25_12-20.mp4,218,0,276,14097,2077,1883,2320,2111,2077,1883,2320,2111,1600.7,55404,ml/output/tracks/best_frames/25_12-20/track_0218_r0.jpg
25_12-20.mp4,218,1,279,14251,2074,1929,2324,2144,2074,1929,2324,2144,1645.2,53750,ml/output/tracks/best_frames/25_12-20/track_0218_r1.jpg
25_12-20.mp4,218,2,282,14404,2069,1948,2324,2159,2069,1948,2324,2159,1371.9,53805,ml/output/tracks/best_frames/25_12-20/track_0218_r2.jpg
25_12-20.mp4,219,0,252,12872,559,1361,781,1596,559,1361,781,1596,1990.8,52170,ml/output/tracks/best_frames/25_12-20/track_0219_r0.jpg
25_12-20.mp4,219,1,249,12718,555,1289,773,1525,555,1289,773,1525,1822.0,51448,ml/output/tracks/best_frames/25_12-20/track_0219_r1.jpg
25_12-20.mp4,221,0,264,13485,540,550,745,882,540,550,745,882,2216.4,68060,ml/output/tracks/best_frames/25_12-20/track_0221_r0.jpg
25_12-20.mp4,221,1,258,13178,549,480,754,754,549,480,754,754,2309.2,56170,ml/output/tracks/best_frames/25_12-20/track_0221_r1.jpg
25_12-20.mp4,221,2,261,13331,543,533,748,809,543,533,748,809,2238.4,56580,ml/output/tracks/best_frames/25_12-20/track_0221_r2.jpg
25_12-20.mp4,222,0,258,13178,536,1054,750,1282,536,1054,750,1282,3076.8,48792,ml/output/tracks/best_frames/25_12-20/track_0222_r0.jpg
25_12-20.mp4,222,1,261,13331,541,1033,753,1268,541,1033,753,1268,2846.0,49820,ml/output/tracks/best_frames/25_12-20/track_0222_r1.jpg
25_12-20.mp4,222,2,255,13025,528,984,745,1222,528,984,745,1222,2645.3,51646,ml/output/tracks/best_frames/25_12-20/track_0222_r2.jpg
25_12-20.mp4,224,0,297,15170,553,741,765,1009,553,741,765,1009,2852.7,56816,ml/output/tracks/best_frames/25_12-20/track_0224_r0.jpg
25_12-20.mp4,224,1,294,15017,552,650,768,916,552,650,768,916,2570.2,57456,ml/output/tracks/best_frames/25_12-20/track_0224_r1.jpg
25_12-20.mp4,224,2,291,14864,553,595,765,852,553,595,765,852,2704.6,54484,ml/output/tracks/best_frames/25_12-20/track_0224_r2.jpg
25_12-20.mp4,225,0,261,13331,577,1530,801,1782,577,1530,801,1782,2021.5,56448,ml/output/tracks/best_frames/25_12-20/track_0225_r0.jpg
25_12-20.mp4,225,1,267,13638,597,1641,824,1885,597,1641,824,1885,2043.3,55388,ml/output/tracks/best_frames/25_12-20/track_0225_r1.jpg
25_12-20.mp4,225,2,264,13485,589,1586,812,1825,589,1586,812,1825,2017.7,53297,ml/output/tracks/best_frames/25_12-20/track_0225_r2.jpg
25_12-20.mp4,227,0,261,13331,2130,1015,2389,1305,2130,1015,2389,1305,2374.0,75110,ml/output/tracks/best_frames/25_12-20/track_0227_r0.jpg
25_12-20.mp4,227,1,264,13485,2128,1085,2381,1373,2128,1085,2381,1373,2204.9,72864,ml/output/tracks/best_frames/25_12-20/track_0227_r1.jpg
25_12-20.mp4,227,2,267,13638,2129,1041,2402,1277,2129,1041,2402,1277,1089.2,64428,ml/output/tracks/best_frames/25_12-20/track_0227_r2.jpg
25_12-20.mp4,228,0,276,14097,569,1367,806,1729,569,1367,806,1729,3501.4,85794,ml/output/tracks/best_frames/25_12-20/track_0228_r0.jpg
25_12-20.mp4,228,1,279,14251,576,1428,814,1824,576,1428,814,1824,3015.8,94248,ml/output/tracks/best_frames/25_12-20/track_0228_r1.jpg
25_12-20.mp4,228,2,285,14557,597,1559,834,1968,597,1559,834,1968,2759.8,96933,ml/output/tracks/best_frames/25_12-20/track_0228_r2.jpg
25_12-20.mp4,229,0,264,13485,2169,0,2426,236,2169,0,2426,236,1521.7,60652,ml/output/tracks/best_frames/25_12-20/track_0229_r0.jpg
25_12-20.mp4,229,1,261,13331,2182,23,2303,296,2182,23,2303,296,618.8,33033,ml/output/tracks/best_frames/25_12-20/track_0229_r1.jpg
25_12-20.mp4,230,0,261,13331,2137,926,2303,1163,2137,926,2303,1163,830.1,39342,ml/output/tracks/best_frames/25_12-20/track_0230_r0.jpg
25_12-20.mp4,230,1,264,13485,2140,916,2304,1147,2140,916,2304,1147,430.8,37884,ml/output/tracks/best_frames/25_12-20/track_0230_r1.jpg
25_12-20.mp4,230,2,267,13638,2140,978,2304,1206,2140,978,2304,1206,312.5,37392,ml/output/tracks/best_frames/25_12-20/track_0230_r2.jpg
25_12-20.mp4,231,0,264,13485,2153,499,2424,817,2153,499,2424,817,2342.8,86178,ml/output/tracks/best_frames/25_12-20/track_0231_r0.jpg
25_12-20.mp4,231,1,261,13331,2159,402,2429,719,2159,402,2429,719,2213.6,85590,ml/output/tracks/best_frames/25_12-20/track_0231_r1.jpg
25_12-20.mp4,235,0,273,13944,2178,0,2432,295,2178,0,2432,295,1364.1,74930,ml/output/tracks/best_frames/25_12-20/track_0235_r0.jpg
25_12-20.mp4,235,1,279,14251,2177,6,2433,346,2177,6,2433,346,1101.5,87040,ml/output/tracks/best_frames/25_12-20/track_0235_r1.jpg
25_12-20.mp4,235,2,276,14097,2178,0,2433,295,2178,0,2433,295,1246.4,75225,ml/output/tracks/best_frames/25_12-20/track_0235_r2.jpg
25_12-20.mp4,236,0,264,13485,2059,2046,2290,2156,2059,2046,2290,2156,1284.5,25410,ml/output/tracks/best_frames/25_12-20/track_0236_r0.jpg
25_12-20.mp4,236,1,267,13638,2063,2116,2308,2159,2063,2116,2308,2159,991.7,10535,ml/output/tracks/best_frames/25_12-20/track_0236_r1.jpg
25_12-20.mp4,237,0,291,14864,556,1257,775,1512,556,1257,775,1512,2594.2,55845,ml/output/tracks/best_frames/25_12-20/track_0237_r0.jpg
25_12-20.mp4,237,1,276,14097,535,873,753,1173,535,873,753,1173,2210.1,65400,ml/output/tracks/best_frames/25_12-20/track_0237_r1.jpg
25_12-20.mp4,237,2,282,14404,536,1011,760,1294,536,1011,760,1294,2062.8,63392,ml/output/tracks/best_frames/25_12-20/track_0237_r2.jpg
25_12-20.mp4,238,0,267,13638,2123,1163,2379,1455,2123,1163,2379,1455,1776.6,74752,ml/output/tracks/best_frames/25_12-20/track_0238_r0.jpg
25_12-20.mp4,238,1,270,13791,2128,1221,2387,1478,2128,1221,2387,1478,1418.3,66563,ml/output/tracks/best_frames/25_12-20/track_0238_r1.jpg
25_12-20.mp4,238,2,273,13944,2123,1206,2304,1463,2123,1206,2304,1463,579.4,46517,ml/output/tracks/best_frames/25_12-20/track_0238_r2.jpg
25_12-20.mp4,239,0,267,13638,2130,1138,2303,1296,2130,1138,2303,1296,1218.7,27334,ml/output/tracks/best_frames/25_12-20/track_0239_r0.jpg
25_12-20.mp4,239,1,270,13791,2126,1118,2303,1381,2126,1118,2303,1381,712.5,46551,ml/output/tracks/best_frames/25_12-20/track_0239_r1.jpg
25_12-20.mp4,239,2,273,13944,2128,1168,2304,1296,2128,1168,2304,1296,97.3,22528,ml/output/tracks/best_frames/25_12-20/track_0239_r2.jpg
25_12-20.mp4,240,0,270,13791,553,1207,769,1472,553,1207,769,1472,2814.9,57240,ml/output/tracks/best_frames/25_12-20/track_0240_r0.jpg
25_12-20.mp4,240,1,273,13944,556,1280,776,1534,556,1280,776,1534,2805.2,55880,ml/output/tracks/best_frames/25_12-20/track_0240_r1.jpg
25_12-20.mp4,241,0,273,13944,975,1,1159,167,975,1,1159,167,1307.7,30544,ml/output/tracks/best_frames/25_12-20/track_0241_r0.jpg
25_12-20.mp4,241,1,270,13791,983,7,1155,127,983,7,1155,127,1314.9,20640,ml/output/tracks/best_frames/25_12-20/track_0241_r1.jpg
25_12-20.mp4,244,0,273,13944,2125,1317,2382,1583,2125,1317,2382,1583,898.3,68362,ml/output/tracks/best_frames/25_12-20/track_0244_r0.jpg
25_12-20.mp4,244,1,279,14251,2117,1374,2304,1598,2117,1374,2304,1598,659.5,41888,ml/output/tracks/best_frames/25_12-20/track_0244_r1.jpg
25_12-20.mp4,244,2,276,14097,2117,1298,2303,1565,2117,1298,2303,1565,539.9,49662,ml/output/tracks/best_frames/25_12-20/track_0244_r2.jpg
25_12-20.mp4,248,0,276,14097,2171,2,2304,351,2171,2,2304,351,1349.2,46417,ml/output/tracks/best_frames/25_12-20/track_0248_r0.jpg
25_12-20.mp4,248,1,282,14404,2181,19,2304,296,2181,19,2304,296,1075.4,34071,ml/output/tracks/best_frames/25_12-20/track_0248_r1.jpg
25_12-20.mp4,248,2,279,14251,2178,2,2304,237,2178,2,2304,237,1223.2,29610,ml/output/tracks/best_frames/25_12-20/track_0248_r2.jpg
25_12-20.mp4,249,0,279,14251,2112,1474,2368,1735,2112,1474,2368,1735,851.2,66816,ml/output/tracks/best_frames/25_12-20/track_0249_r0.jpg
25_12-20.mp4,249,1,276,14097,2116,1404,2368,1657,2116,1404,2368,1657,890.1,63756,ml/output/tracks/best_frames/25_12-20/track_0249_r1.jpg
25_12-20.mp4,249,2,282,14404,2117,1436,2304,1688,2117,1436,2304,1688,831.5,47124,ml/output/tracks/best_frames/25_12-20/track_0249_r2.jpg
25_12-20.mp4,251,0,315,16089,545,726,744,985,545,726,744,985,3276.9,51541,ml/output/tracks/best_frames/25_12-20/track_0251_r0.jpg
25_12-20.mp4,251,1,324,16549,550,932,752,1186,550,932,752,1186,3058.2,51308,ml/output/tracks/best_frames/25_12-20/track_0251_r1.jpg
25_12-20.mp4,251,2,318,16243,547,791,749,1054,547,791,749,1054,2847.9,53126,ml/output/tracks/best_frames/25_12-20/track_0251_r2.jpg
25_12-20.mp4,255,0,279,14251,641,1863,860,2064,641,1863,860,2064,1981.6,44019,ml/output/tracks/best_frames/25_12-20/track_0255_r0.jpg
25_12-20.mp4,255,1,282,14404,658,1897,854,2109,658,1897,854,2109,1656.4,41552,ml/output/tracks/best_frames/25_12-20/track_0255_r1.jpg
25_12-20.mp4,256,0,279,14251,2175,165,2430,469,2175,165,2430,469,1531.5,77520,ml/output/tracks/best_frames/25_12-20/track_0256_r0.jpg
25_12-20.mp4,256,1,282,14404,2176,110,2304,426,2176,110,2304,426,1317.9,40448,ml/output/tracks/best_frames/25_12-20/track_0256_r1.jpg
25_12-20.mp4,256,2,285,14557,2178,171,2304,471,2178,171,2304,471,1390.5,37800,ml/output/tracks/best_frames/25_12-20/track_0256_r2.jpg
25_12-20.mp4,257,0,291,14864,2115,1546,2375,1830,2115,1546,2375,1830,799.8,73840,ml/output/tracks/best_frames/25_12-20/track_0257_r0.jpg
25_12-20.mp4,257,1,282,14404,2110,1550,2364,1807,2110,1550,2364,1807,874.2,65278,ml/output/tracks/best_frames/25_12-20/track_0257_r1.jpg
25_12-20.mp4,257,2,285,14557,2113,1516,2303,1772,2113,1516,2303,1772,1111.4,48640,ml/output/tracks/best_frames/25_12-20/track_0257_r2.jpg
25_12-20.mp4,259,0,285,14557,665,2077,882,2159,665,2077,882,2159,1613.8,17794,ml/output/tracks/best_frames/25_12-20/track_0259_r0.jpg
25_12-20.mp4,259,1,282,14404,671,2077,866,2159,671,2077,866,2159,1361.6,15990,ml/output/tracks/best_frames/25_12-20/track_0259_r1.jpg
25_12-20.mp4,260,0,282,14404,2175,236,2428,543,2175,236,2428,543,1348.5,77671,ml/output/tracks/best_frames/25_12-20/track_0260_r0.jpg
25_12-20.mp4,260,1,291,14864,2186,310,2445,633,2186,310,2445,633,1085.1,83657,ml/output/tracks/best_frames/25_12-20/track_0260_r1.jpg
25_12-20.mp4,260,2,285,14557,2180,193,2437,523,2180,193,2437,523,998.1,84810,ml/output/tracks/best_frames/25_12-20/track_0260_r2.jpg
25_12-20.mp4,261,0,285,14557,572,361,775,628,572,361,775,628,1513.5,54201,ml/output/tracks/best_frames/25_12-20/track_0261_r0.jpg
25_12-20.mp4,261,1,306,15630,550,824,757,1083,550,824,757,1083,1474.8,53613,ml/output/tracks/best_frames/25_12-20/track_0261_r1.jpg
25_12-20.mp4,261,2,288,14710,560,404,768,658,560,404,768,658,1420.3,52832,ml/output/tracks/best_frames/25_12-20/track_0261_r2.jpg
25_12-20.mp4,262,0,285,14557,2105,1632,2350,1885,2105,1632,2350,1885,972.7,61985,ml/output/tracks/best_frames/25_12-20/track_0262_r0.jpg
25_12-20.mp4,262,1,300,15323,2077,1821,2324,2063,2077,1821,2324,2063,932.2,59774,ml/output/tracks/best_frames/25_12-20/track_0262_r1.jpg
25_12-20.mp4,262,2,288,14710,2108,1619,2303,1879,2108,1619,2303,1879,1080.2,50700,ml/output/tracks/best_frames/25_12-20/track_0262_r2.jpg
25_12-20.mp4,264,0,291,14864,2171,476,2440,783,2171,476,2440,783,1723.0,82583,ml/output/tracks/best_frames/25_12-20/track_0264_r0.jpg
25_12-20.mp4,264,1,294,15017,2167,533,2426,840,2167,533,2426,840,1697.9,79513,ml/output/tracks/best_frames/25_12-20/track_0264_r1.jpg
25_12-20.mp4,264,2,300,15323,2149,527,2423,827,2149,527,2423,827,1454.6,82200,ml/output/tracks/best_frames/25_12-20/track_0264_r2.jpg
25_12-20.mp4,266,0,300,15323,577,254,787,514,577,254,787,514,1693.7,54600,ml/output/tracks/best_frames/25_12-20/track_0266_r0.jpg
25_12-20.mp4,266,1,306,15630,564,390,770,651,564,390,770,651,1652.7,53766,ml/output/tracks/best_frames/25_12-20/track_0266_r1.jpg
25_12-20.mp4,266,2,288,14710,608,0,826,273,608,0,826,273,1391.5,59514,ml/output/tracks/best_frames/25_12-20/track_0266_r2.jpg
25_12-20.mp4,267,0,297,15170,2081,1877,2324,2099,2081,1877,2324,2099,1724.9,53946,ml/output/tracks/best_frames/25_12-20/track_0267_r0.jpg
25_12-20.mp4,267,1,294,15017,2093,1804,2331,2046,2093,1804,2331,2046,1510.8,57596,ml/output/tracks/best_frames/25_12-20/track_0267_r1.jpg
25_12-20.mp4,267,2,300,15323,2069,1919,2312,2143,2069,1919,2312,2143,1540.3,54432,ml/output/tracks/best_frames/25_12-20/track_0267_r2.jpg
25_12-20.mp4,268,0,288,14710,586,1559,816,1874,586,1559,816,1874,2189.8,72450,ml/output/tracks/best_frames/25_12-20/track_0268_r0.jpg
25_12-20.mp4,268,1,300,15323,634,1753,850,2037,634,1753,850,2037,2148.5,61344,ml/output/tracks/best_frames/25_12-20/track_0268_r1.jpg
25_12-20.mp4,268,2,303,15477,630,1770,859,2037,630,1770,859,2037,1967.7,61143,ml/output/tracks/best_frames/25_12-20/track_0268_r2.jpg
25_12-20.mp4,270,0,291,14864,2185,330,2304,640,2185,330,2304,640,1084.3,36890,ml/output/tracks/best_frames/25_12-20/track_0270_r0.jpg
25_12-20.mp4,270,1,288,14710,2184,333,2304,616,2184,333,2304,616,989.1,33960,ml/output/tracks/best_frames/25_12-20/track_0270_r1.jpg
25_12-20.mp4,270,2,294,15017,2180,429,2303,645,2180,429,2303,645,835.2,26568,ml/output/tracks/best_frames/25_12-20/track_0270_r2.jpg
25_12-20.mp4,272,0,297,15170,2177,0,2433,253,2177,0,2433,253,1639.7,64768,ml/output/tracks/best_frames/25_12-20/track_0272_r0.jpg
25_12-20.mp4,272,1,309,15783,2167,83,2436,389,2167,83,2436,389,1285.4,82314,ml/output/tracks/best_frames/25_12-20/track_0272_r1.jpg
25_12-20.mp4,272,2,303,15477,2164,0,2427,298,2164,0,2427,298,1279.7,78374,ml/output/tracks/best_frames/25_12-20/track_0272_r2.jpg
25_12-20.mp4,277,0,297,15170,544,1013,772,1285,544,1013,772,1285,2331.2,62016,ml/output/tracks/best_frames/25_12-20/track_0277_r0.jpg
25_12-20.mp4,277,1,300,15323,548,1075,765,1291,548,1075,765,1291,2482.1,46872,ml/output/tracks/best_frames/25_12-20/track_0277_r1.jpg
25_12-20.mp4,277,2,303,15477,548,1135,772,1296,548,1135,772,1296,2138.3,36064,ml/output/tracks/best_frames/25_12-20/track_0277_r2.jpg
25_12-20.mp4,278,0,297,15170,2155,503,2304,880,2155,503,2304,880,1988.8,56173,ml/output/tracks/best_frames/25_12-20/track_0278_r0.jpg
25_12-20.mp4,278,1,300,15323,2147,560,2304,925,2147,560,2304,925,1661.4,57305,ml/output/tracks/best_frames/25_12-20/track_0278_r1.jpg
25_12-20.mp4,278,2,306,15630,2140,772,2303,1027,2140,772,2303,1027,1466.3,41565,ml/output/tracks/best_frames/25_12-20/track_0278_r2.jpg
25_12-20.mp4,280,0,303,15477,2134,693,2411,1028,2134,693,2411,1028,1880.8,92795,ml/output/tracks/best_frames/25_12-20/track_0280_r0.jpg
25_12-20.mp4,280,1,297,15170,2157,646,2414,955,2157,646,2414,955,2108.6,79413,ml/output/tracks/best_frames/25_12-20/track_0280_r1.jpg
25_12-20.mp4,280,2,300,15323,2145,713,2406,1022,2145,713,2406,1022,2065.9,80649,ml/output/tracks/best_frames/25_12-20/track_0280_r2.jpg
25_12-20.mp4,281,0,303,15477,578,1464,800,1726,578,1464,800,1726,2583.9,58164,ml/output/tracks/best_frames/25_12-20/track_0281_r0.jpg
25_12-20.mp4,281,1,297,15170,568,1395,786,1627,568,1395,786,1627,2901.1,50576,ml/output/tracks/best_frames/25_12-20/track_0281_r1.jpg
25_12-20.mp4,281,2,300,15323,574,1422,787,1674,574,1422,787,1674,2674.3,53676,ml/output/tracks/best_frames/25_12-20/track_0281_r2.jpg
25_12-20.mp4,282,0,336,17162,551,614,763,873,551,614,763,873,2472.6,54908,ml/output/tracks/best_frames/25_12-20/track_0282_r0.jpg
25_12-20.mp4,282,1,348,17775,551,877,759,1158,551,877,759,1158,2313.8,58448,ml/output/tracks/best_frames/25_12-20/track_0282_r1.jpg
25_12-20.mp4,282,2,345,17622,553,864,754,1096,553,864,754,1096,2838.7,46632,ml/output/tracks/best_frames/25_12-20/track_0282_r2.jpg
25_12-20.mp4,283,0,306,15630,685,2076,889,2159,685,2076,889,2159,1899.2,16932,ml/output/tracks/best_frames/25_12-20/track_0283_r0.jpg
25_12-20.mp4,283,1,303,15477,688,2075,894,2159,688,2075,894,2159,1774.5,17304,ml/output/tracks/best_frames/25_12-20/track_0283_r1.jpg
25_12-20.mp4,283,2,309,15783,672,2083,892,2159,672,2083,892,2159,1676.3,16720,ml/output/tracks/best_frames/25_12-20/track_0283_r2.jpg
25_12-20.mp4,284,0,315,16089,2165,267,2304,572,2165,267,2304,572,2255.1,42395,ml/output/tracks/best_frames/25_12-20/track_0284_r0.jpg
25_12-20.mp4,284,1,330,16856,2147,655,2304,1038,2147,655,2304,1038,1570.9,60131,ml/output/tracks/best_frames/25_12-20/track_0284_r1.jpg
25_12-20.mp4,284,2,318,16243,2161,324,2304,632,2161,324,2304,632,1905.0,44044,ml/output/tracks/best_frames/25_12-20/track_0284_r2.jpg
25_12-20.mp4,285,0,306,15630,2129,880,2390,1181,2129,880,2390,1181,2243.5,78561,ml/output/tracks/best_frames/25_12-20/track_0285_r0.jpg
25_12-20.mp4,285,1,300,15323,2129,913,2404,1213,2129,913,2404,1213,1742.1,82500,ml/output/tracks/best_frames/25_12-20/track_0285_r1.jpg
25_12-20.mp4,285,2,303,15477,2135,864,2398,1107,2135,864,2398,1107,2218.5,63909,ml/output/tracks/best_frames/25_12-20/track_0285_r2.jpg
25_12-20.mp4,286,0,303,15477,2131,1304,2399,1558,2131,1304,2399,1558,1735.4,68072,ml/output/tracks/best_frames/25_12-20/track_0286_r0.jpg
25_12-20.mp4,286,1,309,15783,2114,1286,2375,1598,2114,1286,2375,1598,1259.4,81432,ml/output/tracks/best_frames/25_12-20/track_0286_r1.jpg
25_12-20.mp4,286,2,306,15630,2118,1312,2365,1564,2118,1312,2365,1564,1533.2,62244,ml/output/tracks/best_frames/25_12-20/track_0286_r2.jpg
25_12-20.mp4,287,0,309,15783,3160,92,3232,184,3160,92,3232,184,68.7,6624,ml/output/tracks/best_frames/25_12-20/track_0287_r0.jpg
25_12-20.mp4,287,1,306,15630,3160,85,3226,172,3160,85,3226,172,74.9,5742,ml/output/tracks/best_frames/25_12-20/track_0287_r1.jpg
25_12-20.mp4,287,2,303,15477,3158,69,3226,161,3158,69,3226,161,58.5,6256,ml/output/tracks/best_frames/25_12-20/track_0287_r2.jpg
25_12-20.mp4,288,0,309,15783,2163,193,2419,512,2163,193,2419,512,1526.7,81664,ml/output/tracks/best_frames/25_12-20/track_0288_r0.jpg
25_12-20.mp4,288,1,315,16089,2170,219,2428,496,2170,219,2428,496,1347.6,71466,ml/output/tracks/best_frames/25_12-20/track_0288_r1.jpg
25_12-20.mp4,288,2,303,15477,2169,110,2411,395,2169,110,2411,395,1333.5,68970,ml/output/tracks/best_frames/25_12-20/track_0288_r2.jpg
25_12-20.mp4,290,0,309,15783,2123,971,2398,1276,2123,971,2398,1276,1824.2,83875,ml/output/tracks/best_frames/25_12-20/track_0290_r0.jpg
25_12-20.mp4,290,1,312,15936,2134,890,2407,1187,2134,890,2407,1187,1560.5,81081,ml/output/tracks/best_frames/25_12-20/track_0290_r1.jpg
25_12-20.mp4,290,2,315,16089,2142,940,2404,1211,2142,940,2404,1211,1465.7,71002,ml/output/tracks/best_frames/25_12-20/track_0290_r2.jpg
25_12-20.mp4,291,0,309,15783,2106,1627,2353,1882,2106,1627,2353,1882,1061.6,62985,ml/output/tracks/best_frames/25_12-20/track_0291_r0.jpg
25_12-20.mp4,291,1,312,15936,2124,1595,2335,1813,2124,1595,2335,1813,1046.8,45998,ml/output/tracks/best_frames/25_12-20/track_0291_r1.jpg
25_12-20.mp4,294,0,318,16243,2081,1819,2345,2076,2081,1819,2345,2076,1424.7,67848,ml/output/tracks/best_frames/25_12-20/track_0294_r0.jpg
25_12-20.mp4,294,1,315,16089,2084,1780,2338,2044,2084,1780,2338,2044,1374.0,67056,ml/output/tracks/best_frames/25_12-20/track_0294_r1.jpg
25_12-20.mp4,294,2,324,16549,2102,1824,2363,2054,2102,1824,2363,2054,1261.7,60030,ml/output/tracks/best_frames/25_12-20/track_0294_r2.jpg
25_12-20.mp4,295,0,315,16089,2169,434,2416,714,2169,434,2416,714,2405.3,69160,ml/output/tracks/best_frames/25_12-20/track_0295_r0.jpg
25_12-20.mp4,295,1,321,16396,2159,359,2434,699,2159,359,2434,699,1432.7,93500,ml/output/tracks/best_frames/25_12-20/track_0295_r1.jpg
25_12-20.mp4,295,2,318,16243,2154,491,2416,787,2154,491,2416,787,1610.3,77552,ml/output/tracks/best_frames/25_12-20/track_0295_r2.jpg
25_12-20.mp4,296,0,318,16243,594,99,811,343,594,99,811,343,1463.3,52948,ml/output/tracks/best_frames/25_12-20/track_0296_r0.jpg
25_12-20.mp4,296,1,315,16089,604,19,815,264,604,19,815,264,1251.8,51695,ml/output/tracks/best_frames/25_12-20/track_0296_r1.jpg
25_12-20.mp4,296,2,312,15936,613,0,827,214,613,0,827,214,1189.7,45796,ml/output/tracks/best_frames/25_12-20/track_0296_r2.jpg
25_12-20.mp4,297,0,315,16089,2125,1127,2388,1416,2125,1127,2388,1416,2553.9,76007,ml/output/tracks/best_frames/25_12-20/track_0297_r0.jpg
25_12-20.mp4,297,1,318,16243,2125,1080,2303,1350,2125,1080,2303,1350,617.7,48060,ml/output/tracks/best_frames/25_12-20/track_0297_r1.jpg
25_12-20.mp4,297,2,327,16702,2125,1123,2304,1296,2125,1123,2304,1296,187.7,30967,ml/output/tracks/best_frames/25_12-20/track_0297_r2.jpg
25_12-20.mp4,298,0,324,16549,3165,124,3233,210,3165,124,3233,210,86.9,5848,ml/output/tracks/best_frames/25_12-20/track_0298_r0.jpg
25_12-20.mp4,298,1,315,16089,3163,95,3233,190,3163,95,3233,190,59.6,6650,ml/output/tracks/best_frames/25_12-20/track_0298_r1.jpg
25_12-20.mp4,298,2,321,16396,3166,117,3232,199,3166,117,3232,199,67.4,5412,ml/output/tracks/best_frames/25_12-20/track_0298_r2.jpg
25_12-20.mp4,301,0,318,16243,0,0,43,105,0,0,43,105,860.4,4515,ml/output/tracks/best_frames/25_12-20/track_0301_r0.jpg
25_12-20.mp4,301,1,315,16089,0,0,38,86,0,0,38,86,620.2,3268,ml/output/tracks/best_frames/25_12-20/track_0301_r1.jpg
25_12-20.mp4,303,0,318,16243,2124,1200,2381,1491,2124,1200,2381,1491,1901.3,74787,ml/output/tracks/best_frames/25_12-20/track_0303_r0.jpg
25_12-20.mp4,303,1,321,16396,2122,1124,2390,1445,2122,1124,2390,1445,1039.3,86028,ml/output/tracks/best_frames/25_12-20/track_0303_r1.jpg
25_12-20.mp4,303,2,324,16549,2124,1187,2388,1487,2124,1187,2388,1487,869.4,79200,ml/output/tracks/best_frames/25_12-20/track_0303_r2.jpg
25_12-20.mp4,304,0,321,16396,2109,1746,2359,1986,2109,1746,2359,1986,1289.9,60000,ml/output/tracks/best_frames/25_12-20/track_0304_r0.jpg
25_12-20.mp4,304,1,324,16549,2101,1623,2361,1897,2101,1623,2361,1897,985.8,71240,ml/output/tracks/best_frames/25_12-20/track_0304_r1.jpg
25_12-20.mp4,304,2,327,16702,2101,1592,2351,1866,2101,1592,2351,1866,854.0,68500,ml/output/tracks/best_frames/25_12-20/track_0304_r2.jpg
25_12-20.mp4,305,0,318,16243,2103,1355,2374,1677,2103,1355,2374,1677,1179.9,87262,ml/output/tracks/best_frames/25_12-20/track_0305_r0.jpg
25_12-20.mp4,305,1,321,16396,2104,1435,2372,1733,2104,1435,2372,1733,1170.4,79864,ml/output/tracks/best_frames/25_12-20/track_0305_r1.jpg
25_12-20.mp4,306,0,324,16549,2157,650,2409,942,2157,650,2409,942,2151.2,73584,ml/output/tracks/best_frames/25_12-20/track_0306_r0.jpg
25_12-20.mp4,306,1,321,16396,2151,572,2415,865,2151,572,2415,865,1758.3,77352,ml/output/tracks/best_frames/25_12-20/track_0306_r1.jpg
25_12-20.mp4,306,2,327,16702,2156,566,2422,868,2156,566,2422,868,1610.4,80332,ml/output/tracks/best_frames/25_12-20/track_0306_r2.jpg
25_12-20.mp4,307,0,321,16396,2121,1278,2372,1549,2121,1278,2372,1549,1715.3,68021,ml/output/tracks/best_frames/25_12-20/track_0307_r0.jpg
25_12-20.mp4,307,1,324,16549,2118,1347,2376,1622,2118,1347,2376,1622,1337.7,70950,ml/output/tracks/best_frames/25_12-20/track_0307_r1.jpg
25_12-20.mp4,307,2,327,16702,2115,1276,2304,1593,2115,1276,2304,1593,592.8,59913,ml/output/tracks/best_frames/25_12-20/track_0307_r2.jpg
25_12-20.mp4,309,0,330,16856,581,1382,797,1620,581,1382,797,1620,1607.4,51408,ml/output/tracks/best_frames/25_12-20/track_0309_r0.jpg
25_12-20.mp4,309,1,327,16702,571,1323,794,1565,571,1323,794,1565,1499.3,53966,ml/output/tracks/best_frames/25_12-20/track_0309_r1.jpg
25_12-20.mp4,309,2,324,16549,564,1261,782,1500,564,1261,782,1500,1440.3,52102,ml/output/tracks/best_frames/25_12-20/track_0309_r2.jpg
25_12-20.mp4,311,0,327,16702,601,1526,824,1851,601,1526,824,1851,2510.4,72475,ml/output/tracks/best_frames/25_12-20/track_0311_r0.jpg
25_12-20.mp4,311,1,321,16396,594,1479,810,1815,594,1479,810,1815,2435.0,72576,ml/output/tracks/best_frames/25_12-20/track_0311_r1.jpg
25_12-20.mp4,311,2,324,16549,601,1518,817,1852,601,1518,817,1852,2441.2,72144,ml/output/tracks/best_frames/25_12-20/track_0311_r2.jpg
25_12-20.mp4,312,0,354,18082,569,490,767,739,569,490,767,739,3006.1,49302,ml/output/tracks/best_frames/25_12-20/track_0312_r0.jpg
25_12-20.mp4,312,1,357,18235,565,534,769,805,565,534,769,805,2442.9,55284,ml/output/tracks/best_frames/25_12-20/track_0312_r1.jpg
25_12-20.mp4,312,2,360,18388,556,628,767,894,556,628,767,894,2351.8,56126,ml/output/tracks/best_frames/25_12-20/track_0312_r2.jpg
25_12-20.mp4,313,0,333,17009,2139,910,2394,1202,2139,910,2394,1202,2286.5,74460,ml/output/tracks/best_frames/25_12-20/track_0313_r0.jpg
25_12-20.mp4,313,1,330,16856,2139,864,2400,1118,2139,864,2400,1118,2464.9,66294,ml/output/tracks/best_frames/25_12-20/track_0313_r1.jpg
25_12-20.mp4,313,2,336,17162,2126,865,2404,1194,2126,865,2404,1194,1500.4,91462,ml/output/tracks/best_frames/25_12-20/track_0313_r2.jpg
25_12-20.mp4,315,0,324,16549,579,200,792,482,579,200,792,482,1486.9,60066,ml/output/tracks/best_frames/25_12-20/track_0315_r0.jpg
25_12-20.mp4,315,1,327,16702,573,277,784,553,573,277,784,553,1372.5,58236,ml/output/tracks/best_frames/25_12-20/track_0315_r1.jpg
25_12-20.mp4,315,2,336,17162,565,447,782,686,565,447,782,686,1171.1,51863,ml/output/tracks/best_frames/25_12-20/track_0315_r2.jpg
25_12-20.mp4,316,0,327,16702,2087,1813,2361,2076,2087,1813,2361,2076,1413.1,72062,ml/output/tracks/best_frames/25_12-20/track_0316_r0.jpg
25_12-20.mp4,316,1,333,17009,2073,1737,2330,2008,2073,1737,2330,2008,1033.0,69647,ml/output/tracks/best_frames/25_12-20/track_0316_r1.jpg
25_12-20.mp4,316,2,339,17315,2065,1701,2321,1961,2065,1701,2321,1961,1058.4,66560,ml/output/tracks/best_frames/25_12-20/track_0316_r2.jpg
25_12-20.mp4,317,0,327,16702,2116,1404,2371,1628,2116,1404,2371,1628,1186.4,57120,ml/output/tracks/best_frames/25_12-20/track_0317_r0.jpg
25_12-20.mp4,317,1,330,16856,2108,1491,2369,1747,2108,1491,2369,1747,853.3,66816,ml/output/tracks/best_frames/25_12-20/track_0317_r1.jpg
25_12-20.mp4,317,2,336,17162,2093,1543,2302,1817,2093,1543,2302,1817,918.8,57266,ml/output/tracks/best_frames/25_12-20/track_0317_r2.jpg
25_12-20.mp4,318,0,336,17162,2173,2,2437,336,2173,2,2437,336,1584.9,88176,ml/output/tracks/best_frames/25_12-20/track_0318_r0.jpg
25_12-20.mp4,318,1,339,17315,2174,9,2436,333,2174,9,2436,333,1219.2,84888,ml/output/tracks/best_frames/25_12-20/track_0318_r1.jpg
25_12-20.mp4,318,2,333,17009,2185,2,2429,301,2185,2,2429,301,1205.1,72956,ml/output/tracks/best_frames/25_12-20/track_0318_r2.jpg
25_12-20.mp4,320,0,330,16856,555,1068,764,1327,555,1068,764,1327,2635.3,54131,ml/output/tracks/best_frames/25_12-20/track_0320_r0.jpg
25_12-20.mp4,320,1,339,17315,562,1165,774,1430,562,1165,774,1430,1421.2,56180,ml/output/tracks/best_frames/25_12-20/track_0320_r1.jpg
25_12-20.mp4,320,2,333,17009,561,1026,768,1240,561,1026,768,1240,1070.5,44298,ml/output/tracks/best_frames/25_12-20/track_0320_r2.jpg
25_12-20.mp4,321,0,333,17009,2075,1977,2337,2159,2075,1977,2337,2159,1445.9,47684,ml/output/tracks/best_frames/25_12-20/track_0321_r0.jpg
25_12-20.mp4,321,1,330,16856,2076,2085,2317,2159,2076,2085,2317,2159,1674.6,17834,ml/output/tracks/best_frames/25_12-20/track_0321_r1.jpg
25_12-20.mp4,323,0,336,17162,560,1208,771,1468,560,1208,771,1468,2645.2,54860,ml/output/tracks/best_frames/25_12-20/track_0323_r0.jpg
25_12-20.mp4,323,1,339,17315,574,1282,776,1540,574,1282,776,1540,2757.7,52116,ml/output/tracks/best_frames/25_12-20/track_0323_r1.jpg
25_12-20.mp4,323,2,333,17009,565,1147,766,1401,565,1147,766,1401,2618.5,51054,ml/output/tracks/best_frames/25_12-20/track_0323_r2.jpg
25_12-20.mp4,326,0,342,17469,2162,145,2304,481,2162,145,2304,481,2066.5,47712,ml/output/tracks/best_frames/25_12-20/track_0326_r0.jpg
25_12-20.mp4,326,1,345,17622,2161,215,2304,533,2161,215,2304,533,1983.3,45474,ml/output/tracks/best_frames/25_12-20/track_0326_r1.jpg
25_12-20.mp4,326,2,348,17775,2168,324,2303,538,2168,324,2303,538,1668.4,28890,ml/output/tracks/best_frames/25_12-20/track_0326_r2.jpg
25_12-20.mp4,328,0,336,17162,2126,999,2382,1288,2126,999,2382,1288,2362.0,73984,ml/output/tracks/best_frames/25_12-20/track_0328_r0.jpg
25_12-20.mp4,328,1,339,17315,2123,972,2303,1240,2123,972,2303,1240,1384.5,48240,ml/output/tracks/best_frames/25_12-20/track_0328_r1.jpg
25_12-20.mp4,328,2,342,17469,2116,946,2304,1209,2116,946,2304,1209,1233.0,49444,ml/output/tracks/best_frames/25_12-20/track_0328_r2.jpg
25_12-20.mp4,330,0,339,17315,2109,1081,2378,1369,2109,1081,2378,1369,2187.4,77472,ml/output/tracks/best_frames/25_12-20/track_0330_r0.jpg
25_12-20.mp4,330,1,342,17469,2118,1016,2385,1279,2118,1016,2385,1279,1593.6,70221,ml/output/tracks/best_frames/25_12-20/track_0330_r1.jpg
25_12-20.mp4,330,2,345,17622,2114,1068,2394,1288,2114,1068,2394,1288,1385.9,61600,ml/output/tracks/best_frames/25_12-20/track_0330_r2.jpg
25_12-20.mp4,331,0,339,17315,639,1718,869,2087,639,1718,869,2087,1993.5,84870,ml/output/tracks/best_frames/25_12-20/track_0331_r0.jpg
25_12-20.mp4,331,1,345,17622,651,1789,881,2155,651,1789,881,2155,1780.7,84180,ml/output/tracks/best_frames/25_12-20/track_0331_r1.jpg
25_12-20.mp4,331,2,342,17469,644,1779,871,2116,644,1779,871,2116,1861.1,76499,ml/output/tracks/best_frames/25_12-20/track_0331_r2.jpg
25_12-20.mp4,332,0,339,17315,622,1675,834,1893,622,1675,834,1893,2107.1,46216,ml/output/tracks/best_frames/25_12-20/track_0332_r0.jpg
25_12-20.mp4,332,1,342,17469,629,1732,847,1944,629,1732,847,1944,1807.9,46216,ml/output/tracks/best_frames/25_12-20/track_0332_r1.jpg
25_12-20.mp4,333,0,339,17315,2171,189,2423,470,2171,189,2423,470,1658.0,70812,ml/output/tracks/best_frames/25_12-20/track_0333_r0.jpg
25_12-20.mp4,333,1,345,17622,2168,187,2431,476,2168,187,2431,476,1394.2,76007,ml/output/tracks/best_frames/25_12-20/track_0333_r1.jpg
25_12-20.mp4,333,2,342,17469,2172,108,2435,406,2172,108,2435,406,1241.9,78374,ml/output/tracks/best_frames/25_12-20/track_0333_r2.jpg
25_12-20.mp4,335,0,342,17469,2107,1162,2361,1444,2107,1162,2361,1444,2104.9,71628,ml/output/tracks/best_frames/25_12-20/track_0335_r0.jpg
25_12-20.mp4,335,1,345,17622,2108,1241,2359,1512,2108,1241,2359,1512,1986.3,68021,ml/output/tracks/best_frames/25_12-20/track_0335_r1.jpg
25_12-20.mp4,335,2,348,17775,2113,1135,2386,1428,2113,1135,2386,1428,1243.7,79989,ml/output/tracks/best_frames/25_12-20/track_0335_r2.jpg
25_12-20.mp4,336,0,345,17622,2052,1866,2301,2114,2052,1866,2301,2114,1191.5,61752,ml/output/tracks/best_frames/25_12-20/track_0336_r0.jpg
25_12-20.mp4,336,1,342,17469,2055,1878,2299,2114,2055,1878,2299,2114,1224.2,57584,ml/output/tracks/best_frames/25_12-20/track_0336_r1.jpg
25_12-20.mp4,336,2,354,18082,2070,1894,2337,2137,2070,1894,2337,2137,943.9,64881,ml/output/tracks/best_frames/25_12-20/track_0336_r2.jpg
25_12-20.mp4,337,0,396,20227,581,1096,787,1361,581,1096,787,1361,2385.3,54590,ml/output/tracks/best_frames/25_12-20/track_0337_r0.jpg
25_12-20.mp4,337,1,393,20074,579,1033,779,1300,579,1033,779,1300,2339.5,53400,ml/output/tracks/best_frames/25_12-20/track_0337_r1.jpg
25_12-20.mp4,337,2,405,20686,595,1305,811,1553,595,1305,811,1553,2314.4,53568,ml/output/tracks/best_frames/25_12-20/track_0337_r2.jpg
25_12-20.mp4,338,0,342,17469,583,1347,783,1606,583,1347,783,1606,2753.4,51800,ml/output/tracks/best_frames/25_12-20/track_0338_r0.jpg
25_12-20.mp4,338,1,345,17622,579,1325,780,1564,579,1325,780,1564,1843.1,48039,ml/output/tracks/best_frames/25_12-20/track_0338_r1.jpg
25_12-20.mp4,340,0,345,17622,2158,301,2419,609,2158,301,2419,609,2040.4,80388,ml/output/tracks/best_frames/25_12-20/track_0340_r0.jpg
25_12-20.mp4,340,1,348,17775,2166,269,2435,582,2166,269,2435,582,1507.3,84197,ml/output/tracks/best_frames/25_12-20/track_0340_r1.jpg
25_12-20.mp4,340,2,354,18082,2175,396,2444,689,2175,396,2444,689,1585.8,78817,ml/output/tracks/best_frames/25_12-20/track_0340_r2.jpg
25_12-20.mp4,341,0,345,17622,587,1411,786,1658,587,1411,786,1658,2874.6,49153,ml/output/tracks/best_frames/25_12-20/track_0341_r0.jpg
25_12-20.mp4,341,1,348,17775,583,1380,790,1634,583,1380,790,1634,1735.1,52578,ml/output/tracks/best_frames/25_12-20/track_0341_r1.jpg
25_12-20.mp4,341,2,357,18235,611,1554,810,1783,611,1554,810,1783,1902.0,45571,ml/output/tracks/best_frames/25_12-20/track_0341_r2.jpg
25_12-20.mp4,342,0,345,17622,678,2082,898,2159,678,2082,898,2159,2253.0,16940,ml/output/tracks/best_frames/25_12-20/track_0342_r0.jpg
25_12-20.mp4,342,1,348,17775,675,2080,892,2159,675,2080,892,2159,2008.2,17143,ml/output/tracks/best_frames/25_12-20/track_0342_r1.jpg
25_12-20.mp4,344,0,354,18082,610,1590,815,1825,610,1590,815,1825,3010.1,48175,ml/output/tracks/best_frames/25_12-20/track_0344_r0.jpg
25_12-20.mp4,344,1,348,17775,601,1478,793,1724,601,1478,793,1724,2714.5,47232,ml/output/tracks/best_frames/25_12-20/track_0344_r1.jpg
25_12-20.mp4,344,2,357,18235,628,1645,822,1868,628,1645,822,1868,2852.1,43262,ml/output/tracks/best_frames/25_12-20/track_0344_r2.jpg
25_12-20.mp4,345,0,357,18235,2188,40,2445,311,2188,40,2445,311,2098.7,69647,ml/output/tracks/best_frames/25_12-20/track_0345_r0.jpg
25_12-20.mp4,345,1,375,19154,2190,529,2455,844,2190,529,2455,844,1667.4,83475,ml/output/tracks/best_frames/25_12-20/track_0345_r1.jpg
25_12-20.mp4,345,2,366,18694,2200,305,2461,607,2200,305,2461,607,1756.0,78822,ml/output/tracks/best_frames/25_12-20/track_0345_r2.jpg
25_12-20.mp4,346,0,348,17775,2105,1314,2365,1581,2105,1314,2365,1581,1574.0,69420,ml/output/tracks/best_frames/25_12-20/track_0346_r0.jpg
25_12-20.mp4,346,1,351,17928,2119,1384,2364,1649,2119,1384,2364,1649,1092.7,64925,ml/output/tracks/best_frames/25_12-20/track_0346_r1.jpg
25_12-20.mp4,346,2,354,18082,2119,1289,2393,1575,2119,1289,2393,1575,714.3,78364,ml/output/tracks/best_frames/25_12-20/track_0346_r2.jpg
25_12-20.mp4,348,0,348,17775,639,1782,859,2051,639,1782,859,2051,1136.9,59180,ml/output/tracks/best_frames/25_12-20/track_0348_r0.jpg
25_12-20.mp4,348,1,351,17928,641,1806,869,2058,641,1806,869,2058,908.3,57456,ml/output/tracks/best_frames/25_12-20/track_0348_r1.jpg
25_12-20.mp4,348,2,354,18082,645,1823,863,2061,645,1823,863,2061,971.5,51884,ml/output/tracks/best_frames/25_12-20/track_0348_r2.jpg
25_12-20.mp4,349,0,348,17775,2164,407,2420,692,2164,407,2420,692,1712.9,72960,ml/output/tracks/best_frames/25_12-20/track_0349_r0.jpg
25_12-20.mp4,349,1,354,18082,2168,413,2304,746,2168,413,2304,746,2211.0,45288,ml/output/tracks/best_frames/25_12-20/track_0349_r1.jpg
25_12-20.mp4,349,2,360,18388,2168,580,2304,915,2168,580,2304,915,1981.9,45560,ml/output/tracks/best_frames/25_12-20/track_0349_r2.jpg
25_12-20.mp4,350,0,354,18082,558,1025,769,1280,558,1025,769,1280,3499.9,53805,ml/output/tracks/best_frames/25_12-20/track_0350_r0.jpg
25_12-20.mp4,350,1,357,18235,559,1087,766,1337,559,1087,766,1337,3127.1,51750,ml/output/tracks/best_frames/25_12-20/track_0350_r1.jpg
25_12-20.mp4,350,2,351,17928,555,974,763,1225,555,974,763,1225,2552.1,52208,ml/output/tracks/best_frames/25_12-20/track_0350_r2.jpg
25_12-20.mp4,351,0,354,18082,2181,543,2430,832,2181,543,2430,832,1937.4,71961,ml/output/tracks/best_frames/25_12-20/track_0351_r0.jpg
25_12-20.mp4,351,1,357,18235,2169,613,2430,896,2169,613,2430,896,1856.1,73863,ml/output/tracks/best_frames/25_12-20/track_0351_r1.jpg
25_12-20.mp4,351,2,351,17928,2172,484,2427,762,2172,484,2427,762,1600.5,70890,ml/output/tracks/best_frames/25_12-20/track_0351_r2.jpg
25_12-20.mp4,352,0,357,18235,2078,2060,2301,2159,2078,2060,2301,2159,1813.6,22077,ml/output/tracks/best_frames/25_12-20/track_0352_r0.jpg
25_12-20.mp4,352,1,354,18082,2063,2086,2314,2158,2063,2086,2314,2158,1854.9,18072,ml/output/tracks/best_frames/25_12-20/track_0352_r1.jpg
25_12-20.mp4,354,0,354,18082,2113,1459,2365,1730,2113,1459,2365,1730,1236.8,68292,ml/output/tracks/best_frames/25_12-20/track_0354_r0.jpg
25_12-20.mp4,354,1,357,18235,2112,1501,2365,1767,2112,1501,2365,1767,1016.2,67298,ml/output/tracks/best_frames/25_12-20/track_0354_r1.jpg
25_12-20.mp4,354,2,360,18388,2118,1451,2304,1751,2118,1451,2304,1751,442.5,55800,ml/output/tracks/best_frames/25_12-20/track_0354_r2.jpg
25_12-20.mp4,355,0,357,18235,965,1606,1149,1944,965,1606,1149,1944,1514.7,62192,ml/output/tracks/best_frames/25_12-20/track_0355_r0.jpg
25_12-20.mp4,355,1,363,18541,979,1752,1163,2066,979,1752,1163,2066,1240.0,57776,ml/output/tracks/best_frames/25_12-20/track_0355_r1.jpg
25_12-20.mp4,355,2,366,18694,985,1806,1160,2094,985,1806,1160,2094,1412.1,50400,ml/output/tracks/best_frames/25_12-20/track_0355_r2.jpg
25_12-20.mp4,356,0,366,18694,2166,918,2435,1193,2166,918,2435,1193,2509.5,73975,ml/output/tracks/best_frames/25_12-20/track_0356_r0.jpg
25_12-20.mp4,356,1,363,18541,2167,864,2430,1124,2167,864,2430,1124,2103.9,68380,ml/output/tracks/best_frames/25_12-20/track_0356_r1.jpg
25_12-20.mp4,356,2,369,18848,2170,865,2444,1198,2170,865,2444,1198,1260.3,91242,ml/output/tracks/best_frames/25_12-20/track_0356_r2.jpg
25_12-20.mp4,357,0,357,18235,686,2076,914,2159,686,2076,914,2159,1607.1,18924,ml/output/tracks/best_frames/25_12-20/track_0357_r0.jpg
25_12-20.mp4,357,1,360,18388,689,2074,888,2159,689,2074,888,2159,1603.4,16915,ml/output/tracks/best_frames/25_12-20/track_0357_r1.jpg
25_12-20.mp4,357,2,363,18541,688,2040,890,2157,688,2040,890,2157,822.6,23634,ml/output/tracks/best_frames/25_12-20/track_0357_r2.jpg
25_12-20.mp4,358,0,360,18388,2192,1,2466,325,2192,1,2466,325,933.8,88776,ml/output/tracks/best_frames/25_12-20/track_0358_r0.jpg
25_12-20.mp4,358,1,366,18694,2214,13,2477,332,2214,13,2477,332,296.7,83897,ml/output/tracks/best_frames/25_12-20/track_0358_r1.jpg
25_12-20.mp4,358,2,369,18848,2211,120,2475,409,2211,120,2475,409,324.8,76296,ml/output/tracks/best_frames/25_12-20/track_0358_r2.jpg
25_12-20.mp4,359,0,372,19001,2104,1709,2304,2012,2104,1709,2304,2012,1138.6,60600,ml/output/tracks/best_frames/25_12-20/track_0359_r0.jpg
25_12-20.mp4,359,1,375,19154,2095,1791,2347,2054,2095,1791,2347,2054,970.9,66276,ml/output/tracks/best_frames/25_12-20/track_0359_r1.jpg
25_12-20.mp4,359,2,369,18848,2109,1658,2304,1950,2109,1658,2304,1950,1094.2,56940,ml/output/tracks/best_frames/25_12-20/track_0359_r2.jpg
25_12-20.mp4,360,0,360,18388,557,1167,769,1429,557,1167,769,1429,2423.3,55544,ml/output/tracks/best_frames/25_12-20/track_0360_r0.jpg
25_12-20.mp4,360,1,363,18541,565,1256,775,1518,565,1256,775,1518,2301.9,55020,ml/output/tracks/best_frames/25_12-20/track_0360_r1.jpg
25_12-20.mp4,360,2,381,19461,594,1490,817,1745,594,1490,817,1745,1561.4,56865,ml/output/tracks/best_frames/25_12-20/track_0360_r2.jpg
25_12-20.mp4,361,0,360,18388,2168,706,2437,997,2168,706,2437,997,1848.5,78279,ml/output/tracks/best_frames/25_12-20/track_0361_r0.jpg
25_12-20.mp4,361,1,363,18541,2178,742,2436,1028,2178,742,2436,1028,1125.8,73788,ml/output/tracks/best_frames/25_12-20/track_0361_r1.jpg
25_12-20.mp4,361,2,366,18694,2180,714,2448,996,2180,714,2448,996,887.0,75576,ml/output/tracks/best_frames/25_12-20/track_0361_r2.jpg
25_12-20.mp4,363,0,360,18388,2185,4,2304,264,2185,4,2304,264,1470.2,30940,ml/output/tracks/best_frames/25_12-20/track_0363_r0.jpg
25_12-20.mp4,363,1,366,18694,2197,53,2304,339,2197,53,2304,339,1310.3,30602,ml/output/tracks/best_frames/25_12-20/track_0363_r1.jpg
25_12-20.mp4,363,2,363,18541,2196,4,2304,303,2196,4,2304,303,1011.8,32292,ml/output/tracks/best_frames/25_12-20/track_0363_r2.jpg
25_12-20.mp4,364,0,378,19307,569,1059,770,1321,569,1059,770,1321,2906.1,52662,ml/output/tracks/best_frames/25_12-20/track_0364_r0.jpg
25_12-20.mp4,364,1,375,19154,557,999,772,1255,557,999,772,1255,2712.2,55040,ml/output/tracks/best_frames/25_12-20/track_0364_r1.jpg
25_12-20.mp4,364,2,390,19920,582,1300,796,1544,582,1300,796,1544,2754.6,52216,ml/output/tracks/best_frames/25_12-20/track_0364_r2.jpg
25_12-20.mp4,365,0,375,19154,2076,1908,2340,2140,2076,1908,2340,2140,1291.9,61248,ml/output/tracks/best_frames/25_12-20/track_0365_r0.jpg
25_12-20.mp4,365,1,372,19001,2088,1892,2332,2119,2088,1892,2332,2119,1373.7,55388,ml/output/tracks/best_frames/25_12-20/track_0365_r1.jpg
25_12-20.mp4,365,2,366,18694,2100,1779,2347,1998,2100,1779,2347,1998,1259.5,54093,ml/output/tracks/best_frames/25_12-20/track_0365_r2.jpg
25_12-20.mp4,370,0,375,19154,598,1508,814,1754,598,1508,814,1754,2901.6,53136,ml/output/tracks/best_frames/25_12-20/track_0370_r0.jpg
25_12-20.mp4,370,1,378,19307,605,1544,816,1794,605,1544,816,1794,2812.7,52750,ml/output/tracks/best_frames/25_12-20/track_0370_r1.jpg
25_12-20.mp4,370,2,372,19001,589,1450,804,1703,589,1450,804,1703,2718.4,54395,ml/output/tracks/best_frames/25_12-20/track_0370_r2.jpg
25_12-20.mp4,372,0,375,19154,2155,1150,2417,1420,2155,1150,2417,1420,2612.1,70740,ml/output/tracks/best_frames/25_12-20/track_0372_r0.jpg
25_12-20.mp4,372,1,378,19307,2143,1219,2408,1488,2143,1219,2408,1488,2443.4,71285,ml/output/tracks/best_frames/25_12-20/track_0372_r1.jpg
25_12-20.mp4,372,2,369,18848,2164,1005,2426,1284,2164,1005,2426,1284,2259.6,73098,ml/output/tracks/best_frames/25_12-20/track_0372_r2.jpg
25_12-20.mp4,373,0,369,18848,2199,214,2473,541,2199,214,2473,541,1168.4,89598,ml/output/tracks/best_frames/25_12-20/track_0373_r0.jpg
25_12-20.mp4,373,1,375,19154,2201,302,2472,573,2201,302,2472,573,563.8,73441,ml/output/tracks/best_frames/25_12-20/track_0373_r1.jpg
25_12-20.mp4,373,2,372,19001,2209,216,2472,495,2209,216,2472,495,341.3,73377,ml/output/tracks/best_frames/25_12-20/track_0373_r2.jpg
25_12-20.mp4,374,0,378,19307,617,19,838,272,617,19,838,272,1506.8,55913,ml/output/tracks/best_frames/25_12-20/track_0374_r0.jpg
25_12-20.mp4,374,1,375,19154,626,0,844,207,626,0,844,207,1575.0,45126,ml/output/tracks/best_frames/25_12-20/track_0374_r1.jpg
25_12-20.mp4,374,2,381,19461,630,1,844,267,630,1,844,267,1060.2,56924,ml/output/tracks/best_frames/25_12-20/track_0374_r2.jpg
25_12-20.mp4,375,0,372,19001,666,1945,881,2159,666,1945,881,2159,1878.1,46010,ml/output/tracks/best_frames/25_12-20/track_0375_r0.jpg
25_12-20.mp4,375,1,375,19154,663,1907,879,2133,663,1907,879,2133,1207.0,48816,ml/output/tracks/best_frames/25_12-20/track_0375_r1.jpg
25_12-20.mp4,375,2,378,19307,682,1926,887,2134,682,1926,887,2134,1014.4,42640,ml/output/tracks/best_frames/25_12-20/track_0375_r2.jpg
25_12-20.mp4,376,0,381,19461,563,1025,773,1274,563,1025,773,1274,1656.2,52290,ml/output/tracks/best_frames/25_12-20/track_0376_r0.jpg
25_12-20.mp4,376,1,375,19154,554,869,770,1162,554,869,770,1162,1300.2,63288,ml/output/tracks/best_frames/25_12-20/track_0376_r1.jpg
25_12-20.mp4,376,2,372,19001,555,834,770,1097,555,834,770,1097,1223.5,56545,ml/output/tracks/best_frames/25_12-20/track_0376_r2.jpg
25_12-20.mp4,377,0,375,19154,2199,393,2464,694,2199,393,2464,694,912.3,79765,ml/output/tracks/best_frames/25_12-20/track_0377_r0.jpg
25_12-20.mp4,377,1,378,19307,2192,377,2471,653,2192,377,2471,653,603.3,77004,ml/output/tracks/best_frames/25_12-20/track_0377_r1.jpg
25_12-20.mp4,378,0,390,19920,2174,890,2432,1189,2174,890,2432,1189,2273.1,77142,ml/output/tracks/best_frames/25_12-20/track_0378_r0.jpg
25_12-20.mp4,378,1,387,19767,2171,864,2428,1129,2171,864,2428,1129,2281.2,68105,ml/output/tracks/best_frames/25_12-20/track_0378_r1.jpg
25_12-20.mp4,378,2,384,19614,2174,864,2428,1066,2174,864,2428,1066,2289.9,51308,ml/output/tracks/best_frames/25_12-20/track_0378_r2.jpg
25_12-20.mp4,380,0,387,19767,2193,4,2448,356,2193,4,2448,356,1476.8,89760,ml/output/tracks/best_frames/25_12-20/track_0380_r0.jpg
25_12-20.mp4,380,1,384,19614,2191,0,2449,301,2191,0,2449,301,1353.7,77658,ml/output/tracks/best_frames/25_12-20/track_0380_r1.jpg
25_12-20.mp4,380,2,393,20074,2193,113,2447,420,2193,113,2447,420,1219.1,77978,ml/output/tracks/best_frames/25_12-20/track_0380_r2.jpg
25_12-20.mp4,381,0,378,19307,2068,2071,2314,2159,2068,2071,2314,2159,1753.7,21648,ml/output/tracks/best_frames/25_12-20/track_0381_r0.jpg
25_12-20.mp4,381,1,381,19461,2063,2072,2312,2158,2063,2072,2312,2158,1376.8,21414,ml/output/tracks/best_frames/25_12-20/track_0381_r1.jpg
25_12-20.mp4,381,2,384,19614,2066,2078,2301,2159,2066,2078,2301,2159,1297.1,19035,ml/output/tracks/best_frames/25_12-20/track_0381_r2.jpg
25_12-20.mp4,382,0,378,19307,2184,610,2454,915,2184,610,2454,915,1692.8,82350,ml/output/tracks/best_frames/25_12-20/track_0382_r0.jpg
25_12-20.mp4,382,1,381,19461,2181,698,2441,988,2181,698,2441,988,1776.9,75400,ml/output/tracks/best_frames/25_12-20/track_0382_r1.jpg
25_12-20.mp4,382,2,384,19614,2178,650,2441,940,2178,650,2441,940,940.7,76270,ml/output/tracks/best_frames/25_12-20/track_0382_r2.jpg
25_12-20.mp4,383,0,384,19614,582,446,805,654,582,446,805,654,286.0,46384,ml/output/tracks/best_frames/25_12-20/track_0383_r0.jpg
25_12-20.mp4,383,1,381,19461,587,382,810,564,587,382,810,564,242.4,40586,ml/output/tracks/best_frames/25_12-20/track_0383_r1.jpg
25_12-20.mp4,384,0,381,19461,2131,1299,2399,1555,2131,1299,2399,1555,2173.8,68608,ml/output/tracks/best_frames/25_12-20/track_0384_r0.jpg
25_12-20.mp4,384,1,384,19614,2126,1356,2392,1614,2126,1356,2392,1614,1882.8,68628,ml/output/tracks/best_frames/25_12-20/track_0384_r1.jpg
25_12-20.mp4,384,2,387,19767,2126,1418,2387,1665,2126,1418,2387,1665,1383.0,64467,ml/output/tracks/best_frames/25_12-20/track_0384_r2.jpg
25_12-20.mp4,385,0,384,19614,2129,1200,2304,1472,2129,1200,2304,1472,1431.4,47600,ml/output/tracks/best_frames/25_12-20/track_0385_r0.jpg
25_12-20.mp4,385,1,387,19767,2138,1304,2303,1564,2138,1304,2303,1564,1325.1,42900,ml/output/tracks/best_frames/25_12-20/track_0385_r1.jpg
25_12-20.mp4,385,2,390,19920,2135,1371,2303,1635,2135,1371,2303,1635,1240.8,44352,ml/output/tracks/best_frames/25_12-20/track_0385_r2.jpg
25_12-20.mp4,388,0,381,19461,2186,537,2304,759,2186,537,2304,759,919.0,26196,ml/output/tracks/best_frames/25_12-20/track_0388_r0.jpg
25_12-20.mp4,388,1,384,19614,2184,581,2304,812,2184,581,2304,812,604.5,27720,ml/output/tracks/best_frames/25_12-20/track_0388_r1.jpg
25_12-20.mp4,388,2,387,19767,2185,643,2304,846,2185,643,2304,846,221.9,24157,ml/output/tracks/best_frames/25_12-20/track_0388_r2.jpg
25_12-20.mp4,389,0,393,20074,2190,113,2304,412,2190,113,2304,412,913.5,34086,ml/output/tracks/best_frames/25_12-20/track_0389_r0.jpg
25_12-20.mp4,389,1,387,19767,2183,3,2304,281,2183,3,2304,281,922.8,33638,ml/output/tracks/best_frames/25_12-20/track_0389_r1.jpg
25_12-20.mp4,389,2,390,19920,2192,3,2304,326,2192,3,2304,326,626.3,36176,ml/output/tracks/best_frames/25_12-20/track_0389_r2.jpg
25_12-20.mp4,390,0,390,19920,589,218,815,493,589,218,815,493,1594.5,62150,ml/output/tracks/best_frames/25_12-20/track_0390_r0.jpg
25_12-20.mp4,390,1,387,19767,596,202,816,449,596,202,816,449,1803.2,54340,ml/output/tracks/best_frames/25_12-20/track_0390_r1.jpg
25_12-20.mp4,390,2,384,19614,599,141,827,395,599,141,827,395,1676.2,57912,ml/output/tracks/best_frames/25_12-20/track_0390_r2.jpg
25_12-20.mp4,391,0,384,19614,2186,3,2462,124,2186,3,2462,124,814.9,33396,ml/output/tracks/best_frames/25_12-20/track_0391_r0.jpg
25_12-20.mp4,391,1,387,19767,2191,2,2437,171,2191,2,2437,171,591.9,41574,ml/output/tracks/best_frames/25_12-20/track_0391_r1.jpg
25_12-20.mp4,397,0,390,19920,625,1676,842,1906,625,1676,842,1906,1579.7,49910,ml/output/tracks/best_frames/25_12-20/track_0397_r0.jpg
25_12-20.mp4,397,1,387,19767,602,1596,832,1837,602,1596,832,1837,1387.4,55430,ml/output/tracks/best_frames/25_12-20/track_0397_r1.jpg
25_12-20.mp4,399,0,393,20074,580,1281,788,1534,580,1281,788,1534,2163.5,52624,ml/output/tracks/best_frames/25_12-20/track_0399_r0.jpg
25_12-20.mp4,399,1,390,19920,580,1210,779,1416,580,1210,779,1416,2103.8,40994,ml/output/tracks/best_frames/25_12-20/track_0399_r1.jpg
25_12-20.mp4,399,2,399,20380,593,1425,811,1673,593,1425,811,1673,1578.6,54064,ml/output/tracks/best_frames/25_12-20/track_0399_r2.jpg
25_12-20.mp4,403,0,393,20074,2166,1011,2426,1305,2166,1011,2426,1305,2590.6,76440,ml/output/tracks/best_frames/25_12-20/track_0403_r0.jpg
25_12-20.mp4,403,1,396,20227,2165,1083,2418,1369,2165,1083,2418,1369,2195.8,72358,ml/output/tracks/best_frames/25_12-20/track_0403_r1.jpg
25_12-20.mp4,403,2,399,20380,2160,1163,2413,1448,2160,1163,2413,1448,2116.5,72105,ml/output/tracks/best_frames/25_12-20/track_0403_r2.jpg
25_12-20.mp4,404,0,393,20074,578,356,795,608,578,356,795,608,2240.8,54684,ml/output/tracks/best_frames/25_12-20/track_0404_r0.jpg
25_12-20.mp4,404,1,408,20840,565,698,774,964,565,698,774,964,2044.9,55594,ml/output/tracks/best_frames/25_12-20/track_0404_r1.jpg
25_12-20.mp4,404,2,396,20227,572,421,789,674,572,421,789,674,2052.8,54901,ml/output/tracks/best_frames/25_12-20/track_0404_r2.jpg
25_12-20.mp4,405,0,393,20074,2125,1567,2380,1805,2125,1567,2380,1805,1136.7,60690,ml/output/tracks/best_frames/25_12-20/track_0405_r0.jpg
25_12-20.mp4,405,1,402,20533,2122,1584,2384,1861,2122,1584,2384,1861,621.1,72574,ml/output/tracks/best_frames/25_12-20/track_0405_r1.jpg
25_12-20.mp4,405,2,399,20380,2124,1553,2388,1822,2124,1553,2388,1822,582.6,71016,ml/output/tracks/best_frames/25_12-20/track_0405_r2.jpg
25_12-20.mp4,406,0,399,20380,562,858,792,1091,562,858,792,1091,849.4,53590,ml/output/tracks/best_frames/25_12-20/track_0406_r0.jpg
25_12-20.mp4,406,1,396,20227,563,782,789,996,563,782,789,996,730.5,48364,ml/output/tracks/best_frames/25_12-20/track_0406_r1.jpg
25_12-20.mp4,406,2,405,20686,575,1079,792,1331,575,1079,792,1331,633.9,54684,ml/output/tracks/best_frames/25_12-20/track_0406_r2.jpg
25_12-20.mp4,408,0,393,20074,2169,901,2431,1169,2169,901,2431,1169,1523.3,70216,ml/output/tracks/best_frames/25_12-20/track_0408_r0.jpg
25_12-20.mp4,408,1,396,20227,2174,870,2442,1131,2174,870,2442,1131,495.7,69948,ml/output/tracks/best_frames/25_12-20/track_0408_r1.jpg
25_12-20.mp4,408,2,399,20380,2171,942,2444,1208,2171,942,2444,1208,343.7,72618,ml/output/tracks/best_frames/25_12-20/track_0408_r2.jpg
25_12-20.mp4,409,0,393,20074,2198,275,2443,550,2198,275,2443,550,1809.2,67375,ml/output/tracks/best_frames/25_12-20/track_0409_r0.jpg
25_12-20.mp4,409,1,396,20227,2193,345,2436,617,2193,345,2436,617,1638.4,66096,ml/output/tracks/best_frames/25_12-20/track_0409_r1.jpg
25_12-20.mp4,410,0,399,20380,801,873,951,1047,801,873,951,1047,696.3,26100,ml/output/tracks/best_frames/25_12-20/track_0410_r0.jpg
25_12-20.mp4,410,1,396,20227,798,811,950,967,798,811,950,967,698.8,23712,ml/output/tracks/best_frames/25_12-20/track_0410_r1.jpg
25_12-20.mp4,411,0,396,20227,660,1781,859,2039,660,1781,859,2039,1011.1,51342,ml/output/tracks/best_frames/25_12-20/track_0411_r0.jpg
25_12-20.mp4,411,1,399,20380,669,1829,870,2068,669,1829,870,2068,852.7,48039,ml/output/tracks/best_frames/25_12-20/track_0411_r1.jpg
25_12-20.mp4,411,2,402,20533,665,1851,880,2102,665,1851,880,2102,632.5,53965,ml/output/tracks/best_frames/25_12-20/track_0411_r2.jpg
25_12-20.mp4,412,0,396,20227,2117,1643,2363,1871,2117,1643,2363,1871,1069.0,56088,ml/output/tracks/best_frames/25_12-20/track_0412_r0.jpg
25_12-20.mp4,412,1,399,20380,2114,1619,2303,1879,2114,1619,2303,1879,990.7,49140,ml/output/tracks/best_frames/25_12-20/track_0412_r1.jpg
25_12-20.mp4,414,0,399,20380,2107,1718,2353,1936,2107,1718,2353,1936,1350.7,53628,ml/output/tracks/best_frames/25_12-20/track_0414_r0.jpg
25_12-20.mp4,414,1,405,20686,2116,1659,2380,1931,2116,1659,2380,1931,897.1,71808,ml/output/tracks/best_frames/25_12-20/track_0414_r1.jpg
25_12-20.mp4,414,2,402,20533,2109,1691,2303,1950,2109,1691,2303,1950,1208.0,50246,ml/output/tracks/best_frames/25_12-20/track_0414_r2.jpg
25_12-20.mp4,415,0,399,20380,2166,1037,2432,1334,2166,1037,2432,1334,1155.3,79002,ml/output/tracks/best_frames/25_12-20/track_0415_r0.jpg
25_12-20.mp4,415,1,402,20533,2171,1014,2445,1281,2171,1014,2445,1281,288.2,73158,ml/output/tracks/best_frames/25_12-20/track_0415_r1.jpg
25_12-20.mp4,415,2,405,20686,2165,1054,2447,1276,2165,1054,2447,1276,101.4,62604,ml/output/tracks/best_frames/25_12-20/track_0415_r2.jpg
25_12-20.mp4,416,0,411,20993,2184,0,2454,513,2184,0,2454,513,1293.2,138510,ml/output/tracks/best_frames/25_12-20/track_0416_r0.jpg
25_12-20.mp4,416,1,408,20840,2179,0,2448,445,2179,0,2448,445,1124.1,119705,ml/output/tracks/best_frames/25_12-20/track_0416_r1.jpg
25_12-20.mp4,416,2,405,20686,2182,0,2442,372,2182,0,2442,372,1123.8,96720,ml/output/tracks/best_frames/25_12-20/track_0416_r2.jpg
25_12-20.mp4,419,0,411,20993,2101,1815,2351,2071,2101,1815,2351,2071,1161.7,64000,ml/output/tracks/best_frames/25_12-20/track_0419_r0.jpg
25_12-20.mp4,419,1,408,20840,2109,1733,2363,1993,2109,1733,2363,1993,1050.0,66040,ml/output/tracks/best_frames/25_12-20/track_0419_r1.jpg
25_12-20.mp4,419,2,402,20533,2109,1794,2357,1992,2109,1794,2357,1992,1391.7,49104,ml/output/tracks/best_frames/25_12-20/track_0419_r2.jpg
25_12-20.mp4,420,0,402,20533,2154,1241,2409,1525,2154,1241,2409,1525,2050.5,72420,ml/output/tracks/best_frames/25_12-20/track_0420_r0.jpg
25_12-20.mp4,420,1,405,20686,2158,1187,2425,1468,2158,1187,2425,1468,1083.3,75027,ml/output/tracks/best_frames/25_12-20/track_0420_r1.jpg
25_12-20.mp4,420,2,408,20840,2158,1176,2427,1455,2158,1176,2427,1455,393.6,75051,ml/output/tracks/best_frames/25_12-20/track_0420_r2.jpg
25_12-20.mp4,421,0,420,21453,2151,867,2304,1191,2151,867,2304,1191,1680.9,49572,ml/output/tracks/best_frames/25_12-20/track_0421_r0.jpg
25_12-20.mp4,421,1,411,20993,2175,582,2304,911,2175,582,2304,911,1597.6,42441,ml/output/tracks/best_frames/25_12-20/track_0421_r1.jpg
25_12-20.mp4,421,2,423,21606,2149,865,2304,1163,2149,865,2304,1163,1252.7,46190,ml/output/tracks/best_frames/25_12-20/track_0421_r2.jpg
25_12-20.mp4,422,0,402,20533,572,448,786,733,572,448,786,733,1123.5,60990,ml/output/tracks/best_frames/25_12-20/track_0422_r0.jpg
25_12-20.mp4,422,1,405,20686,573,508,779,774,573,508,779,774,904.9,54796,ml/output/tracks/best_frames/25_12-20/track_0422_r1.jpg
25_12-20.mp4,422,2,408,20840,573,505,794,768,573,505,794,768,713.6,58123,ml/output/tracks/best_frames/25_12-20/track_0422_r2.jpg
25_12-20.mp4,423,0,420,21453,2164,790,2425,1070,2164,790,2425,1070,1370.1,73080,ml/output/tracks/best_frames/25_12-20/track_0423_r0.jpg
25_12-20.mp4,423,1,411,20993,2177,657,2440,961,2177,657,2440,961,1168.3,79952,ml/output/tracks/best_frames/25_12-20/track_0423_r1.jpg
25_12-20.mp4,423,2,405,20686,2189,585,2430,862,2189,585,2430,862,1367.6,66757,ml/output/tracks/best_frames/25_12-20/track_0423_r2.jpg
25_12-20.mp4,424,0,402,20533,0,1715,90,1863,0,1715,90,1863,971.2,13320,ml/output/tracks/best_frames/25_12-20/track_0424_r0.jpg
25_12-20.mp4,424,1,405,20686,0,1746,104,1901,0,1746,104,1901,802.0,16120,ml/output/tracks/best_frames/25_12-20/track_0424_r1.jpg
25_12-20.mp4,424,2,408,20840,3,1766,112,1933,3,1766,112,1933,708.8,18203,ml/output/tracks/best_frames/25_12-20/track_0424_r2.jpg
25_12-20.mp4,425,0,408,20840,2093,1896,2343,2110,2093,1896,2343,2110,1524.3,53500,ml/output/tracks/best_frames/25_12-20/track_0425_r0.jpg
25_12-20.mp4,425,1,411,20993,2093,1921,2335,2139,2093,1921,2335,2139,1464.8,52756,ml/output/tracks/best_frames/25_12-20/track_0425_r1.jpg
25_12-20.mp4,425,2,414,21146,2077,1895,2348,2139,2077,1895,2348,2139,1133.0,66124,ml/output/tracks/best_frames/25_12-20/track_0425_r2.jpg
25_12-20.mp4,426,0,405,20686,2152,1315,2405,1591,2152,1315,2405,1591,1933.7,69828,ml/output/tracks/best_frames/25_12-20/track_0426_r0.jpg
25_12-20.mp4,426,1,408,20840,2148,1307,2412,1632,2148,1307,2412,1632,1284.7,85800,ml/output/tracks/best_frames/25_12-20/track_0426_r1.jpg
25_12-20.mp4,426,2,411,20993,2157,1264,2418,1537,2157,1264,2418,1537,363.5,71253,ml/output/tracks/best_frames/25_12-20/track_0426_r2.jpg
25_12-20.mp4,427,0,405,20686,627,1613,855,1865,627,1613,855,1865,2021.2,57456,ml/output/tracks/best_frames/25_12-20/track_0427_r0.jpg
25_12-20.mp4,427,1,408,20840,633,1693,848,1925,633,1693,848,1925,2137.3,49880,ml/output/tracks/best_frames/25_12-20/track_0427_r1.jpg
25_12-20.mp4,427,2,411,20993,637,1691,864,1946,637,1691,864,1946,1781.3,57885,ml/output/tracks/best_frames/25_12-20/track_0427_r2.jpg
25_12-20.mp4,428,0,405,20686,587,1182,821,1464,587,1182,821,1464,1610.6,65988,ml/output/tracks/best_frames/25_12-20/track_0428_r0.jpg
25_12-20.mp4,428,1,408,20840,573,1210,792,1431,573,1210,792,1431,1102.7,48399,ml/output/tracks/best_frames/25_12-20/track_0428_r1.jpg
25_12-20.mp4,428,2,411,20993,584,1208,800,1428,584,1208,800,1428,425.8,47520,ml/output/tracks/best_frames/25_12-20/track_0428_r2.jpg
25_12-20.mp4,431,0,405,20686,690,2070,899,2159,690,2070,899,2159,1696.1,18601,ml/output/tracks/best_frames/25_12-20/track_0431_r0.jpg
25_12-20.mp4,431,1,408,20840,708,2058,918,2159,708,2058,918,2159,1023.2,21210,ml/output/tracks/best_frames/25_12-20/track_0431_r1.jpg
25_12-20.mp4,432,0,414,21146,560,864,778,1117,560,864,778,1117,2225.3,55154,ml/output/tracks/best_frames/25_12-20/track_0432_r0.jpg
25_12-20.mp4,432,1,411,20993,565,864,765,1043,565,864,765,1043,2292.4,35800,ml/output/tracks/best_frames/25_12-20/track_0432_r1.jpg
25_12-20.mp4,432,2,420,21453,573,799,786,1058,573,799,786,1058,1286.9,55167,ml/output/tracks/best_frames/25_12-20/track_0432_r2.jpg
25_12-20.mp4,433,0,408,20840,563,606,781,855,563,606,781,855,995.3,54282,ml/output/tracks/best_frames/25_12-20/track_0433_r0.jpg
25_12-20.mp4,433,1,411,20993,573,577,791,842,573,577,791,842,718.3,57770,ml/output/tracks/best_frames/25_12-20/track_0433_r1.jpg
25_12-20.mp4,434,0,420,21453,2149,1007,2406,1271,2149,1007,2406,1271,3738.3,67848,ml/output/tracks/best_frames/25_12-20/track_0434_r0.jpg
25_12-20.mp4,434,1,423,21606,2142,1051,2399,1310,2142,1051,2399,1310,2231.0,66563,ml/output/tracks/best_frames/25_12-20/track_0434_r1.jpg
25_12-20.mp4,434,2,414,21146,2158,864,2435,1135,2158,864,2435,1135,1695.4,75067,ml/output/tracks/best_frames/25_12-20/track_0434_r2.jpg
25_12-20.mp4,435,0,411,20993,2138,1393,2404,1707,2138,1393,2404,1707,1050.5,83524,ml/output/tracks/best_frames/25_12-20/track_0435_r0.jpg
25_12-20.mp4,435,1,417,21299,2138,1413,2404,1682,2138,1413,2404,1682,424.4,71554,ml/output/tracks/best_frames/25_12-20/track_0435_r1.jpg
25_12-20.mp4,435,2,414,21146,2137,1372,2410,1648,2137,1372,2410,1648,320.7,75348,ml/output/tracks/best_frames/25_12-20/track_0435_r2.jpg
25_12-20.mp4,440,0,414,21146,2125,1482,2393,1797,2125,1482,2393,1797,862.5,84420,ml/output/tracks/best_frames/25_12-20/track_0440_r0.jpg
25_12-20.mp4,440,1,423,21606,2125,1518,2385,1788,2125,1518,2385,1788,761.1,70200,ml/output/tracks/best_frames/25_12-20/track_0440_r1.jpg
25_12-20.mp4,440,2,417,21299,2131,1514,2385,1775,2131,1514,2385,1775,692.4,66294,ml/output/tracks/best_frames/25_12-20/track_0440_r2.jpg
25_12-20.mp4,441,0,414,21146,2068,2062,2331,2159,2068,2062,2331,2159,1671.3,25511,ml/output/tracks/best_frames/25_12-20/track_0441_r0.jpg
25_12-20.mp4,441,1,417,21299,2068,2077,2328,2159,2068,2077,2328,2159,1412.2,21320,ml/output/tracks/best_frames/25_12-20/track_0441_r1.jpg
25_12-20.mp4,441,2,420,21453,2074,2063,2313,2159,2074,2063,2313,2159,648.8,22944,ml/output/tracks/best_frames/25_12-20/track_0441_r2.jpg
25_12-20.mp4,442,0,414,21146,655,1816,865,2029,655,1816,865,2029,1625.3,44730,ml/output/tracks/best_frames/25_12-20/track_0442_r0.jpg
25_12-20.mp4,442,1,417,21299,653,1776,858,1992,653,1776,858,1992,1337.9,44280,ml/output/tracks/best_frames/25_12-20/track_0442_r1.jpg
25_12-20.mp4,442,2,420,21453,658,1785,865,2035,658,1785,865,2035,967.5,51750,ml/output/tracks/best_frames/25_12-20/track_0442_r2.jpg
25_12-20.mp4,443,0,414,21146,2184,46,2452,588,2184,46,2452,588,1251.5,145256,ml/output/tracks/best_frames/25_12-20/track_0443_r0.jpg
25_12-20.mp4,443,1,417,21299,2186,2,2448,451,2186,2,2448,451,1106.9,117638,ml/output/tracks/best_frames/25_12-20/track_0443_r1.jpg
25_12-20.mp4,443,2,420,21453,2185,2,2441,376,2185,2,2441,376,1267.7,95744,ml/output/tracks/best_frames/25_12-20/track_0443_r2.jpg
25_12-20.mp4,444,0,420,21453,565,991,776,1252,565,991,776,1252,3558.1,55071,ml/output/tracks/best_frames/25_12-20/track_0444_r0.jpg
25_12-20.mp4,444,1,432,22066,581,1215,788,1466,581,1215,788,1466,2678.3,51957,ml/output/tracks/best_frames/25_12-20/track_0444_r1.jpg
25_12-20.mp4,444,2,423,21606,572,1031,779,1289,572,1031,779,1289,2598.0,53406,ml/output/tracks/best_frames/25_12-20/track_0444_r2.jpg
25_12-20.mp4,445,0,417,21299,665,1878,872,2106,665,1878,872,2106,1263.8,47196,ml/output/tracks/best_frames/25_12-20/track_0445_r0.jpg
25_12-20.mp4,445,1,420,21453,678,1903,891,2113,678,1903,891,2113,1013.9,44730,ml/output/tracks/best_frames/25_12-20/track_0445_r1.jpg
25_12-20.mp4,445,2,423,21606,677,1874,905,2145,677,1874,905,2145,733.5,61788,ml/output/tracks/best_frames/25_12-20/track_0445_r2.jpg
25_12-20.mp4,446,0,417,21299,2115,1637,2357,1882,2115,1637,2357,1882,1044.6,59290,ml/output/tracks/best_frames/25_12-20/track_0446_r0.jpg
25_12-20.mp4,446,1,423,21606,2112,1625,2360,1866,2112,1625,2360,1866,902.2,59768,ml/output/tracks/best_frames/25_12-20/track_0446_r1.jpg
25_12-20.mp4,446,2,420,21453,2126,1576,2376,1838,2126,1576,2376,1838,814.1,65500,ml/output/tracks/best_frames/25_12-20/track_0446_r2.jpg
25_12-20.mp4,447,0,420,21453,2181,242,2434,780,2181,242,2434,780,2084.4,136114,ml/output/tracks/best_frames/25_12-20/track_0447_r0.jpg
25_12-20.mp4,447,1,438,22372,2150,420,2457,977,2150,420,2457,977,1550.7,170999,ml/output/tracks/best_frames/25_12-20/track_0447_r1.jpg
25_12-20.mp4,447,2,435,22219,2152,333,2456,873,2152,333,2456,873,1487.4,164160,ml/output/tracks/best_frames/25_12-20/track_0447_r2.jpg
25_12-20.mp4,449,0,426,21759,2091,1738,2349,2009,2091,1738,2349,2009,1428.5,69918,ml/output/tracks/best_frames/25_12-20/track_0449_r0.jpg
25_12-20.mp4,449,1,423,21606,2108,1715,2351,1953,2108,1715,2351,1953,1337.4,57834,ml/output/tracks/best_frames/25_12-20/track_0449_r1.jpg
25_12-20.mp4,449,2,420,21453,2111,1685,2349,1927,2111,1685,2349,1927,1118.8,57596,ml/output/tracks/best_frames/25_12-20/track_0449_r2.jpg
25_12-20.mp4,452,0,426,21759,633,1593,848,1844,633,1593,848,1844,775.1,53965,ml/output/tracks/best_frames/25_12-20/track_0452_r0.jpg
25_12-20.mp4,452,1,429,21912,637,1622,862,1891,637,1622,862,1891,649.3,60525,ml/output/tracks/best_frames/25_12-20/track_0452_r1.jpg
25_12-20.mp4,452,2,432,22066,649,1732,871,1995,649,1732,871,1995,605.1,58386,ml/output/tracks/best_frames/25_12-20/track_0452_r2.jpg
25_12-20.mp4,454,0,432,22066,0,1667,113,1956,0,1667,113,1956,493.9,32657,ml/output/tracks/best_frames/25_12-20/track_0454_r0.jpg
25_12-20.mp4,454,1,429,21912,0,1633,89,1921,0,1633,89,1921,480.5,25632,ml/output/tracks/best_frames/25_12-20/track_0454_r1.jpg
25_12-20.mp4,454,2,426,21759,0,1609,83,1882,0,1609,83,1882,516.4,22659,ml/output/tracks/best_frames/25_12-20/track_0454_r2.jpg
25_12-20.mp4,455,0,426,21759,702,1967,891,2159,702,1967,891,2159,1070.8,36288,ml/output/tracks/best_frames/25_12-20/track_0455_r0.jpg
25_12-20.mp4,455,1,429,21912,707,1988,904,2159,707,1988,904,2159,875.3,33687,ml/output/tracks/best_frames/25_12-20/track_0455_r1.jpg
25_12-20.mp4,455,2,432,22066,716,2032,899,2159,716,2032,899,2159,874.0,23241,ml/output/tracks/best_frames/25_12-20/track_0455_r2.jpg
25_12-20.mp4,456,0,432,22066,2137,1260,2388,1512,2137,1260,2388,1512,2240.1,63252,ml/output/tracks/best_frames/25_12-20/track_0456_r0.jpg
25_12-20.mp4,456,1,426,21759,2138,1116,2390,1384,2138,1116,2390,1384,1976.3,67536,ml/output/tracks/best_frames/25_12-20/track_0456_r1.jpg
25_12-20.mp4,456,2,429,21912,2133,1188,2390,1445,2133,1188,2390,1445,1909.3,66049,ml/output/tracks/best_frames/25_12-20/track_0456_r2.jpg
25_12-20.mp4,457,0,432,22066,2166,474,2431,996,2166,474,2431,996,1579.2,138330,ml/output/tracks/best_frames/25_12-20/track_0457_r0.jpg
25_12-20.mp4,457,1,426,21759,2167,335,2430,839,2167,335,2430,839,1437.1,132552,ml/output/tracks/best_frames/25_12-20/track_0457_r1.jpg
25_12-20.mp4,457,2,435,22219,2165,549,2434,1089,2165,549,2434,1089,1241.4,145260,ml/output/tracks/best_frames/25_12-20/track_0457_r2.jpg
25_12-20.mp4,458,0,426,21759,568,942,788,1214,568,942,788,1214,887.3,59840,ml/output/tracks/best_frames/25_12-20/track_0458_r0.jpg
25_12-20.mp4,458,1,438,22372,575,1160,798,1420,575,1160,798,1420,444.2,57980,ml/output/tracks/best_frames/25_12-20/track_0458_r1.jpg
25_12-20.mp4,458,2,435,22219,575,1092,793,1349,575,1092,793,1349,442.3,56026,ml/output/tracks/best_frames/25_12-20/track_0458_r2.jpg
25_12-20.mp4,459,0,432,22066,2092,1878,2346,2109,2092,1878,2346,2109,1651.4,58674,ml/output/tracks/best_frames/25_12-20/track_0459_r0.jpg
25_12-20.mp4,459,1,435,22219,2097,1883,2343,2154,2097,1883,2343,2154,1240.7,66666,ml/output/tracks/best_frames/25_12-20/track_0459_r1.jpg
25_12-20.mp4,459,2,429,21912,2091,1837,2336,2061,2091,1837,2336,2061,1451.4,54880,ml/output/tracks/best_frames/25_12-20/track_0459_r2.jpg
25_12-20.mp4,460,0,477,24364,592,31,797,285,592,31,797,285,850.9,52070,ml/output/tracks/best_frames/25_12-20/track_0460_r0.jpg
25_12-20.mp4,460,1,489,24977,580,122,793,381,580,122,793,381,740.4,55167,ml/output/tracks/best_frames/25_12-20/track_0460_r1.jpg
25_12-20.mp4,460,2,474,24211,597,0,808,221,597,0,808,221,848.6,46631,ml/output/tracks/best_frames/25_12-20/track_0460_r2.jpg
25_12-20.mp4,464,0,456,23291,2146,898,2457,1414,2146,898,2457,1414,2218.4,160476,ml/output/tracks/best_frames/25_12-20/track_0464_r0.jpg
25_12-20.mp4,464,1,453,23138,2156,1044,2427,1565,2156,1044,2427,1565,1716.1,141191,ml/output/tracks/best_frames/25_12-20/track_0464_r1.jpg
25_12-20.mp4,464,2,444,22679,2162,800,2432,1352,2162,800,2432,1352,1373.1,149040,ml/output/tracks/best_frames/25_12-20/track_0464_r2.jpg
25_12-20.mp4,465,0,441,22525,2138,1302,2397,1567,2138,1302,2397,1567,463.3,68635,ml/output/tracks/best_frames/25_12-20/track_0465_r0.jpg
25_12-20.mp4,465,1,438,22372,2144,1208,2404,1481,2144,1208,2404,1481,443.2,70980,ml/output/tracks/best_frames/25_12-20/track_0465_r1.jpg
25_12-20.mp4,465,2,447,22832,2136,1446,2393,1718,2136,1446,2393,1718,446.6,69904,ml/output/tracks/best_frames/25_12-20/track_0465_r2.jpg
25_12-20.mp4,468,0,438,22372,2098,1951,2341,2159,2098,1951,2341,2159,1225.3,50544,ml/output/tracks/best_frames/25_12-20/track_0468_r0.jpg
25_12-20.mp4,468,1,441,22525,2099,1931,2358,2143,2099,1931,2358,2143,950.0,54908,ml/output/tracks/best_frames/25_12-20/track_0468_r1.jpg
25_12-20.mp4,468,2,447,22832,2098,1936,2364,2146,2098,1936,2364,2146,586.2,55860,ml/output/tracks/best_frames/25_12-20/track_0468_r2.jpg
25_12-20.mp4,470,0,471,24058,2152,435,2422,795,2152,435,2422,795,1552.3,97200,ml/output/tracks/best_frames/25_12-20/track_0470_r0.jpg
25_12-20.mp4,470,1,450,22985,2193,1,2452,348,2193,1,2452,348,938.2,89873,ml/output/tracks/best_frames/25_12-20/track_0470_r1.jpg
25_12-20.mp4,470,2,444,22679,2182,0,2438,302,2182,0,2438,302,1062.4,77312,ml/output/tracks/best_frames/25_12-20/track_0470_r2.jpg
25_12-20.mp4,472,0,447,22832,2173,704,2304,1006,2173,704,2304,1006,1391.5,39562,ml/output/tracks/best_frames/25_12-20/track_0472_r0.jpg
25_12-20.mp4,472,1,444,22679,2162,865,2303,1113,2162,865,2303,1113,1078.1,34968,ml/output/tracks/best_frames/25_12-20/track_0472_r1.jpg
25_12-20.mp4,477,0,468,23904,2128,1130,2390,1634,2128,1130,2390,1634,1165.3,132048,ml/output/tracks/best_frames/25_12-20/track_0477_r0.jpg
25_12-20.mp4,477,1,465,23751,2132,1082,2397,1536,2132,1082,2397,1536,1247.2,120310,ml/output/tracks/best_frames/25_12-20/track_0477_r1.jpg
25_12-20.mp4,477,2,456,23291,2164,973,2304,1270,2164,973,2304,1270,1782.3,41580,ml/output/tracks/best_frames/25_12-20/track_0477_r2.jpg
25_12-20.mp4,478,0,453,23138,2125,1761,2375,1996,2125,1761,2375,1996,1438.8,58750,ml/output/tracks/best_frames/25_12-20/track_0478_r0.jpg
25_12-20.mp4,478,1,456,23291,2126,1813,2367,2020,2126,1813,2367,2020,1686.3,49887,ml/output/tracks/best_frames/25_12-20/track_0478_r1.jpg
25_12-20.mp4,478,2,459,23445,2122,1833,2363,2053,2122,1833,2363,2053,1473.7,53020,ml/output/tracks/best_frames/25_12-20/track_0478_r2.jpg
25_12-20.mp4,479,0,450,22985,606,1575,832,1850,606,1575,832,1850,1762.5,62150,ml/output/tracks/best_frames/25_12-20/track_0479_r0.jpg
25_12-20.mp4,479,1,453,23138,629,1669,849,1910,629,1669,849,1910,1944.8,53020,ml/output/tracks/best_frames/25_12-20/track_0479_r1.jpg
25_12-20.mp4,479,2,456,23291,618,1573,837,1837,618,1573,837,1837,1002.6,57816,ml/output/tracks/best_frames/25_12-20/track_0479_r2.jpg
25_12-20.mp4,481,0,453,23138,2191,116,2304,386,2191,116,2304,386,1617.8,30510,ml/output/tracks/best_frames/25_12-20/track_0481_r0.jpg
25_12-20.mp4,481,1,465,23751,2172,242,2304,509,2172,242,2304,509,1030.5,35244,ml/output/tracks/best_frames/25_12-20/track_0481_r1.jpg
25_12-20.mp4,481,2,459,23445,2181,208,2304,479,2181,208,2304,479,1043.9,33333,ml/output/tracks/best_frames/25_12-20/track_0481_r2.jpg
25_12-20.mp4,483,0,456,23291,2145,1101,2422,1633,2145,1101,2422,1633,2441.4,147364,ml/output/tracks/best_frames/25_12-20/track_0483_r0.jpg
25_12-20.mp4,483,1,459,23445,2150,1139,2419,1638,2150,1139,2419,1638,2209.6,134231,ml/output/tracks/best_frames/25_12-20/track_0483_r1.jpg
25_12-20.mp4,483,2,462,23598,2135,1200,2405,1723,2135,1200,2405,1723,1589.6,141210,ml/output/tracks/best_frames/25_12-20/track_0483_r2.jpg
25_12-20.mp4,485,0,456,23291,642,1702,865,1945,642,1702,865,1945,1918.0,54189,ml/output/tracks/best_frames/25_12-20/track_0485_r0.jpg
25_12-20.mp4,485,1,459,23445,648,1729,876,1965,648,1729,876,1965,1664.3,53808,ml/output/tracks/best_frames/25_12-20/track_0485_r1.jpg
25_12-20.mp4,485,2,462,23598,662,1787,887,2005,662,1787,887,2005,1684.7,49050,ml/output/tracks/best_frames/25_12-20/track_0485_r2.jpg
25_12-20.mp4,486,0,459,23445,2186,316,2437,626,2186,316,2437,626,2425.9,77810,ml/output/tracks/best_frames/25_12-20/track_0486_r0.jpg
25_12-20.mp4,486,1,456,23291,2187,273,2439,586,2187,273,2439,586,2057.1,78876,ml/output/tracks/best_frames/25_12-20/track_0486_r1.jpg
25_12-20.mp4,487,0,468,23904,2167,31,2415,311,2167,31,2415,311,1421.4,69440,ml/output/tracks/best_frames/25_12-20/track_0487_r0.jpg
25_12-20.mp4,487,1,471,24058,2160,0,2411,293,2160,0,2411,293,1300.8,73543,ml/output/tracks/best_frames/25_12-20/track_0487_r1.jpg
25_12-20.mp4,487,2,465,23751,2176,1,2416,238,2176,1,2416,238,1626.4,56880,ml/output/tracks/best_frames/25_12-20/track_0487_r2.jpg
25_12-20.mp4,492,0,471,24058,2112,1413,2367,1893,2112,1413,2367,1893,1333.1,122400,ml/output/tracks/best_frames/25_12-20/track_0492_r0.jpg
25_12-20.mp4,492,1,477,24364,2109,1373,2304,1847,2109,1373,2304,1847,651.4,92430,ml/output/tracks/best_frames/25_12-20/track_0492_r1.jpg
25_12-20.mp4,492,2,480,24517,2121,1443,2375,1783,2121,1443,2375,1783,405.7,86360,ml/output/tracks/best_frames/25_12-20/track_0492_r2.jpg
25_12-20.mp4,493,0,471,24058,596,94,805,359,596,94,805,359,235.3,55385,ml/output/tracks/best_frames/25_12-20/track_0493_r0.jpg
25_12-20.mp4,493,1,474,24211,584,171,795,430,584,171,795,430,217.2,54649,ml/output/tracks/best_frames/25_12-20/track_0493_r1.jpg
25_12-20.mp4,494,0,471,24058,2096,2014,2303,2159,2096,2014,2303,2159,1407.2,30015,ml/output/tracks/best_frames/25_12-20/track_0494_r0.jpg
25_12-20.mp4,494,1,474,24211,2081,2088,2324,2159,2081,2088,2324,2159,1264.7,17253,ml/output/tracks/best_frames/25_12-20/track_0494_r1.jpg
25_12-20.mp4,496,0,474,24211,2156,529,2304,863,2156,529,2304,863,1885.9,49432,ml/output/tracks/best_frames/25_12-20/track_0496_r0.jpg
25_12-20.mp4,496,1,477,24364,2157,589,2304,895,2157,589,2304,895,1578.5,44982,ml/output/tracks/best_frames/25_12-20/track_0496_r1.jpg
25_12-20.mp4,496,2,480,24517,2153,674,2304,948,2153,674,2304,948,1638.0,41374,ml/output/tracks/best_frames/25_12-20/track_0496_r2.jpg
25_12-20.mp4,497,0,483,24671,2147,749,2419,1140,2147,749,2419,1140,1426.1,106352,ml/output/tracks/best_frames/25_12-20/track_0497_r0.jpg
25_12-20.mp4,497,1,480,24517,2151,692,2418,1053,2151,692,2418,1053,1323.3,96387,ml/output/tracks/best_frames/25_12-20/track_0497_r1.jpg
25_12-20.mp4,497,2,474,24211,2155,702,2402,996,2155,702,2402,996,1678.2,72618,ml/output/tracks/best_frames/25_12-20/track_0497_r2.jpg
25_12-20.mp4,498,0,486,24824,2147,288,2419,702,2147,288,2419,702,2124.3,112608,ml/output/tracks/best_frames/25_12-20/track_0498_r0.jpg
25_12-20.mp4,498,1,483,24671,2152,223,2420,617,2152,223,2420,617,1404.7,105592,ml/output/tracks/best_frames/25_12-20/track_0498_r1.jpg
25_12-20.mp4,498,2,480,24517,2151,175,2419,534,2151,175,2419,534,1258.4,96212,ml/output/tracks/best_frames/25_12-20/track_0498_r2.jpg
25_12-20.mp4,499,0,477,24364,701,2072,918,2159,701,2072,918,2159,1379.4,18879,ml/output/tracks/best_frames/25_12-20/track_0499_r0.jpg
25_12-20.mp4,499,1,480,24517,713,2085,929,2159,713,2085,929,2159,1034.4,15984,ml/output/tracks/best_frames/25_12-20/track_0499_r1.jpg
25_12-20.mp4,499,2,483,24671,712,2085,929,2159,712,2085,929,2159,349.3,16058,ml/output/tracks/best_frames/25_12-20/track_0499_r2.jpg
25_12-20.mp4,500,0,480,24517,2143,866,2304,1184,2143,866,2304,1184,1590.2,51198,ml/output/tracks/best_frames/25_12-20/track_0500_r0.jpg
25_12-20.mp4,500,1,483,24671,2148,864,2302,1101,2148,864,2302,1101,1626.3,36498,ml/output/tracks/best_frames/25_12-20/track_0500_r1.jpg
25_12-20.mp4,501,0,483,24671,2152,289,2304,542,2152,289,2304,542,1579.3,38456,ml/output/tracks/best_frames/25_12-20/track_0501_r0.jpg
25_12-20.mp4,501,1,480,24517,2160,168,2304,467,2160,168,2304,467,1222.9,43056,ml/output/tracks/best_frames/25_12-20/track_0501_r1.jpg
25_12-20.mp4,503,0,486,24824,2104,1581,2353,2001,2104,1581,2353,2001,1152.9,104580,ml/output/tracks/best_frames/25_12-20/track_0503_r0.jpg
25_12-20.mp4,503,1,489,24977,2105,1653,2349,1943,2105,1653,2349,1943,1185.4,70760,ml/output/tracks/best_frames/25_12-20/track_0503_r1.jpg
25_12-20.mp4,503,2,483,24671,2102,1515,2304,1960,2102,1515,2304,1960,735.4,89890,ml/output/tracks/best_frames/25_12-20/track_0503_r2.jpg
25_12-20.mp4,504,0,486,24824,2082,1758,2340,2159,2082,1758,2340,2159,1485.1,103458,ml/output/tracks/best_frames/25_12-20/track_0504_r0.jpg
25_12-20.mp4,504,1,489,24977,2092,1811,2327,2159,2092,1811,2327,2159,1830.9,81780,ml/output/tracks/best_frames/25_12-20/track_0504_r1.jpg
25_12-20.mp4,504,2,483,24671,2088,1712,2352,2120,2088,1712,2352,2120,1040.2,107712,ml/output/tracks/best_frames/25_12-20/track_0504_r2.jpg
25_12-20.mp4,506,0,489,24977,563,286,774,541,563,286,774,541,2019.6,53805,ml/output/tracks/best_frames/25_12-20/track_0506_r0.jpg
25_12-20.mp4,506,1,486,24824,564,226,773,482,564,226,773,482,1643.6,53504,ml/output/tracks/best_frames/25_12-20/track_0506_r1.jpg
25_12-20.mp4,506,2,483,24671,576,168,783,422,576,168,783,422,1104.5,52578,ml/output/tracks/best_frames/25_12-20/track_0506_r2.jpg
25_12-20.mp4,507,0,483,24671,2142,950,2398,1241,2142,950,2398,1241,2076.6,74496,ml/output/tracks/best_frames/25_12-20/track_0507_r0.jpg
25_12-20.mp4,507,1,486,24824,2142,865,2405,1199,2142,865,2405,1199,1665.4,87842,ml/output/tracks/best_frames/25_12-20/track_0507_r1.jpg
25_12-20.mp4,507,2,489,24977,2149,897,2402,1171,2149,897,2402,1171,1147.0,69322,ml/output/tracks/best_frames/25_12-20/track_0507_r2.jpg
25_12-20.mp4,508,0,492,25130,2146,493,2410,882,2146,493,2410,882,1942.7,102696,ml/output/tracks/best_frames/25_12-20/track_0508_r0.jpg
25_12-20.mp4,508,1,489,24977,2153,558,2401,843,2153,558,2401,843,2756.7,70680,ml/output/tracks/best_frames/25_12-20/track_0508_r1.jpg
25_12-20.mp4,508,2,486,24824,2153,495,2402,780,2153,495,2402,780,2739.4,70965,ml/output/tracks/best_frames/25_12-20/track_0508_r2.jpg
25_12-20.mp4,510,0,489,24977,2131,1074,2382,1375,2131,1074,2382,1375,3691.1,75551,ml/output/tracks/best_frames/25_12-20/track_0510_r0.jpg
25_12-20.mp4,510,1,486,24824,2137,1010,2383,1300,2137,1010,2383,1300,3112.2,71340,ml/output/tracks/best_frames/25_12-20/track_0510_r1.jpg
25_12-20.mp4,510,2,492,25130,2133,1087,2304,1296,2133,1087,2304,1296,1927.3,35739,ml/output/tracks/best_frames/25_12-20/track_0510_r2.jpg
25_12-20.mp4,511,0,489,24977,2143,1006,2383,1240,2143,1006,2383,1240,1966.5,56160,ml/output/tracks/best_frames/25_12-20/track_0511_r0.jpg
25_12-20.mp4,511,1,492,25130,2145,1016,2390,1280,2145,1016,2390,1280,868.3,64680,ml/output/tracks/best_frames/25_12-20/track_0511_r1.jpg
25_12-20.mp4,512,0,495,25283,2085,1928,2307,2135,2085,1928,2307,2135,1777.4,45954,ml/output/tracks/best_frames/25_12-20/track_0512_r0.jpg
25_12-20.mp4,512,1,501,25590,2070,1944,2305,2149,2070,1944,2305,2149,1653.9,48175,ml/output/tracks/best_frames/25_12-20/track_0512_r1.jpg
25_12-20.mp4,512,2,492,25130,2090,1899,2314,2115,2090,1899,2314,2115,1605.3,48384,ml/output/tracks/best_frames/25_12-20/track_0512_r2.jpg
25_12-20.mp4,513,0,504,25743,548,709,741,961,548,709,741,961,2673.3,48636,ml/output/tracks/best_frames/25_12-20/track_0513_r0.jpg
25_12-20.mp4,513,1,501,25590,548,630,742,890,548,630,742,890,2426.5,50440,ml/output/tracks/best_frames/25_12-20/track_0513_r1.jpg
25_12-20.mp4,513,2,492,25130,558,406,762,661,558,406,762,661,2151.8,52020,ml/output/tracks/best_frames/25_12-20/track_0513_r2.jpg
25_12-20.mp4,514,0,492,25130,2129,1212,2377,1502,2129,1212,2377,1502,2931.9,71920,ml/output/tracks/best_frames/25_12-20/track_0514_r0.jpg
25_12-20.mp4,514,1,495,25283,2118,1144,2304,1433,2118,1144,2304,1433,1671.6,53754,ml/output/tracks/best_frames/25_12-20/track_0514_r1.jpg
25_12-20.mp4,514,2,498,25437,2121,1188,2373,1461,2121,1188,2373,1461,955.4,68796,ml/output/tracks/best_frames/25_12-20/track_0514_r2.jpg
25_12-20.mp4,515,0,501,25590,2125,744,2375,1169,2125,744,2375,1169,2131.8,106250,ml/output/tracks/best_frames/25_12-20/track_0515_r0.jpg
25_12-20.mp4,515,1,504,25743,2119,864,2370,1194,2119,864,2370,1194,2231.2,82830,ml/output/tracks/best_frames/25_12-20/track_0515_r1.jpg
25_12-20.mp4,515,2,492,25130,2149,694,2399,973,2149,694,2399,973,2598.8,69750,ml/output/tracks/best_frames/25_12-20/track_0515_r2.jpg
25_12-20.mp4,516,0,498,25437,2143,875,2380,1161,2143,875,2380,1161,2585.3,67782,ml/output/tracks/best_frames/25_12-20/track_0516_r0.jpg
25_12-20.mp4,516,1,495,25283,2144,864,2391,1081,2144,864,2391,1081,2840.9,53599,ml/output/tracks/best_frames/25_12-20/track_0516_r1.jpg
25_12-20.mp4,516,2,501,25590,2127,864,2303,1100,2127,864,2303,1100,2256.7,41536,ml/output/tracks/best_frames/25_12-20/track_0516_r2.jpg
25_12-20.mp4,517,0,495,25283,2120,1294,2367,1579,2120,1294,2367,1579,2927.5,70395,ml/output/tracks/best_frames/25_12-20/track_0517_r0.jpg
25_12-20.mp4,517,1,498,25437,2110,1380,2356,1658,2110,1380,2356,1658,2886.6,68388,ml/output/tracks/best_frames/25_12-20/track_0517_r1.jpg
25_12-20.mp4,517,2,501,25590,2098,1463,2343,1729,2098,1463,2343,1729,2868.7,65170,ml/output/tracks/best_frames/25_12-20/track_0517_r2.jpg
25_12-20.mp4,519,0,498,25437,2129,720,2304,1000,2129,720,2304,1000,2425.1,49000,ml/output/tracks/best_frames/25_12-20/track_0519_r0.jpg
25_12-20.mp4,519,1,495,25283,2146,694,2303,945,2146,694,2303,945,1818.1,39407,ml/output/tracks/best_frames/25_12-20/track_0519_r1.jpg
25_12-20.mp4,521,0,501,25590,2068,2078,2290,2159,2068,2078,2290,2159,2578.9,17982,ml/output/tracks/best_frames/25_12-20/track_0521_r0.jpg
25_12-20.mp4,521,1,504,25743,2068,2080,2291,2159,2068,2080,2291,2159,1615.7,17617,ml/output/tracks/best_frames/25_12-20/track_0521_r1.jpg
25_12-20.mp4,522,0,510,26050,2112,1208,2358,1475,2112,1208,2358,1475,4238.1,65682,ml/output/tracks/best_frames/25_12-20/track_0522_r0.jpg
25_12-20.mp4,522,1,519,26509,2108,1422,2354,1687,2108,1422,2354,1687,4085.4,65190,ml/output/tracks/best_frames/25_12-20/track_0522_r1.jpg
25_12-20.mp4,522,2,504,25743,2116,1044,2361,1325,2116,1044,2361,1325,3819.6,68845,ml/output/tracks/best_frames/25_12-20/track_0522_r2.jpg
25_12-20.mp4,523,0,519,26509,552,1051,754,1302,552,1051,754,1302,3753.5,50702,ml/output/tracks/best_frames/25_12-20/track_0523_r0.jpg
25_12-20.mp4,523,1,522,26663,554,1102,758,1351,554,1102,758,1351,3343.8,50796,ml/output/tracks/best_frames/25_12-20/track_0523_r1.jpg
25_12-20.mp4,523,2,510,26050,549,864,742,1102,549,864,742,1102,3384.9,45934,ml/output/tracks/best_frames/25_12-20/track_0523_r2.jpg
25_12-20.mp4,525,0,507,25896,2122,1088,2361,1265,2122,1088,2361,1265,2522.2,42303,ml/output/tracks/best_frames/25_12-20/track_0525_r0.jpg
25_12-20.mp4,525,1,510,26050,2120,1042,2377,1276,2120,1042,2377,1276,1697.6,60138,ml/output/tracks/best_frames/25_12-20/track_0525_r1.jpg
25_12-20.mp4,525,2,531,27122,2123,1064,2397,1282,2123,1064,2397,1282,1504.7,59732,ml/output/tracks/best_frames/25_12-20/track_0525_r2.jpg
25_12-20.mp4,526,0,507,25896,2093,1508,2302,1749,2093,1508,2302,1749,1175.9,50369,ml/output/tracks/best_frames/25_12-20/track_0526_r0.jpg
25_12-20.mp4,526,1,510,26050,2096,1514,2342,1778,2096,1514,2342,1778,829.6,64944,ml/output/tracks/best_frames/25_12-20/track_0526_r1.jpg
25_12-20.mp4,526,2,513,26203,2101,1552,2345,1821,2101,1552,2345,1821,386.2,65636,ml/output/tracks/best_frames/25_12-20/track_0526_r2.jpg
25_12-20.mp4,530,0,513,26203,2116,1117,2304,1472,2116,1117,2304,1472,2313.9,66740,ml/output/tracks/best_frames/25_12-20/track_0530_r0.jpg
25_12-20.mp4,530,1,510,26050,2123,1110,2304,1399,2123,1110,2304,1399,2071.5,52309,ml/output/tracks/best_frames/25_12-20/track_0530_r1.jpg
25_12-20.mp4,530,2,519,26509,2125,1214,2371,1518,2125,1214,2371,1518,1277.0,74784,ml/output/tracks/best_frames/25_12-20/track_0530_r2.jpg
25_12-20.mp4,532,0,513,26203,2088,1761,2317,2004,2088,1761,2317,2004,1381.9,55647,ml/output/tracks/best_frames/25_12-20/track_0532_r0.jpg
25_12-20.mp4,532,1,525,26816,2087,1811,2328,2061,2087,1811,2328,2061,777.6,60250,ml/output/tracks/best_frames/25_12-20/track_0532_r1.jpg
25_12-20.mp4,532,2,522,26663,2088,1754,2318,2001,2088,1754,2318,2001,811.3,56810,ml/output/tracks/best_frames/25_12-20/track_0532_r2.jpg
25_12-20.mp4,533,0,522,26663,2148,0,2421,389,2148,0,2421,389,2254.8,106197,ml/output/tracks/best_frames/25_12-20/track_0533_r0.jpg
25_12-20.mp4,533,1,534,27276,2160,39,2304,376,2160,39,2304,376,3094.9,48528,ml/output/tracks/best_frames/25_12-20/track_0533_r1.jpg
25_12-20.mp4,533,2,531,27122,2164,3,2304,343,2164,3,2304,343,2607.7,47600,ml/output/tracks/best_frames/25_12-20/track_0533_r2.jpg
25_12-20.mp4,534,0,522,26663,2077,1889,2296,2117,2077,1889,2296,2117,2098.8,49932,ml/output/tracks/best_frames/25_12-20/track_0534_r0.jpg
25_12-20.mp4,534,1,519,26509,2083,1875,2302,2097,2083,1875,2302,2097,2137.9,48618,ml/output/tracks/best_frames/25_12-20/track_0534_r1.jpg
25_12-20.mp4,534,2,516,26356,2090,1827,2312,2059,2090,1827,2312,2059,1519.4,51504,ml/output/tracks/best_frames/25_12-20/track_0534_r2.jpg
25_12-20.mp4,535,0,522,26663,2108,1350,2346,1645,2108,1350,2346,1645,2081.1,70210,ml/output/tracks/best_frames/25_12-20/track_0535_r0.jpg
25_12-20.mp4,535,1,516,26356,2122,1245,2304,1562,2122,1245,2304,1562,1827.5,57694,ml/output/tracks/best_frames/25_12-20/track_0535_r1.jpg
25_12-20.mp4,535,2,519,26509,2112,1307,2303,1564,2112,1307,2303,1564,1850.9,49087,ml/output/tracks/best_frames/25_12-20/track_0535_r2.jpg
25_12-20.mp4,537,0,522,26663,760,1179,911,1296,760,1179,911,1296,419.2,17667,ml/output/tracks/best_frames/25_12-20/track_0537_r0.jpg
25_12-20.mp4,537,1,519,26509,757,1176,909,1296,757,1176,909,1296,301.0,18240,ml/output/tracks/best_frames/25_12-20/track_0537_r1.jpg
25_12-20.mp4,539,0,525,26816,558,1181,762,1430,558,1181,762,1430,2844.9,50796,ml/output/tracks/best_frames/25_12-20/track_0539_r0.jpg
25_12-20.mp4,539,1,528,26969,557,1272,769,1526,557,1272,769,1526,2474.4,53848,ml/output/tracks/best_frames/25_12-20/track_0539_r1.jpg
25_12-20.mp4,539,2,531,27122,549,1175,765,1475,549,1175,765,1475,1603.0,64800,ml/output/tracks/best_frames/25_12-20/track_0539_r2.jpg
25_12-20.mp4,540,0,525,26816,2105,1471,2304,1749,2105,1471,2304,1749,1557.3,55322,ml/output/tracks/best_frames/25_12-20/track_0540_r0.jpg
25_12-20.mp4,540,1,531,27122,2101,1536,2357,1833,2101,1536,2357,1833,780.7,76032,ml/output/tracks/best_frames/25_12-20/track_0540_r1.jpg
25_12-20.mp4,540,2,528,26969,2103,1479,2359,1756,2103,1479,2359,1756,777.2,70912,ml/output/tracks/best_frames/25_12-20/track_0540_r2.jpg
25_12-20.mp4,542,0,531,27122,2152,0,2443,477,2152,0,2443,477,2835.5,138807,ml/output/tracks/best_frames/25_12-20/track_0542_r0.jpg
25_12-20.mp4,542,1,549,28042,2122,325,2405,837,2122,325,2405,837,2536.6,144896,ml/output/tracks/best_frames/25_12-20/track_0542_r1.jpg
25_12-20.mp4,542,2,588,30034,2095,1209,2362,1735,2095,1209,2362,1735,2537.6,140442,ml/output/tracks/best_frames/25_12-20/track_0542_r2.jpg
25_12-20.mp4,545,0,540,27582,584,1521,799,1749,584,1521,799,1749,3163.4,49020,ml/output/tracks/best_frames/25_12-20/track_0545_r0.jpg
25_12-20.mp4,545,1,531,27122,560,1339,775,1587,560,1339,775,1587,2880.4,53320,ml/output/tracks/best_frames/25_12-20/track_0545_r1.jpg
25_12-20.mp4,545,2,537,27429,574,1464,794,1709,574,1464,794,1709,2638.9,53900,ml/output/tracks/best_frames/25_12-20/track_0545_r2.jpg
25_12-20.mp4,548,0,543,27735,2144,290,2304,555,2144,290,2304,555,2998.9,42400,ml/output/tracks/best_frames/25_12-20/track_0548_r0.jpg
25_12-20.mp4,548,1,546,27888,2144,336,2304,605,2144,336,2304,605,2767.6,43040,ml/output/tracks/best_frames/25_12-20/track_0548_r1.jpg
25_12-20.mp4,548,2,552,28195,2138,463,2304,740,2138,463,2304,740,2587.3,45982,ml/output/tracks/best_frames/25_12-20/track_0548_r2.jpg
25_12-20.mp4,552,0,546,27888,3031,227,3094,302,3031,227,3094,302,368.7,4725,ml/output/tracks/best_frames/25_12-20/track_0552_r0.jpg
25_12-20.mp4,552,1,549,28042,3030,241,3094,313,3030,241,3094,313,166.3,4608,ml/output/tracks/best_frames/25_12-20/track_0552_r1.jpg
25_12-20.mp4,556,0,561,28655,596,5,815,256,596,5,815,256,2028.2,54969,ml/output/tracks/best_frames/25_12-20/track_0556_r0.jpg
25_12-20.mp4,556,1,564,28808,601,0,802,231,601,0,802,231,1715.1,46431,ml/output/tracks/best_frames/25_12-20/track_0556_r1.jpg
25_12-20.mp4,556,2,558,28501,607,0,813,210,607,0,813,210,1726.3,43260,ml/output/tracks/best_frames/25_12-20/track_0556_r2.jpg
25_12-20.mp4,563,0,561,28655,2132,674,2304,958,2132,674,2304,958,2783.6,48848,ml/output/tracks/best_frames/25_12-20/track_0563_r0.jpg
25_12-20.mp4,563,1,564,28808,2133,720,2304,999,2133,720,2304,999,2687.9,47709,ml/output/tracks/best_frames/25_12-20/track_0563_r1.jpg
25_12-20.mp4,563,2,558,28501,2133,594,2304,869,2133,594,2304,869,2587.8,47025,ml/output/tracks/best_frames/25_12-20/track_0563_r2.jpg
25_12-20.mp4,568,0,564,28808,661,1903,876,2115,661,1903,876,2115,1788.1,45580,ml/output/tracks/best_frames/25_12-20/track_0568_r0.jpg
25_12-20.mp4,568,1,567,28961,669,1947,878,2126,669,1947,878,2126,1730.0,37411,ml/output/tracks/best_frames/25_12-20/track_0568_r1.jpg
25_12-20.mp4,571,0,618,31566,555,1278,766,1520,555,1278,766,1520,3964.9,51062,ml/output/tracks/best_frames/25_12-20/track_0571_r0.jpg
25_12-20.mp4,571,1,621,31719,561,1329,769,1567,561,1329,769,1567,3608.9,49504,ml/output/tracks/best_frames/25_12-20/track_0571_r1.jpg
25_12-20.mp4,571,2,609,31106,539,1081,749,1337,539,1081,749,1337,3278.3,53760,ml/output/tracks/best_frames/25_12-20/track_0571_r2.jpg
25_12-20.mp4,572,0,570,29114,2148,14,2396,284,2148,14,2396,284,1961.2,66960,ml/output/tracks/best_frames/25_12-20/track_0572_r0.jpg
25_12-20.mp4,572,1,576,29421,2144,124,2399,410,2144,124,2399,410,1734.3,72930,ml/output/tracks/best_frames/25_12-20/track_0572_r1.jpg
25_12-20.mp4,572,2,573,29268,2146,60,2399,350,2146,60,2399,350,1379.1,73370,ml/output/tracks/best_frames/25_12-20/track_0572_r2.jpg
25_12-20.mp4,580,0,582,29727,578,191,766,450,578,191,766,450,1280.4,48692,ml/output/tracks/best_frames/25_12-20/track_0580_r0.jpg
25_12-20.mp4,580,1,585,29880,570,266,756,513,570,266,756,513,1085.3,45942,ml/output/tracks/best_frames/25_12-20/track_0580_r1.jpg
25_12-20.mp4,580,2,588,30034,571,302,754,583,571,302,754,583,968.8,51423,ml/output/tracks/best_frames/25_12-20/track_0580_r2.jpg
25_12-20.mp4,581,0,582,29727,2109,1131,2304,1417,2109,1131,2304,1417,2441.8,55770,ml/output/tracks/best_frames/25_12-20/track_0581_r0.jpg
25_12-20.mp4,581,1,585,29880,2110,1228,2303,1490,2110,1228,2303,1490,1876.9,50566,ml/output/tracks/best_frames/25_12-20/track_0581_r1.jpg
25_12-20.mp4,581,2,588,30034,2106,1297,2303,1563,2106,1297,2303,1563,1772.2,52402,ml/output/tracks/best_frames/25_12-20/track_0581_r2.jpg
25_12-20.mp4,583,0,588,30034,1536,998,1608,1118,1536,998,1608,1118,3097.5,8640,ml/output/tracks/best_frames/25_12-20/track_0583_r0.jpg
25_12-20.mp4,583,1,585,29880,1540,932,1611,1058,1540,932,1611,1058,2822.9,8946,ml/output/tracks/best_frames/25_12-20/track_0583_r1.jpg
25_12-20.mp4,586,0,585,29880,2094,1373,2351,1864,2094,1373,2351,1864,2889.1,126187,ml/output/tracks/best_frames/25_12-20/track_0586_r0.jpg
25_12-20.mp4,586,1,591,30187,2072,1564,2326,2019,2072,1564,2326,2019,2680.5,115570,ml/output/tracks/best_frames/25_12-20/track_0586_r1.jpg
25_12-20.mp4,586,2,588,30034,2090,1435,2303,1908,2090,1435,2303,1908,2652.0,100749,ml/output/tracks/best_frames/25_12-20/track_0586_r2.jpg
25_12-20.mp4,589,0,606,30953,2113,927,2373,1217,2113,927,2373,1217,1660.9,75400,ml/output/tracks/best_frames/25_12-20/track_0589_r0.jpg
25_12-20.mp4,589,1,597,30493,2120,680,2382,974,2120,680,2382,974,1602.2,77028,ml/output/tracks/best_frames/25_12-20/track_0589_r1.jpg
25_12-20.mp4,589,2,591,30187,2111,570,2304,849,2111,570,2304,849,1774.1,53847,ml/output/tracks/best_frames/25_12-20/track_0589_r2.jpg
25_12-20.mp4,591,0,600,30647,532,641,747,929,532,641,747,929,1434.0,61920,ml/output/tracks/best_frames/25_12-20/track_0591_r0.jpg
25_12-20.mp4,591,1,588,30034,550,406,757,695,550,406,757,695,1396.7,59823,ml/output/tracks/best_frames/25_12-20/track_0591_r1.jpg
25_12-20.mp4,591,2,603,30800,533,714,746,998,533,714,746,998,1186.2,60492,ml/output/tracks/best_frames/25_12-20/track_0591_r2.jpg
25_12-20.mp4,593,0,648,33098,2068,1439,2321,1820,2068,1439,2321,1820,1916.5,96393,ml/output/tracks/best_frames/25_12-20/track_0593_r0.jpg
25_12-20.mp4,593,1,645,32945,2077,1397,2325,1788,2077,1397,2325,1788,1725.8,96968,ml/output/tracks/best_frames/25_12-20/track_0593_r1.jpg
25_12-20.mp4,593,2,654,33405,2064,1559,2318,1921,2064,1559,2318,1921,1351.7,91948,ml/output/tracks/best_frames/25_12-20/track_0593_r2.jpg
25_12-20.mp4,596,0,594,30340,600,0,802,222,600,0,802,222,758.9,44844,ml/output/tracks/best_frames/25_12-20/track_0596_r0.jpg
25_12-20.mp4,596,1,591,30187,602,0,801,221,602,0,801,221,711.4,43979,ml/output/tracks/best_frames/25_12-20/track_0596_r1.jpg
25_12-20.mp4,599,0,594,30340,1526,1196,1600,1292,1526,1196,1600,1292,2093.2,7104,ml/output/tracks/best_frames/25_12-20/track_0599_r0.jpg
25_12-20.mp4,599,1,597,30493,1537,1254,1609,1296,1537,1254,1609,1296,3427.6,3024,ml/output/tracks/best_frames/25_12-20/track_0599_r1.jpg
25_12-20.mp4,600,0,597,30493,2382,1,2495,102,2382,1,2495,102,1464.9,11413,ml/output/tracks/best_frames/25_12-20/track_0600_r0.jpg
25_12-20.mp4,600,1,594,30340,2390,0,2485,51,2390,0,2485,51,2236.4,4845,ml/output/tracks/best_frames/25_12-20/track_0600_r1.jpg
25_12-20.mp4,602,0,600,30647,2129,574,2304,801,2129,574,2304,801,534.6,39725,ml/output/tracks/best_frames/25_12-20/track_0602_r0.jpg
25_12-20.mp4,602,1,594,30340,2137,434,2302,621,2137,434,2302,621,242.5,30855,ml/output/tracks/best_frames/25_12-20/track_0602_r1.jpg
25_12-20.mp4,602,2,597,30493,2135,486,2303,692,2135,486,2303,692,154.8,34608,ml/output/tracks/best_frames/25_12-20/track_0602_r2.jpg
25_12-20.mp4,606,0,600,30647,1536,1318,1604,1435,1536,1318,1604,1435,2277.0,7956,ml/output/tracks/best_frames/25_12-20/track_0606_r0.jpg
25_12-20.mp4,606,1,597,30493,1536,1253,1598,1377,1536,1253,1598,1377,1647.7,7688,ml/output/tracks/best_frames/25_12-20/track_0606_r1.jpg
25_12-20.mp4,607,0,603,30800,549,1145,744,1296,549,1145,744,1296,803.0,29445,ml/output/tracks/best_frames/25_12-20/track_0607_r0.jpg
25_12-20.mp4,607,1,600,30647,552,1127,752,1296,552,1127,752,1296,526.0,33800,ml/output/tracks/best_frames/25_12-20/track_0607_r1.jpg
25_12-20.mp4,612,0,606,30953,2063,1661,2346,2083,2063,1661,2346,2083,1417.0,119426,ml/output/tracks/best_frames/25_12-20/track_0612_r0.jpg
25_12-20.mp4,612,1,603,30800,2067,1609,2346,2005,2067,1609,2346,2005,1473.4,110484,ml/output/tracks/best_frames/25_12-20/track_0612_r1.jpg
25_12-20.mp4,612,2,600,30647,2087,1609,2304,1964,2087,1609,2304,1964,1641.8,77035,ml/output/tracks/best_frames/25_12-20/track_0612_r2.jpg
25_12-20.mp4,616,0,615,31413,583,5,801,272,583,5,801,272,1514.3,58206,ml/output/tracks/best_frames/25_12-20/track_0616_r0.jpg
25_12-20.mp4,616,1,612,31260,593,0,812,226,593,0,812,226,1468.8,49494,ml/output/tracks/best_frames/25_12-20/track_0616_r1.jpg
25_12-20.mp4,616,2,654,33405,534,472,742,745,534,472,742,745,1119.1,56784,ml/output/tracks/best_frames/25_12-20/track_0616_r2.jpg
25_12-20.mp4,628,0,612,31260,2124,864,2303,1080,2124,864,2303,1080,716.0,38664,ml/output/tracks/best_frames/25_12-20/track_0628_r0.jpg
25_12-20.mp4,628,1,615,31413,2128,938,2304,1155,2128,938,2304,1155,430.4,38192,ml/output/tracks/best_frames/25_12-20/track_0628_r1.jpg
25_12-20.mp4,630,0,618,31566,1530,1141,1606,1266,1530,1141,1606,1266,2979.3,9500,ml/output/tracks/best_frames/25_12-20/track_0630_r0.jpg
25_12-20.mp4,630,1,627,32026,1537,1243,1601,1359,1537,1243,1601,1359,3322.5,7424,ml/output/tracks/best_frames/25_12-20/track_0630_r1.jpg
25_12-20.mp4,630,2,621,31719,1537,1191,1602,1314,1537,1191,1602,1314,2415.3,7995,ml/output/tracks/best_frames/25_12-20/track_0630_r2.jpg
25_12-20.mp4,632,0,615,31413,2143,0,2302,257,2143,0,2302,257,3287.3,40863,ml/output/tracks/best_frames/25_12-20/track_0632_r0.jpg
25_12-20.mp4,632,1,618,31566,2153,42,2304,314,2153,42,2304,314,2856.2,41072,ml/output/tracks/best_frames/25_12-20/track_0632_r1.jpg
25_12-20.mp4,635,0,627,32026,2127,0,2385,369,2127,0,2385,369,3072.7,95202,ml/output/tracks/best_frames/25_12-20/track_0635_r0.jpg
25_12-20.mp4,635,1,648,33098,2114,448,2357,765,2114,448,2357,765,2574.6,77031,ml/output/tracks/best_frames/25_12-20/track_0635_r1.jpg
25_12-20.mp4,635,2,633,32332,2116,2,2379,370,2116,2,2379,370,1846.5,96784,ml/output/tracks/best_frames/25_12-20/track_0635_r2.jpg
25_12-20.mp4,636,0,627,32026,564,201,772,446,564,201,772,446,3506.8,50960,ml/output/tracks/best_frames/25_12-20/track_0636_r0.jpg
25_12-20.mp4,636,1,630,32179,563,230,765,481,563,230,765,481,2628.0,50702,ml/output/tracks/best_frames/25_12-20/track_0636_r1.jpg
25_12-20.mp4,636,2,624,31873,565,173,772,429,565,173,772,429,2414.0,52992,ml/output/tracks/best_frames/25_12-20/track_0636_r2.jpg
25_12-20.mp4,638,0,627,32026,1540,1242,1602,1295,1540,1242,1602,1295,3865.8,3286,ml/output/tracks/best_frames/25_12-20/track_0638_r0.jpg
25_12-20.mp4,638,1,624,31873,1539,1243,1602,1296,1539,1243,1602,1296,3762.3,3339,ml/output/tracks/best_frames/25_12-20/track_0638_r1.jpg
25_12-20.mp4,639,0,624,31873,547,1193,758,1458,547,1193,758,1458,1752.1,55915,ml/output/tracks/best_frames/25_12-20/track_0639_r0.jpg
25_12-20.mp4,639,1,627,32026,564,1229,770,1493,564,1229,770,1493,1759.2,54384,ml/output/tracks/best_frames/25_12-20/track_0639_r1.jpg
25_12-20.mp4,639,2,630,32179,563,1223,779,1498,563,1223,779,1498,1553.7,59400,ml/output/tracks/best_frames/25_12-20/track_0639_r2.jpg
25_12-20.mp4,640,0,624,31873,2106,1102,2304,1291,2106,1102,2304,1291,976.0,37422,ml/output/tracks/best_frames/25_12-20/track_0640_r0.jpg
25_12-20.mp4,640,1,627,32026,2104,1104,2304,1290,2104,1104,2304,1290,814.1,37200,ml/output/tracks/best_frames/25_12-20/track_0640_r1.jpg
25_12-20.mp4,647,0,636,32485,550,364,750,611,550,364,750,611,2729.2,49400,ml/output/tracks/best_frames/25_12-20/track_0647_r0.jpg
25_12-20.mp4,647,1,639,32639,552,433,747,689,552,433,747,689,2594.9,49920,ml/output/tracks/best_frames/25_12-20/track_0647_r1.jpg
25_12-20.mp4,647,2,654,33405,530,576,740,842,530,576,740,842,1659.4,55860,ml/output/tracks/best_frames/25_12-20/track_0647_r2.jpg
25_12-20.mp4,650,0,657,33558,674,1923,894,2120,674,1923,894,2120,1633.7,43340,ml/output/tracks/best_frames/25_12-20/track_0650_r0.jpg
25_12-20.mp4,650,1,654,33405,691,1999,895,2159,691,1999,895,2159,988.5,32640,ml/output/tracks/best_frames/25_12-20/track_0650_r1.jpg
25_12-20.mp4,650,2,651,33252,692,1998,898,2159,692,1998,898,2159,244.8,33166,ml/output/tracks/best_frames/25_12-20/track_0650_r2.jpg
25_12-20.mp4,652,0,648,33098,640,1768,854,1975,640,1768,854,1975,2311.8,44298,ml/output/tracks/best_frames/25_12-20/track_0652_r0.jpg
25_12-20.mp4,652,1,642,32792,619,1662,835,1871,619,1662,835,1871,2239.2,45144,ml/output/tracks/best_frames/25_12-20/track_0652_r1.jpg
25_12-20.mp4,652,2,645,32945,625,1717,842,1928,625,1717,842,1928,2117.7,45787,ml/output/tracks/best_frames/25_12-20/track_0652_r2.jpg
25_12-20.mp4,653,0,648,33098,540,648,738,899,540,648,738,899,3332.1,49698,ml/output/tracks/best_frames/25_12-20/track_0653_r0.jpg
25_12-20.mp4,653,1,651,33252,534,709,728,969,534,709,728,969,2944.7,50440,ml/output/tracks/best_frames/25_12-20/track_0653_r1.jpg
25_12-20.mp4,653,2,642,32792,546,512,742,769,546,512,742,769,2676.5,50372,ml/output/tracks/best_frames/25_12-20/track_0653_r2.jpg
25_12-20.mp4,654,0,648,33098,2101,683,2351,971,2101,683,2351,971,4490.9,72000,ml/output/tracks/best_frames/25_12-20/track_0654_r0.jpg
25_12-20.mp4,654,1,651,33252,2097,762,2349,1047,2097,762,2349,1047,4189.9,71820,ml/output/tracks/best_frames/25_12-20/track_0654_r1.jpg
25_12-20.mp4,654,2,654,33405,2099,864,2349,1124,2099,864,2349,1124,4124.9,65000,ml/output/tracks/best_frames/25_12-20/track_0654_r2.jpg
25_12-20.mp4,660,0,651,33252,2099,608,2304,905,2099,608,2304,905,3292.7,60885,ml/output/tracks/best_frames/25_12-20/track_0660_r0.jpg
25_12-20.mp4,660,1,654,33405,2111,597,2363,910,2111,597,2363,910,1668.6,78876,ml/output/tracks/best_frames/25_12-20/track_0660_r1.jpg
25_12-20.mp4,660,2,657,33558,2111,685,2365,995,2111,685,2365,995,1258.0,78740,ml/output/tracks/best_frames/25_12-20/track_0660_r2.jpg
25_12-20.mp4,661,0,651,33252,654,1823,871,2034,654,1823,871,2034,1810.4,45787,ml/output/tracks/best_frames/25_12-20/track_0661_r0.jpg
25_12-20.mp4,661,1,654,33405,664,1875,881,2075,664,1875,881,2075,1760.8,43400,ml/output/tracks/best_frames/25_12-20/track_0661_r1.jpg
25_12-20.mp4,661,2,657,33558,643,1810,851,2059,643,1810,851,2059,1061.2,51792,ml/output/tracks/best_frames/25_12-20/track_0661_r2.jpg
25_12-20.mp4,662,0,672,34324,552,1226,755,1458,552,1226,755,1458,3965.2,47096,ml/output/tracks/best_frames/25_12-20/track_0662_r0.jpg
25_12-20.mp4,662,1,687,35090,583,1584,798,1798,583,1584,798,1798,4020.5,46010,ml/output/tracks/best_frames/25_12-20/track_0662_r1.jpg
25_12-20.mp4,662,2,669,34171,545,1163,752,1399,545,1163,752,1399,3739.5,48852,ml/output/tracks/best_frames/25_12-20/track_0662_r2.jpg
25_12-20.mp4,663,0,657,33558,2392,0,2465,144,2392,0,2465,144,1444.6,10512,ml/output/tracks/best_frames/25_12-20/track_0663_r0.jpg
25_12-20.mp4,663,1,654,33405,2389,0,2463,69,2389,0,2463,69,1916.1,5106,ml/output/tracks/best_frames/25_12-20/track_0663_r1.jpg
25_12-20.mp4,669,0,660,33711,528,864,734,1062,528,864,734,1062,2352.2,40788,ml/output/tracks/best_frames/25_12-20/track_0669_r0.jpg
25_12-20.mp4,669,1,666,34018,528,860,746,1130,528,860,746,1130,747.0,58860,ml/output/tracks/best_frames/25_12-20/track_0669_r1.jpg
25_12-20.mp4,669,2,663,33865,532,827,739,1071,532,827,739,1071,622.2,50508,ml/output/tracks/best_frames/25_12-20/track_0669_r2.jpg
25_12-20.mp4,670,0,672,34324,2057,1349,2302,1599,2057,1349,2302,1599,4657.7,61250,ml/output/tracks/best_frames/25_12-20/track_0670_r0.jpg
25_12-20.mp4,670,1,666,34018,2067,1209,2304,1472,2067,1209,2304,1472,4550.1,62331,ml/output/tracks/best_frames/25_12-20/track_0670_r1.jpg
25_12-20.mp4,670,2,669,34171,2062,1281,2302,1540,2062,1281,2302,1540,4538.2,62160,ml/output/tracks/best_frames/25_12-20/track_0670_r2.jpg
25_12-20.mp4,673,0,687,35090,537,468,729,718,537,468,729,718,4893.2,48000,ml/output/tracks/best_frames/25_12-20/track_0673_r0.jpg
25_12-20.mp4,673,1,696,35550,526,717,714,969,526,717,714,969,4938.8,47376,ml/output/tracks/best_frames/25_12-20/track_0673_r1.jpg
25_12-20.mp4,673,2,690,35244,532,529,722,782,532,529,722,782,4675.8,48070,ml/output/tracks/best_frames/25_12-20/track_0673_r2.jpg
25_12-20.mp4,674,0,663,33865,2082,1039,2340,1252,2082,1039,2340,1252,2490.7,54954,ml/output/tracks/best_frames/25_12-20/track_0674_r0.jpg
25_12-20.mp4,674,1,666,34018,2075,1038,2344,1271,2075,1038,2344,1271,2040.0,62677,ml/output/tracks/best_frames/25_12-20/track_0674_r1.jpg
25_12-20.mp4,674,2,669,34171,2068,1071,2338,1287,2068,1071,2338,1287,1151.0,58320,ml/output/tracks/best_frames/25_12-20/track_0674_r2.jpg
25_12-20.mp4,676,0,666,34018,527,965,747,1244,527,965,747,1244,2030.1,61380,ml/output/tracks/best_frames/25_12-20/track_0676_r0.jpg
25_12-20.mp4,676,1,672,34324,529,1009,747,1273,529,1009,747,1273,1099.2,57552,ml/output/tracks/best_frames/25_12-20/track_0676_r1.jpg
25_12-20.mp4,676,2,669,34171,527,938,746,1199,527,938,746,1199,919.2,57159,ml/output/tracks/best_frames/25_12-20/track_0676_r2.jpg
25_12-20.mp4,678,0,669,34171,2066,1129,2297,1431,2066,1129,2297,1431,2482.1,69762,ml/output/tracks/best_frames/25_12-20/track_0678_r0.jpg
25_12-20.mp4,678,1,672,34324,2065,1091,2330,1400,2065,1091,2330,1400,1653.3,81885,ml/output/tracks/best_frames/25_12-20/track_0678_r1.jpg
25_12-20.mp4,678,2,675,34477,2064,1174,2329,1477,2064,1174,2329,1477,1512.8,80295,ml/output/tracks/best_frames/25_12-20/track_0678_r2.jpg
25_12-20.mp4,679,0,678,34631,544,1256,763,1527,544,1256,763,1527,2342.0,59349,ml/output/tracks/best_frames/25_12-20/track_0679_r0.jpg
25_12-20.mp4,679,1,675,34477,534,1169,750,1423,534,1169,750,1423,2124.1,54864,ml/output/tracks/best_frames/25_12-20/track_0679_r1.jpg
25_12-20.mp4,679,2,669,34171,539,1112,740,1296,539,1112,740,1296,3107.4,36984,ml/output/tracks/best_frames/25_12-20/track_0679_r2.jpg
25_12-20.mp4,680,0,705,36010,528,691,715,932,528,691,715,932,1415.4,45067,ml/output/tracks/best_frames/25_12-20/track_0680_r0.jpg
25_12-20.mp4,680,1,699,35703,529,594,720,829,529,594,720,829,1374.1,44885,ml/output/tracks/best_frames/25_12-20/track_0680_r1.jpg
25_12-20.mp4,680,2,702,35857,529,631,716,872,529,631,716,872,1294.2,45067,ml/output/tracks/best_frames/25_12-20/track_0680_r2.jpg
25_12-20.mp4,681,0,672,34324,531,1105,751,1383,531,1105,751,1383,2394.1,61160,ml/output/tracks/best_frames/25_12-20/track_0681_r0.jpg
25_12-20.mp4,681,1,687,35090,533,1125,750,1296,533,1125,750,1296,318.1,37107,ml/output/tracks/best_frames/25_12-20/track_0681_r1.jpg
25_12-20.mp4,681,2,690,35244,536,1128,751,1296,536,1128,751,1296,325.6,36120,ml/output/tracks/best_frames/25_12-20/track_0681_r2.jpg
25_12-20.mp4,682,0,675,34477,2071,1065,2345,1279,2071,1065,2345,1279,1175.8,58636,ml/output/tracks/best_frames/25_12-20/track_0682_r0.jpg
25_12-20.mp4,682,1,714,36470,2085,1071,2304,1292,2085,1071,2304,1292,1400.4,48399,ml/output/tracks/best_frames/25_12-20/track_0682_r1.jpg
25_12-20.mp4,682,2,693,35397,2087,1070,2304,1290,2087,1070,2304,1290,1313.1,47740,ml/output/tracks/best_frames/25_12-20/track_0682_r2.jpg
25_12-20.mp4,687,0,708,36163,2115,584,2368,873,2115,584,2368,873,5200.4,73117,ml/output/tracks/best_frames/25_12-20/track_0687_r0.jpg
25_12-20.mp4,687,1,705,36010,2114,522,2371,815,2114,522,2371,815,4649.3,75301,ml/output/tracks/best_frames/25_12-20/track_0687_r1.jpg
25_12-20.mp4,687,2,699,35703,2128,400,2385,697,2128,400,2385,697,4472.5,76329,ml/output/tracks/best_frames/25_12-20/track_0687_r2.jpg
25_12-20.mp4,688,0,693,35397,2034,1890,2276,2106,2034,1890,2276,2106,2875.2,52272,ml/output/tracks/best_frames/25_12-20/track_0688_r0.jpg
25_12-20.mp4,688,1,696,35550,2041,1770,2293,2077,2041,1770,2293,2077,1085.3,77364,ml/output/tracks/best_frames/25_12-20/track_0688_r1.jpg
25_12-20.mp4,688,2,702,35857,2032,1874,2295,2125,2032,1874,2295,2125,1230.0,66013,ml/output/tracks/best_frames/25_12-20/track_0688_r2.jpg
25_12-20.mp4,689,0,684,34937,555,1364,771,1641,555,1364,771,1641,2333.0,59832,ml/output/tracks/best_frames/25_12-20/track_0689_r0.jpg
25_12-20.mp4,689,1,687,35090,562,1378,779,1630,562,1378,779,1630,1181.3,54684,ml/output/tracks/best_frames/25_12-20/track_0689_r1.jpg
25_12-20.mp4,689,2,690,35244,568,1443,776,1679,568,1443,776,1679,1113.0,49088,ml/output/tracks/best_frames/25_12-20/track_0689_r2.jpg
25_12-20.mp4,690,0,684,34937,2062,1532,2310,1770,2062,1532,2310,1770,2446.3,59024,ml/output/tracks/best_frames/25_12-20/track_0690_r0.jpg
25_12-20.mp4,690,1,690,35244,2052,1587,2306,1859,2052,1587,2306,1859,1424.8,69088,ml/output/tracks/best_frames/25_12-20/track_0690_r1.jpg
25_12-20.mp4,690,2,687,35090,2065,1536,2306,1805,2065,1536,2306,1805,1500.0,64829,ml/output/tracks/best_frames/25_12-20/track_0690_r2.jpg
25_12-20.mp4,692,0,687,35090,2090,2,2418,197,2090,2,2418,197,3232.7,63960,ml/output/tracks/best_frames/25_12-20/track_0692_r0.jpg
25_12-20.mp4,692,1,690,35244,2121,0,2304,284,2121,0,2304,284,2716.2,51972,ml/output/tracks/best_frames/25_12-20/track_0692_r1.jpg
25_12-20.mp4,693,0,714,36470,2118,443,2394,798,2118,443,2394,798,1603.8,97980,ml/output/tracks/best_frames/25_12-20/track_0693_r0.jpg
25_12-20.mp4,693,1,711,36316,2119,375,2395,730,2119,375,2395,730,1590.7,97980,ml/output/tracks/best_frames/25_12-20/track_0693_r1.jpg
25_12-20.mp4,693,2,708,36163,2122,297,2396,651,2122,297,2396,651,1552.0,96996,ml/output/tracks/best_frames/25_12-20/track_0693_r2.jpg
25_12-20.mp4,695,0,693,35397,597,1711,815,1926,597,1711,815,1926,2735.2,46870,ml/output/tracks/best_frames/25_12-20/track_0695_r0.jpg
25_12-20.mp4,695,1,699,35703,622,1840,836,2042,622,1840,836,2042,2949.8,43228,ml/output/tracks/best_frames/25_12-20/track_0695_r1.jpg
25_12-20.mp4,695,2,696,35550,611,1792,830,1996,611,1792,830,1996,2754.2,44676,ml/output/tracks/best_frames/25_12-20/track_0695_r2.jpg
25_12-20.mp4,697,0,723,36929,2113,712,2358,1132,2113,712,2358,1132,2551.0,102900,ml/output/tracks/best_frames/25_12-20/track_0697_r0.jpg
25_12-20.mp4,697,1,720,36776,2116,644,2375,1047,2116,644,2375,1047,2173.4,104377,ml/output/tracks/best_frames/25_12-20/track_0697_r1.jpg
25_12-20.mp4,697,2,717,36623,2091,620,2304,960,2091,620,2304,960,2995.7,72420,ml/output/tracks/best_frames/25_12-20/track_0697_r2.jpg
25_12-20.mp4,698,0,696,35550,2028,1968,2265,2158,2028,1968,2265,2158,2837.2,45030,ml/output/tracks/best_frames/25_12-20/track_0698_r0.jpg
25_12-20.mp4,698,1,699,35703,2030,1983,2269,2159,2030,1983,2269,2159,2984.2,42064,ml/output/tracks/best_frames/25_12-20/track_0698_r1.jpg
25_12-20.mp4,698,2,702,35857,2026,2038,2259,2159,2026,2038,2259,2159,2611.3,28193,ml/output/tracks/best_frames/25_12-20/track_0698_r2.jpg
25_12-20.mp4,700,0,726,37082,544,1314,752,1550,544,1314,752,1550,5290.9,49088,ml/output/tracks/best_frames/25_12-20/track_0700_r0.jpg
25_12-20.mp4,700,1,708,36163,530,957,722,1208,530,957,722,1208,5353.9,48192,ml/output/tracks/best_frames/25_12-20/track_0700_r1.jpg
25_12-20.mp4,700,2,720,36776,536,1202,740,1445,536,1202,740,1445,5200.0,49572,ml/output/tracks/best_frames/25_12-20/track_0700_r2.jpg
25_12-20.mp4,706,0,708,36163,531,864,715,1024,531,864,715,1024,2612.8,29440,ml/output/tracks/best_frames/25_12-20/track_0706_r0.jpg
25_12-20.mp4,706,1,720,36776,516,893,731,1149,516,893,731,1149,1284.3,55040,ml/output/tracks/best_frames/25_12-20/track_0706_r1.jpg
25_12-20.mp4,706,2,717,36623,522,864,723,1069,522,864,723,1069,1269.0,41205,ml/output/tracks/best_frames/25_12-20/track_0706_r2.jpg
25_12-20.mp4,707,0,711,36316,525,871,724,1162,525,871,724,1162,3001.2,57909,ml/output/tracks/best_frames/25_12-20/track_0707_r0.jpg
25_12-20.mp4,707,1,714,36470,520,864,729,1129,520,864,729,1129,1933.5,55385,ml/output/tracks/best_frames/25_12-20/track_0707_r1.jpg
25_12-20.mp4,707,2,720,36776,525,989,726,1243,525,989,726,1243,1279.1,51054,ml/output/tracks/best_frames/25_12-20/track_0707_r2.jpg
25_12-20.mp4,708,0,714,36470,672,2002,868,2159,672,2002,868,2159,2173.2,30772,ml/output/tracks/best_frames/25_12-20/track_0708_r0.jpg
25_12-20.mp4,708,1,717,36623,681,2066,882,2159,681,2066,882,2159,2700.2,18693,ml/output/tracks/best_frames/25_12-20/track_0708_r1.jpg
25_12-20.mp4,708,2,720,36776,671,2078,888,2159,671,2078,888,2159,1127.4,17577,ml/output/tracks/best_frames/25_12-20/track_0708_r2.jpg
25_12-20.mp4,710,0,726,37082,2093,1005,2350,1291,2093,1005,2350,1291,5160.8,73502,ml/output/tracks/best_frames/25_12-20/track_0710_r0.jpg
25_12-20.mp4,710,1,729,37236,2084,1077,2344,1359,2084,1077,2344,1359,4653.1,73320,ml/output/tracks/best_frames/25_12-20/track_0710_r1.jpg
25_12-20.mp4,710,2,723,36929,2099,938,2353,1227,2099,938,2353,1227,4647.6,73406,ml/output/tracks/best_frames/25_12-20/track_0710_r2.jpg
25_12-20.mp4,711,0,726,37082,526,1157,758,1495,526,1157,758,1495,2675.4,78416,ml/output/tracks/best_frames/25_12-20/track_0711_r0.jpg
25_12-20.mp4,711,1,723,36929,528,1130,747,1429,528,1130,747,1429,2638.5,65481,ml/output/tracks/best_frames/25_12-20/track_0711_r1.jpg
25_12-20.mp4,711,2,729,37236,537,1237,755,1512,537,1237,755,1512,2322.8,59950,ml/output/tracks/best_frames/25_12-20/track_0711_r2.jpg
25_12-20.mp4,712,0,783,39994,510,1121,714,1367,510,1121,714,1367,5599.2,50184,ml/output/tracks/best_frames/25_12-20/track_0712_r0.jpg
25_12-20.mp4,712,1,786,40147,524,1208,728,1456,524,1208,728,1456,5453.5,50592,ml/output/tracks/best_frames/25_12-20/track_0712_r1.jpg
25_12-20.mp4,712,2,789,40300,530,1262,734,1506,530,1262,734,1506,5325.4,49776,ml/output/tracks/best_frames/25_12-20/track_0712_r2.jpg
25_12-20.mp4,713,0,726,37082,520,550,762,862,520,550,762,862,457.6,75504,ml/output/tracks/best_frames/25_12-20/track_0713_r0.jpg
25_12-20.mp4,713,1,723,36929,525,469,777,785,525,469,777,785,300.3,79632,ml/output/tracks/best_frames/25_12-20/track_0713_r1.jpg
25_12-20.mp4,715,0,729,37236,2092,927,2304,1223,2092,927,2304,1223,4505.9,62752,ml/output/tracks/best_frames/25_12-20/track_0715_r0.jpg
25_12-20.mp4,715,1,732,37389,2092,1016,2304,1311,2092,1016,2304,1311,3736.8,62540,ml/output/tracks/best_frames/25_12-20/track_0715_r1.jpg
25_12-20.mp4,715,2,735,37542,2092,1079,2304,1286,2092,1079,2304,1286,3078.7,43884,ml/output/tracks/best_frames/25_12-20/track_0715_r2.jpg
25_12-20.mp4,717,0,738,37695,2088,1036,2326,1378,2088,1036,2326,1378,2525.1,81396,ml/output/tracks/best_frames/25_12-20/track_0717_r0.jpg
25_12-20.mp4,717,1,732,37389,2093,1164,2347,1295,2093,1164,2347,1295,3964.0,33274,ml/output/tracks/best_frames/25_12-20/track_0717_r1.jpg
25_12-20.mp4,717,2,741,37849,2088,1137,2337,1447,2088,1137,2337,1447,1695.5,77190,ml/output/tracks/best_frames/25_12-20/track_0717_r2.jpg
25_12-20.mp4,719,0,732,37389,545,1315,762,1601,545,1315,762,1601,2217.9,62062,ml/output/tracks/best_frames/25_12-20/track_0719_r0.jpg
25_12-20.mp4,719,1,735,37542,545,1312,761,1556,545,1312,761,1556,997.1,52704,ml/output/tracks/best_frames/25_12-20/track_0719_r1.jpg
25_12-20.mp4,719,2,741,37849,562,1439,771,1672,562,1439,771,1672,836.4,48697,ml/output/tracks/best_frames/25_12-20/track_0719_r2.jpg
25_12-20.mp4,720,0,738,37695,576,0,775,236,576,0,775,236,1473.5,46964,ml/output/tracks/best_frames/25_12-20/track_0720_r0.jpg
25_12-20.mp4,720,1,747,38155,558,22,782,342,558,22,782,342,632.3,71680,ml/output/tracks/best_frames/25_12-20/track_0720_r1.jpg
25_12-20.mp4,720,2,744,38002,568,9,785,290,568,9,785,290,714.3,60977,ml/output/tracks/best_frames/25_12-20/track_0720_r2.jpg
25_12-20.mp4,723,0,768,39228,2114,550,2377,853,2114,550,2377,853,5166.9,79689,ml/output/tracks/best_frames/25_12-20/track_0723_r0.jpg
25_12-20.mp4,723,1,753,38462,2122,177,2371,465,2122,177,2371,465,5125.0,71712,ml/output/tracks/best_frames/25_12-20/track_0723_r1.jpg
25_12-20.mp4,723,2,774,39534,2114,701,2377,1000,2114,701,2377,1000,4556.7,78637,ml/output/tracks/best_frames/25_12-20/track_0723_r2.jpg
25_12-20.mp4,724,0,744,38002,2065,1292,2337,1651,2065,1292,2337,1651,2622.2,97648,ml/output/tracks/best_frames/25_12-20/track_0724_r0.jpg
25_12-20.mp4,724,1,747,38155,2071,1240,2323,1595,2071,1240,2323,1595,1752.9,89460,ml/output/tracks/best_frames/25_12-20/track_0724_r1.jpg
25_12-20.mp4,724,2,750,38308,2069,1331,2325,1679,2069,1331,2325,1679,1666.9,89088,ml/output/tracks/best_frames/25_12-20/track_0724_r2.jpg
25_12-20.mp4,726,0,747,38155,543,146,764,440,543,146,764,440,1572.0,64974,ml/output/tracks/best_frames/25_12-20/track_0726_r0.jpg
25_12-20.mp4,726,1,759,38768,522,370,735,616,522,370,735,616,1023.2,52398,ml/output/tracks/best_frames/25_12-20/track_0726_r1.jpg
25_12-20.mp4,726,2,750,38308,543,182,760,426,543,182,760,426,890.7,52948,ml/output/tracks/best_frames/25_12-20/track_0726_r2.jpg
25_12-20.mp4,727,0,747,38155,579,1610,798,1890,579,1610,798,1890,2359.0,61320,ml/output/tracks/best_frames/25_12-20/track_0727_r0.jpg
25_12-20.mp4,727,1,750,38308,587,1592,789,1825,587,1592,789,1825,855.1,47066,ml/output/tracks/best_frames/25_12-20/track_0727_r1.jpg
25_12-20.mp4,727,2,753,38462,596,1652,802,1876,596,1652,802,1876,856.7,46144,ml/output/tracks/best_frames/25_12-20/track_0727_r2.jpg
25_12-20.mp4,728,0,756,38615,2121,0,2391,339,2121,0,2391,339,2128.1,91530,ml/output/tracks/best_frames/25_12-20/track_0728_r0.jpg
25_12-20.mp4,728,1,753,38462,2124,0,2389,259,2124,0,2389,259,2546.3,68635,ml/output/tracks/best_frames/25_12-20/track_0728_r1.jpg
25_12-20.mp4,728,2,750,38308,2118,0,2304,283,2118,0,2304,283,2744.1,52638,ml/output/tracks/best_frames/25_12-20/track_0728_r2.jpg
25_12-20.mp4,733,0,756,38615,2112,111,2304,400,2112,111,2304,400,2641.7,55488,ml/output/tracks/best_frames/25_12-20/track_0733_r0.jpg
25_12-20.mp4,733,1,768,39228,2124,307,2397,630,2124,307,2397,630,1601.2,88179,ml/output/tracks/best_frames/25_12-20/track_0733_r1.jpg
25_12-20.mp4,733,2,759,38768,2111,157,2304,442,2111,157,2304,442,2441.3,55005,ml/output/tracks/best_frames/25_12-20/track_0733_r2.jpg
25_12-20.mp4,736,0,759,38768,2010,1406,2342,2007,2010,1406,2342,2007,1677.9,199532,ml/output/tracks/best_frames/25_12-20/track_0736_r0.jpg
25_12-20.mp4,736,1,762,38921,2048,1649,2295,2006,2048,1649,2295,2006,2048.5,88179,ml/output/tracks/best_frames/25_12-20/track_0736_r1.jpg
25_12-20.mp4,736,2,765,39074,2041,1702,2299,2045,2041,1702,2299,2045,1592.4,88494,ml/output/tracks/best_frames/25_12-20/track_0736_r2.jpg
25_12-20.mp4,739,0,768,39228,2109,404,2304,706,2109,404,2304,706,2571.5,58890,ml/output/tracks/best_frames/25_12-20/track_0739_r0.jpg
25_12-20.mp4,739,1,765,39074,2113,296,2304,654,2113,296,2304,654,1997.3,68378,ml/output/tracks/best_frames/25_12-20/track_0739_r1.jpg
25_12-20.mp4,739,2,774,39534,2108,537,2304,835,2108,537,2304,835,2291.5,58408,ml/output/tracks/best_frames/25_12-20/track_0739_r2.jpg
25_12-20.mp4,740,0,765,39074,505,572,717,846,505,572,717,846,1792.2,58088,ml/output/tracks/best_frames/25_12-20/track_0740_r0.jpg
25_12-20.mp4,740,1,771,39381,505,647,717,891,505,647,717,891,1000.3,51728,ml/output/tracks/best_frames/25_12-20/track_0740_r1.jpg
25_12-20.mp4,740,2,768,39228,509,571,718,820,509,571,718,820,964.6,52041,ml/output/tracks/best_frames/25_12-20/track_0740_r2.jpg
25_12-20.mp4,741,0,768,39228,670,2066,872,2159,670,2066,872,2159,2593.7,18786,ml/output/tracks/best_frames/25_12-20/track_0741_r0.jpg
25_12-20.mp4,741,1,771,39381,662,2079,879,2159,662,2079,879,2159,878.6,17360,ml/output/tracks/best_frames/25_12-20/track_0741_r1.jpg
25_12-20.mp4,743,0,783,39994,2111,955,2378,1249,2111,955,2378,1249,4067.9,78498,ml/output/tracks/best_frames/25_12-20/track_0743_r0.jpg
25_12-20.mp4,743,1,786,40147,2109,1053,2365,1345,2109,1053,2365,1345,3944.9,74752,ml/output/tracks/best_frames/25_12-20/track_0743_r1.jpg
25_12-20.mp4,743,2,780,39841,2114,876,2378,1173,2114,876,2378,1173,3751.3,78408,ml/output/tracks/best_frames/25_12-20/track_0743_r2.jpg
25_12-20.mp4,744,0,804,41067,505,429,707,684,505,429,707,684,4413.2,51510,ml/output/tracks/best_frames/25_12-20/track_0744_r0.jpg
25_12-20.mp4,744,1,786,40147,540,49,777,304,540,49,777,304,3248.9,60435,ml/output/tracks/best_frames/25_12-20/track_0744_r1.jpg
25_12-20.mp4,744,2,789,40300,534,108,750,361,534,108,750,361,3096.8,54648,ml/output/tracks/best_frames/25_12-20/track_0744_r2.jpg
25_12-20.mp4,746,0,804,41067,2110,398,2371,694,2110,398,2371,694,3837.2,77256,ml/output/tracks/best_frames/25_12-20/track_0746_r0.jpg
25_12-20.mp4,746,1,789,40300,2130,47,2394,328,2130,47,2394,328,3462.7,74184,ml/output/tracks/best_frames/25_12-20/track_0746_r1.jpg
25_12-20.mp4,746,2,795,40607,2121,174,2377,457,2121,174,2377,457,3321.8,72448,ml/output/tracks/best_frames/25_12-20/track_0746_r2.jpg
25_12-20.mp4,747,0,780,39841,500,924,708,1193,500,924,708,1193,2333.7,55952,ml/output/tracks/best_frames/25_12-20/track_0747_r0.jpg
25_12-20.mp4,747,1,783,39994,505,924,711,1166,505,924,711,1166,1178.4,49852,ml/output/tracks/best_frames/25_12-20/track_0747_r1.jpg
25_12-20.mp4,747,2,789,40300,503,939,723,1234,503,939,723,1234,718.4,64900,ml/output/tracks/best_frames/25_12-20/track_0747_r2.jpg
25_12-20.mp4,748,0,795,40607,2092,1047,2367,1431,2092,1047,2367,1431,2217.7,105600,ml/output/tracks/best_frames/25_12-20/track_0748_r0.jpg
25_12-20.mp4,748,1,789,40300,2111,874,2400,1253,2111,874,2400,1253,1933.1,109531,ml/output/tracks/best_frames/25_12-20/track_0748_r1.jpg
25_12-20.mp4,748,2,786,40147,2104,864,2304,1203,2104,864,2304,1203,2269.6,67800,ml/output/tracks/best_frames/25_12-20/track_0748_r2.jpg
25_12-20.mp4,749,0,789,40300,552,11,764,244,552,11,764,244,2688.1,49396,ml/output/tracks/best_frames/25_12-20/track_0749_r0.jpg
25_12-20.mp4,749,1,786,40147,562,0,761,190,562,0,761,190,2783.3,37810,ml/output/tracks/best_frames/25_12-20/track_0749_r1.jpg
25_12-20.mp4,749,2,783,39994,565,2,800,103,565,2,800,103,2953.8,23735,ml/output/tracks/best_frames/25_12-20/track_0749_r2.jpg
25_12-20.mp4,750,0,798,40760,528,1240,736,1485,528,1240,736,1485,2487.7,50960,ml/output/tracks/best_frames/25_12-20/track_0750_r0.jpg
25_12-20.mp4,750,1,804,41067,537,1358,749,1613,537,1358,749,1613,2055.6,54060,ml/output/tracks/best_frames/25_12-20/track_0750_r1.jpg
25_12-20.mp4,750,2,786,40147,513,1095,711,1278,513,1095,711,1278,2620.6,36234,ml/output/tracks/best_frames/25_12-20/track_0750_r2.jpg
25_12-20.mp4,751,0,792,40454,2085,1008,2304,1301,2085,1008,2304,1301,2367.6,64167,ml/output/tracks/best_frames/25_12-20/track_0751_r0.jpg
25_12-20.mp4,751,1,789,40300,2102,982,2303,1240,2102,982,2303,1240,2622.7,51858,ml/output/tracks/best_frames/25_12-20/track_0751_r1.jpg
25_12-20.mp4,751,2,795,40607,2091,1078,2304,1292,2091,1078,2304,1292,1611.1,45582,ml/output/tracks/best_frames/25_12-20/track_0751_r2.jpg
25_12-20.mp4,756,0,795,40607,554,69,743,287,554,69,743,287,1523.4,41202,ml/output/tracks/best_frames/25_12-20/track_0756_r0.jpg
25_12-20.mp4,756,1,798,40760,553,95,738,316,553,95,738,316,872.7,40885,ml/output/tracks/best_frames/25_12-20/track_0756_r1.jpg
25_12-20.mp4,756,2,801,40913,542,135,733,339,542,135,733,339,875.9,38964,ml/output/tracks/best_frames/25_12-20/track_0756_r2.jpg
25_12-20.mp4,759,0,798,40760,529,174,733,396,529,174,733,396,1889.5,45288,ml/output/tracks/best_frames/25_12-20/track_0759_r0.jpg
25_12-20.mp4,759,1,801,40913,528,222,726,425,528,222,726,425,1493.8,40194,ml/output/tracks/best_frames/25_12-20/track_0759_r1.jpg
25_12-20.mp4,759,2,804,41067,531,259,718,463,531,259,718,463,1421.9,38148,ml/output/tracks/best_frames/25_12-20/track_0759_r2.jpg
