video,track_id,rank,frame_idx,frame_ts_ms,x_min,y_min,x_max,y_max,x_min_orig,y_min_orig,x_max_orig,y_max_orig,sharpness,area,crop_path,hires_crop
26_12-20.mp4,0,0,21,1051,941,1182,1170,1343,941,1182,1170,1343,4427.7,36869,ml/output/tracks/best_frames/26_12-20/track_0000_r0.jpg,ml/output/tracks/best_frames_hires/26_12-20/track_0000_r0.jpg
26_12-20.mp4,0,1,24,1201,909,1227,1187,1407,909,1227,1187,1407,2829.4,50040,ml/output/tracks/best_frames/26_12-20/track_0000_r1.jpg,ml/output/tracks/best_frames_hires/26_12-20/track_0000_r1.jpg
26_12-20.mp4,6,2,36,1802,2544,0,2888,86,2544,0,2888,86,1665.0,29584,ml/output/tracks/best_frames/26_12-20/track_0006_r2.jpg,ml/output/tracks/best_frames_hires/26_12-20/track_0006_r2.jpg
26_12-20.mp4,6,1,39,1952,2554,0,2890,161,2554,0,2890,161,1233.4,54096,ml/output/tracks/best_frames/26_12-20/track_0006_r1.jpg,ml/output/tracks/best_frames_hires/26_12-20/track_0006_r1.jpg
26_12-20.mp4,6,0,42,2102,2569,13,2896,235,2569,13,2896,235,1214.2,72594,ml/output/tracks/best_frames/26_12-20/track_0006_r0.jpg,ml/output/tracks/best_frames_hires/26_12-20/track_0006_r0.jpg
26_12-20.mp4,3,2,48,2402,0,344,57,542,0,344,57,542,2421.7,11286,ml/output/tracks/best_frames/26_12-20/track_0003_r2.jpg,ml/output/tracks/best_frames_hires/26_12-20/track_0003_r2.jpg
26_12-20.mp4,3,1,51,2553,0,391,56,591,0,391,56,591,2608.4,11200,ml/output/tracks/best_frames/26_12-20/track_0003_r1.jpg,ml/output/tracks/best_frames_hires/26_12-20/track_0003_r1.jpg
26_12-20.mp4,19,0,51,2553,702,21,896,258,702,21,896,258,930.7,45978,ml/output/tracks/best_frames/26_12-20/track_0019_r0.jpg,ml/output/tracks/best_frames_hires/26_12-20/track_0019_r0.jpg
26_12-20.mp4,19,1,54,2703,714,0,904,197,714,0,904,197,704.8,37430,ml/output/tracks/best_frames/26_12-20/track_0019_r1.jpg,ml/output/tracks/best_frames_hires/26_12-20/track_0019_r1.jpg
26_12-20.mp4,3,0,57,2853,0,443,58,672,0,443,58,672,2596.2,13282,ml/output/tracks/best_frames/26_12-20/track_0003_r0.jpg,ml/output/tracks/best_frames_hires/26_12-20/track_0003_r0.jpg
26_12-20.mp4,20,0,60,3003,2071,318,2304,624,2071,318,2304,624,1423.3,71298,ml/output/tracks/best_frames/26_12-20/track_0020_r0.jpg,ml/output/tracks/best_frames_hires/26_12-20/track_0020_r0.jpg
26_12-20.mp4,24,0,63,3153,0,273,68,525,0,273,68,525,1679.6,17136,ml/output/tracks/best_frames/26_12-20/track_0024_r0.jpg,ml/output/tracks/best_frames_hires/26_12-20/track_0024_r0.jpg
26_12-20.mp4,25,1,63,3153,2094,4,2335,280,2094,4,2335,280,1065.7,66516,ml/output/tracks/best_frames/26_12-20/track_0025_r1.jpg,ml/output/tracks/best_frames_hires/26_12-20/track_0025_r1.jpg
26_12-20.mp4,24,1,66,3303,0,308,62,551,0,308,62,551,1761.8,15066,ml/output/tracks/best_frames/26_12-20/track_0024_r1.jpg,ml/output/tracks/best_frames_hires/26_12-20/track_0024_r1.jpg
26_12-20.mp4,20,1,66,3303,2068,439,2304,720,2068,439,2304,720,1371.2,66316,ml/output/tracks/best_frames/26_12-20/track_0020_r1.jpg,ml/output/tracks/best_frames_hires/26_12-20/track_0020_r1.jpg
26_12-20.mp4,12,0,66,3303,0,180,99,524,0,180,99,524,1322.1,34056,ml/output/tracks/best_frames/26_12-20/track_0012_r0.jpg,ml/output/tracks/best_frames_hires/26_12-20/track_0012_r0.jpg
26_12-20.mp4,25,0,66,3303,2081,39,2339,357,2081,39,2339,357,1536.2,82044,ml/output/tracks/best_frames/26_12-20/track_0025_r0.jpg,ml/output/tracks/best_frames_hires/26_12-20/track_0025_r0.jpg
26_12-20.mp4,24,2,69,3453,0,345,63,579,0,345,63,579,1603.2,14742,ml/output/tracks/best_frames/26_12-20/track_0024_r2.jpg,ml/output/tracks/best_frames_hires/26_12-20/track_0024_r2.jpg
26_12-20.mp4,20,2,69,3453,2074,488,2304,800,2074,488,2304,800,1143.9,71760,ml/output/tracks/best_frames/26_12-20/track_0020_r2.jpg,ml/output/tracks/best_frames_hires/26_12-20/track_0020_r2.jpg
26_12-20.mp4,12,1,69,3453,0,212,90,547,0,212,90,547,1388.0,30150,ml/output/tracks/best_frames/26_12-20/track_0012_r1.jpg,ml/output/tracks/best_frames_hires/26_12-20/track_0012_r1.jpg
26_12-20.mp4,27,1,72,3604,2873,1350,3075,1642,2873,1350,3075,1642,278.3,58984,ml/output/tracks/best_frames/26_12-20/track_0027_r1.jpg,ml/output/tracks/best_frames_hires/26_12-20/track_0027_r1.jpg
26_12-20.mp4,30,2,75,3754,3383,864,3757,894,3383,864,3757,894,2611.3,11220,ml/output/tracks/best_frames/26_12-20/track_0030_r2.jpg,ml/output/tracks/best_frames_hires/26_12-20/track_0030_r2.jpg
26_12-20.mp4,32,0,75,3754,705,0,893,264,705,0,893,264,1174.5,49632,ml/output/tracks/best_frames/26_12-20/track_0032_r0.jpg,ml/output/tracks/best_frames_hires/26_12-20/track_0032_r0.jpg
26_12-20.mp4,27,2,78,3904,2858,1499,3054,1779,2858,1499,3054,1779,265.3,54880,ml/output/tracks/best_frames/26_12-20/track_0027_r2.jpg,ml/output/tracks/best_frames_hires/26_12-20/track_0027_r2.jpg
26_12-20.mp4,30,1,78,3904,3420,864,3762,895,3420,864,3762,895,3067.7,10602,ml/output/tracks/best_frames/26_12-20/track_0030_r1.jpg,ml/output/tracks/best_frames_hires/26_12-20/track_0030_r1.jpg
26_12-20.mp4,32,1,78,3904,709,0,902,201,709,0,902,201,1127.7,38793,ml/output/tracks/best_frames/26_12-20/track_0032_r1.jpg,ml/output/tracks/best_frames_hires/26_12-20/track_0032_r1.jpg
26_12-20.mp4,30,0,81,4054,3433,864,3758,897,3433,864,3758,897,3482.5,10725,ml/output/tracks/best_frames/26_12-20/track_0030_r0.jpg,ml/output/tracks/best_frames_hires/26_12-20/track_0030_r0.jpg
26_12-20.mp4,27,0,81,4054,2838,1571,3041,1848,2838,1571,3041,1848,336.6,56231,ml/output/tracks/best_frames/26_12-20/track_0027_r0.jpg,ml/output/tracks/best_frames_hires/26_12-20/track_0027_r0.jpg
26_12-20.mp4,38,1,81,4054,2093,27,2339,323,2093,27,2339,323,378.7,72816,ml/output/tracks/best_frames/26_12-20/track_0038_r1.jpg,ml/output/tracks/best_frames_hires/26_12-20/track_0038_r1.jpg
26_12-20.mp4,37,0,81,4054,2830,1675,3098,1967,2830,1675,3098,1967,1033.4,78256,ml/output/tracks/best_frames/26_12-20/track_0037_r0.jpg,ml/output/tracks/best_frames_hires/26_12-20/track_0037_r0.jpg
26_12-20.mp4,32,2,81,4054,698,9,892,174,698,9,892,174,1276.4,32010,ml/output/tracks/best_frames/26_12-20/track_0032_r2.jpg,ml/output/tracks/best_frames_hires/26_12-20/track_0032_r2.jpg
26_12-20.mp4,40,1,81,4054,653,864,825,1016,653,864,825,1016,1649.0,26144,ml/output/tracks/best_frames/26_12-20/track_0040_r1.jpg,ml/output/tracks/best_frames_hires/26_12-20/track_0040_r1.jpg
26_12-20.mp4,40,0,84,4204,644,870,822,972,644,870,822,972,4224.3,18156,ml/output/tracks/best_frames/26_12-20/track_0040_r0.jpg,ml/output/tracks/best_frames_hires/26_12-20/track_0040_r0.jpg
26_12-20.mp4,38,0,84,4204,2090,7,2304,315,2090,7,2304,315,1388.8,65912,ml/output/tracks/best_frames/26_12-20/track_0038_r0.jpg,ml/output/tracks/best_frames_hires/26_12-20/track_0038_r0.jpg
26_12-20.mp4,37,1,84,4204,2826,1647,3045,1934,2826,1647,3045,1934,515.2,62853,ml/output/tracks/best_frames/26_12-20/track_0037_r1.jpg,ml/output/tracks/best_frames_hires/26_12-20/track_0037_r1.jpg
26_12-20.mp4,41,0,84,4204,2816,1759,3064,2012,2816,1759,3064,2012,936.5,62744,ml/output/tracks/best_frames/26_12-20/track_0041_r0.jpg,ml/output/tracks/best_frames_hires/26_12-20/track_0041_r0.jpg
26_12-20.mp4,40,2,87,4354,634,865,836,941,634,865,836,941,2714.2,15352,ml/output/tracks/best_frames/26_12-20/track_0040_r2.jpg,ml/output/tracks/best_frames_hires/26_12-20/track_0040_r2.jpg
26_12-20.mp4,41,1,87,4354,2806,1722,3011,2006,2806,1722,3011,2006,440.6,58220,ml/output/tracks/best_frames/26_12-20/track_0041_r1.jpg,ml/output/tracks/best_frames_hires/26_12-20/track_0041_r1.jpg
26_12-20.mp4,29,2,87,4354,0,106,111,300,0,106,111,300,1309.4,21534,ml/output/tracks/best_frames/26_12-20/track_0029_r2.jpg,ml/output/tracks/best_frames_hires/26_12-20/track_0029_r2.jpg
26_12-20.mp4,46,0,87,4354,2790,1816,3067,2086,2790,1816,3067,2086,980.1,74790,ml/output/tracks/best_frames/26_12-20/track_0046_r0.jpg,ml/output/tracks/best_frames_hires/26_12-20/track_0046_r0.jpg
26_12-20.mp4,12,2,90,4504,0,511,44,724,0,511,44,724,4439.4,9372,ml/output/tracks/best_frames/26_12-20/track_0012_r2.jpg,ml/output/tracks/best_frames_hires/26_12-20/track_0012_r2.jpg
26_12-20.mp4,29,0,90,4504,0,147,101,333,0,147,101,333,1653.3,18786,ml/output/tracks/best_frames/26_12-20/track_0029_r0.jpg,ml/output/tracks/best_frames_hires/26_12-20/track_0029_r0.jpg
26_12-20.mp4,50,2,90,4504,3159,864,3339,881,3159,864,3339,881,2098.3,3060,ml/output/tracks/best_frames/26_12-20/track_0050_r2.jpg,ml/output/tracks/best_frames_hires/26_12-20/track_0050_r2.jpg
26_12-20.mp4,10,2,90,4504,2061,656,2305,924,2061,656,2305,924,2928.8,65392,ml/output/tracks/best_frames/26_12-20/track_0010_r2.jpg,ml/output/tracks/best_frames_hires/26_12-20/track_0010_r2.jpg
26_12-20.mp4,46,1,90,4504,2779,1792,3033,2091,2779,1792,3033,2091,770.6,75946,ml/output/tracks/best_frames/26_12-20/track_0046_r1.jpg,ml/output/tracks/best_frames_hires/26_12-20/track_0046_r1.jpg
26_12-20.mp4,46,2,93,4655,2760,1862,2995,2156,2760,1862,2995,2156,620.3,69090,ml/output/tracks/best_frames/26_12-20/track_0046_r2.jpg,ml/output/tracks/best_frames_hires/26_12-20/track_0046_r2.jpg
26_12-20.mp4,50,1,93,4655,3172,864,3338,887,3172,864,3338,887,1704.4,3818,ml/output/tracks/best_frames/26_12-20/track_0050_r1.jpg,ml/output/tracks/best_frames_hires/26_12-20/track_0050_r1.jpg
26_12-20.mp4,10,0,93,4655,2056,720,2307,995,2056,720,2307,995,3139.4,69025,ml/output/tracks/best_frames/26_12-20/track_0010_r0.jpg,ml/output/tracks/best_frames_hires/26_12-20/track_0010_r0.jpg
26_12-20.mp4,50,0,96,4805,3107,864,3344,894,3107,864,3344,894,2133.6,7110,ml/output/tracks/best_frames/26_12-20/track_0050_r0.jpg,ml/output/tracks/best_frames_hires/26_12-20/track_0050_r0.jpg
26_12-20.mp4,10,1,96,4805,2054,792,2302,1072,2054,792,2302,1072,2861.4,69440,ml/output/tracks/best_frames/26_12-20/track_0010_r1.jpg,ml/output/tracks/best_frames_hires/26_12-20/track_0010_r1.jpg
26_12-20.mp4,29,1,99,4955,0,273,73,448,0,273,73,448,2414.0,12775,ml/output/tracks/best_frames/26_12-20/track_0029_r1.jpg,ml/output/tracks/best_frames_hires/26_12-20/track_0029_r1.jpg
26_12-20.mp4,57,0,99,4955,703,0,895,296,703,0,895,296,1465.6,56832,ml/output/tracks/best_frames/26_12-20/track_0057_r0.jpg,ml/output/tracks/best_frames_hires/26_12-20/track_0057_r0.jpg
26_12-20.mp4,58,0,99,4955,2048,988,2290,1257,2048,988,2290,1257,2171.8,65098,ml/output/tracks/best_frames/26_12-20/track_0058_r0.jpg,ml/output/tracks/best_frames_hires/26_12-20/track_0058_r0.jpg
26_12-20.mp4,35,1,99,4955,2084,191,2325,446,2084,191,2325,446,3575.1,61455,ml/output/tracks/best_frames/26_12-20/track_0035_r1.jpg,ml/output/tracks/best_frames_hires/26_12-20/track_0035_r1.jpg
26_12-20.mp4,56,1,99,4955,644,864,817,993,644,864,817,993,2338.8,22317,ml/output/tracks/best_frames/26_12-20/track_0056_r1.jpg,ml/output/tracks/best_frames_hires/26_12-20/track_0056_r1.jpg
26_12-20.mp4,56,2,102,5105,653,864,815,1018,653,864,815,1018,1709.4,24948,ml/output/tracks/best_frames/26_12-20/track_0056_r2.jpg,ml/output/tracks/best_frames_hires/26_12-20/track_0056_r2.jpg
26_12-20.mp4,35,0,102,5105,2081,241,2304,504,2081,241,2304,504,3822.4,58649,ml/output/tracks/best_frames/26_12-20/track_0035_r0.jpg,ml/output/tracks/best_frames_hires/26_12-20/track_0035_r0.jpg
26_12-20.mp4,57,1,102,5105,705,0,895,290,705,0,895,290,1492.5,55100,ml/output/tracks/best_frames/26_12-20/track_0057_r1.jpg,ml/output/tracks/best_frames_hires/26_12-20/track_0057_r1.jpg
26_12-20.mp4,58,1,102,5105,2045,1042,2285,1314,2045,1042,2285,1314,2134.1,65280,ml/output/tracks/best_frames/26_12-20/track_0058_r1.jpg,ml/output/tracks/best_frames_hires/26_12-20/track_0058_r1.jpg
26_12-20.mp4,63,2,105,5255,2081,390,2303,670,2081,390,2303,670,2106.9,62160,ml/output/tracks/best_frames/26_12-20/track_0063_r2.jpg,ml/output/tracks/best_frames_hires/26_12-20/track_0063_r2.jpg
26_12-20.mp4,35,2,105,5255,2077,289,2304,556,2077,289,2304,556,3296.8,60609,ml/output/tracks/best_frames/26_12-20/track_0035_r2.jpg,ml/output/tracks/best_frames_hires/26_12-20/track_0035_r2.jpg
26_12-20.mp4,56,0,105,5255,652,864,819,1064,652,864,819,1064,2488.0,33400,ml/output/tracks/best_frames/26_12-20/track_0056_r0.jpg,ml/output/tracks/best_frames_hires/26_12-20/track_0056_r0.jpg
26_12-20.mp4,63,0,108,5405,2070,353,2306,611,2070,353,2306,611,4076.9,60888,ml/output/tracks/best_frames/26_12-20/track_0063_r0.jpg,ml/output/tracks/best_frames_hires/26_12-20/track_0063_r0.jpg
26_12-20.mp4,59,2,108,5405,0,388,51,575,0,388,51,575,3581.0,9537,ml/output/tracks/best_frames/26_12-20/track_0059_r2.jpg,ml/output/tracks/best_frames_hires/26_12-20/track_0059_r2.jpg
26_12-20.mp4,63,1,111,5556,2073,399,2306,670,2073,399,2306,670,3196.4,63143,ml/output/tracks/best_frames/26_12-20/track_0063_r1.jpg,ml/output/tracks/best_frames_hires/26_12-20/track_0063_r1.jpg
26_12-20.mp4,59,1,111,5556,0,436,45,609,0,436,45,609,4436.7,7785,ml/output/tracks/best_frames/26_12-20/track_0059_r1.jpg,ml/output/tracks/best_frames_hires/26_12-20/track_0059_r1.jpg
26_12-20.mp4,59,0,114,5706,0,478,43,657,0,478,43,657,5050.1,7697,ml/output/tracks/best_frames/26_12-20/track_0059_r0.jpg,ml/output/tracks/best_frames_hires/26_12-20/track_0059_r0.jpg
26_12-20.mp4,69,1,117,5856,709,0,904,217,709,0,904,217,643.3,42315,ml/output/tracks/best_frames/26_12-20/track_0069_r1.jpg,ml/output/tracks/best_frames_hires/26_12-20/track_0069_r1.jpg
26_12-20.mp4,70,0,117,5856,2526,1177,2849,1294,2526,1177,2849,1294,1701.2,37791,ml/output/tracks/best_frames/26_12-20/track_0070_r0.jpg,ml/output/tracks/best_frames_hires/26_12-20/track_0070_r0.jpg
26_12-20.mp4,72,2,117,5856,0,920,36,1105,0,920,36,1105,4449.2,6660,ml/output/tracks/best_frames/26_12-20/track_0072_r2.jpg,ml/output/tracks/best_frames_hires/26_12-20/track_0072_r2.jpg
26_12-20.mp4,67,0,120,6006,2458,8,2624,291,2458,8,2624,291,4682.6,46978,ml/output/tracks/best_frames/26_12-20/track_0067_r0.jpg,ml/output/tracks/best_frames_hires/26_12-20/track_0067_r0.jpg
26_12-20.mp4,69,0,120,6006,713,5,894,127,713,5,894,127,2207.1,22082,ml/output/tracks/best_frames/26_12-20/track_0069_r0.jpg,ml/output/tracks/best_frames_hires/26_12-20/track_0069_r0.jpg
26_12-20.mp4,70,1,120,6006,2518,1245,2847,1296,2518,1245,2847,1296,2780.5,16779,ml/output/tracks/best_frames/26_12-20/track_0070_r1.jpg,ml/output/tracks/best_frames_hires/26_12-20/track_0070_r1.jpg
26_12-20.mp4,72,1,120,6006,0,990,38,1172,0,990,38,1172,4856.2,6916,ml/output/tracks/best_frames/26_12-20/track_0072_r1.jpg,ml/output/tracks/best_frames_hires/26_12-20/track_0072_r1.jpg
26_12-20.mp4,55,0,120,6006,0,268,78,465,0,268,78,465,2830.2,15366,ml/output/tracks/best_frames/26_12-20/track_0055_r0.jpg,ml/output/tracks/best_frames_hires/26_12-20/track_0055_r0.jpg
26_12-20.mp4,65,2,120,6006,2064,614,2302,880,2064,614,2302,880,3755.7,63308,ml/output/tracks/best_frames/26_12-20/track_0065_r2.jpg,ml/output/tracks/best_frames_hires/26_12-20/track_0065_r2.jpg
26_12-20.mp4,67,1,123,6156,2462,110,2631,355,2462,110,2631,355,4734.6,41405,ml/output/tracks/best_frames/26_12-20/track_0067_r1.jpg,ml/output/tracks/best_frames_hires/26_12-20/track_0067_r1.jpg
26_12-20.mp4,72,0,123,6156,0,1024,40,1206,0,1024,40,1206,4680.1,7280,ml/output/tracks/best_frames/26_12-20/track_0072_r0.jpg,ml/output/tracks/best_frames_hires/26_12-20/track_0072_r0.jpg
26_12-20.mp4,65,1,123,6156,2063,689,2309,952,2063,689,2309,952,3732.1,64698,ml/output/tracks/best_frames/26_12-20/track_0065_r1.jpg,ml/output/tracks/best_frames_hires/26_12-20/track_0065_r1.jpg
26_12-20.mp4,55,1,123,6156,0,315,73,504,0,315,73,504,3104.1,13797,ml/output/tracks/best_frames/26_12-20/track_0055_r1.jpg,ml/output/tracks/best_frames_hires/26_12-20/track_0055_r1.jpg
26_12-20.mp4,67,2,126,6306,2465,168,2631,407,2465,168,2631,407,4461.2,39674,ml/output/tracks/best_frames/26_12-20/track_0067_r2.jpg,ml/output/tracks/best_frames_hires/26_12-20/track_0067_r2.jpg
26_12-20.mp4,65,0,126,6306,2061,748,2317,1017,2061,748,2317,1017,4217.9,68864,ml/output/tracks/best_frames/26_12-20/track_0065_r0.jpg,ml/output/tracks/best_frames_hires/26_12-20/track_0065_r0.jpg
26_12-20.mp4,55,2,126,6306,0,359,59,552,0,359,59,552,3359.8,11387,ml/output/tracks/best_frames/26_12-20/track_0055_r2.jpg,ml/output/tracks/best_frames_hires/26_12-20/track_0055_r2.jpg
26_12-20.mp4,87,2,147,7357,2065,1033,2303,1310,2065,1033,2303,1310,627.3,65926,ml/output/tracks/best_frames/26_12-20/track_0087_r2.jpg,ml/output/tracks/best_frames_hires/26_12-20/track_0087_r2.jpg
26_12-20.mp4,87,1,150,7507,2064,1031,2304,1310,2064,1031,2304,1310,681.7,66960,ml/output/tracks/best_frames/26_12-20/track_0087_r1.jpg,ml/output/tracks/best_frames_hires/26_12-20/track_0087_r1.jpg
26_12-20.mp4,87,0,153,7658,2065,1031,2304,1308,2065,1031,2304,1308,702.2,66203,ml/output/tracks/best_frames/26_12-20/track_0087_r0.jpg,ml/output/tracks/best_frames_hires/26_12-20/track_0087_r0.jpg
26_12-20.mp4,85,0,159,7958,2208,0,2303,32,2208,0,2303,32,26503.6,3040,ml/output/tracks/best_frames/26_12-20/track_0085_r0.jpg,ml/output/tracks/best_frames_hires/26_12-20/track_0085_r0.jpg
26_12-20.mp4,85,2,165,8258,2227,0,2304,35,2227,0,2304,35,29497.7,2695,ml/output/tracks/best_frames/26_12-20/track_0085_r2.jpg,ml/output/tracks/best_frames_hires/26_12-20/track_0085_r2.jpg
26_12-20.mp4,77,2,165,8258,645,864,815,1063,645,864,815,1063,5283.3,33830,ml/output/tracks/best_frames/26_12-20/track_0077_r2.jpg,ml/output/tracks/best_frames_hires/26_12-20/track_0077_r2.jpg
26_12-20.mp4,85,1,168,8408,2227,0,2304,35,2227,0,2304,35,29784.8,2695,ml/output/tracks/best_frames/26_12-20/track_0085_r1.jpg,ml/output/tracks/best_frames_hires/26_12-20/track_0085_r1.jpg
26_12-20.mp4,71,2,171,8559,0,136,98,313,0,136,98,313,5164.1,17346,ml/output/tracks/best_frames/26_12-20/track_0071_r2.jpg,ml/output/tracks/best_frames_hires/26_12-20/track_0071_r2.jpg
26_12-20.mp4,73,2,171,8559,689,49,880,268,689,49,880,268,7503.1,41829,ml/output/tracks/best_frames/26_12-20/track_0073_r2.jpg,ml/output/tracks/best_frames_hires/26_12-20/track_0073_r2.jpg
26_12-20.mp4,74,0,171,8559,2068,796,2305,1055,2068,796,2305,1055,14055.9,61383,ml/output/tracks/best_frames/26_12-20/track_0074_r0.jpg,ml/output/tracks/best_frames_hires/26_12-20/track_0074_r0.jpg
26_12-20.mp4,80,2,171,8559,2090,0,2319,158,2090,0,2319,158,3545.7,36182,ml/output/tracks/best_frames/26_12-20/track_0080_r2.jpg,ml/output/tracks/best_frames_hires/26_12-20/track_0080_r2.jpg
26_12-20.mp4,77,1,171,8559,645,864,816,1063,645,864,816,1063,5276.3,34029,ml/output/tracks/best_frames/26_12-20/track_0077_r1.jpg,ml/output/tracks/best_frames_hires/26_12-20/track_0077_r1.jpg
26_12-20.mp4,42,2,171,8559,639,615,822,1065,639,615,822,1065,8319.2,82350,ml/output/tracks/best_frames/26_12-20/track_0042_r2.jpg,ml/output/tracks/best_frames_hires/26_12-20/track_0042_r2.jpg
26_12-20.mp4,11,2,171,8559,698,1568,878,1784,698,1568,878,1784,10920.3,38880,ml/output/tracks/best_frames/26_12-20/track_0011_r2.jpg,ml/output/tracks/best_frames_hires/26_12-20/track_0011_r2.jpg
26_12-20.mp4,23,2,171,8559,648,1086,844,1512,648,1086,844,1512,8500.1,83496,ml/output/tracks/best_frames/26_12-20/track_0023_r2.jpg,ml/output/tracks/best_frames_hires/26_12-20/track_0023_r2.jpg
26_12-20.mp4,26,2,171,8559,2011,1926,2234,2117,2011,1926,2234,2117,9478.0,42593,ml/output/tracks/best_frames/26_12-20/track_0026_r2.jpg,ml/output/tracks/best_frames_hires/26_12-20/track_0026_r2.jpg
26_12-20.mp4,51,2,171,8559,2037,1463,2267,1705,2037,1463,2267,1705,10119.4,55660,ml/output/tracks/best_frames/26_12-20/track_0051_r2.jpg,ml/output/tracks/best_frames_hires/26_12-20/track_0051_r2.jpg
26_12-20.mp4,89,2,171,8559,2065,1030,2304,1310,2065,1030,2304,1310,747.1,66920,ml/output/tracks/best_frames/26_12-20/track_0089_r2.jpg,ml/output/tracks/best_frames_hires/26_12-20/track_0089_r2.jpg
26_12-20.mp4,53,1,171,8559,0,1512,116,1694,0,1512,116,1694,4094.1,21112,ml/output/tracks/best_frames/26_12-20/track_0053_r1.jpg,ml/output/tracks/best_frames_hires/26_12-20/track_0053_r1.jpg
26_12-20.mp4,79,2,171,8559,652,1085,830,1296,652,1085,830,1296,13282.1,37558,ml/output/tracks/best_frames/26_12-20/track_0079_r2.jpg,ml/output/tracks/best_frames_hires/26_12-20/track_0079_r2.jpg
26_12-20.mp4,52,2,171,8559,2085,433,2317,684,2085,433,2317,684,16026.7,58232,ml/output/tracks/best_frames/26_12-20/track_0052_r2.jpg,ml/output/tracks/best_frames_hires/26_12-20/track_0052_r2.jpg
26_12-20.mp4,11,1,174,8709,698,1568,878,1784,698,1568,878,1784,11000.0,38880,ml/output/tracks/best_frames/26_12-20/track_0011_r1.jpg,ml/output/tracks/best_frames_hires/26_12-20/track_0011_r1.jpg
26_12-20.mp4,79,0,174,8709,652,1085,830,1296,652,1085,830,1296,13306.2,37558,ml/output/tracks/best_frames/26_12-20/track_0079_r0.jpg,ml/output/tracks/best_frames_hires/26_12-20/track_0079_r0.jpg
26_12-20.mp4,51,1,174,8709,2037,1463,2267,1705,2037,1463,2267,1705,10155.8,55660,ml/output/tracks/best_frames/26_12-20/track_0051_r1.jpg,ml/output/tracks/best_frames_hires/26_12-20/track_0051_r1.jpg
26_12-20.mp4,77,0,174,8709,645,864,816,1063,645,864,816,1063,5284.5,34029,ml/output/tracks/best_frames/26_12-20/track_0077_r0.jpg,ml/output/tracks/best_frames_hires/26_12-20/track_0077_r0.jpg
26_12-20.mp4,74,2,174,8709,2071,797,2314,1057,2071,797,2314,1057,13587.2,63180,ml/output/tracks/best_frames/26_12-20/track_0074_r2.jpg,ml/output/tracks/best_frames_hires/26_12-20/track_0074_r2.jpg
26_12-20.mp4,52,1,174,8709,2085,433,2316,685,2085,433,2316,685,16048.5,58212,ml/output/tracks/best_frames/26_12-20/track_0052_r1.jpg,ml/output/tracks/best_frames_hires/26_12-20/track_0052_r1.jpg
26_12-20.mp4,89,1,174,8709,2065,1030,2304,1311,2065,1030,2304,1311,750.1,67159,ml/output/tracks/best_frames/26_12-20/track_0089_r1.jpg,ml/output/tracks/best_frames_hires/26_12-20/track_0089_r1.jpg
26_12-20.mp4,53,2,174,8709,0,1513,116,1694,0,1513,116,1694,4106.4,20996,ml/output/tracks/best_frames/26_12-20/track_0053_r2.jpg,ml/output/tracks/best_frames_hires/26_12-20/track_0053_r2.jpg
26_12-20.mp4,42,1,174,8709,639,615,822,1065,639,615,822,1065,8345.5,82350,ml/output/tracks/best_frames/26_12-20/track_0042_r1.jpg,ml/output/tracks/best_frames_hires/26_12-20/track_0042_r1.jpg
26_12-20.mp4,71,1,174,8709,0,136,98,313,0,136,98,313,5205.4,17346,ml/output/tracks/best_frames/26_12-20/track_0071_r1.jpg,ml/output/tracks/best_frames_hires/26_12-20/track_0071_r1.jpg
26_12-20.mp4,26,1,174,8709,2011,1926,2234,2117,2011,1926,2234,2117,9520.6,42593,ml/output/tracks/best_frames/26_12-20/track_0026_r1.jpg,ml/output/tracks/best_frames_hires/26_12-20/track_0026_r1.jpg
26_12-20.mp4,23,1,174,8709,648,1086,843,1512,648,1086,843,1512,8556.3,83070,ml/output/tracks/best_frames/26_12-20/track_0023_r1.jpg,ml/output/tracks/best_frames_hires/26_12-20/track_0023_r1.jpg
26_12-20.mp4,73,1,174,8709,689,49,880,268,689,49,880,268,7568.0,41829,ml/output/tracks/best_frames/26_12-20/track_0073_r1.jpg,ml/output/tracks/best_frames_hires/26_12-20/track_0073_r1.jpg
26_12-20.mp4,80,0,174,8709,2090,0,2319,158,2090,0,2319,158,3562.7,36182,ml/output/tracks/best_frames/26_12-20/track_0080_r0.jpg,ml/output/tracks/best_frames_hires/26_12-20/track_0080_r0.jpg
26_12-20.mp4,89,0,177,8859,2065,1030,2304,1311,2065,1030,2304,1311,753.6,67159,ml/output/tracks/best_frames/26_12-20/track_0089_r0.jpg,ml/output/tracks/best_frames_hires/26_12-20/track_0089_r0.jpg
26_12-20.mp4,80,1,177,8859,2090,0,2319,158,2090,0,2319,158,3557.7,36182,ml/output/tracks/best_frames/26_12-20/track_0080_r1.jpg,ml/output/tracks/best_frames_hires/26_12-20/track_0080_r1.jpg
26_12-20.mp4,51,0,177,8859,2037,1463,2267,1705,2037,1463,2267,1705,10162.5,55660,ml/output/tracks/best_frames/26_12-20/track_0051_r0.jpg,ml/output/tracks/best_frames_hires/26_12-20/track_0051_r0.jpg
26_12-20.mp4,74,1,177,8859,2071,797,2314,1057,2071,797,2314,1057,13600.2,63180,ml/output/tracks/best_frames/26_12-20/track_0074_r1.jpg,ml/output/tracks/best_frames_hires/26_12-20/track_0074_r1.jpg
26_12-20.mp4,73,0,177,8859,689,49,880,268,689,49,880,268,7581.0,41829,ml/output/tracks/best_frames/26_12-20/track_0073_r0.jpg,ml/output/tracks/best_frames_hires/26_12-20/track_0073_r0.jpg
26_12-20.mp4,71,0,177,8859,0,137,98,313,0,137,98,313,5270.5,17248,ml/output/tracks/best_frames/26_12-20/track_0071_r0.jpg,ml/output/tracks/best_frames_hires/26_12-20/track_0071_r0.jpg
26_12-20.mp4,11,0,177,8859,698,1568,878,1784,698,1568,878,1784,11060.0,38880,ml/output/tracks/best_frames/26_12-20/track_0011_r0.jpg,ml/output/tracks/best_frames_hires/26_12-20/track_0011_r0.jpg
26_12-20.mp4,23,0,177,8859,648,1087,843,1512,648,1087,843,1512,8589.9,82875,ml/output/tracks/best_frames/26_12-20/track_0023_r0.jpg,ml/output/tracks/best_frames_hires/26_12-20/track_0023_r0.jpg
26_12-20.mp4,79,1,177,8859,653,1085,830,1296,653,1085,830,1296,13367.1,37347,ml/output/tracks/best_frames/26_12-20/track_0079_r1.jpg,ml/output/tracks/best_frames_hires/26_12-20/track_0079_r1.jpg
26_12-20.mp4,26,0,177,8859,2011,1926,2234,2117,2011,1926,2234,2117,9588.5,42593,ml/output/tracks/best_frames/26_12-20/track_0026_r0.jpg,ml/output/tracks/best_frames_hires/26_12-20/track_0026_r0.jpg
26_12-20.mp4,42,0,177,8859,639,615,822,1065,639,615,822,1065,8361.2,82350,ml/output/tracks/best_frames/26_12-20/track_0042_r0.jpg,ml/output/tracks/best_frames_hires/26_12-20/track_0042_r0.jpg
26_12-20.mp4,53,0,177,8859,0,1513,116,1693,0,1513,116,1693,4167.3,20880,ml/output/tracks/best_frames/26_12-20/track_0053_r0.jpg,ml/output/tracks/best_frames_hires/26_12-20/track_0053_r0.jpg
26_12-20.mp4,52,0,177,8859,2084,433,2317,684,2084,433,2317,684,16055.0,58483,ml/output/tracks/best_frames/26_12-20/track_0052_r0.jpg,ml/output/tracks/best_frames_hires/26_12-20/track_0052_r0.jpg
26_12-20.mp4,92,0,180,9009,115,394,221,594,115,394,221,594,1333.3,21200,ml/output/tracks/best_frames/26_12-20/track_0092_r0.jpg,ml/output/tracks/best_frames_hires/26_12-20/track_0092_r0.jpg
26_12-20.mp4,91,0,180,9009,0,379,49,573,0,379,49,573,7205.5,9506,ml/output/tracks/best_frames/26_12-20/track_0091_r0.jpg,ml/output/tracks/best_frames_hires/26_12-20/track_0091_r0.jpg
26_12-20.mp4,92,1,183,9159,123,364,223,560,123,364,223,560,861.5,19600,ml/output/tracks/best_frames/26_12-20/track_0092_r1.jpg,ml/output/tracks/best_frames_hires/26_12-20/track_0092_r1.jpg
26_12-20.mp4,95,0,183,9159,2072,864,2304,1008,2072,864,2304,1008,4079.5,33408,ml/output/tracks/best_frames/26_12-20/track_0095_r0.jpg,ml/output/tracks/best_frames_hires/26_12-20/track_0095_r0.jpg
26_12-20.mp4,91,1,183,9159,0,354,61,537,0,354,61,537,4691.8,11163,ml/output/tracks/best_frames/26_12-20/track_0091_r1.jpg,ml/output/tracks/best_frames_hires/26_12-20/track_0091_r1.jpg
26_12-20.mp4,96,2,183,9159,2077,254,2334,549,2077,254,2334,549,4305.0,75815,ml/output/tracks/best_frames/26_12-20/track_0096_r2.jpg,ml/output/tracks/best_frames_hires/26_12-20/track_0096_r2.jpg
26_12-20.mp4,95,1,186,9309,2065,864,2303,1024,2065,864,2303,1024,1349.1,38080,ml/output/tracks/best_frames/26_12-20/track_0095_r1.jpg,ml/output/tracks/best_frames_hires/26_12-20/track_0095_r1.jpg
26_12-20.mp4,99,0,192,9610,0,525,66,705,0,525,66,705,4972.2,11880,ml/output/tracks/best_frames/26_12-20/track_0099_r0.jpg,ml/output/tracks/best_frames_hires/26_12-20/track_0099_r0.jpg
26_12-20.mp4,104,0,195,9760,2085,0,2304,269,2085,0,2304,269,4175.1,58911,ml/output/tracks/best_frames/26_12-20/track_0104_r0.jpg,ml/output/tracks/best_frames_hires/26_12-20/track_0104_r0.jpg
26_12-20.mp4,96,0,195,9760,2085,100,2333,353,2085,100,2333,353,5701.5,62744,ml/output/tracks/best_frames/26_12-20/track_0096_r0.jpg,ml/output/tracks/best_frames_hires/26_12-20/track_0096_r0.jpg
26_12-20.mp4,99,1,195,9760,0,476,73,649,0,476,73,649,3932.4,12629,ml/output/tracks/best_frames/26_12-20/track_0099_r1.jpg,ml/output/tracks/best_frames_hires/26_12-20/track_0099_r1.jpg
26_12-20.mp4,104,1,198,9910,2090,0,2304,278,2090,0,2304,278,2182.0,59492,ml/output/tracks/best_frames/26_12-20/track_0104_r1.jpg,ml/output/tracks/best_frames_hires/26_12-20/track_0104_r1.jpg
26_12-20.mp4,99,2,198,9910,0,502,74,694,0,502,74,694,3380.5,14208,ml/output/tracks/best_frames/26_12-20/track_0099_r2.jpg,ml/output/tracks/best_frames_hires/26_12-20/track_0099_r2.jpg
26_12-20.mp4,94,2,201,10060,3,919,135,1251,3,919,135,1251,1572.2,43824,ml/output/tracks/best_frames/26_12-20/track_0094_r2.jpg,ml/output/tracks/best_frames_hires/26_12-20/track_0094_r2.jpg
26_12-20.mp4,107,0,201,10060,0,3,97,187,0,3,97,187,2118.2,17848,ml/output/tracks/best_frames/26_12-20/track_0107_r0.jpg,ml/output/tracks/best_frames_hires/26_12-20/track_0107_r0.jpg
26_12-20.mp4,112,2,204,10210,2071,864,2311,1098,2071,864,2311,1098,1544.5,56160,ml/output/tracks/best_frames/26_12-20/track_0112_r2.jpg,ml/output/tracks/best_frames_hires/26_12-20/track_0112_r2.jpg
26_12-20.mp4,111,0,204,10210,2503,1238,2806,1296,2503,1238,2806,1296,3209.9,17574,ml/output/tracks/best_frames/26_12-20/track_0111_r0.jpg,ml/output/tracks/best_frames_hires/26_12-20/track_0111_r0.jpg
26_12-20.mp4,113,2,207,10360,700,865,870,984,700,865,870,984,2768.7,20230,ml/output/tracks/best_frames/26_12-20/track_0113_r2.jpg,ml/output/tracks/best_frames_hires/26_12-20/track_0113_r2.jpg
26_12-20.mp4,96,1,207,10360,2095,358,2337,619,2095,358,2337,619,5292.7,63162,ml/output/tracks/best_frames/26_12-20/track_0096_r1.jpg,ml/output/tracks/best_frames_hires/26_12-20/track_0096_r1.jpg
26_12-20.mp4,111,1,207,10360,2490,1274,2813,1296,2490,1274,2813,1296,5011.4,7106,ml/output/tracks/best_frames/26_12-20/track_0111_r1.jpg,ml/output/tracks/best_frames_hires/26_12-20/track_0111_r1.jpg
26_12-20.mp4,107,2,207,10360,0,84,78,267,0,84,78,267,2613.1,14274,ml/output/tracks/best_frames/26_12-20/track_0107_r2.jpg,ml/output/tracks/best_frames_hires/26_12-20/track_0107_r2.jpg
26_12-20.mp4,112,1,207,10360,2078,864,2303,989,2078,864,2303,989,6073.0,28125,ml/output/tracks/best_frames/26_12-20/track_0112_r1.jpg,ml/output/tracks/best_frames_hires/26_12-20/track_0112_r1.jpg
26_12-20.mp4,91,2,207,10360,0,344,58,529,0,344,58,529,4111.2,10730,ml/output/tracks/best_frames/26_12-20/track_0091_r2.jpg,ml/output/tracks/best_frames_hires/26_12-20/track_0091_r2.jpg
26_12-20.mp4,112,0,210,10510,2071,882,2310,1137,2071,882,2310,1137,3167.2,60945,ml/output/tracks/best_frames/26_12-20/track_0112_r0.jpg,ml/output/tracks/best_frames_hires/26_12-20/track_0112_r0.jpg
26_12-20.mp4,113,1,210,10510,698,864,872,1023,698,864,872,1023,2587.4,27666,ml/output/tracks/best_frames/26_12-20/track_0113_r1.jpg,ml/output/tracks/best_frames_hires/26_12-20/track_0113_r1.jpg
26_12-20.mp4,107,1,213,10661,0,155,65,341,0,155,65,341,3098.9,12090,ml/output/tracks/best_frames/26_12-20/track_0107_r1.jpg,ml/output/tracks/best_frames_hires/26_12-20/track_0107_r1.jpg
26_12-20.mp4,113,0,213,10661,696,864,874,1068,696,864,874,1068,2264.5,36312,ml/output/tracks/best_frames/26_12-20/track_0113_r0.jpg,ml/output/tracks/best_frames_hires/26_12-20/track_0113_r0.jpg
26_12-20.mp4,117,0,216,10811,728,1131,897,1296,728,1131,897,1296,4349.2,27885,ml/output/tracks/best_frames/26_12-20/track_0117_r0.jpg,ml/output/tracks/best_frames_hires/26_12-20/track_0117_r0.jpg
26_12-20.mp4,121,0,219,10961,12,1162,130,1296,12,1162,130,1296,2163.8,15812,ml/output/tracks/best_frames/26_12-20/track_0121_r0.jpg,ml/output/tracks/best_frames_hires/26_12-20/track_0121_r0.jpg
26_12-20.mp4,117,1,219,10961,729,1183,904,1295,729,1183,904,1295,3613.8,19600,ml/output/tracks/best_frames/26_12-20/track_0117_r1.jpg,ml/output/tracks/best_frames_hires/26_12-20/track_0117_r1.jpg
26_12-20.mp4,121,1,222,11111,16,1191,125,1296,16,1191,125,1296,2492.6,11445,ml/output/tracks/best_frames/26_12-20/track_0121_r1.jpg,ml/output/tracks/best_frames_hires/26_12-20/track_0121_r1.jpg
26_12-20.mp4,94,0,222,11111,37,1186,182,1498,37,1186,182,1498,1580.8,45240,ml/output/tracks/best_frames/26_12-20/track_0094_r0.jpg,ml/output/tracks/best_frames_hires/26_12-20/track_0094_r0.jpg
26_12-20.mp4,94,1,225,11261,34,1237,183,1545,34,1237,183,1545,1513.4,45892,ml/output/tracks/best_frames/26_12-20/track_0094_r1.jpg,ml/output/tracks/best_frames_hires/26_12-20/track_0094_r1.jpg
26_12-20.mp4,133,0,237,11862,680,1100,856,1296,680,1100,856,1296,3291.6,34496,ml/output/tracks/best_frames/26_12-20/track_0133_r0.jpg,ml/output/tracks/best_frames_hires/26_12-20/track_0133_r0.jpg
26_12-20.mp4,131,1,237,11862,2037,993,2275,1235,2037,993,2275,1235,4530.2,57596,ml/output/tracks/best_frames/26_12-20/track_0131_r1.jpg,ml/output/tracks/best_frames_hires/26_12-20/track_0131_r1.jpg
26_12-20.mp4,131,0,240,12012,2032,1058,2270,1296,2032,1058,2270,1296,5345.5,56644,ml/output/tracks/best_frames/26_12-20/track_0131_r0.jpg,ml/output/tracks/best_frames_hires/26_12-20/track_0131_r0.jpg
26_12-20.mp4,133,1,240,12012,676,1155,852,1296,676,1155,852,1296,3278.2,24816,ml/output/tracks/best_frames/26_12-20/track_0133_r1.jpg,ml/output/tracks/best_frames_hires/26_12-20/track_0133_r1.jpg
26_12-20.mp4,130,0,240,12012,0,1120,93,1295,0,1120,93,1295,2954.6,16275,ml/output/tracks/best_frames/26_12-20/track_0130_r0.jpg,ml/output/tracks/best_frames_hires/26_12-20/track_0130_r0.jpg
26_12-20.mp4,131,2,243,12162,2035,1128,2276,1367,2035,1128,2276,1367,4484.6,57599,ml/output/tracks/best_frames/26_12-20/track_0131_r2.jpg,ml/output/tracks/best_frames_hires/26_12-20/track_0131_r2.jpg
26_12-20.mp4,136,1,243,12162,635,864,819,1052,635,864,819,1052,887.7,34592,ml/output/tracks/best_frames/26_12-20/track_0136_r1.jpg,ml/output/tracks/best_frames_hires/26_12-20/track_0136_r1.jpg
26_12-20.mp4,138,1,243,12162,2012,1509,2234,1772,2012,1509,2234,1772,2560.7,58386,ml/output/tracks/best_frames/26_12-20/track_0138_r1.jpg,ml/output/tracks/best_frames_hires/26_12-20/track_0138_r1.jpg
26_12-20.mp4,137,2,243,12162,1979,1996,2170,2159,1979,1996,2170,2159,1488.9,31133,ml/output/tracks/best_frames/26_12-20/track_0137_r2.jpg,ml/output/tracks/best_frames_hires/26_12-20/track_0137_r2.jpg
26_12-20.mp4,133,2,243,12162,673,1159,852,1296,673,1159,852,1296,1750.5,24523,ml/output/tracks/best_frames/26_12-20/track_0133_r2.jpg,ml/output/tracks/best_frames_hires/26_12-20/track_0133_r2.jpg
26_12-20.mp4,130,1,246,12312,0,1217,106,1393,0,1217,106,1393,2489.3,18656,ml/output/tracks/best_frames/26_12-20/track_0130_r1.jpg,ml/output/tracks/best_frames_hires/26_12-20/track_0130_r1.jpg
26_12-20.mp4,138,0,246,12312,2020,1512,2236,1712,2020,1512,2236,1712,4073.6,43200,ml/output/tracks/best_frames/26_12-20/track_0138_r0.jpg,ml/output/tracks/best_frames_hires/26_12-20/track_0138_r0.jpg
26_12-20.mp4,137,0,246,12312,1983,1972,2184,2130,1983,1972,2184,2130,2534.0,31758,ml/output/tracks/best_frames/26_12-20/track_0137_r0.jpg,ml/output/tracks/best_frames_hires/26_12-20/track_0137_r0.jpg
26_12-20.mp4,136,0,246,12312,628,872,817,1110,628,872,817,1110,1984.0,44982,ml/output/tracks/best_frames/26_12-20/track_0136_r0.jpg,ml/output/tracks/best_frames_hires/26_12-20/track_0136_r0.jpg
26_12-20.mp4,139,0,246,12312,2041,1052,2301,1274,2041,1052,2301,1274,2176.3,57720,ml/output/tracks/best_frames/26_12-20/track_0139_r0.jpg,ml/output/tracks/best_frames_hires/26_12-20/track_0139_r0.jpg
26_12-20.mp4,141,0,249,12462,2020,1578,2235,1769,2020,1578,2235,1769,3907.5,41065,ml/output/tracks/best_frames/26_12-20/track_0141_r0.jpg,ml/output/tracks/best_frames_hires/26_12-20/track_0141_r0.jpg
26_12-20.mp4,137,1,249,12462,1985,2022,2177,2159,1985,2022,2177,2159,2362.2,26304,ml/output/tracks/best_frames/26_12-20/track_0137_r1.jpg,ml/output/tracks/best_frames_hires/26_12-20/track_0137_r1.jpg
26_12-20.mp4,139,1,249,12462,2043,1074,2309,1284,2043,1074,2309,1284,1121.6,55860,ml/output/tracks/best_frames/26_12-20/track_0139_r1.jpg,ml/output/tracks/best_frames_hires/26_12-20/track_0139_r1.jpg
26_12-20.mp4,142,0,249,12462,0,60,108,403,0,60,108,403,908.4,37044,ml/output/tracks/best_frames/26_12-20/track_0142_r0.jpg,ml/output/tracks/best_frames_hires/26_12-20/track_0142_r0.jpg
26_12-20.mp4,142,1,252,12613,0,102,102,437,0,102,102,437,906.9,34170,ml/output/tracks/best_frames/26_12-20/track_0142_r1.jpg,ml/output/tracks/best_frames_hires/26_12-20/track_0142_r1.jpg
26_12-20.mp4,141,1,252,12613,2021,1635,2234,1822,2021,1635,2234,1822,3974.8,39831,ml/output/tracks/best_frames/26_12-20/track_0141_r1.jpg,ml/output/tracks/best_frames_hires/26_12-20/track_0141_r1.jpg
26_12-20.mp4,130,2,252,12613,0,1308,112,1478,0,1308,112,1478,2397.3,19040,ml/output/tracks/best_frames/26_12-20/track_0130_r2.jpg,ml/output/tracks/best_frames_hires/26_12-20/track_0130_r2.jpg
26_12-20.mp4,134,1,252,12613,2087,0,2343,256,2087,0,2343,256,4159.9,65536,ml/output/tracks/best_frames/26_12-20/track_0134_r1.jpg,ml/output/tracks/best_frames_hires/26_12-20/track_0134_r1.jpg
26_12-20.mp4,141,2,255,12763,2010,1692,2227,1881,2010,1692,2227,1881,3288.7,41013,ml/output/tracks/best_frames/26_12-20/track_0141_r2.jpg,ml/output/tracks/best_frames_hires/26_12-20/track_0141_r2.jpg
26_12-20.mp4,134,0,261,13063,2080,208,2346,484,2080,208,2346,484,3975.8,73416,ml/output/tracks/best_frames/26_12-20/track_0134_r0.jpg,ml/output/tracks/best_frames_hires/26_12-20/track_0134_r0.jpg
26_12-20.mp4,145,0,261,13063,104,1146,218,1295,104,1146,218,1295,778.8,16986,ml/output/tracks/best_frames/26_12-20/track_0145_r0.jpg,ml/output/tracks/best_frames_hires/26_12-20/track_0145_r0.jpg
26_12-20.mp4,147,0,261,13063,0,1164,59,1336,0,1164,59,1336,4505.6,10148,ml/output/tracks/best_frames/26_12-20/track_0147_r0.jpg,ml/output/tracks/best_frames_hires/26_12-20/track_0147_r0.jpg
26_12-20.mp4,134,2,264,13213,2084,291,2339,571,2084,291,2339,571,3724.0,71400,ml/output/tracks/best_frames/26_12-20/track_0134_r2.jpg,ml/output/tracks/best_frames_hires/26_12-20/track_0134_r2.jpg
26_12-20.mp4,145,1,264,13213,115,1196,227,1383,115,1196,227,1383,565.3,20944,ml/output/tracks/best_frames/26_12-20/track_0145_r1.jpg,ml/output/tracks/best_frames_hires/26_12-20/track_0145_r1.jpg
26_12-20.mp4,147,1,264,13213,0,1218,64,1385,0,1218,64,1385,4087.5,10688,ml/output/tracks/best_frames/26_12-20/track_0147_r1.jpg,ml/output/tracks/best_frames_hires/26_12-20/track_0147_r1.jpg
26_12-20.mp4,145,2,267,13363,122,1261,249,1453,122,1261,249,1453,465.8,24384,ml/output/tracks/best_frames/26_12-20/track_0145_r2.jpg,ml/output/tracks/best_frames_hires/26_12-20/track_0145_r2.jpg
26_12-20.mp4,152,2,270,13513,2088,1,2369,194,2088,1,2369,194,996.0,54233,ml/output/tracks/best_frames/26_12-20/track_0152_r2.jpg,ml/output/tracks/best_frames_hires/26_12-20/track_0152_r2.jpg
26_12-20.mp4,151,1,270,13513,567,869,748,953,567,869,748,953,3776.3,15204,ml/output/tracks/best_frames/26_12-20/track_0151_r1.jpg,ml/output/tracks/best_frames_hires/26_12-20/track_0151_r1.jpg
26_12-20.mp4,153,0,273,13664,2055,1097,2298,1295,2055,1097,2298,1295,2390.7,48114,ml/output/tracks/best_frames/26_12-20/track_0153_r0.jpg,ml/output/tracks/best_frames_hires/26_12-20/track_0153_r0.jpg
26_12-20.mp4,152,1,273,13664,2081,0,2355,196,2081,0,2355,196,1628.1,53704,ml/output/tracks/best_frames/26_12-20/track_0152_r1.jpg,ml/output/tracks/best_frames_hires/26_12-20/track_0152_r1.jpg
26_12-20.mp4,151,0,273,13664,571,864,755,979,571,864,755,979,3732.7,21160,ml/output/tracks/best_frames/26_12-20/track_0151_r0.jpg,ml/output/tracks/best_frames_hires/26_12-20/track_0151_r0.jpg
26_12-20.mp4,153,1,276,13814,2041,1057,2328,1277,2041,1057,2328,1277,1642.8,63140,ml/output/tracks/best_frames/26_12-20/track_0153_r1.jpg,ml/output/tracks/best_frames_hires/26_12-20/track_0153_r1.jpg
26_12-20.mp4,152,0,276,13814,2079,8,2354,136,2079,8,2354,136,2674.5,35200,ml/output/tracks/best_frames/26_12-20/track_0152_r0.jpg,ml/output/tracks/best_frames_hires/26_12-20/track_0152_r0.jpg
26_12-20.mp4,161,1,288,14414,2019,1891,2252,2096,2019,1891,2252,2096,932.4,47765,ml/output/tracks/best_frames/26_12-20/track_0161_r1.jpg,ml/output/tracks/best_frames_hires/26_12-20/track_0161_r1.jpg
26_12-20.mp4,161,0,291,14565,2018,1924,2265,2144,2018,1924,2265,2144,902.5,54340,ml/output/tracks/best_frames/26_12-20/track_0161_r0.jpg,ml/output/tracks/best_frames_hires/26_12-20/track_0161_r0.jpg
26_12-20.mp4,166,0,300,15015,2348,2128,2428,2159,2348,2128,2428,2159,3144.1,2480,ml/output/tracks/best_frames/26_12-20/track_0166_r0.jpg,ml/output/tracks/best_frames_hires/26_12-20/track_0166_r0.jpg
26_12-20.mp4,164,0,300,15015,2351,2092,2424,2159,2351,2092,2424,2159,2677.4,4891,ml/output/tracks/best_frames/26_12-20/track_0164_r0.jpg,ml/output/tracks/best_frames_hires/26_12-20/track_0164_r0.jpg
26_12-20.mp4,164,2,303,15165,2365,2092,2419,2159,2365,2092,2419,2159,2530.2,3618,ml/output/tracks/best_frames/26_12-20/track_0164_r2.jpg,ml/output/tracks/best_frames_hires/26_12-20/track_0164_r2.jpg
26_12-20.mp4,166,1,303,15165,2362,2140,2463,2159,2362,2140,2463,2159,2505.1,1919,ml/output/tracks/best_frames/26_12-20/track_0166_r1.jpg,ml/output/tracks/best_frames_hires/26_12-20/track_0166_r1.jpg
26_12-20.mp4,166,2,306,15315,2359,2137,2425,2159,2359,2137,2425,2159,2957.1,1452,ml/output/tracks/best_frames/26_12-20/track_0166_r2.jpg,ml/output/tracks/best_frames_hires/26_12-20/track_0166_r2.jpg
26_12-20.mp4,164,1,306,15315,2362,2092,2419,2159,2362,2092,2419,2159,2427.2,3819,ml/output/tracks/best_frames/26_12-20/track_0164_r1.jpg,ml/output/tracks/best_frames_hires/26_12-20/track_0164_r1.jpg
26_12-20.mp4,168,2,306,15315,487,20,672,318,487,20,672,318,1820.8,55130,ml/output/tracks/best_frames/26_12-20/track_0168_r2.jpg,ml/output/tracks/best_frames_hires/26_12-20/track_0168_r2.jpg
26_12-20.mp4,170,2,306,15315,2356,2144,2489,2159,2356,2144,2489,2159,2533.3,1995,ml/output/tracks/best_frames/26_12-20/track_0170_r2.jpg,ml/output/tracks/best_frames_hires/26_12-20/track_0170_r2.jpg
26_12-20.mp4,170,1,309,15465,2354,2143,2484,2159,2354,2143,2484,2159,2980.0,2080,ml/output/tracks/best_frames/26_12-20/track_0170_r1.jpg,ml/output/tracks/best_frames_hires/26_12-20/track_0170_r1.jpg
26_12-20.mp4,168,1,309,15465,487,18,672,318,487,18,672,318,2085.5,55500,ml/output/tracks/best_frames/26_12-20/track_0168_r1.jpg,ml/output/tracks/best_frames_hires/26_12-20/track_0168_r1.jpg
26_12-20.mp4,170,0,312,15616,2357,2143,2481,2159,2357,2143,2481,2159,3232.3,1984,ml/output/tracks/best_frames/26_12-20/track_0170_r0.jpg,ml/output/tracks/best_frames_hires/26_12-20/track_0170_r0.jpg
26_12-20.mp4,168,0,312,15616,487,21,672,319,487,21,672,319,2233.0,55130,ml/output/tracks/best_frames/26_12-20/track_0168_r0.jpg,ml/output/tracks/best_frames_hires/26_12-20/track_0168_r0.jpg
26_12-20.mp4,172,1,312,15616,2314,2127,2579,2159,2314,2127,2579,2159,2201.8,8480,ml/output/tracks/best_frames/26_12-20/track_0172_r1.jpg,ml/output/tracks/best_frames_hires/26_12-20/track_0172_r1.jpg
26_12-20.mp4,172,0,315,15766,2357,2120,2552,2159,2357,2120,2552,2159,2893.5,7605,ml/output/tracks/best_frames/26_12-20/track_0172_r0.jpg,ml/output/tracks/best_frames_hires/26_12-20/track_0172_r0.jpg
26_12-20.mp4,106,2,333,16667,704,1799,911,2006,704,1799,911,2006,8453.2,42849,ml/output/tracks/best_frames/26_12-20/track_0106_r2.jpg,ml/output/tracks/best_frames_hires/26_12-20/track_0106_r2.jpg
26_12-20.mp4,160,2,333,16667,2138,94,2423,386,2138,94,2423,386,10698.7,83220,ml/output/tracks/best_frames/26_12-20/track_0160_r2.jpg,ml/output/tracks/best_frames_hires/26_12-20/track_0160_r2.jpg
26_12-20.mp4,165,1,333,16667,2082,1115,2348,1286,2082,1115,2348,1286,5535.3,45486,ml/output/tracks/best_frames/26_12-20/track_0165_r1.jpg,ml/output/tracks/best_frames_hires/26_12-20/track_0165_r1.jpg
26_12-20.mp4,157,2,333,16667,484,149,660,417,484,149,660,417,7304.7,47168,ml/output/tracks/best_frames/26_12-20/track_0157_r2.jpg,ml/output/tracks/best_frames_hires/26_12-20/track_0157_r2.jpg
26_12-20.mp4,156,2,333,16667,2072,1206,2338,1459,2072,1206,2338,1459,11367.2,67298,ml/output/tracks/best_frames/26_12-20/track_0156_r2.jpg,ml/output/tracks/best_frames_hires/26_12-20/track_0156_r2.jpg
26_12-20.mp4,127,2,333,16667,586,1348,797,1581,586,1348,797,1581,10283.5,49163,ml/output/tracks/best_frames/26_12-20/track_0127_r2.jpg,ml/output/tracks/best_frames_hires/26_12-20/track_0127_r2.jpg
26_12-20.mp4,173,2,333,16667,486,15,671,321,486,15,671,321,3577.0,56610,ml/output/tracks/best_frames/26_12-20/track_0173_r2.jpg,ml/output/tracks/best_frames_hires/26_12-20/track_0173_r2.jpg
26_12-20.mp4,115,2,333,16667,2038,1793,2272,1982,2038,1793,2272,1982,10189.7,44226,ml/output/tracks/best_frames/26_12-20/track_0115_r2.jpg,ml/output/tracks/best_frames_hires/26_12-20/track_0115_r2.jpg
26_12-20.mp4,154,2,333,16667,2106,492,2391,791,2106,492,2391,791,9269.2,85215,ml/output/tracks/best_frames/26_12-20/track_0154_r2.jpg,ml/output/tracks/best_frames_hires/26_12-20/track_0154_r2.jpg
26_12-20.mp4,146,2,333,16667,499,667,679,925,499,667,679,925,9851.7,46440,ml/output/tracks/best_frames/26_12-20/track_0146_r2.jpg,ml/output/tracks/best_frames_hires/26_12-20/track_0146_r2.jpg
26_12-20.mp4,165,2,336,16817,2082,1115,2347,1285,2082,1115,2347,1285,5490.1,45050,ml/output/tracks/best_frames/26_12-20/track_0165_r2.jpg,ml/output/tracks/best_frames_hires/26_12-20/track_0165_r2.jpg
26_12-20.mp4,173,1,336,16817,486,16,671,321,486,16,671,321,3645.8,56425,ml/output/tracks/best_frames/26_12-20/track_0173_r1.jpg,ml/output/tracks/best_frames_hires/26_12-20/track_0173_r1.jpg
26_12-20.mp4,157,0,336,16817,485,148,660,417,485,148,660,417,7446.7,47075,ml/output/tracks/best_frames/26_12-20/track_0157_r0.jpg,ml/output/tracks/best_frames_hires/26_12-20/track_0157_r0.jpg
26_12-20.mp4,127,1,336,16817,586,1348,797,1581,586,1348,797,1581,10432.3,49163,ml/output/tracks/best_frames/26_12-20/track_0127_r1.jpg,ml/output/tracks/best_frames_hires/26_12-20/track_0127_r1.jpg
26_12-20.mp4,160,1,336,16817,2138,94,2423,386,2138,94,2423,386,10795.7,83220,ml/output/tracks/best_frames/26_12-20/track_0160_r1.jpg,ml/output/tracks/best_frames_hires/26_12-20/track_0160_r1.jpg
26_12-20.mp4,156,1,336,16817,2072,1206,2338,1459,2072,1206,2338,1459,11515.3,67298,ml/output/tracks/best_frames/26_12-20/track_0156_r1.jpg,ml/output/tracks/best_frames_hires/26_12-20/track_0156_r1.jpg
26_12-20.mp4,154,1,336,16817,2106,492,2391,791,2106,492,2391,791,9352.8,85215,ml/output/tracks/best_frames/26_12-20/track_0154_r1.jpg,ml/output/tracks/best_frames_hires/26_12-20/track_0154_r1.jpg
26_12-20.mp4,115,1,336,16817,2038,1793,2272,1982,2038,1793,2272,1982,10344.1,44226,ml/output/tracks/best_frames/26_12-20/track_0115_r1.jpg,ml/output/tracks/best_frames_hires/26_12-20/track_0115_r1.jpg
26_12-20.mp4,106,1,336,16817,705,1799,911,2005,705,1799,911,2005,8652.3,42436,ml/output/tracks/best_frames/26_12-20/track_0106_r1.jpg,ml/output/tracks/best_frames_hires/26_12-20/track_0106_r1.jpg
26_12-20.mp4,146,1,336,16817,498,667,679,926,498,667,679,926,10028.9,46879,ml/output/tracks/best_frames/26_12-20/track_0146_r1.jpg,ml/output/tracks/best_frames_hires/26_12-20/track_0146_r1.jpg
26_12-20.mp4,165,0,339,16967,2082,1116,2347,1286,2082,1116,2347,1286,5644.1,45050,ml/output/tracks/best_frames/26_12-20/track_0165_r0.jpg,ml/output/tracks/best_frames_hires/26_12-20/track_0165_r0.jpg
26_12-20.mp4,173,0,339,16967,486,17,670,321,486,17,670,321,3703.3,55936,ml/output/tracks/best_frames/26_12-20/track_0173_r0.jpg,ml/output/tracks/best_frames_hires/26_12-20/track_0173_r0.jpg
26_12-20.mp4,115,0,339,16967,2038,1793,2272,1982,2038,1793,2272,1982,10395.0,44226,ml/output/tracks/best_frames/26_12-20/track_0115_r0.jpg,ml/output/tracks/best_frames_hires/26_12-20/track_0115_r0.jpg
26_12-20.mp4,106,0,339,16967,704,1799,912,2005,704,1799,912,2005,8652.0,42848,ml/output/tracks/best_frames/26_12-20/track_0106_r0.jpg,ml/output/tracks/best_frames_hires/26_12-20/track_0106_r0.jpg
26_12-20.mp4,127,0,339,16967,587,1348,796,1581,587,1348,796,1581,10597.0,48697,ml/output/tracks/best_frames/26_12-20/track_0127_r0.jpg,ml/output/tracks/best_frames_hires/26_12-20/track_0127_r0.jpg
26_12-20.mp4,154,0,339,16967,2106,492,2391,791,2106,492,2391,791,9398.2,85215,ml/output/tracks/best_frames/26_12-20/track_0154_r0.jpg,ml/output/tracks/best_frames_hires/26_12-20/track_0154_r0.jpg
26_12-20.mp4,156,0,339,16967,2072,1206,2337,1459,2072,1206,2337,1459,11587.9,67045,ml/output/tracks/best_frames/26_12-20/track_0156_r0.jpg,ml/output/tracks/best_frames_hires/26_12-20/track_0156_r0.jpg
26_12-20.mp4,157,1,339,16967,485,148,659,415,485,148,659,415,7540.4,46458,ml/output/tracks/best_frames/26_12-20/track_0157_r1.jpg,ml/output/tracks/best_frames_hires/26_12-20/track_0157_r1.jpg
26_12-20.mp4,160,0,339,16967,2138,94,2423,386,2138,94,2423,386,10864.7,83220,ml/output/tracks/best_frames/26_12-20/track_0160_r0.jpg,ml/output/tracks/best_frames_hires/26_12-20/track_0160_r0.jpg
26_12-20.mp4,146,0,339,16967,497,667,679,928,497,667,679,928,10181.1,47502,ml/output/tracks/best_frames/26_12-20/track_0146_r0.jpg,ml/output/tracks/best_frames_hires/26_12-20/track_0146_r0.jpg
26_12-20.mp4,167,2,342,17117,2021,1989,2248,2158,2021,1989,2248,2158,1720.5,38363,ml/output/tracks/best_frames/26_12-20/track_0167_r2.jpg,ml/output/tracks/best_frames_hires/26_12-20/track_0167_r2.jpg
26_12-20.mp4,179,2,342,17117,607,1553,812,1778,607,1553,812,1778,2129.3,46125,ml/output/tracks/best_frames/26_12-20/track_0179_r2.jpg,ml/output/tracks/best_frames_hires/26_12-20/track_0179_r2.jpg
26_12-20.mp4,174,1,348,17417,2099,773,2396,1076,2099,773,2396,1076,1235.8,89991,ml/output/tracks/best_frames/26_12-20/track_0174_r1.jpg,ml/output/tracks/best_frames_hires/26_12-20/track_0174_r1.jpg
26_12-20.mp4,179,1,351,17568,607,1552,811,1778,607,1552,811,1778,2136.0,46104,ml/output/tracks/best_frames/26_12-20/track_0179_r1.jpg,ml/output/tracks/best_frames_hires/26_12-20/track_0179_r1.jpg
26_12-20.mp4,167,0,351,17568,2021,1993,2252,2158,2021,1993,2252,2158,1751.5,38115,ml/output/tracks/best_frames/26_12-20/track_0167_r0.jpg,ml/output/tracks/best_frames_hires/26_12-20/track_0167_r0.jpg
26_12-20.mp4,178,2,351,17568,497,911,681,1173,497,911,681,1173,3067.8,48208,ml/output/tracks/best_frames/26_12-20/track_0178_r2.jpg,ml/output/tracks/best_frames_hires/26_12-20/track_0178_r2.jpg
26_12-20.mp4,174,2,351,17568,2099,773,2396,1076,2099,773,2396,1076,1235.7,89991,ml/output/tracks/best_frames/26_12-20/track_0174_r2.jpg,ml/output/tracks/best_frames_hires/26_12-20/track_0174_r2.jpg
26_12-20.mp4,176,2,351,17568,2060,1466,2319,1700,2060,1466,2319,1700,2184.7,60606,ml/output/tracks/best_frames/26_12-20/track_0176_r2.jpg,ml/output/tracks/best_frames_hires/26_12-20/track_0176_r2.jpg
26_12-20.mp4,176,1,354,17718,2060,1466,2319,1700,2060,1466,2319,1700,2185.0,60606,ml/output/tracks/best_frames/26_12-20/track_0176_r1.jpg,ml/output/tracks/best_frames_hires/26_12-20/track_0176_r1.jpg
26_12-20.mp4,167,1,354,17718,2021,1990,2247,2158,2021,1990,2247,2158,1752.6,37968,ml/output/tracks/best_frames/26_12-20/track_0167_r1.jpg,ml/output/tracks/best_frames_hires/26_12-20/track_0167_r1.jpg
26_12-20.mp4,177,2,357,17868,461,395,644,650,461,395,644,650,2500.4,46665,ml/output/tracks/best_frames/26_12-20/track_0177_r2.jpg,ml/output/tracks/best_frames_hires/26_12-20/track_0177_r2.jpg
26_12-20.mp4,176,0,357,17868,2060,1466,2319,1699,2060,1466,2319,1699,2208.8,60347,ml/output/tracks/best_frames/26_12-20/track_0176_r0.jpg,ml/output/tracks/best_frames_hires/26_12-20/track_0176_r0.jpg
26_12-20.mp4,178,1,360,18018,495,929,688,1194,495,929,688,1194,2901.9,51145,ml/output/tracks/best_frames/26_12-20/track_0178_r1.jpg,ml/output/tracks/best_frames_hires/26_12-20/track_0178_r1.jpg
26_12-20.mp4,177,0,363,18168,441,485,642,759,441,485,642,759,2375.3,55074,ml/output/tracks/best_frames/26_12-20/track_0177_r0.jpg,ml/output/tracks/best_frames_hires/26_12-20/track_0177_r0.jpg
26_12-20.mp4,178,0,363,18168,499,1004,700,1267,499,1004,700,1267,3207.3,52863,ml/output/tracks/best_frames/26_12-20/track_0178_r0.jpg,ml/output/tracks/best_frames_hires/26_12-20/track_0178_r0.jpg
26_12-20.mp4,174,0,363,18168,2094,881,2376,1183,2094,881,2376,1183,1463.7,85164,ml/output/tracks/best_frames/26_12-20/track_0174_r0.jpg,ml/output/tracks/best_frames_hires/26_12-20/track_0174_r0.jpg
26_12-20.mp4,179,0,363,18168,621,1625,834,1849,621,1625,834,1849,2319.7,47712,ml/output/tracks/best_frames/26_12-20/track_0179_r0.jpg,ml/output/tracks/best_frames_hires/26_12-20/track_0179_r0.jpg
26_12-20.mp4,181,1,363,18168,437,361,639,665,437,361,639,665,1236.6,61408,ml/output/tracks/best_frames/26_12-20/track_0181_r1.jpg,ml/output/tracks/best_frames_hires/26_12-20/track_0181_r1.jpg
26_12-20.mp4,182,0,366,18318,2037,1671,2295,1908,2037,1671,2295,1908,1499.3,61146,ml/output/tracks/best_frames/26_12-20/track_0182_r0.jpg,ml/output/tracks/best_frames_hires/26_12-20/track_0182_r0.jpg
26_12-20.mp4,183,1,366,18318,2123,0,2423,233,2123,0,2423,233,437.2,69900,ml/output/tracks/best_frames/26_12-20/track_0183_r1.jpg,ml/output/tracks/best_frames_hires/26_12-20/track_0183_r1.jpg
26_12-20.mp4,181,2,366,18318,427,461,634,753,427,461,634,753,995.1,60444,ml/output/tracks/best_frames/26_12-20/track_0181_r2.jpg,ml/output/tracks/best_frames_hires/26_12-20/track_0181_r2.jpg
26_12-20.mp4,177,1,366,18318,433,579,635,877,433,579,635,877,2008.1,60196,ml/output/tracks/best_frames/26_12-20/track_0177_r1.jpg,ml/output/tracks/best_frames_hires/26_12-20/track_0177_r1.jpg
26_12-20.mp4,182,1,369,18468,2031,1787,2288,1994,2031,1787,2288,1994,1424.6,53199,ml/output/tracks/best_frames/26_12-20/track_0182_r1.jpg,ml/output/tracks/best_frames_hires/26_12-20/track_0182_r1.jpg
26_12-20.mp4,183,0,369,18468,2124,0,2422,189,2124,0,2422,189,1315.3,56322,ml/output/tracks/best_frames/26_12-20/track_0183_r0.jpg,ml/output/tracks/best_frames_hires/26_12-20/track_0183_r0.jpg
26_12-20.mp4,195,1,372,18619,2111,239,2422,584,2111,239,2422,584,499.9,107295,ml/output/tracks/best_frames/26_12-20/track_0195_r1.jpg,ml/output/tracks/best_frames_hires/26_12-20/track_0195_r1.jpg
26_12-20.mp4,185,2,372,18619,419,864,611,1124,419,864,611,1124,2804.4,49920,ml/output/tracks/best_frames/26_12-20/track_0185_r2.jpg,ml/output/tracks/best_frames_hires/26_12-20/track_0185_r2.jpg
26_12-20.mp4,181,0,372,18619,412,498,592,723,412,498,592,723,2012.1,40500,ml/output/tracks/best_frames/26_12-20/track_0181_r0.jpg,ml/output/tracks/best_frames_hires/26_12-20/track_0181_r0.jpg
26_12-20.mp4,194,1,372,18619,408,596,600,882,408,596,600,882,903.9,54912,ml/output/tracks/best_frames/26_12-20/track_0194_r1.jpg,ml/output/tracks/best_frames_hires/26_12-20/track_0194_r1.jpg
26_12-20.mp4,191,1,372,18619,2022,1925,2288,2142,2022,1925,2288,2142,1304.1,57722,ml/output/tracks/best_frames/26_12-20/track_0191_r1.jpg,ml/output/tracks/best_frames_hires/26_12-20/track_0191_r1.jpg
26_12-20.mp4,195,0,375,18769,2108,333,2421,671,2108,333,2421,671,656.0,105794,ml/output/tracks/best_frames/26_12-20/track_0195_r0.jpg,ml/output/tracks/best_frames_hires/26_12-20/track_0195_r0.jpg
26_12-20.mp4,185,1,375,18769,418,933,611,1197,418,933,611,1197,3635.9,50952,ml/output/tracks/best_frames/26_12-20/track_0185_r1.jpg,ml/output/tracks/best_frames_hires/26_12-20/track_0185_r1.jpg
26_12-20.mp4,194,0,375,18769,405,599,577,807,405,599,577,807,2578.8,35776,ml/output/tracks/best_frames/26_12-20/track_0194_r0.jpg,ml/output/tracks/best_frames_hires/26_12-20/track_0194_r0.jpg
26_12-20.mp4,187,1,375,18769,2112,122,2422,443,2112,122,2422,443,1546.5,99510,ml/output/tracks/best_frames/26_12-20/track_0187_r1.jpg,ml/output/tracks/best_frames_hires/26_12-20/track_0187_r1.jpg
26_12-20.mp4,191,0,375,18769,2021,1971,2284,2159,2021,1971,2284,2159,1534.7,49444,ml/output/tracks/best_frames/26_12-20/track_0191_r0.jpg,ml/output/tracks/best_frames_hires/26_12-20/track_0191_r0.jpg
26_12-20.mp4,190,1,375,18769,483,1430,690,1686,483,1430,690,1686,2553.1,52992,ml/output/tracks/best_frames/26_12-20/track_0190_r1.jpg,ml/output/tracks/best_frames_hires/26_12-20/track_0190_r1.jpg
26_12-20.mp4,191,2,378,18919,2025,1908,2302,2143,2025,1908,2302,2143,631.1,65095,ml/output/tracks/best_frames/26_12-20/track_0191_r2.jpg,ml/output/tracks/best_frames_hires/26_12-20/track_0191_r2.jpg
26_12-20.mp4,190,2,378,18919,495,1494,698,1754,495,1494,698,1754,2366.4,52780,ml/output/tracks/best_frames/26_12-20/track_0190_r2.jpg,ml/output/tracks/best_frames_hires/26_12-20/track_0190_r2.jpg
26_12-20.mp4,198,2,378,18919,2097,1094,2304,1286,2097,1094,2304,1286,1315.3,39744,ml/output/tracks/best_frames/26_12-20/track_0198_r2.jpg,ml/output/tracks/best_frames_hires/26_12-20/track_0198_r2.jpg
26_12-20.mp4,185,0,378,18919,421,1011,613,1278,421,1011,613,1278,3965.7,51264,ml/output/tracks/best_frames/26_12-20/track_0185_r0.jpg,ml/output/tracks/best_frames_hires/26_12-20/track_0185_r0.jpg
26_12-20.mp4,197,1,378,18919,2100,913,2426,1309,2100,913,2426,1309,725.3,129096,ml/output/tracks/best_frames/26_12-20/track_0197_r1.jpg,ml/output/tracks/best_frames_hires/26_12-20/track_0197_r1.jpg
26_12-20.mp4,189,2,381,19069,2047,1598,2326,1854,2047,1598,2326,1854,1191.0,71424,ml/output/tracks/best_frames/26_12-20/track_0189_r2.jpg,ml/output/tracks/best_frames_hires/26_12-20/track_0189_r2.jpg
26_12-20.mp4,198,1,381,19069,2097,1084,2304,1428,2097,1084,2304,1428,847.9,71208,ml/output/tracks/best_frames/26_12-20/track_0198_r1.jpg,ml/output/tracks/best_frames_hires/26_12-20/track_0198_r1.jpg
26_12-20.mp4,187,2,381,19069,2105,319,2418,659,2105,319,2418,659,1405.4,106420,ml/output/tracks/best_frames/26_12-20/track_0187_r2.jpg,ml/output/tracks/best_frames_hires/26_12-20/track_0187_r2.jpg
26_12-20.mp4,201,1,381,19069,411,1004,603,1281,411,1004,603,1281,2782.1,53184,ml/output/tracks/best_frames/26_12-20/track_0201_r1.jpg,ml/output/tracks/best_frames_hires/26_12-20/track_0201_r1.jpg
26_12-20.mp4,204,1,381,19069,388,583,583,766,388,583,583,766,477.4,35685,ml/output/tracks/best_frames/26_12-20/track_0204_r1.jpg,ml/output/tracks/best_frames_hires/26_12-20/track_0204_r1.jpg
26_12-20.mp4,190,0,381,19069,495,1581,706,1844,495,1581,706,1844,2474.9,55493,ml/output/tracks/best_frames/26_12-20/track_0190_r0.jpg,ml/output/tracks/best_frames_hires/26_12-20/track_0190_r0.jpg
26_12-20.mp4,198,0,384,19219,2071,1090,2407,1471,2071,1090,2407,1471,1264.1,128016,ml/output/tracks/best_frames/26_12-20/track_0198_r0.jpg,ml/output/tracks/best_frames_hires/26_12-20/track_0198_r0.jpg
26_12-20.mp4,200,0,384,19219,424,1148,625,1413,424,1148,625,1413,4555.5,53265,ml/output/tracks/best_frames/26_12-20/track_0200_r0.jpg,ml/output/tracks/best_frames_hires/26_12-20/track_0200_r0.jpg
26_12-20.mp4,201,0,384,19219,402,1014,605,1332,402,1014,605,1332,2946.3,64554,ml/output/tracks/best_frames/26_12-20/track_0201_r0.jpg,ml/output/tracks/best_frames_hires/26_12-20/track_0201_r0.jpg
26_12-20.mp4,204,0,384,19219,382,614,583,849,382,614,583,849,581.3,47235,ml/output/tracks/best_frames/26_12-20/track_0204_r0.jpg,ml/output/tracks/best_frames_hires/26_12-20/track_0204_r0.jpg
26_12-20.mp4,189,1,384,19219,2042,1638,2320,1895,2042,1638,2320,1895,1513.1,71446,ml/output/tracks/best_frames/26_12-20/track_0189_r1.jpg,ml/output/tracks/best_frames_hires/26_12-20/track_0189_r1.jpg
26_12-20.mp4,187,0,384,19219,2102,377,2414,719,2102,377,2414,719,1652.3,106704,ml/output/tracks/best_frames/26_12-20/track_0187_r0.jpg,ml/output/tracks/best_frames_hires/26_12-20/track_0187_r0.jpg
26_12-20.mp4,200,2,387,19369,429,1249,641,1528,429,1249,641,1528,3942.2,59148,ml/output/tracks/best_frames/26_12-20/track_0200_r2.jpg,ml/output/tracks/best_frames_hires/26_12-20/track_0200_r2.jpg
26_12-20.mp4,202,1,387,19369,2095,495,2412,836,2095,495,2412,836,1392.4,108097,ml/output/tracks/best_frames/26_12-20/track_0202_r1.jpg,ml/output/tracks/best_frames_hires/26_12-20/track_0202_r1.jpg
26_12-20.mp4,197,0,393,19670,2079,867,2402,1243,2079,867,2402,1243,1153.3,121448,ml/output/tracks/best_frames/26_12-20/track_0197_r0.jpg,ml/output/tracks/best_frames_hires/26_12-20/track_0197_r0.jpg
26_12-20.mp4,189,0,393,19670,2022,1854,2295,2071,2022,1854,2295,2071,2427.1,59241,ml/output/tracks/best_frames/26_12-20/track_0189_r0.jpg,ml/output/tracks/best_frames_hires/26_12-20/track_0189_r0.jpg
26_12-20.mp4,200,1,393,19670,442,1369,666,1656,442,1369,666,1656,3659.3,64288,ml/output/tracks/best_frames/26_12-20/track_0200_r1.jpg,ml/output/tracks/best_frames_hires/26_12-20/track_0200_r1.jpg
26_12-20.mp4,202,0,393,19670,2091,665,2397,997,2091,665,2397,997,2336.3,101592,ml/output/tracks/best_frames/26_12-20/track_0202_r0.jpg,ml/output/tracks/best_frames_hires/26_12-20/track_0202_r0.jpg
26_12-20.mp4,209,1,393,19670,2087,864,2382,998,2087,864,2382,998,3113.6,39530,ml/output/tracks/best_frames/26_12-20/track_0209_r1.jpg,ml/output/tracks/best_frames_hires/26_12-20/track_0209_r1.jpg
26_12-20.mp4,197,2,396,19820,2073,944,2390,1275,2073,944,2390,1275,848.6,104927,ml/output/tracks/best_frames/26_12-20/track_0197_r2.jpg,ml/output/tracks/best_frames_hires/26_12-20/track_0197_r2.jpg
26_12-20.mp4,211,1,396,19820,463,864,556,939,463,864,556,939,5665.0,6975,ml/output/tracks/best_frames/26_12-20/track_0211_r1.jpg,ml/output/tracks/best_frames_hires/26_12-20/track_0211_r1.jpg
26_12-20.mp4,202,2,396,19820,2086,730,2392,1066,2086,730,2392,1066,1432.0,102816,ml/output/tracks/best_frames/26_12-20/track_0202_r2.jpg,ml/output/tracks/best_frames_hires/26_12-20/track_0202_r2.jpg
26_12-20.mp4,213,0,399,19970,369,90,583,400,369,90,583,400,1478.2,66340,ml/output/tracks/best_frames/26_12-20/track_0213_r0.jpg,ml/output/tracks/best_frames_hires/26_12-20/track_0213_r0.jpg
26_12-20.mp4,211,0,399,19970,387,864,554,994,387,864,554,994,3636.4,21710,ml/output/tracks/best_frames/26_12-20/track_0211_r0.jpg,ml/output/tracks/best_frames_hires/26_12-20/track_0211_r0.jpg
26_12-20.mp4,209,0,399,19970,2083,864,2387,1137,2083,864,2387,1137,1530.1,82992,ml/output/tracks/best_frames/26_12-20/track_0209_r0.jpg,ml/output/tracks/best_frames_hires/26_12-20/track_0209_r0.jpg
26_12-20.mp4,209,2,402,20120,2085,885,2387,1218,2085,885,2387,1218,1125.1,100566,ml/output/tracks/best_frames/26_12-20/track_0209_r2.jpg,ml/output/tracks/best_frames_hires/26_12-20/track_0209_r2.jpg
26_12-20.mp4,215,2,402,20120,2150,0,2461,282,2150,0,2461,282,159.6,87702,ml/output/tracks/best_frames/26_12-20/track_0215_r2.jpg,ml/output/tracks/best_frames_hires/26_12-20/track_0215_r2.jpg
26_12-20.mp4,215,1,405,20270,2139,0,2429,211,2139,0,2429,211,782.2,61190,ml/output/tracks/best_frames/26_12-20/track_0215_r1.jpg,ml/output/tracks/best_frames_hires/26_12-20/track_0215_r1.jpg
26_12-20.mp4,213,1,405,20270,359,207,560,495,359,207,560,495,1422.8,57888,ml/output/tracks/best_frames/26_12-20/track_0213_r1.jpg,ml/output/tracks/best_frames_hires/26_12-20/track_0213_r1.jpg
26_12-20.mp4,215,0,408,20420,2140,9,2435,163,2140,9,2435,163,1440.5,45430,ml/output/tracks/best_frames/26_12-20/track_0215_r0.jpg,ml/output/tracks/best_frames_hires/26_12-20/track_0215_r0.jpg
26_12-20.mp4,220,2,408,20420,2141,7,2459,342,2141,7,2459,342,735.0,106530,ml/output/tracks/best_frames/26_12-20/track_0220_r2.jpg,ml/output/tracks/best_frames_hires/26_12-20/track_0220_r2.jpg
26_12-20.mp4,213,2,408,20420,350,242,554,530,350,242,554,530,1380.6,58752,ml/output/tracks/best_frames/26_12-20/track_0213_r2.jpg,ml/output/tracks/best_frames_hires/26_12-20/track_0213_r2.jpg
26_12-20.mp4,220,1,411,20571,2138,0,2460,249,2138,0,2460,249,1225.5,80178,ml/output/tracks/best_frames/26_12-20/track_0220_r1.jpg,ml/output/tracks/best_frames_hires/26_12-20/track_0220_r1.jpg
26_12-20.mp4,220,0,414,20721,2136,0,2469,311,2136,0,2469,311,1248.0,103563,ml/output/tracks/best_frames/26_12-20/track_0220_r0.jpg,ml/output/tracks/best_frames_hires/26_12-20/track_0220_r0.jpg
26_12-20.mp4,225,1,414,20721,335,829,539,1065,335,829,539,1065,964.8,48144,ml/output/tracks/best_frames/26_12-20/track_0225_r1.jpg,ml/output/tracks/best_frames_hires/26_12-20/track_0225_r1.jpg
26_12-20.mp4,225,0,417,20871,333,719,540,986,333,719,540,986,2733.6,55269,ml/output/tracks/best_frames/26_12-20/track_0225_r0.jpg,ml/output/tracks/best_frames_hires/26_12-20/track_0225_r0.jpg
26_12-20.mp4,226,1,417,20871,2054,1373,2371,1691,2054,1373,2371,1691,954.9,100806,ml/output/tracks/best_frames/26_12-20/track_0226_r1.jpg,ml/output/tracks/best_frames_hires/26_12-20/track_0226_r1.jpg
26_12-20.mp4,228,0,417,20871,2032,1909,2311,2127,2032,1909,2311,2127,351.2,60822,ml/output/tracks/best_frames/26_12-20/track_0228_r0.jpg,ml/output/tracks/best_frames_hires/26_12-20/track_0228_r0.jpg
26_12-20.mp4,226,2,420,21021,2054,1458,2353,1758,2054,1458,2353,1758,970.3,89700,ml/output/tracks/best_frames/26_12-20/track_0226_r2.jpg,ml/output/tracks/best_frames_hires/26_12-20/track_0226_r2.jpg
26_12-20.mp4,230,2,420,21021,2139,23,2468,440,2139,23,2468,440,648.6,137193,ml/output/tracks/best_frames/26_12-20/track_0230_r2.jpg,ml/output/tracks/best_frames_hires/26_12-20/track_0230_r2.jpg
26_12-20.mp4,228,1,420,21021,2021,1933,2299,2147,2021,1933,2299,2147,194.3,59492,ml/output/tracks/best_frames/26_12-20/track_0228_r1.jpg,ml/output/tracks/best_frames_hires/26_12-20/track_0228_r1.jpg
26_12-20.mp4,226,0,423,21171,2041,1529,2304,1806,2041,1529,2304,1806,1326.3,72851,ml/output/tracks/best_frames/26_12-20/track_0226_r0.jpg,ml/output/tracks/best_frames_hires/26_12-20/track_0226_r0.jpg
26_12-20.mp4,231,0,423,21171,335,1553,498,1932,335,1553,498,1932,428.5,61777,ml/output/tracks/best_frames/26_12-20/track_0231_r0.jpg,ml/output/tracks/best_frames_hires/26_12-20/track_0231_r0.jpg
26_12-20.mp4,230,0,423,21171,2127,112,2442,529,2127,112,2442,529,955.2,131355,ml/output/tracks/best_frames/26_12-20/track_0230_r0.jpg,ml/output/tracks/best_frames_hires/26_12-20/track_0230_r0.jpg
26_12-20.mp4,230,1,426,21321,2132,149,2401,538,2132,149,2401,538,879.1,104641,ml/output/tracks/best_frames/26_12-20/track_0230_r1.jpg,ml/output/tracks/best_frames_hires/26_12-20/track_0230_r1.jpg
26_12-20.mp4,231,1,426,21321,348,1553,484,1922,348,1553,484,1922,431.2,50184,ml/output/tracks/best_frames/26_12-20/track_0231_r1.jpg,ml/output/tracks/best_frames_hires/26_12-20/track_0231_r1.jpg
26_12-20.mp4,236,2,429,21471,2160,0,2454,213,2160,0,2454,213,157.5,62622,ml/output/tracks/best_frames/26_12-20/track_0236_r2.jpg,ml/output/tracks/best_frames_hires/26_12-20/track_0236_r2.jpg
26_12-20.mp4,238,1,432,21622,347,15,560,293,347,15,560,293,1318.8,59214,ml/output/tracks/best_frames/26_12-20/track_0238_r1.jpg,ml/output/tracks/best_frames_hires/26_12-20/track_0238_r1.jpg
26_12-20.mp4,236,1,432,21622,2128,0,2433,230,2128,0,2433,230,700.8,70150,ml/output/tracks/best_frames/26_12-20/track_0236_r1.jpg,ml/output/tracks/best_frames_hires/26_12-20/track_0236_r1.jpg
26_12-20.mp4,242,1,435,21772,378,1694,527,2050,378,1694,527,2050,502.8,53044,ml/output/tracks/best_frames/26_12-20/track_0242_r1.jpg,ml/output/tracks/best_frames_hires/26_12-20/track_0242_r1.jpg
26_12-20.mp4,240,0,435,21772,2281,0,2435,62,2281,0,2435,62,3933.0,9548,ml/output/tracks/best_frames/26_12-20/track_0240_r0.jpg,ml/output/tracks/best_frames_hires/26_12-20/track_0240_r0.jpg
26_12-20.mp4,236,0,435,21772,2280,0,2435,145,2280,0,2435,145,3072.4,22475,ml/output/tracks/best_frames/26_12-20/track_0236_r0.jpg,ml/output/tracks/best_frames_hires/26_12-20/track_0236_r0.jpg
26_12-20.mp4,242,0,438,21922,377,1696,528,2053,377,1696,528,2053,539.7,53907,ml/output/tracks/best_frames/26_12-20/track_0242_r0.jpg,ml/output/tracks/best_frames_hires/26_12-20/track_0242_r0.jpg
26_12-20.mp4,240,1,438,21922,2277,0,2432,44,2277,0,2432,44,2110.1,6820,ml/output/tracks/best_frames/26_12-20/track_0240_r1.jpg,ml/output/tracks/best_frames_hires/26_12-20/track_0240_r1.jpg
26_12-20.mp4,248,1,441,22072,319,473,512,794,319,473,512,794,4045.8,61953,ml/output/tracks/best_frames/26_12-20/track_0248_r1.jpg,ml/output/tracks/best_frames_hires/26_12-20/track_0248_r1.jpg
26_12-20.mp4,248,0,444,22222,319,475,512,794,319,475,512,794,4584.5,61567,ml/output/tracks/best_frames/26_12-20/track_0248_r0.jpg,ml/output/tracks/best_frames_hires/26_12-20/track_0248_r0.jpg
26_12-20.mp4,249,1,444,22222,2122,0,2298,123,2122,0,2298,123,1970.2,21648,ml/output/tracks/best_frames/26_12-20/track_0249_r1.jpg,ml/output/tracks/best_frames_hires/26_12-20/track_0249_r1.jpg
26_12-20.mp4,249,0,447,22372,2122,0,2298,122,2122,0,2298,122,2141.9,21472,ml/output/tracks/best_frames/26_12-20/track_0249_r0.jpg,ml/output/tracks/best_frames_hires/26_12-20/track_0249_r0.jpg
26_12-20.mp4,238,2,453,22673,342,101,545,354,342,101,545,354,1519.2,51359,ml/output/tracks/best_frames/26_12-20/track_0238_r2.jpg,ml/output/tracks/best_frames_hires/26_12-20/track_0238_r2.jpg
26_12-20.mp4,250,2,456,22823,2261,864,2410,904,2261,864,2410,904,3581.1,5960,ml/output/tracks/best_frames/26_12-20/track_0250_r2.jpg,ml/output/tracks/best_frames_hires/26_12-20/track_0250_r2.jpg
26_12-20.mp4,238,0,456,22823,343,101,545,355,343,101,545,355,1570.1,51308,ml/output/tracks/best_frames/26_12-20/track_0238_r0.jpg,ml/output/tracks/best_frames_hires/26_12-20/track_0238_r0.jpg
26_12-20.mp4,250,0,459,22973,2283,864,2409,904,2283,864,2409,904,4428.2,5040,ml/output/tracks/best_frames/26_12-20/track_0250_r0.jpg,ml/output/tracks/best_frames_hires/26_12-20/track_0250_r0.jpg
26_12-20.mp4,253,1,459,22973,2293,1,2434,34,2293,1,2434,34,8465.3,4653,ml/output/tracks/best_frames/26_12-20/track_0253_r1.jpg,ml/output/tracks/best_frames_hires/26_12-20/track_0253_r1.jpg
26_12-20.mp4,252,1,459,22973,330,864,528,890,330,864,528,890,5066.1,5148,ml/output/tracks/best_frames/26_12-20/track_0252_r1.jpg,ml/output/tracks/best_frames_hires/26_12-20/track_0252_r1.jpg
26_12-20.mp4,252,0,462,23123,332,864,528,889,332,864,528,889,5448.2,4900,ml/output/tracks/best_frames/26_12-20/track_0252_r0.jpg,ml/output/tracks/best_frames_hires/26_12-20/track_0252_r0.jpg
26_12-20.mp4,253,0,462,23123,2294,0,2434,34,2294,0,2434,34,8521.4,4760,ml/output/tracks/best_frames/26_12-20/track_0253_r0.jpg,ml/output/tracks/best_frames_hires/26_12-20/track_0253_r0.jpg
26_12-20.mp4,250,1,462,23123,2282,864,2409,904,2282,864,2409,904,4257.1,5080,ml/output/tracks/best_frames/26_12-20/track_0250_r1.jpg,ml/output/tracks/best_frames_hires/26_12-20/track_0250_r1.jpg
26_12-20.mp4,206,2,465,23273,500,1727,660,2042,500,1727,660,2042,3702.0,50400,ml/output/tracks/best_frames/26_12-20/track_0206_r2.jpg,ml/output/tracks/best_frames_hires/26_12-20/track_0206_r2.jpg
26_12-20.mp4,254,2,465,23273,2122,0,2298,120,2122,0,2298,120,3614.8,21120,ml/output/tracks/best_frames/26_12-20/track_0254_r2.jpg,ml/output/tracks/best_frames_hires/26_12-20/track_0254_r2.jpg
26_12-20.mp4,254,1,468,23423,2122,0,2298,120,2122,0,2298,120,3617.6,21120,ml/output/tracks/best_frames/26_12-20/track_0254_r1.jpg,ml/output/tracks/best_frames_hires/26_12-20/track_0254_r1.jpg
26_12-20.mp4,203,1,468,23423,337,915,539,1167,337,915,539,1167,3267.5,50904,ml/output/tracks/best_frames/26_12-20/track_0203_r1.jpg,ml/output/tracks/best_frames_hires/26_12-20/track_0203_r1.jpg
26_12-20.mp4,186,1,468,23423,369,1336,593,1602,369,1336,593,1602,3900.8,59584,ml/output/tracks/best_frames/26_12-20/track_0186_r1.jpg,ml/output/tracks/best_frames_hires/26_12-20/track_0186_r1.jpg
26_12-20.mp4,246,2,471,23574,2127,0,2433,292,2127,0,2433,292,3731.7,89352,ml/output/tracks/best_frames/26_12-20/track_0246_r2.jpg,ml/output/tracks/best_frames_hires/26_12-20/track_0246_r2.jpg
26_12-20.mp4,252,2,471,23574,335,864,528,888,335,864,528,888,5375.5,4632,ml/output/tracks/best_frames/26_12-20/track_0252_r2.jpg,ml/output/tracks/best_frames_hires/26_12-20/track_0252_r2.jpg
26_12-20.mp4,243,2,471,23574,2279,3,2433,143,2279,3,2433,143,11330.1,21560,ml/output/tracks/best_frames/26_12-20/track_0243_r2.jpg,ml/output/tracks/best_frames_hires/26_12-20/track_0243_r2.jpg
26_12-20.mp4,254,0,471,23574,2122,0,2298,120,2122,0,2298,120,3671.9,21120,ml/output/tracks/best_frames/26_12-20/track_0254_r0.jpg,ml/output/tracks/best_frames_hires/26_12-20/track_0254_r0.jpg
26_12-20.mp4,186,2,471,23574,369,1337,593,1602,369,1337,593,1602,3907.4,59360,ml/output/tracks/best_frames/26_12-20/track_0186_r2.jpg,ml/output/tracks/best_frames_hires/26_12-20/track_0186_r2.jpg
26_12-20.mp4,227,2,471,23574,2018,1888,2309,2159,2018,1888,2309,2159,2578.7,78861,ml/output/tracks/best_frames/26_12-20/track_0227_r2.jpg,ml/output/tracks/best_frames_hires/26_12-20/track_0227_r2.jpg
26_12-20.mp4,227,0,474,23724,2018,1888,2309,2159,2018,1888,2309,2159,2615.8,78861,ml/output/tracks/best_frames/26_12-20/track_0227_r0.jpg,ml/output/tracks/best_frames_hires/26_12-20/track_0227_r0.jpg
26_12-20.mp4,247,2,474,23724,2095,864,2304,1034,2095,864,2304,1034,615.3,35530,ml/output/tracks/best_frames/26_12-20/track_0247_r2.jpg,ml/output/tracks/best_frames_hires/26_12-20/track_0247_r2.jpg
26_12-20.mp4,203,2,474,23724,336,916,540,1166,336,916,540,1166,3259.4,51000,ml/output/tracks/best_frames/26_12-20/track_0203_r2.jpg,ml/output/tracks/best_frames_hires/26_12-20/track_0203_r2.jpg
26_12-20.mp4,224,2,477,23874,2097,562,2419,906,2097,562,2419,906,5549.1,110768,ml/output/tracks/best_frames/26_12-20/track_0224_r2.jpg,ml/output/tracks/best_frames_hires/26_12-20/track_0224_r2.jpg
26_12-20.mp4,244,2,477,23874,2105,421,2437,789,2105,421,2437,789,3232.1,122176,ml/output/tracks/best_frames/26_12-20/track_0244_r2.jpg,ml/output/tracks/best_frames_hires/26_12-20/track_0244_r2.jpg
26_12-20.mp4,203,0,477,23874,336,915,540,1166,336,915,540,1166,3281.8,51204,ml/output/tracks/best_frames/26_12-20/track_0203_r0.jpg,ml/output/tracks/best_frames_hires/26_12-20/track_0203_r0.jpg
26_12-20.mp4,227,1,477,23874,2018,1889,2309,2159,2018,1889,2309,2159,2624.9,78570,ml/output/tracks/best_frames/26_12-20/track_0227_r1.jpg,ml/output/tracks/best_frames_hires/26_12-20/track_0227_r1.jpg
26_12-20.mp4,206,1,477,23874,500,1727,657,2042,500,1727,657,2042,3779.8,49455,ml/output/tracks/best_frames/26_12-20/track_0206_r1.jpg,ml/output/tracks/best_frames_hires/26_12-20/track_0206_r1.jpg
26_12-20.mp4,239,2,477,23874,2279,0,2304,135,2279,0,2304,135,5960.4,3375,ml/output/tracks/best_frames/26_12-20/track_0239_r2.jpg,ml/output/tracks/best_frames_hires/26_12-20/track_0239_r2.jpg
26_12-20.mp4,186,0,477,23874,370,1337,593,1602,370,1337,593,1602,4010.1,59095,ml/output/tracks/best_frames/26_12-20/track_0186_r0.jpg,ml/output/tracks/best_frames_hires/26_12-20/track_0186_r0.jpg
26_12-20.mp4,196,2,477,23874,350,1092,557,1365,350,1092,557,1365,10649.7,56511,ml/output/tracks/best_frames/26_12-20/track_0196_r2.jpg,ml/output/tracks/best_frames_hires/26_12-20/track_0196_r2.jpg
26_12-20.mp4,216,2,477,23874,326,607,513,884,326,607,513,884,12610.6,51799,ml/output/tracks/best_frames/26_12-20/track_0216_r2.jpg,ml/output/tracks/best_frames_hires/26_12-20/track_0216_r2.jpg
26_12-20.mp4,196,1,480,24024,350,1092,557,1366,350,1092,557,1366,10629.4,56718,ml/output/tracks/best_frames/26_12-20/track_0196_r1.jpg,ml/output/tracks/best_frames_hires/26_12-20/track_0196_r1.jpg
26_12-20.mp4,243,1,480,24024,2279,5,2434,143,2279,5,2434,143,11438.1,21390,ml/output/tracks/best_frames/26_12-20/track_0243_r1.jpg,ml/output/tracks/best_frames_hires/26_12-20/track_0243_r1.jpg
26_12-20.mp4,244,1,480,24024,2105,422,2437,789,2105,422,2437,789,3303.1,121844,ml/output/tracks/best_frames/26_12-20/track_0244_r1.jpg,ml/output/tracks/best_frames_hires/26_12-20/track_0244_r1.jpg
26_12-20.mp4,239,1,480,24024,2279,0,2304,136,2279,0,2304,136,6233.1,3400,ml/output/tracks/best_frames/26_12-20/track_0239_r1.jpg,ml/output/tracks/best_frames_hires/26_12-20/track_0239_r1.jpg
26_12-20.mp4,246,1,480,24024,2127,0,2433,293,2127,0,2433,293,3785.6,89658,ml/output/tracks/best_frames/26_12-20/track_0246_r1.jpg,ml/output/tracks/best_frames_hires/26_12-20/track_0246_r1.jpg
26_12-20.mp4,247,0,480,24024,2093,864,2304,1039,2093,864,2304,1039,600.0,36925,ml/output/tracks/best_frames/26_12-20/track_0247_r0.jpg,ml/output/tracks/best_frames_hires/26_12-20/track_0247_r0.jpg
26_12-20.mp4,216,0,480,24024,326,606,513,884,326,606,513,884,12722.3,51986,ml/output/tracks/best_frames/26_12-20/track_0216_r0.jpg,ml/output/tracks/best_frames_hires/26_12-20/track_0216_r0.jpg
26_12-20.mp4,224,1,480,24024,2097,561,2420,906,2097,561,2420,906,5644.4,111435,ml/output/tracks/best_frames/26_12-20/track_0224_r1.jpg,ml/output/tracks/best_frames_hires/26_12-20/track_0224_r1.jpg
26_12-20.mp4,216,1,483,24174,326,607,513,884,326,607,513,884,12752.4,51799,ml/output/tracks/best_frames/26_12-20/track_0216_r1.jpg,ml/output/tracks/best_frames_hires/26_12-20/track_0216_r1.jpg
26_12-20.mp4,206,0,483,24174,501,1732,663,2048,501,1732,663,2048,3717.0,51192,ml/output/tracks/best_frames/26_12-20/track_0206_r0.jpg,ml/output/tracks/best_frames_hires/26_12-20/track_0206_r0.jpg
26_12-20.mp4,196,0,483,24174,350,1092,557,1366,350,1092,557,1366,10704.0,56718,ml/output/tracks/best_frames/26_12-20/track_0196_r0.jpg,ml/output/tracks/best_frames_hires/26_12-20/track_0196_r0.jpg
26_12-20.mp4,224,0,483,24174,2097,561,2420,906,2097,561,2420,906,5662.5,111435,ml/output/tracks/best_frames/26_12-20/track_0224_r0.jpg,ml/output/tracks/best_frames_hires/26_12-20/track_0224_r0.jpg
26_12-20.mp4,247,1,483,24174,2093,864,2304,1041,2093,864,2304,1041,587.2,37347,ml/output/tracks/best_frames/26_12-20/track_0247_r1.jpg,ml/output/tracks/best_frames_hires/26_12-20/track_0247_r1.jpg
26_12-20.mp4,246,0,483,24174,2127,0,2433,293,2127,0,2433,293,3805.1,89658,ml/output/tracks/best_frames/26_12-20/track_0246_r0.jpg,ml/output/tracks/best_frames_hires/26_12-20/track_0246_r0.jpg
26_12-20.mp4,244,0,483,24174,2105,421,2437,789,2105,421,2437,789,3303.5,122176,ml/output/tracks/best_frames/26_12-20/track_0244_r0.jpg,ml/output/tracks/best_frames_hires/26_12-20/track_0244_r0.jpg
26_12-20.mp4,243,0,483,24174,2279,5,2434,143,2279,5,2434,143,11479.3,21390,ml/output/tracks/best_frames/26_12-20/track_0243_r0.jpg,ml/output/tracks/best_frames_hires/26_12-20/track_0243_r0.jpg
26_12-20.mp4,239,0,483,24174,2279,0,2304,137,2279,0,2304,137,6258.3,3425,ml/output/tracks/best_frames/26_12-20/track_0239_r0.jpg,ml/output/tracks/best_frames_hires/26_12-20/track_0239_r0.jpg
26_12-20.mp4,259,1,486,24324,332,471,492,667,332,471,492,667,3269.2,31360,ml/output/tracks/best_frames/26_12-20/track_0259_r1.jpg,ml/output/tracks/best_frames_hires/26_12-20/track_0259_r1.jpg
26_12-20.mp4,259,0,489,24474,321,524,513,816,321,524,513,816,3769.4,56064,ml/output/tracks/best_frames/26_12-20/track_0259_r0.jpg,ml/output/tracks/best_frames_hires/26_12-20/track_0259_r0.jpg
26_12-20.mp4,264,0,492,24625,2060,1514,2362,1926,2060,1514,2362,1926,119.9,124424,ml/output/tracks/best_frames/26_12-20/track_0264_r0.jpg,ml/output/tracks/best_frames_hires/26_12-20/track_0264_r0.jpg
26_12-20.mp4,263,2,492,24625,322,864,514,1014,322,864,514,1014,3278.2,28800,ml/output/tracks/best_frames/26_12-20/track_0263_r2.jpg,ml/output/tracks/best_frames_hires/26_12-20/track_0263_r2.jpg
26_12-20.mp4,267,0,495,24775,342,1307,553,1583,342,1307,553,1583,1651.0,58236,ml/output/tracks/best_frames/26_12-20/track_0267_r0.jpg,ml/output/tracks/best_frames_hires/26_12-20/track_0267_r0.jpg
26_12-20.mp4,264,1,495,24775,2055,1645,2364,2054,2055,1645,2364,2054,115.1,126381,ml/output/tracks/best_frames/26_12-20/track_0264_r1.jpg,ml/output/tracks/best_frames_hires/26_12-20/track_0264_r1.jpg
26_12-20.mp4,263,0,495,24775,303,864,506,1128,303,864,506,1128,2480.5,53592,ml/output/tracks/best_frames/26_12-20/track_0263_r0.jpg,ml/output/tracks/best_frames_hires/26_12-20/track_0263_r0.jpg
26_12-20.mp4,267,1,498,24925,323,1220,536,1515,323,1220,536,1515,418.4,62835,ml/output/tracks/best_frames/26_12-20/track_0267_r1.jpg,ml/output/tracks/best_frames_hires/26_12-20/track_0267_r1.jpg
26_12-20.mp4,263,1,498,24925,303,886,502,1190,303,886,502,1190,1969.4,60496,ml/output/tracks/best_frames/26_12-20/track_0263_r1.jpg,ml/output/tracks/best_frames_hires/26_12-20/track_0263_r1.jpg
26_12-20.mp4,280,1,507,25375,288,651,489,946,288,651,489,946,416.2,59295,ml/output/tracks/best_frames/26_12-20/track_0280_r1.jpg,ml/output/tracks/best_frames_hires/26_12-20/track_0280_r1.jpg
26_12-20.mp4,234,1,507,25375,284,357,499,651,284,357,499,651,3514.5,63210,ml/output/tracks/best_frames/26_12-20/track_0234_r1.jpg,ml/output/tracks/best_frames_hires/26_12-20/track_0234_r1.jpg
26_12-20.mp4,275,0,510,25525,2100,518,2434,888,2100,518,2434,888,917.0,123580,ml/output/tracks/best_frames/26_12-20/track_0275_r0.jpg,ml/output/tracks/best_frames_hires/26_12-20/track_0275_r0.jpg
26_12-20.mp4,234,0,510,25525,281,437,494,731,281,437,494,731,3759.6,62622,ml/output/tracks/best_frames/26_12-20/track_0234_r0.jpg,ml/output/tracks/best_frames_hires/26_12-20/track_0234_r0.jpg
26_12-20.mp4,280,0,510,25525,286,724,491,1029,286,724,491,1029,582.8,62525,ml/output/tracks/best_frames/26_12-20/track_0280_r0.jpg,ml/output/tracks/best_frames_hires/26_12-20/track_0280_r0.jpg
26_12-20.mp4,285,0,513,25676,2036,1639,2340,1954,2036,1639,2340,1954,391.3,95760,ml/output/tracks/best_frames/26_12-20/track_0285_r0.jpg,ml/output/tracks/best_frames_hires/26_12-20/track_0285_r0.jpg
26_12-20.mp4,271,1,513,25676,377,1546,601,1816,377,1546,601,1816,2108.4,60480,ml/output/tracks/best_frames/26_12-20/track_0271_r1.jpg,ml/output/tracks/best_frames_hires/26_12-20/track_0271_r1.jpg
26_12-20.mp4,275,1,513,25676,2092,638,2421,1004,2092,638,2421,1004,847.5,120414,ml/output/tracks/best_frames/26_12-20/track_0275_r1.jpg,ml/output/tracks/best_frames_hires/26_12-20/track_0275_r1.jpg
26_12-20.mp4,235,2,513,25676,2049,1421,2360,1724,2049,1421,2360,1724,987.2,94233,ml/output/tracks/best_frames/26_12-20/track_0235_r2.jpg,ml/output/tracks/best_frames_hires/26_12-20/track_0235_r2.jpg
26_12-20.mp4,279,0,513,25676,2085,869,2415,1238,2085,869,2415,1238,362.1,121770,ml/output/tracks/best_frames/26_12-20/track_0279_r0.jpg,ml/output/tracks/best_frames_hires/26_12-20/track_0279_r0.jpg
26_12-20.mp4,286,1,516,25826,284,864,495,1144,284,864,495,1144,880.8,59080,ml/output/tracks/best_frames/26_12-20/track_0286_r1.jpg,ml/output/tracks/best_frames_hires/26_12-20/track_0286_r1.jpg
26_12-20.mp4,279,2,516,25826,2085,1044,2409,1378,2085,1044,2409,1378,155.8,108216,ml/output/tracks/best_frames/26_12-20/track_0279_r2.jpg,ml/output/tracks/best_frames_hires/26_12-20/track_0279_r2.jpg
26_12-20.mp4,287,0,516,25826,290,460,474,816,290,460,474,816,2372.1,65504,ml/output/tracks/best_frames/26_12-20/track_0287_r0.jpg,ml/output/tracks/best_frames_hires/26_12-20/track_0287_r0.jpg
26_12-20.mp4,285,1,516,25826,2036,1722,2337,2037,2036,1722,2337,2037,355.1,94815,ml/output/tracks/best_frames/26_12-20/track_0285_r1.jpg,ml/output/tracks/best_frames_hires/26_12-20/track_0285_r1.jpg
26_12-20.mp4,277,0,516,25826,2118,0,2460,322,2118,0,2460,322,2087.3,110124,ml/output/tracks/best_frames/26_12-20/track_0277_r0.jpg,ml/output/tracks/best_frames_hires/26_12-20/track_0277_r0.jpg
26_12-20.mp4,235,1,516,25826,2050,1504,2362,1804,2050,1504,2362,1804,1015.6,93600,ml/output/tracks/best_frames/26_12-20/track_0235_r1.jpg,ml/output/tracks/best_frames_hires/26_12-20/track_0235_r1.jpg
26_12-20.mp4,275,2,516,25826,2093,734,2421,1099,2093,734,2421,1099,836.3,119720,ml/output/tracks/best_frames/26_12-20/track_0275_r2.jpg,ml/output/tracks/best_frames_hires/26_12-20/track_0275_r2.jpg
26_12-20.mp4,273,1,516,25826,340,1377,561,1646,340,1377,561,1646,3790.9,59449,ml/output/tracks/best_frames/26_12-20/track_0273_r1.jpg,ml/output/tracks/best_frames_hires/26_12-20/track_0273_r1.jpg
26_12-20.mp4,271,2,516,25826,402,1651,621,1953,402,1651,621,1953,1825.4,66138,ml/output/tracks/best_frames/26_12-20/track_0271_r2.jpg,ml/output/tracks/best_frames_hires/26_12-20/track_0271_r2.jpg
26_12-20.mp4,234,2,516,25826,270,604,480,902,270,604,480,902,3299.6,62580,ml/output/tracks/best_frames/26_12-20/track_0234_r2.jpg,ml/output/tracks/best_frames_hires/26_12-20/track_0234_r2.jpg
26_12-20.mp4,277,1,519,25976,2121,25,2455,397,2121,25,2455,397,1710.9,124248,ml/output/tracks/best_frames/26_12-20/track_0277_r1.jpg,ml/output/tracks/best_frames_hires/26_12-20/track_0277_r1.jpg
26_12-20.mp4,287,1,519,25976,286,559,468,876,286,559,468,876,2111.9,57694,ml/output/tracks/best_frames/26_12-20/track_0287_r1.jpg,ml/output/tracks/best_frames_hires/26_12-20/track_0287_r1.jpg
26_12-20.mp4,279,1,519,25976,2086,1097,2407,1434,2086,1097,2407,1434,260.9,108177,ml/output/tracks/best_frames/26_12-20/track_0279_r1.jpg,ml/output/tracks/best_frames_hires/26_12-20/track_0279_r1.jpg
26_12-20.mp4,273,0,519,25976,357,1423,576,1700,357,1423,576,1700,4069.0,60663,ml/output/tracks/best_frames/26_12-20/track_0273_r0.jpg,ml/output/tracks/best_frames_hires/26_12-20/track_0273_r0.jpg
26_12-20.mp4,235,0,519,25976,2053,1568,2364,1862,2053,1568,2364,1862,1160.2,91434,ml/output/tracks/best_frames/26_12-20/track_0235_r0.jpg,ml/output/tracks/best_frames_hires/26_12-20/track_0235_r0.jpg
26_12-20.mp4,271,0,519,25976,398,1675,638,1979,398,1675,638,1979,1776.7,72960,ml/output/tracks/best_frames/26_12-20/track_0271_r0.jpg,ml/output/tracks/best_frames_hires/26_12-20/track_0271_r0.jpg
26_12-20.mp4,286,0,519,25976,279,864,493,1167,279,864,493,1167,1878.9,64842,ml/output/tracks/best_frames/26_12-20/track_0286_r0.jpg,ml/output/tracks/best_frames_hires/26_12-20/track_0286_r0.jpg
26_12-20.mp4,273,2,522,26126,362,1489,583,1749,362,1489,583,1749,3828.1,57460,ml/output/tracks/best_frames/26_12-20/track_0273_r2.jpg,ml/output/tracks/best_frames_hires/26_12-20/track_0273_r2.jpg
26_12-20.mp4,290,1,522,26126,291,1048,504,1302,291,1048,504,1302,495.6,54102,ml/output/tracks/best_frames/26_12-20/track_0290_r1.jpg,ml/output/tracks/best_frames_hires/26_12-20/track_0290_r1.jpg
26_12-20.mp4,288,0,522,26126,2122,0,2460,344,2122,0,2460,344,719.9,116272,ml/output/tracks/best_frames/26_12-20/track_0288_r0.jpg,ml/output/tracks/best_frames_hires/26_12-20/track_0288_r0.jpg
26_12-20.mp4,290,0,525,26276,297,1105,508,1403,297,1105,508,1403,513.9,62878,ml/output/tracks/best_frames/26_12-20/track_0290_r0.jpg,ml/output/tracks/best_frames_hires/26_12-20/track_0290_r0.jpg
26_12-20.mp4,277,2,525,26276,2123,199,2460,575,2123,199,2460,575,956.0,126712,ml/output/tracks/best_frames/26_12-20/track_0277_r2.jpg,ml/output/tracks/best_frames_hires/26_12-20/track_0277_r2.jpg
26_12-20.mp4,288,1,525,26276,2136,40,2469,445,2136,40,2469,445,537.2,134865,ml/output/tracks/best_frames/26_12-20/track_0288_r1.jpg,ml/output/tracks/best_frames_hires/26_12-20/track_0288_r1.jpg
26_12-20.mp4,288,2,528,26426,2131,152,2470,537,2131,152,2470,537,489.8,130515,ml/output/tracks/best_frames/26_12-20/track_0288_r2.jpg,ml/output/tracks/best_frames_hires/26_12-20/track_0288_r2.jpg
26_12-20.mp4,294,0,528,26426,2130,308,2303,651,2130,308,2303,651,731.2,59339,ml/output/tracks/best_frames/26_12-20/track_0294_r0.jpg,ml/output/tracks/best_frames_hires/26_12-20/track_0294_r0.jpg
26_12-20.mp4,295,1,528,26426,2117,474,2457,863,2117,474,2457,863,495.7,132260,ml/output/tracks/best_frames/26_12-20/track_0295_r1.jpg,ml/output/tracks/best_frames_hires/26_12-20/track_0295_r1.jpg
26_12-20.mp4,287,2,528,26426,275,784,466,1115,275,784,466,1115,1563.9,63221,ml/output/tracks/best_frames/26_12-20/track_0287_r2.jpg,ml/output/tracks/best_frames_hires/26_12-20/track_0287_r2.jpg
26_12-20.mp4,296,2,531,26577,283,165,500,435,283,165,500,435,707.0,58590,ml/output/tracks/best_frames/26_12-20/track_0296_r2.jpg,ml/output/tracks/best_frames_hires/26_12-20/track_0296_r2.jpg
26_12-20.mp4,294,1,531,26577,2132,416,2303,746,2132,416,2303,746,636.6,56430,ml/output/tracks/best_frames/26_12-20/track_0294_r1.jpg,ml/output/tracks/best_frames_hires/26_12-20/track_0294_r1.jpg
26_12-20.mp4,295,0,531,26577,2120,402,2472,802,2120,402,2472,802,672.9,140800,ml/output/tracks/best_frames/26_12-20/track_0295_r0.jpg,ml/output/tracks/best_frames_hires/26_12-20/track_0295_r0.jpg
26_12-20.mp4,297,1,531,26577,2113,578,2461,966,2113,578,2461,966,551.8,135024,ml/output/tracks/best_frames/26_12-20/track_0297_r1.jpg,ml/output/tracks/best_frames_hires/26_12-20/track_0297_r1.jpg
26_12-20.mp4,299,2,534,26727,2106,864,2459,1209,2106,864,2459,1209,105.5,121785,ml/output/tracks/best_frames/26_12-20/track_0299_r2.jpg,ml/output/tracks/best_frames_hires/26_12-20/track_0299_r2.jpg
26_12-20.mp4,295,2,534,26727,2126,340,2472,792,2126,340,2472,792,400.2,156392,ml/output/tracks/best_frames/26_12-20/track_0295_r2.jpg,ml/output/tracks/best_frames_hires/26_12-20/track_0295_r2.jpg
26_12-20.mp4,296,1,534,26727,272,272,485,541,272,272,485,541,840.1,57297,ml/output/tracks/best_frames/26_12-20/track_0296_r1.jpg,ml/output/tracks/best_frames_hires/26_12-20/track_0296_r1.jpg
26_12-20.mp4,297,0,534,26727,2118,531,2472,926,2118,531,2472,926,759.8,139830,ml/output/tracks/best_frames/26_12-20/track_0297_r0.jpg,ml/output/tracks/best_frames_hires/26_12-20/track_0297_r0.jpg
26_12-20.mp4,299,1,537,26877,2108,868,2458,1252,2108,868,2458,1252,295.5,134400,ml/output/tracks/best_frames/26_12-20/track_0299_r1.jpg,ml/output/tracks/best_frames_hires/26_12-20/track_0299_r1.jpg
26_12-20.mp4,296,0,537,26877,261,332,476,621,261,332,476,621,1138.3,62135,ml/output/tracks/best_frames/26_12-20/track_0296_r0.jpg,ml/output/tracks/best_frames_hires/26_12-20/track_0296_r0.jpg
26_12-20.mp4,300,2,537,26877,2119,607,2468,999,2119,607,2468,999,771.6,136808,ml/output/tracks/best_frames/26_12-20/track_0300_r2.jpg,ml/output/tracks/best_frames_hires/26_12-20/track_0300_r2.jpg
26_12-20.mp4,300,0,540,27027,2116,740,2461,1117,2116,740,2461,1117,984.0,130065,ml/output/tracks/best_frames/26_12-20/track_0300_r0.jpg,ml/output/tracks/best_frames_hires/26_12-20/track_0300_r0.jpg
26_12-20.mp4,306,0,540,27027,341,1534,563,1825,341,1534,563,1825,1053.3,64602,ml/output/tracks/best_frames/26_12-20/track_0306_r0.jpg,ml/output/tracks/best_frames_hires/26_12-20/track_0306_r0.jpg
26_12-20.mp4,299,0,540,27027,2110,864,2303,1133,2110,864,2303,1133,820.6,51917,ml/output/tracks/best_frames/26_12-20/track_0299_r0.jpg,ml/output/tracks/best_frames_hires/26_12-20/track_0299_r0.jpg
26_12-20.mp4,304,0,540,27027,2133,541,2398,974,2133,541,2398,974,595.2,114745,ml/output/tracks/best_frames/26_12-20/track_0304_r0.jpg,ml/output/tracks/best_frames_hires/26_12-20/track_0304_r0.jpg
26_12-20.mp4,305,0,543,27177,2135,0,2464,154,2135,0,2464,154,1121.7,50666,ml/output/tracks/best_frames/26_12-20/track_0305_r0.jpg,ml/output/tracks/best_frames_hires/26_12-20/track_0305_r0.jpg
26_12-20.mp4,306,1,543,27177,351,1614,562,1848,351,1614,562,1848,1254.5,49374,ml/output/tracks/best_frames/26_12-20/track_0306_r1.jpg,ml/output/tracks/best_frames_hires/26_12-20/track_0306_r1.jpg
26_12-20.mp4,304,1,543,27177,2125,621,2388,1058,2125,621,2388,1058,562.7,114931,ml/output/tracks/best_frames/26_12-20/track_0304_r1.jpg,ml/output/tracks/best_frames_hires/26_12-20/track_0304_r1.jpg
26_12-20.mp4,309,2,543,27177,2094,1138,2427,1499,2094,1138,2427,1499,146.6,120213,ml/output/tracks/best_frames/26_12-20/track_0309_r2.jpg,ml/output/tracks/best_frames_hires/26_12-20/track_0309_r2.jpg
26_12-20.mp4,300,1,543,27177,2105,827,2455,1203,2105,827,2455,1203,839.9,131600,ml/output/tracks/best_frames/26_12-20/track_0300_r1.jpg,ml/output/tracks/best_frames_hires/26_12-20/track_0300_r1.jpg
26_12-20.mp4,309,1,546,27327,2094,1247,2426,1588,2094,1247,2426,1588,176.7,113212,ml/output/tracks/best_frames/26_12-20/track_0309_r1.jpg,ml/output/tracks/best_frames_hires/26_12-20/track_0309_r1.jpg
26_12-20.mp4,305,1,546,27327,2135,0,2303,247,2135,0,2303,247,717.2,41496,ml/output/tracks/best_frames/26_12-20/track_0305_r1.jpg,ml/output/tracks/best_frames_hires/26_12-20/track_0305_r1.jpg
26_12-20.mp4,305,2,549,27477,2147,30,2304,340,2147,30,2304,340,608.2,48670,ml/output/tracks/best_frames/26_12-20/track_0305_r2.jpg,ml/output/tracks/best_frames_hires/26_12-20/track_0305_r2.jpg
26_12-20.mp4,312,1,549,27477,2038,1830,2362,2097,2038,1830,2362,2097,552.7,86508,ml/output/tracks/best_frames/26_12-20/track_0312_r1.jpg,ml/output/tracks/best_frames_hires/26_12-20/track_0312_r1.jpg
26_12-20.mp4,309,0,549,27477,2098,1119,2439,1494,2098,1119,2439,1494,507.8,127875,ml/output/tracks/best_frames/26_12-20/track_0309_r0.jpg,ml/output/tracks/best_frames_hires/26_12-20/track_0309_r0.jpg
26_12-20.mp4,317,1,552,27628,2139,196,2303,507,2139,196,2303,507,614.9,51004,ml/output/tracks/best_frames/26_12-20/track_0317_r1.jpg,ml/output/tracks/best_frames_hires/26_12-20/track_0317_r1.jpg
26_12-20.mp4,312,2,552,27628,2026,1909,2344,2159,2026,1909,2344,2159,578.5,79500,ml/output/tracks/best_frames/26_12-20/track_0312_r2.jpg,ml/output/tracks/best_frames_hires/26_12-20/track_0312_r2.jpg
26_12-20.mp4,284,2,552,27628,243,552,435,858,243,552,435,858,2788.1,58752,ml/output/tracks/best_frames/26_12-20/track_0284_r2.jpg,ml/output/tracks/best_frames_hires/26_12-20/track_0284_r2.jpg
26_12-20.mp4,317,0,555,27778,2132,166,2304,437,2132,166,2304,437,770.4,46612,ml/output/tracks/best_frames/26_12-20/track_0317_r0.jpg,ml/output/tracks/best_frames_hires/26_12-20/track_0317_r0.jpg
26_12-20.mp4,312,0,555,27778,2026,1925,2339,2159,2026,1925,2339,2159,873.5,73242,ml/output/tracks/best_frames/26_12-20/track_0312_r0.jpg,ml/output/tracks/best_frames_hires/26_12-20/track_0312_r0.jpg
26_12-20.mp4,314,1,555,27778,276,64,495,354,276,64,495,354,1041.3,63510,ml/output/tracks/best_frames/26_12-20/track_0314_r1.jpg,ml/output/tracks/best_frames_hires/26_12-20/track_0314_r1.jpg
26_12-20.mp4,284,0,555,27778,244,629,434,931,244,629,434,931,3891.2,57380,ml/output/tracks/best_frames/26_12-20/track_0284_r0.jpg,ml/output/tracks/best_frames_hires/26_12-20/track_0284_r0.jpg
26_12-20.mp4,325,0,558,27928,255,526,436,889,255,526,436,889,1999.6,65703,ml/output/tracks/best_frames/26_12-20/track_0325_r0.jpg,ml/output/tracks/best_frames_hires/26_12-20/track_0325_r0.jpg
26_12-20.mp4,317,2,558,27928,2130,217,2304,477,2130,217,2304,477,542.0,45240,ml/output/tracks/best_frames/26_12-20/track_0317_r2.jpg,ml/output/tracks/best_frames_hires/26_12-20/track_0317_r2.jpg
26_12-20.mp4,325,1,561,28078,250,608,428,959,250,608,428,959,2019.3,62478,ml/output/tracks/best_frames/26_12-20/track_0325_r1.jpg,ml/output/tracks/best_frames_hires/26_12-20/track_0325_r1.jpg
26_12-20.mp4,284,1,561,28078,243,751,437,1044,243,751,437,1044,3570.1,56842,ml/output/tracks/best_frames/26_12-20/track_0284_r1.jpg,ml/output/tracks/best_frames_hires/26_12-20/track_0284_r1.jpg
26_12-20.mp4,329,1,564,28228,2123,864,2304,1022,2123,864,2304,1022,763.4,28598,ml/output/tracks/best_frames/26_12-20/track_0329_r1.jpg,ml/output/tracks/best_frames_hires/26_12-20/track_0329_r1.jpg
26_12-20.mp4,327,2,564,28228,2126,865,2476,1250,2126,865,2476,1250,143.6,134750,ml/output/tracks/best_frames/26_12-20/track_0327_r2.jpg,ml/output/tracks/best_frames_hires/26_12-20/track_0327_r2.jpg
26_12-20.mp4,327,1,567,28378,2126,864,2481,1253,2126,864,2481,1253,264.0,138095,ml/output/tracks/best_frames/26_12-20/track_0327_r1.jpg,ml/output/tracks/best_frames_hires/26_12-20/track_0327_r1.jpg
26_12-20.mp4,329,2,567,28378,2128,864,2304,1043,2128,864,2304,1043,475.9,31504,ml/output/tracks/best_frames/26_12-20/track_0329_r2.jpg,ml/output/tracks/best_frames_hires/26_12-20/track_0329_r2.jpg
26_12-20.mp4,334,1,567,28378,2039,1885,2372,2159,2039,1885,2372,2159,430.1,91242,ml/output/tracks/best_frames/26_12-20/track_0334_r1.jpg,ml/output/tracks/best_frames_hires/26_12-20/track_0334_r1.jpg
26_12-20.mp4,327,0,570,28528,2120,864,2491,1213,2120,864,2491,1213,409.2,129479,ml/output/tracks/best_frames/26_12-20/track_0327_r0.jpg,ml/output/tracks/best_frames_hires/26_12-20/track_0327_r0.jpg
26_12-20.mp4,336,2,570,28528,232,866,431,1140,232,866,431,1140,2303.7,54526,ml/output/tracks/best_frames/26_12-20/track_0336_r2.jpg,ml/output/tracks/best_frames_hires/26_12-20/track_0336_r2.jpg
26_12-20.mp4,329,0,570,28528,2115,864,2304,1106,2115,864,2304,1106,760.9,45738,ml/output/tracks/best_frames/26_12-20/track_0329_r0.jpg,ml/output/tracks/best_frames_hires/26_12-20/track_0329_r0.jpg
26_12-20.mp4,334,0,570,28528,2039,1895,2371,2159,2039,1895,2371,2159,667.0,87648,ml/output/tracks/best_frames/26_12-20/track_0334_r0.jpg,ml/output/tracks/best_frames_hires/26_12-20/track_0334_r0.jpg
26_12-20.mp4,314,2,573,28679,231,471,439,747,231,471,439,747,934.8,57408,ml/output/tracks/best_frames/26_12-20/track_0314_r2.jpg,ml/output/tracks/best_frames_hires/26_12-20/track_0314_r2.jpg
26_12-20.mp4,336,1,573,28679,233,868,431,1195,233,868,431,1195,2906.3,64746,ml/output/tracks/best_frames/26_12-20/track_0336_r1.jpg,ml/output/tracks/best_frames_hires/26_12-20/track_0336_r1.jpg
26_12-20.mp4,314,0,576,28829,230,474,440,748,230,474,440,748,1171.4,57540,ml/output/tracks/best_frames/26_12-20/track_0314_r0.jpg,ml/output/tracks/best_frames_hires/26_12-20/track_0314_r0.jpg
26_12-20.mp4,336,0,576,28829,231,867,432,1195,231,867,432,1195,3500.3,65928,ml/output/tracks/best_frames/26_12-20/track_0336_r0.jpg,ml/output/tracks/best_frames_hires/26_12-20/track_0336_r0.jpg
26_12-20.mp4,322,0,579,28979,2135,715,2303,1093,2135,715,2303,1093,1672.0,63504,ml/output/tracks/best_frames/26_12-20/track_0322_r0.jpg,ml/output/tracks/best_frames_hires/26_12-20/track_0322_r0.jpg
26_12-20.mp4,337,1,579,28979,2135,545,2519,977,2135,545,2519,977,834.4,165888,ml/output/tracks/best_frames/26_12-20/track_0337_r1.jpg,ml/output/tracks/best_frames_hires/26_12-20/track_0337_r1.jpg
26_12-20.mp4,337,2,582,29129,2137,543,2520,978,2137,543,2520,978,779.0,166605,ml/output/tracks/best_frames/26_12-20/track_0337_r2.jpg,ml/output/tracks/best_frames_hires/26_12-20/track_0337_r2.jpg
26_12-20.mp4,339,2,582,29129,230,867,435,1194,230,867,435,1194,5265.9,67035,ml/output/tracks/best_frames/26_12-20/track_0339_r2.jpg,ml/output/tracks/best_frames_hires/26_12-20/track_0339_r2.jpg
26_12-20.mp4,339,1,585,29279,230,867,434,1194,230,867,434,1194,5300.3,66708,ml/output/tracks/best_frames/26_12-20/track_0339_r1.jpg,ml/output/tracks/best_frames_hires/26_12-20/track_0339_r1.jpg
26_12-20.mp4,339,0,588,29429,230,867,434,1195,230,867,434,1195,5694.6,66912,ml/output/tracks/best_frames/26_12-20/track_0339_r0.jpg,ml/output/tracks/best_frames_hires/26_12-20/track_0339_r0.jpg
26_12-20.mp4,337,0,591,29579,2137,545,2516,976,2137,545,2516,976,877.0,163349,ml/output/tracks/best_frames/26_12-20/track_0337_r0.jpg,ml/output/tracks/best_frames_hires/26_12-20/track_0337_r0.jpg
26_12-20.mp4,340,2,597,29880,2047,1896,2372,2159,2047,1896,2372,2159,2389.6,85475,ml/output/tracks/best_frames/26_12-20/track_0340_r2.jpg,ml/output/tracks/best_frames_hires/26_12-20/track_0340_r2.jpg
26_12-20.mp4,340,1,600,30030,2048,1896,2372,2159,2048,1896,2372,2159,2637.4,85212,ml/output/tracks/best_frames/26_12-20/track_0340_r1.jpg,ml/output/tracks/best_frames_hires/26_12-20/track_0340_r1.jpg
26_12-20.mp4,335,2,603,30180,2147,189,2304,558,2147,189,2304,558,3390.9,57933,ml/output/tracks/best_frames/26_12-20/track_0335_r2.jpg,ml/output/tracks/best_frames_hires/26_12-20/track_0335_r2.jpg
26_12-20.mp4,340,0,603,30180,2047,1897,2372,2159,2047,1897,2372,2159,2731.9,85150,ml/output/tracks/best_frames/26_12-20/track_0340_r0.jpg,ml/output/tracks/best_frames_hires/26_12-20/track_0340_r0.jpg
26_12-20.mp4,335,1,606,30330,2147,189,2304,557,2147,189,2304,557,3404.8,57776,ml/output/tracks/best_frames/26_12-20/track_0335_r1.jpg,ml/output/tracks/best_frames_hires/26_12-20/track_0335_r1.jpg
26_12-20.mp4,324,2,606,30330,2146,13,2527,449,2146,13,2527,449,2363.7,166116,ml/output/tracks/best_frames/26_12-20/track_0324_r2.jpg,ml/output/tracks/best_frames_hires/26_12-20/track_0324_r2.jpg
26_12-20.mp4,320,2,606,30330,2151,184,2498,581,2151,184,2498,581,3576.1,137759,ml/output/tracks/best_frames/26_12-20/track_0320_r2.jpg,ml/output/tracks/best_frames_hires/26_12-20/track_0320_r2.jpg
26_12-20.mp4,342,1,609,30480,233,868,433,1195,233,868,433,1195,7277.4,65400,ml/output/tracks/best_frames/26_12-20/track_0342_r1.jpg,ml/output/tracks/best_frames_hires/26_12-20/track_0342_r1.jpg
26_12-20.mp4,308,1,609,30480,2128,707,2490,1103,2128,707,2490,1103,2114.4,143352,ml/output/tracks/best_frames/26_12-20/track_0308_r1.jpg,ml/output/tracks/best_frames_hires/26_12-20/track_0308_r1.jpg
26_12-20.mp4,324,1,609,30480,2146,13,2528,449,2146,13,2528,449,2362.7,166552,ml/output/tracks/best_frames/26_12-20/track_0324_r1.jpg,ml/output/tracks/best_frames_hires/26_12-20/track_0324_r1.jpg
26_12-20.mp4,318,1,609,30480,280,6,491,276,280,6,491,276,3159.2,56970,ml/output/tracks/best_frames/26_12-20/track_0318_r1.jpg,ml/output/tracks/best_frames_hires/26_12-20/track_0318_r1.jpg
26_12-20.mp4,322,1,609,30480,2117,864,2304,1110,2117,864,2304,1110,2132.4,46002,ml/output/tracks/best_frames/26_12-20/track_0322_r1.jpg,ml/output/tracks/best_frames_hires/26_12-20/track_0322_r1.jpg
26_12-20.mp4,320,1,609,30480,2151,184,2498,581,2151,184,2498,581,3588.6,137759,ml/output/tracks/best_frames/26_12-20/track_0320_r1.jpg,ml/output/tracks/best_frames_hires/26_12-20/track_0320_r1.jpg
26_12-20.mp4,318,2,612,30631,281,6,491,276,281,6,491,276,3154.3,56700,ml/output/tracks/best_frames/26_12-20/track_0318_r2.jpg,ml/output/tracks/best_frames_hires/26_12-20/track_0318_r2.jpg
26_12-20.mp4,342,0,612,30631,233,868,433,1195,233,868,433,1195,7280.7,65400,ml/output/tracks/best_frames/26_12-20/track_0342_r0.jpg,ml/output/tracks/best_frames_hires/26_12-20/track_0342_r0.jpg
26_12-20.mp4,322,2,612,30631,2117,864,2304,1110,2117,864,2304,1110,2104.2,46002,ml/output/tracks/best_frames/26_12-20/track_0322_r2.jpg,ml/output/tracks/best_frames_hires/26_12-20/track_0322_r2.jpg
26_12-20.mp4,308,2,612,30631,2128,707,2489,1103,2128,707,2489,1103,2105.0,142956,ml/output/tracks/best_frames/26_12-20/track_0308_r2.jpg,ml/output/tracks/best_frames_hires/26_12-20/track_0308_r2.jpg
26_12-20.mp4,342,2,615,30781,233,868,432,1195,233,868,432,1195,7272.2,65073,ml/output/tracks/best_frames/26_12-20/track_0342_r2.jpg,ml/output/tracks/best_frames_hires/26_12-20/track_0342_r2.jpg
26_12-20.mp4,338,2,615,30781,282,1296,496,1623,282,1296,496,1623,1122.5,69978,ml/output/tracks/best_frames/26_12-20/track_0338_r2.jpg,ml/output/tracks/best_frames_hires/26_12-20/track_0338_r2.jpg
26_12-20.mp4,313,2,615,30781,2074,1735,2387,2022,2074,1735,2387,2022,4527.3,89831,ml/output/tracks/best_frames/26_12-20/track_0313_r2.jpg,ml/output/tracks/best_frames_hires/26_12-20/track_0313_r2.jpg
26_12-20.mp4,321,1,615,30781,244,991,445,1294,244,991,445,1294,10328.6,60903,ml/output/tracks/best_frames/26_12-20/track_0321_r1.jpg,ml/output/tracks/best_frames_hires/26_12-20/track_0321_r1.jpg
26_12-20.mp4,338,1,618,30931,282,1296,496,1623,282,1296,496,1623,1147.3,69978,ml/output/tracks/best_frames/26_12-20/track_0338_r1.jpg,ml/output/tracks/best_frames_hires/26_12-20/track_0338_r1.jpg
26_12-20.mp4,321,0,618,30931,244,991,445,1294,244,991,445,1294,10334.4,60903,ml/output/tracks/best_frames/26_12-20/track_0321_r0.jpg,ml/output/tracks/best_frames_hires/26_12-20/track_0321_r0.jpg
26_12-20.mp4,313,1,618,30931,2074,1735,2387,2022,2074,1735,2387,2022,4532.9,89831,ml/output/tracks/best_frames/26_12-20/track_0313_r1.jpg,ml/output/tracks/best_frames_hires/26_12-20/track_0313_r1.jpg
26_12-20.mp4,320,0,621,31081,2151,184,2498,581,2151,184,2498,581,3634.0,137759,ml/output/tracks/best_frames/26_12-20/track_0320_r0.jpg,ml/output/tracks/best_frames_hires/26_12-20/track_0320_r0.jpg
26_12-20.mp4,321,2,621,31081,245,992,445,1295,245,992,445,1295,10364.4,60600,ml/output/tracks/best_frames/26_12-20/track_0321_r2.jpg,ml/output/tracks/best_frames_hires/26_12-20/track_0321_r2.jpg
26_12-20.mp4,338,0,621,31081,283,1296,495,1623,283,1296,495,1623,1159.9,69324,ml/output/tracks/best_frames/26_12-20/track_0338_r0.jpg,ml/output/tracks/best_frames_hires/26_12-20/track_0338_r0.jpg
26_12-20.mp4,335,0,621,31081,2147,190,2304,558,2147,190,2304,558,3425.8,57776,ml/output/tracks/best_frames/26_12-20/track_0335_r0.jpg,ml/output/tracks/best_frames_hires/26_12-20/track_0335_r0.jpg
26_12-20.mp4,324,0,621,31081,2147,14,2526,449,2147,14,2526,449,2433.4,164865,ml/output/tracks/best_frames/26_12-20/track_0324_r0.jpg,ml/output/tracks/best_frames_hires/26_12-20/track_0324_r0.jpg
26_12-20.mp4,318,0,621,31081,281,6,491,278,281,6,491,278,3209.0,57120,ml/output/tracks/best_frames/26_12-20/track_0318_r0.jpg,ml/output/tracks/best_frames_hires/26_12-20/track_0318_r0.jpg
26_12-20.mp4,308,0,621,31081,2128,707,2489,1103,2128,707,2489,1103,2132.9,142956,ml/output/tracks/best_frames/26_12-20/track_0308_r0.jpg,ml/output/tracks/best_frames_hires/26_12-20/track_0308_r0.jpg
26_12-20.mp4,313,0,621,31081,2074,1735,2388,2023,2074,1735,2388,2023,4551.8,90432,ml/output/tracks/best_frames/26_12-20/track_0313_r0.jpg,ml/output/tracks/best_frames_hires/26_12-20/track_0313_r0.jpg
26_12-20.mp4,350,0,636,31832,2138,543,2303,909,2138,543,2303,909,432.7,60390,ml/output/tracks/best_frames/26_12-20/track_0350_r0.jpg,ml/output/tracks/best_frames_hires/26_12-20/track_0350_r0.jpg
26_12-20.mp4,350,1,639,31982,2134,667,2304,996,2134,667,2304,996,314.1,55930,ml/output/tracks/best_frames/26_12-20/track_0350_r1.jpg,ml/output/tracks/best_frames_hires/26_12-20/track_0350_r1.jpg
26_12-20.mp4,358,0,645,32282,2097,1158,2304,1444,2097,1158,2304,1444,647.3,59202,ml/output/tracks/best_frames/26_12-20/track_0358_r0.jpg,ml/output/tracks/best_frames_hires/26_12-20/track_0358_r0.jpg
26_12-20.mp4,358,1,648,32432,2107,1133,2304,1296,2107,1133,2304,1296,544.5,32111,ml/output/tracks/best_frames/26_12-20/track_0358_r1.jpg,ml/output/tracks/best_frames_hires/26_12-20/track_0358_r1.jpg
26_12-20.mp4,360,0,654,32733,2107,1134,2304,1296,2107,1134,2304,1296,596.2,31914,ml/output/tracks/best_frames/26_12-20/track_0360_r0.jpg,ml/output/tracks/best_frames_hires/26_12-20/track_0360_r0.jpg
26_12-20.mp4,354,0,660,33033,224,864,408,1079,224,864,408,1079,4489.0,39560,ml/output/tracks/best_frames/26_12-20/track_0354_r0.jpg,ml/output/tracks/best_frames_hires/26_12-20/track_0354_r0.jpg
26_12-20.mp4,357,2,666,33333,340,1664,564,1978,340,1664,564,1978,1223.6,70336,ml/output/tracks/best_frames/26_12-20/track_0357_r2.jpg,ml/output/tracks/best_frames_hires/26_12-20/track_0357_r2.jpg
26_12-20.mp4,349,2,666,33333,2163,78,2304,468,2163,78,2304,468,3388.0,54990,ml/output/tracks/best_frames/26_12-20/track_0349_r2.jpg,ml/output/tracks/best_frames_hires/26_12-20/track_0349_r2.jpg
26_12-20.mp4,345,2,666,33333,2171,83,2513,484,2171,83,2513,484,3996.0,137142,ml/output/tracks/best_frames/26_12-20/track_0345_r2.jpg,ml/output/tracks/best_frames_hires/26_12-20/track_0345_r2.jpg
26_12-20.mp4,360,1,666,33333,2110,1136,2304,1296,2110,1136,2304,1296,558.0,31040,ml/output/tracks/best_frames/26_12-20/track_0360_r1.jpg,ml/output/tracks/best_frames_hires/26_12-20/track_0360_r1.jpg
26_12-20.mp4,345,1,669,33483,2171,83,2515,484,2171,83,2515,484,4144.0,137944,ml/output/tracks/best_frames/26_12-20/track_0345_r1.jpg,ml/output/tracks/best_frames_hires/26_12-20/track_0345_r1.jpg
26_12-20.mp4,357,1,669,33483,340,1664,564,1979,340,1664,564,1979,1254.9,70560,ml/output/tracks/best_frames/26_12-20/track_0357_r1.jpg,ml/output/tracks/best_frames_hires/26_12-20/track_0357_r1.jpg
26_12-20.mp4,349,1,669,33483,2164,79,2304,468,2164,79,2304,468,3549.5,54460,ml/output/tracks/best_frames/26_12-20/track_0349_r1.jpg,ml/output/tracks/best_frames_hires/26_12-20/track_0349_r1.jpg
26_12-20.mp4,360,2,669,33483,2111,1137,2304,1296,2111,1137,2304,1296,558.9,30687,ml/output/tracks/best_frames/26_12-20/track_0360_r2.jpg,ml/output/tracks/best_frames_hires/26_12-20/track_0360_r2.jpg
26_12-20.mp4,354,2,669,33483,224,864,406,1074,224,864,406,1074,4411.5,38220,ml/output/tracks/best_frames/26_12-20/track_0354_r2.jpg,ml/output/tracks/best_frames_hires/26_12-20/track_0354_r2.jpg
26_12-20.mp4,356,1,669,33483,2162,0,2303,217,2162,0,2303,217,3095.3,30597,ml/output/tracks/best_frames/26_12-20/track_0356_r1.jpg,ml/output/tracks/best_frames_hires/26_12-20/track_0356_r1.jpg
26_12-20.mp4,357,0,672,33634,340,1664,564,1979,340,1664,564,1979,1257.9,70560,ml/output/tracks/best_frames/26_12-20/track_0357_r0.jpg,ml/output/tracks/best_frames_hires/26_12-20/track_0357_r0.jpg
26_12-20.mp4,356,0,672,33634,2163,0,2303,218,2163,0,2303,218,3138.1,30520,ml/output/tracks/best_frames/26_12-20/track_0356_r0.jpg,ml/output/tracks/best_frames_hires/26_12-20/track_0356_r0.jpg
26_12-20.mp4,345,0,672,33634,2171,78,2516,479,2171,78,2516,479,4151.2,138345,ml/output/tracks/best_frames/26_12-20/track_0345_r0.jpg,ml/output/tracks/best_frames_hires/26_12-20/track_0345_r0.jpg
26_12-20.mp4,349,0,672,33634,2164,78,2304,468,2164,78,2304,468,3550.0,54600,ml/output/tracks/best_frames/26_12-20/track_0349_r0.jpg,ml/output/tracks/best_frames_hires/26_12-20/track_0349_r0.jpg
26_12-20.mp4,354,1,672,33634,224,864,406,1073,224,864,406,1073,4452.4,38038,ml/output/tracks/best_frames/26_12-20/track_0354_r1.jpg,ml/output/tracks/best_frames_hires/26_12-20/track_0354_r1.jpg
26_12-20.mp4,331,1,672,33634,225,632,415,935,225,632,415,935,10898.8,57570,ml/output/tracks/best_frames/26_12-20/track_0331_r1.jpg,ml/output/tracks/best_frames_hires/26_12-20/track_0331_r1.jpg
26_12-20.mp4,364,0,681,34084,2086,1215,2304,1562,2086,1215,2304,1562,726.5,75646,ml/output/tracks/best_frames/26_12-20/track_0364_r0.jpg,ml/output/tracks/best_frames_hires/26_12-20/track_0364_r0.jpg
26_12-20.mp4,351,2,684,34234,228,245,444,523,228,245,444,523,919.6,60048,ml/output/tracks/best_frames/26_12-20/track_0351_r2.jpg,ml/output/tracks/best_frames_hires/26_12-20/track_0351_r2.jpg
26_12-20.mp4,364,1,684,34234,2086,1216,2304,1562,2086,1216,2304,1562,663.3,75428,ml/output/tracks/best_frames/26_12-20/track_0364_r1.jpg,ml/output/tracks/best_frames_hires/26_12-20/track_0364_r1.jpg
26_12-20.mp4,365,2,693,34685,2087,1220,2304,1562,2087,1220,2304,1562,914.6,74214,ml/output/tracks/best_frames/26_12-20/track_0365_r2.jpg,ml/output/tracks/best_frames_hires/26_12-20/track_0365_r2.jpg
26_12-20.mp4,365,1,696,34835,2087,1220,2304,1562,2087,1220,2304,1562,1124.1,74214,ml/output/tracks/best_frames/26_12-20/track_0365_r1.jpg,ml/output/tracks/best_frames_hires/26_12-20/track_0365_r1.jpg
26_12-20.mp4,365,0,699,34985,2087,1222,2304,1562,2087,1222,2304,1562,1350.9,73780,ml/output/tracks/best_frames/26_12-20/track_0365_r0.jpg,ml/output/tracks/best_frames_hires/26_12-20/track_0365_r0.jpg
26_12-20.mp4,363,2,699,34985,222,864,404,971,222,864,404,971,12825.0,19474,ml/output/tracks/best_frames/26_12-20/track_0363_r2.jpg,ml/output/tracks/best_frames_hires/26_12-20/track_0363_r2.jpg
26_12-20.mp4,362,2,699,34985,2173,0,2529,348,2173,0,2529,348,2462.8,123888,ml/output/tracks/best_frames/26_12-20/track_0362_r2.jpg,ml/output/tracks/best_frames_hires/26_12-20/track_0362_r2.jpg
26_12-20.mp4,362,1,702,35135,2173,0,2529,348,2173,0,2529,348,2499.2,123888,ml/output/tracks/best_frames/26_12-20/track_0362_r1.jpg,ml/output/tracks/best_frames_hires/26_12-20/track_0362_r1.jpg
26_12-20.mp4,361,2,702,35135,2141,627,2540,1067,2141,627,2540,1067,1043.0,175560,ml/output/tracks/best_frames/26_12-20/track_0361_r2.jpg,ml/output/tracks/best_frames_hires/26_12-20/track_0361_r2.jpg
26_12-20.mp4,363,1,702,35135,222,864,404,972,222,864,404,972,12921.4,19656,ml/output/tracks/best_frames/26_12-20/track_0363_r1.jpg,ml/output/tracks/best_frames_hires/26_12-20/track_0363_r1.jpg
26_12-20.mp4,331,2,702,35135,214,663,410,969,214,663,410,969,10386.7,59976,ml/output/tracks/best_frames/26_12-20/track_0331_r2.jpg,ml/output/tracks/best_frames_hires/26_12-20/track_0331_r2.jpg
26_12-20.mp4,355,2,702,35135,2125,864,2304,1188,2125,864,2304,1188,2120.0,57996,ml/output/tracks/best_frames/26_12-20/track_0355_r2.jpg,ml/output/tracks/best_frames_hires/26_12-20/track_0355_r2.jpg
26_12-20.mp4,351,1,705,35285,230,251,441,527,230,251,441,527,1099.9,58236,ml/output/tracks/best_frames/26_12-20/track_0351_r1.jpg,ml/output/tracks/best_frames_hires/26_12-20/track_0351_r1.jpg
26_12-20.mp4,361,0,705,35285,2141,627,2540,1067,2141,627,2540,1067,1138.1,175560,ml/output/tracks/best_frames/26_12-20/track_0361_r0.jpg,ml/output/tracks/best_frames_hires/26_12-20/track_0361_r0.jpg
26_12-20.mp4,362,0,705,35285,2173,0,2529,348,2173,0,2529,348,2639.7,123888,ml/output/tracks/best_frames/26_12-20/track_0362_r0.jpg,ml/output/tracks/best_frames_hires/26_12-20/track_0362_r0.jpg
26_12-20.mp4,331,0,705,35285,214,663,409,969,214,663,409,969,10644.5,59670,ml/output/tracks/best_frames/26_12-20/track_0331_r0.jpg,ml/output/tracks/best_frames_hires/26_12-20/track_0331_r0.jpg
26_12-20.mp4,355,0,705,35285,2125,864,2304,1188,2125,864,2304,1188,2237.8,57996,ml/output/tracks/best_frames/26_12-20/track_0355_r0.jpg,ml/output/tracks/best_frames_hires/26_12-20/track_0355_r0.jpg
26_12-20.mp4,363,0,705,35285,222,864,403,971,222,864,403,971,13322.9,19367,ml/output/tracks/best_frames/26_12-20/track_0363_r0.jpg,ml/output/tracks/best_frames_hires/26_12-20/track_0363_r0.jpg
26_12-20.mp4,356,2,705,35285,2162,4,2304,271,2162,4,2304,271,2424.6,37914,ml/output/tracks/best_frames/26_12-20/track_0356_r2.jpg,ml/output/tracks/best_frames_hires/26_12-20/track_0356_r2.jpg
26_12-20.mp4,361,1,708,35435,2140,629,2540,1066,2140,629,2540,1066,1052.1,174800,ml/output/tracks/best_frames/26_12-20/track_0361_r1.jpg,ml/output/tracks/best_frames_hires/26_12-20/track_0361_r1.jpg
26_12-20.mp4,355,1,708,35435,2124,864,2304,1190,2124,864,2304,1190,2135.4,58680,ml/output/tracks/best_frames/26_12-20/track_0355_r1.jpg,ml/output/tracks/best_frames_hires/26_12-20/track_0355_r1.jpg
26_12-20.mp4,351,0,708,35435,229,250,440,527,229,250,440,527,1152.9,58447,ml/output/tracks/best_frames/26_12-20/track_0351_r0.jpg,ml/output/tracks/best_frames_hires/26_12-20/track_0351_r0.jpg
26_12-20.mp4,370,0,714,35736,271,0,489,220,271,0,489,220,1958.6,47960,ml/output/tracks/best_frames/26_12-20/track_0370_r0.jpg,ml/output/tracks/best_frames_hires/26_12-20/track_0370_r0.jpg
26_12-20.mp4,370,1,717,35886,266,0,478,279,266,0,478,279,1441.0,59148,ml/output/tracks/best_frames/26_12-20/track_0370_r1.jpg,ml/output/tracks/best_frames_hires/26_12-20/track_0370_r1.jpg
26_12-20.mp4,370,2,720,36036,247,1,479,333,247,1,479,333,735.8,77024,ml/output/tracks/best_frames/26_12-20/track_0370_r2.jpg,ml/output/tracks/best_frames_hires/26_12-20/track_0370_r2.jpg
26_12-20.mp4,373,1,720,36036,189,713,421,1049,189,713,421,1049,2523.3,77952,ml/output/tracks/best_frames/26_12-20/track_0373_r1.jpg,ml/output/tracks/best_frames_hires/26_12-20/track_0373_r1.jpg
26_12-20.mp4,373,0,723,36186,214,777,411,1112,214,777,411,1112,2994.7,65995,ml/output/tracks/best_frames/26_12-20/track_0373_r0.jpg,ml/output/tracks/best_frames_hires/26_12-20/track_0373_r0.jpg
26_12-20.mp4,379,0,732,36637,265,0,467,186,265,0,467,186,3457.3,37572,ml/output/tracks/best_frames/26_12-20/track_0379_r0.jpg,ml/output/tracks/best_frames_hires/26_12-20/track_0379_r0.jpg
26_12-20.mp4,379,1,735,36787,259,1,478,175,259,1,478,175,3115.6,38106,ml/output/tracks/best_frames/26_12-20/track_0379_r1.jpg,ml/output/tracks/best_frames_hires/26_12-20/track_0379_r1.jpg
26_12-20.mp4,382,1,738,36937,2142,864,2302,1085,2142,864,2302,1085,751.6,35360,ml/output/tracks/best_frames/26_12-20/track_0382_r1.jpg,ml/output/tracks/best_frames_hires/26_12-20/track_0382_r1.jpg
26_12-20.mp4,379,2,738,36937,264,2,487,99,264,2,487,99,4379.2,21631,ml/output/tracks/best_frames/26_12-20/track_0379_r2.jpg,ml/output/tracks/best_frames_hires/26_12-20/track_0379_r2.jpg
26_12-20.mp4,382,0,741,37087,2142,864,2302,1087,2142,864,2302,1087,929.0,35680,ml/output/tracks/best_frames/26_12-20/track_0382_r0.jpg,ml/output/tracks/best_frames_hires/26_12-20/track_0382_r0.jpg
26_12-20.mp4,381,0,759,37988,2155,0,2304,214,2155,0,2304,214,997.1,31886,ml/output/tracks/best_frames/26_12-20/track_0381_r0.jpg,ml/output/tracks/best_frames_hires/26_12-20/track_0381_r0.jpg
26_12-20.mp4,374,1,759,37988,2154,660,2303,1060,2154,660,2303,1060,1818.9,59600,ml/output/tracks/best_frames/26_12-20/track_0374_r1.jpg,ml/output/tracks/best_frames_hires/26_12-20/track_0374_r1.jpg
26_12-20.mp4,378,1,759,37988,2157,10,2503,121,2157,10,2503,121,3717.8,38406,ml/output/tracks/best_frames/26_12-20/track_0378_r1.jpg,ml/output/tracks/best_frames_hires/26_12-20/track_0378_r1.jpg
26_12-20.mp4,372,2,759,37988,243,1362,472,1697,243,1362,472,1697,1934.6,76715,ml/output/tracks/best_frames/26_12-20/track_0372_r2.jpg,ml/output/tracks/best_frames_hires/26_12-20/track_0372_r2.jpg
26_12-20.mp4,384,1,759,37988,2145,864,2302,1088,2145,864,2302,1088,1524.2,35168,ml/output/tracks/best_frames/26_12-20/track_0384_r1.jpg,ml/output/tracks/best_frames_hires/26_12-20/track_0384_r1.jpg
26_12-20.mp4,348,2,759,37988,206,431,402,741,206,431,402,741,8156.2,60760,ml/output/tracks/best_frames/26_12-20/track_0348_r2.jpg,ml/output/tracks/best_frames_hires/26_12-20/track_0348_r2.jpg
26_12-20.mp4,384,0,762,38138,2145,864,2302,1089,2145,864,2302,1089,1543.0,35325,ml/output/tracks/best_frames/26_12-20/track_0384_r0.jpg,ml/output/tracks/best_frames_hires/26_12-20/track_0384_r0.jpg
26_12-20.mp4,381,2,762,38138,2155,0,2304,213,2155,0,2304,213,973.3,31737,ml/output/tracks/best_frames/26_12-20/track_0381_r2.jpg,ml/output/tracks/best_frames_hires/26_12-20/track_0381_r2.jpg
26_12-20.mp4,378,2,762,38138,2157,10,2503,121,2157,10,2503,121,3690.1,38406,ml/output/tracks/best_frames/26_12-20/track_0378_r2.jpg,ml/output/tracks/best_frames_hires/26_12-20/track_0378_r2.jpg
26_12-20.mp4,372,0,762,38138,243,1362,472,1697,243,1362,472,1697,1959.5,76715,ml/output/tracks/best_frames/26_12-20/track_0372_r0.jpg,ml/output/tracks/best_frames_hires/26_12-20/track_0372_r0.jpg
26_12-20.mp4,348,0,762,38138,206,433,406,739,206,433,406,739,8325.6,61200,ml/output/tracks/best_frames/26_12-20/track_0348_r0.jpg,ml/output/tracks/best_frames_hires/26_12-20/track_0348_r0.jpg
26_12-20.mp4,374,2,762,38138,2154,661,2303,1062,2154,661,2303,1062,1775.1,59749,ml/output/tracks/best_frames/26_12-20/track_0374_r2.jpg,ml/output/tracks/best_frames_hires/26_12-20/track_0374_r2.jpg
26_12-20.mp4,378,0,765,38288,2158,10,2504,120,2158,10,2504,120,3902.3,38060,ml/output/tracks/best_frames/26_12-20/track_0378_r0.jpg,ml/output/tracks/best_frames_hires/26_12-20/track_0378_r0.jpg
26_12-20.mp4,372,1,765,38288,243,1362,472,1697,243,1362,472,1697,1954.2,76715,ml/output/tracks/best_frames/26_12-20/track_0372_r1.jpg,ml/output/tracks/best_frames_hires/26_12-20/track_0372_r1.jpg
26_12-20.mp4,374,0,765,38288,2153,662,2304,1069,2153,662,2304,1069,1770.8,61457,ml/output/tracks/best_frames/26_12-20/track_0374_r0.jpg,ml/output/tracks/best_frames_hires/26_12-20/track_0374_r0.jpg
26_12-20.mp4,381,1,765,38288,2156,0,2304,208,2156,0,2304,208,1027.3,30784,ml/output/tracks/best_frames/26_12-20/track_0381_r1.jpg,ml/output/tracks/best_frames_hires/26_12-20/track_0381_r1.jpg
26_12-20.mp4,348,1,765,38288,209,433,401,741,209,433,401,741,8542.3,59136,ml/output/tracks/best_frames/26_12-20/track_0348_r1.jpg,ml/output/tracks/best_frames_hires/26_12-20/track_0348_r1.jpg
26_12-20.mp4,376,2,780,39039,2154,1,2510,408,2154,1,2510,408,1642.4,144892,ml/output/tracks/best_frames/26_12-20/track_0376_r2.jpg,ml/output/tracks/best_frames_hires/26_12-20/track_0376_r2.jpg
26_12-20.mp4,387,2,780,39039,2157,9,2507,149,2157,9,2507,149,4651.4,49000,ml/output/tracks/best_frames/26_12-20/track_0387_r2.jpg,ml/output/tracks/best_frames_hires/26_12-20/track_0387_r2.jpg
26_12-20.mp4,375,2,783,39189,262,0,475,195,262,0,475,195,5571.8,41535,ml/output/tracks/best_frames/26_12-20/track_0375_r2.jpg,ml/output/tracks/best_frames_hires/26_12-20/track_0375_r2.jpg
26_12-20.mp4,376,1,783,39189,2154,1,2510,407,2154,1,2510,407,1782.0,144536,ml/output/tracks/best_frames/26_12-20/track_0376_r1.jpg,ml/output/tracks/best_frames_hires/26_12-20/track_0376_r1.jpg
26_12-20.mp4,387,1,783,39189,2158,9,2508,148,2158,9,2508,148,5083.8,48650,ml/output/tracks/best_frames/26_12-20/track_0387_r1.jpg,ml/output/tracks/best_frames_hires/26_12-20/track_0387_r1.jpg
26_12-20.mp4,375,1,786,39339,262,0,475,195,262,0,475,195,6117.9,41535,ml/output/tracks/best_frames/26_12-20/track_0375_r1.jpg,ml/output/tracks/best_frames_hires/26_12-20/track_0375_r1.jpg
26_12-20.mp4,376,0,786,39339,2154,1,2509,406,2154,1,2509,406,1942.4,143775,ml/output/tracks/best_frames/26_12-20/track_0376_r0.jpg,ml/output/tracks/best_frames_hires/26_12-20/track_0376_r0.jpg
26_12-20.mp4,387,0,786,39339,2158,9,2508,148,2158,9,2508,148,5509.0,48650,ml/output/tracks/best_frames/26_12-20/track_0387_r0.jpg,ml/output/tracks/best_frames_hires/26_12-20/track_0387_r0.jpg
26_12-20.mp4,388,2,798,39940,2151,0,2304,300,2151,0,2304,300,1015.0,45900,ml/output/tracks/best_frames/26_12-20/track_0388_r2.jpg,ml/output/tracks/best_frames_hires/26_12-20/track_0388_r2.jpg
26_12-20.mp4,392,1,798,39940,2132,864,2304,1083,2132,864,2304,1083,636.0,37668,ml/output/tracks/best_frames/26_12-20/track_0392_r1.jpg,ml/output/tracks/best_frames_hires/26_12-20/track_0392_r1.jpg
26_12-20.mp4,390,1,798,39940,172,864,381,1174,172,864,381,1174,1443.4,64790,ml/output/tracks/best_frames/26_12-20/track_0390_r1.jpg,ml/output/tracks/best_frames_hires/26_12-20/track_0390_r1.jpg
26_12-20.mp4,390,0,801,40090,188,864,368,1023,188,864,368,1023,4101.7,28620,ml/output/tracks/best_frames/26_12-20/track_0390_r0.jpg,ml/output/tracks/best_frames_hires/26_12-20/track_0390_r0.jpg
26_12-20.mp4,388,0,801,40090,2147,4,2304,394,2147,4,2304,394,1269.4,61230,ml/output/tracks/best_frames/26_12-20/track_0388_r0.jpg,ml/output/tracks/best_frames_hires/26_12-20/track_0388_r0.jpg
26_12-20.mp4,392,0,801,40090,2121,864,2304,1136,2121,864,2304,1136,750.7,49776,ml/output/tracks/best_frames/26_12-20/track_0392_r0.jpg,ml/output/tracks/best_frames_hires/26_12-20/track_0392_r0.jpg
26_12-20.mp4,394,0,804,40240,2134,1129,2304,1449,2134,1129,2304,1449,571.0,54400,ml/output/tracks/best_frames/26_12-20/track_0394_r0.jpg,ml/output/tracks/best_frames_hires/26_12-20/track_0394_r0.jpg
26_12-20.mp4,388,1,804,40240,2146,101,2304,491,2146,101,2304,491,951.4,61620,ml/output/tracks/best_frames/26_12-20/track_0388_r1.jpg,ml/output/tracks/best_frames_hires/26_12-20/track_0388_r1.jpg
26_12-20.mp4,394,1,807,40390,2127,1247,2304,1554,2127,1247,2304,1554,567.1,54339,ml/output/tracks/best_frames/26_12-20/track_0394_r1.jpg,ml/output/tracks/best_frames_hires/26_12-20/track_0394_r1.jpg
26_12-20.mp4,400,1,813,40691,2129,1532,2304,1837,2129,1532,2304,1837,319.8,53375,ml/output/tracks/best_frames/26_12-20/track_0400_r1.jpg,ml/output/tracks/best_frames_hires/26_12-20/track_0400_r1.jpg
26_12-20.mp4,405,1,816,40841,223,1491,444,1798,223,1491,444,1798,744.8,67847,ml/output/tracks/best_frames/26_12-20/track_0405_r1.jpg,ml/output/tracks/best_frames_hires/26_12-20/track_0405_r1.jpg
26_12-20.mp4,400,0,816,40841,2126,1610,2304,1926,2126,1610,2304,1926,365.9,56248,ml/output/tracks/best_frames/26_12-20/track_0400_r0.jpg,ml/output/tracks/best_frames_hires/26_12-20/track_0400_r0.jpg
26_12-20.mp4,405,0,819,40991,234,1482,462,1799,234,1482,462,1799,895.4,72276,ml/output/tracks/best_frames/26_12-20/track_0405_r0.jpg,ml/output/tracks/best_frames_hires/26_12-20/track_0405_r0.jpg
26_12-20.mp4,404,0,819,40991,2145,1396,2546,1840,2145,1396,2546,1840,449.5,178044,ml/output/tracks/best_frames/26_12-20/track_0404_r0.jpg,ml/output/tracks/best_frames_hires/26_12-20/track_0404_r0.jpg
26_12-20.mp4,375,0,819,40991,171,566,375,877,171,566,375,877,5391.6,63444,ml/output/tracks/best_frames/26_12-20/track_0375_r0.jpg,ml/output/tracks/best_frames_hires/26_12-20/track_0375_r0.jpg
26_12-20.mp4,412,0,822,41141,215,98,454,407,215,98,454,407,1292.5,73851,ml/output/tracks/best_frames/26_12-20/track_0412_r0.jpg,ml/output/tracks/best_frames_hires/26_12-20/track_0412_r0.jpg
26_12-20.mp4,412,1,825,41291,214,128,443,488,214,128,443,488,1050.9,82440,ml/output/tracks/best_frames/26_12-20/track_0412_r1.jpg,ml/output/tracks/best_frames_hires/26_12-20/track_0412_r1.jpg
26_12-20.mp4,412,2,828,41441,206,215,437,566,206,215,437,566,755.1,81081,ml/output/tracks/best_frames/26_12-20/track_0412_r2.jpg,ml/output/tracks/best_frames_hires/26_12-20/track_0412_r2.jpg
26_12-20.mp4,404,1,828,41441,2116,1668,2517,2096,2116,1668,2517,2096,347.4,171628,ml/output/tracks/best_frames/26_12-20/track_0404_r1.jpg,ml/output/tracks/best_frames_hires/26_12-20/track_0404_r1.jpg
26_12-20.mp4,408,2,828,41441,2150,877,2304,1300,2150,877,2304,1300,568.5,65142,ml/output/tracks/best_frames/26_12-20/track_0408_r2.jpg,ml/output/tracks/best_frames_hires/26_12-20/track_0408_r2.jpg
26_12-20.mp4,404,2,831,41591,2103,1897,2463,2159,2103,1897,2463,2159,609.5,94320,ml/output/tracks/best_frames/26_12-20/track_0404_r2.jpg,ml/output/tracks/best_frames_hires/26_12-20/track_0404_r2.jpg
26_12-20.mp4,420,1,831,41591,193,1121,404,1448,193,1121,404,1448,1542.2,68997,ml/output/tracks/best_frames/26_12-20/track_0420_r1.jpg,ml/output/tracks/best_frames_hires/26_12-20/track_0420_r1.jpg
26_12-20.mp4,408,1,831,41591,2145,983,2304,1386,2145,983,2304,1386,653.5,64077,ml/output/tracks/best_frames/26_12-20/track_0408_r1.jpg,ml/output/tracks/best_frames_hires/26_12-20/track_0408_r1.jpg
26_12-20.mp4,423,0,831,41591,191,706,386,1067,191,706,386,1067,1647.4,70395,ml/output/tracks/best_frames/26_12-20/track_0423_r0.jpg,ml/output/tracks/best_frames_hires/26_12-20/track_0423_r0.jpg
26_12-20.mp4,420,0,834,41742,207,1197,416,1521,207,1197,416,1521,1611.8,67716,ml/output/tracks/best_frames/26_12-20/track_0420_r0.jpg,ml/output/tracks/best_frames_hires/26_12-20/track_0420_r0.jpg
26_12-20.mp4,423,2,834,41742,184,864,385,1083,184,864,385,1083,2059.1,44019,ml/output/tracks/best_frames/26_12-20/track_0423_r2.jpg,ml/output/tracks/best_frames_hires/26_12-20/track_0423_r2.jpg
26_12-20.mp4,425,0,834,41742,337,1907,575,2159,337,1907,575,2159,724.4,59976,ml/output/tracks/best_frames/26_12-20/track_0425_r0.jpg,ml/output/tracks/best_frames_hires/26_12-20/track_0425_r0.jpg
26_12-20.mp4,425,1,837,41892,355,1945,574,2159,355,1945,574,2159,586.2,46866,ml/output/tracks/best_frames/26_12-20/track_0425_r1.jpg,ml/output/tracks/best_frames_hires/26_12-20/track_0425_r1.jpg
26_12-20.mp4,424,2,837,41892,222,1273,426,1584,222,1273,426,1584,1443.4,63444,ml/output/tracks/best_frames/26_12-20/track_0424_r2.jpg,ml/output/tracks/best_frames_hires/26_12-20/track_0424_r2.jpg
26_12-20.mp4,428,1,837,41892,2095,1823,2434,2100,2095,1823,2434,2100,193.6,93903,ml/output/tracks/best_frames/26_12-20/track_0428_r1.jpg,ml/output/tracks/best_frames_hires/26_12-20/track_0428_r1.jpg
26_12-20.mp4,423,1,837,41892,189,869,390,1203,189,869,390,1203,1550.2,67134,ml/output/tracks/best_frames/26_12-20/track_0423_r1.jpg,ml/output/tracks/best_frames_hires/26_12-20/track_0423_r1.jpg
26_12-20.mp4,424,1,840,42042,235,1315,437,1619,235,1315,437,1619,1697.3,61408,ml/output/tracks/best_frames/26_12-20/track_0424_r1.jpg,ml/output/tracks/best_frames_hires/26_12-20/track_0424_r1.jpg
26_12-20.mp4,428,0,840,42042,2092,1899,2453,2149,2092,1899,2453,2149,216.8,90250,ml/output/tracks/best_frames/26_12-20/track_0428_r0.jpg,ml/output/tracks/best_frames_hires/26_12-20/track_0428_r0.jpg
26_12-20.mp4,408,0,840,42042,2121,1261,2304,1608,2121,1261,2304,1608,677.6,63501,ml/output/tracks/best_frames/26_12-20/track_0408_r0.jpg,ml/output/tracks/best_frames_hires/26_12-20/track_0408_r0.jpg
26_12-20.mp4,424,0,843,42192,242,1351,445,1656,242,1351,445,1656,1981.4,61915,ml/output/tracks/best_frames/26_12-20/track_0424_r0.jpg,ml/output/tracks/best_frames_hires/26_12-20/track_0424_r0.jpg
26_12-20.mp4,439,2,852,42643,2594,2066,3039,2159,2594,2066,3039,2159,538.4,41385,ml/output/tracks/best_frames/26_12-20/track_0439_r2.jpg,ml/output/tracks/best_frames_hires/26_12-20/track_0439_r2.jpg
26_12-20.mp4,443,0,858,42943,2546,559,2731,768,2546,559,2731,768,39.5,38665,ml/output/tracks/best_frames/26_12-20/track_0443_r0.jpg,ml/output/tracks/best_frames_hires/26_12-20/track_0443_r0.jpg
26_12-20.mp4,439,0,858,42943,2594,2068,3037,2159,2594,2068,3037,2159,553.5,40313,ml/output/tracks/best_frames/26_12-20/track_0439_r0.jpg,ml/output/tracks/best_frames_hires/26_12-20/track_0439_r0.jpg
26_12-20.mp4,439,1,861,43093,2596,2072,3036,2159,2596,2072,3036,2159,582.1,38280,ml/output/tracks/best_frames/26_12-20/track_0439_r1.jpg,ml/output/tracks/best_frames_hires/26_12-20/track_0439_r1.jpg
26_12-20.mp4,443,1,861,43093,2546,559,2731,767,2546,559,2731,767,31.6,38480,ml/output/tracks/best_frames/26_12-20/track_0443_r1.jpg,ml/output/tracks/best_frames_hires/26_12-20/track_0443_r1.jpg
26_12-20.mp4,442,2,870,43543,193,882,400,1198,193,882,400,1198,936.4,65412,ml/output/tracks/best_frames/26_12-20/track_0442_r2.jpg,ml/output/tracks/best_frames_hires/26_12-20/track_0442_r2.jpg
26_12-20.mp4,447,2,870,43543,2595,2078,3037,2159,2595,2078,3037,2159,748.3,35802,ml/output/tracks/best_frames/26_12-20/track_0447_r2.jpg,ml/output/tracks/best_frames_hires/26_12-20/track_0447_r2.jpg
26_12-20.mp4,440,2,870,43543,2085,1907,2419,2159,2085,1907,2419,2159,630.5,84168,ml/output/tracks/best_frames/26_12-20/track_0440_r2.jpg,ml/output/tracks/best_frames_hires/26_12-20/track_0440_r2.jpg
26_12-20.mp4,447,1,873,43694,2593,2075,3036,2159,2593,2075,3036,2159,758.1,37212,ml/output/tracks/best_frames/26_12-20/track_0447_r1.jpg,ml/output/tracks/best_frames_hires/26_12-20/track_0447_r1.jpg
26_12-20.mp4,442,0,873,43694,194,882,399,1198,194,882,399,1198,996.1,64780,ml/output/tracks/best_frames/26_12-20/track_0442_r0.jpg,ml/output/tracks/best_frames_hires/26_12-20/track_0442_r0.jpg
26_12-20.mp4,440,1,873,43694,2085,1909,2417,2159,2085,1909,2417,2159,684.9,83000,ml/output/tracks/best_frames/26_12-20/track_0440_r1.jpg,ml/output/tracks/best_frames_hires/26_12-20/track_0440_r1.jpg
26_12-20.mp4,447,0,876,43844,2595,2077,3039,2159,2595,2077,3039,2159,919.6,36408,ml/output/tracks/best_frames/26_12-20/track_0447_r0.jpg,ml/output/tracks/best_frames_hires/26_12-20/track_0447_r0.jpg
26_12-20.mp4,440,0,876,43844,2086,1909,2416,2159,2086,1909,2416,2159,730.2,82500,ml/output/tracks/best_frames/26_12-20/track_0440_r0.jpg,ml/output/tracks/best_frames_hires/26_12-20/track_0440_r0.jpg
26_12-20.mp4,449,2,876,43844,2621,0,2740,36,2621,0,2740,36,1939.0,4284,ml/output/tracks/best_frames/26_12-20/track_0449_r2.jpg,ml/output/tracks/best_frames_hires/26_12-20/track_0449_r2.jpg
26_12-20.mp4,449,0,879,43994,2622,0,2739,36,2622,0,2739,36,2329.5,4212,ml/output/tracks/best_frames/26_12-20/track_0449_r0.jpg,ml/output/tracks/best_frames_hires/26_12-20/track_0449_r0.jpg
26_12-20.mp4,449,1,882,44144,2622,0,2739,35,2622,0,2739,35,2358.3,4095,ml/output/tracks/best_frames/26_12-20/track_0449_r1.jpg,ml/output/tracks/best_frames_hires/26_12-20/track_0449_r1.jpg
26_12-20.mp4,442,1,888,44444,196,879,400,1195,196,879,400,1195,993.6,64464,ml/output/tracks/best_frames/26_12-20/track_0442_r1.jpg,ml/output/tracks/best_frames_hires/26_12-20/track_0442_r1.jpg
26_12-20.mp4,437,2,888,44444,260,1,465,181,260,1,465,181,6681.8,36900,ml/output/tracks/best_frames/26_12-20/track_0437_r2.jpg,ml/output/tracks/best_frames_hires/26_12-20/track_0437_r2.jpg
26_12-20.mp4,417,1,888,44444,2146,547,2502,920,2146,547,2502,920,2330.6,132788,ml/output/tracks/best_frames/26_12-20/track_0417_r1.jpg,ml/output/tracks/best_frames_hires/26_12-20/track_0417_r1.jpg
26_12-20.mp4,444,1,888,44444,2145,336,2517,798,2145,336,2517,798,1338.4,171864,ml/output/tracks/best_frames/26_12-20/track_0444_r1.jpg,ml/output/tracks/best_frames_hires/26_12-20/track_0444_r1.jpg
26_12-20.mp4,401,0,888,44444,2097,1656,2443,1989,2097,1656,2443,1989,3199.2,115218,ml/output/tracks/best_frames/26_12-20/track_0401_r0.jpg,ml/output/tracks/best_frames_hires/26_12-20/track_0401_r0.jpg
26_12-20.mp4,406,2,888,44444,197,557,383,873,197,557,383,873,9619.9,58776,ml/output/tracks/best_frames/26_12-20/track_0406_r2.jpg,ml/output/tracks/best_frames_hires/26_12-20/track_0406_r2.jpg
26_12-20.mp4,448,2,888,44444,251,39,454,338,251,39,454,338,4413.6,60697,ml/output/tracks/best_frames/26_12-20/track_0448_r2.jpg,ml/output/tracks/best_frames_hires/26_12-20/track_0448_r2.jpg
26_12-20.mp4,411,2,888,44444,250,1401,483,1688,250,1401,483,1688,7645.3,66871,ml/output/tracks/best_frames/26_12-20/track_0411_r2.jpg,ml/output/tracks/best_frames_hires/26_12-20/track_0411_r2.jpg
26_12-20.mp4,419,2,888,44444,2145,550,2304,911,2145,550,2304,911,1775.3,57399,ml/output/tracks/best_frames/26_12-20/track_0419_r2.jpg,ml/output/tracks/best_frames_hires/26_12-20/track_0419_r2.jpg
26_12-20.mp4,432,2,888,44444,224,360,414,642,224,360,414,642,4346.1,53580,ml/output/tracks/best_frames/26_12-20/track_0432_r2.jpg,ml/output/tracks/best_frames_hires/26_12-20/track_0432_r2.jpg
26_12-20.mp4,445,1,888,44444,2267,1667,2303,1979,2267,1667,2303,1979,2483.7,11232,ml/output/tracks/best_frames/26_12-20/track_0445_r1.jpg,ml/output/tracks/best_frames_hires/26_12-20/track_0445_r1.jpg
26_12-20.mp4,445,2,891,44594,2268,1665,2304,1979,2268,1665,2304,1979,2455.0,11304,ml/output/tracks/best_frames/26_12-20/track_0445_r2.jpg,ml/output/tracks/best_frames_hires/26_12-20/track_0445_r2.jpg
26_12-20.mp4,448,1,891,44594,251,39,454,338,251,39,454,338,4450.7,60697,ml/output/tracks/best_frames/26_12-20/track_0448_r1.jpg,ml/output/tracks/best_frames_hires/26_12-20/track_0448_r1.jpg
26_12-20.mp4,444,2,891,44594,2145,335,2518,798,2145,335,2518,798,1317.9,172699,ml/output/tracks/best_frames/26_12-20/track_0444_r2.jpg,ml/output/tracks/best_frames_hires/26_12-20/track_0444_r2.jpg
26_12-20.mp4,434,2,891,44594,305,1677,510,1974,305,1677,510,1974,2001.9,60885,ml/output/tracks/best_frames/26_12-20/track_0434_r2.jpg,ml/output/tracks/best_frames_hires/26_12-20/track_0434_r2.jpg
26_12-20.mp4,437,1,891,44594,260,1,466,181,260,1,466,181,6725.2,37080,ml/output/tracks/best_frames/26_12-20/track_0437_r1.jpg,ml/output/tracks/best_frames_hires/26_12-20/track_0437_r1.jpg
26_12-20.mp4,417,2,891,44594,2146,547,2502,920,2146,547,2502,920,2326.3,132788,ml/output/tracks/best_frames/26_12-20/track_0417_r2.jpg,ml/output/tracks/best_frames_hires/26_12-20/track_0417_r2.jpg
26_12-20.mp4,411,1,891,44594,250,1401,483,1689,250,1401,483,1689,7683.0,67104,ml/output/tracks/best_frames/26_12-20/track_0411_r1.jpg,ml/output/tracks/best_frames_hires/26_12-20/track_0411_r1.jpg
26_12-20.mp4,432,0,891,44594,223,361,414,642,223,361,414,642,4383.8,53671,ml/output/tracks/best_frames/26_12-20/track_0432_r0.jpg,ml/output/tracks/best_frames_hires/26_12-20/track_0432_r0.jpg
26_12-20.mp4,406,1,891,44594,197,557,383,873,197,557,383,873,9654.2,58776,ml/output/tracks/best_frames/26_12-20/track_0406_r1.jpg,ml/output/tracks/best_frames_hires/26_12-20/track_0406_r1.jpg
26_12-20.mp4,401,2,891,44594,2097,1656,2442,1989,2097,1656,2442,1989,3192.6,114885,ml/output/tracks/best_frames/26_12-20/track_0401_r2.jpg,ml/output/tracks/best_frames_hires/26_12-20/track_0401_r2.jpg
26_12-20.mp4,437,0,894,44745,260,1,466,181,260,1,466,181,6876.3,37080,ml/output/tracks/best_frames/26_12-20/track_0437_r0.jpg,ml/output/tracks/best_frames_hires/26_12-20/track_0437_r0.jpg
26_12-20.mp4,411,0,894,44745,251,1401,483,1689,251,1401,483,1689,7747.3,66816,ml/output/tracks/best_frames/26_12-20/track_0411_r0.jpg,ml/output/tracks/best_frames_hires/26_12-20/track_0411_r0.jpg
26_12-20.mp4,448,0,894,44745,251,39,453,339,251,39,453,339,4526.1,60600,ml/output/tracks/best_frames/26_12-20/track_0448_r0.jpg,ml/output/tracks/best_frames_hires/26_12-20/track_0448_r0.jpg
26_12-20.mp4,406,0,894,44745,197,557,383,873,197,557,383,873,9743.5,58776,ml/output/tracks/best_frames/26_12-20/track_0406_r0.jpg,ml/output/tracks/best_frames_hires/26_12-20/track_0406_r0.jpg
26_12-20.mp4,419,1,894,44745,2145,550,2304,912,2145,550,2304,912,1784.5,57558,ml/output/tracks/best_frames/26_12-20/track_0419_r1.jpg,ml/output/tracks/best_frames_hires/26_12-20/track_0419_r1.jpg
26_12-20.mp4,417,0,894,44745,2146,547,2502,920,2146,547,2502,920,2349.0,132788,ml/output/tracks/best_frames/26_12-20/track_0417_r0.jpg,ml/output/tracks/best_frames_hires/26_12-20/track_0417_r0.jpg
26_12-20.mp4,444,0,894,44745,2145,336,2518,798,2145,336,2518,798,1336.4,172326,ml/output/tracks/best_frames/26_12-20/track_0444_r0.jpg,ml/output/tracks/best_frames_hires/26_12-20/track_0444_r0.jpg
26_12-20.mp4,432,1,894,44745,223,360,413,642,223,360,413,642,4381.4,53580,ml/output/tracks/best_frames/26_12-20/track_0432_r1.jpg,ml/output/tracks/best_frames_hires/26_12-20/track_0432_r1.jpg
26_12-20.mp4,434,0,894,44745,305,1677,510,1975,305,1677,510,1975,2045.0,61090,ml/output/tracks/best_frames/26_12-20/track_0434_r0.jpg,ml/output/tracks/best_frames_hires/26_12-20/track_0434_r0.jpg
26_12-20.mp4,401,1,894,44745,2097,1656,2442,1989,2097,1656,2442,1989,3204.6,114885,ml/output/tracks/best_frames/26_12-20/track_0401_r1.jpg,ml/output/tracks/best_frames_hires/26_12-20/track_0401_r1.jpg
26_12-20.mp4,434,1,897,44895,304,1677,510,1975,304,1677,510,1975,2007.5,61388,ml/output/tracks/best_frames/26_12-20/track_0434_r1.jpg,ml/output/tracks/best_frames_hires/26_12-20/track_0434_r1.jpg
26_12-20.mp4,445,0,897,44895,2268,1665,2304,1978,2268,1665,2304,1978,2537.0,11268,ml/output/tracks/best_frames/26_12-20/track_0445_r0.jpg,ml/output/tracks/best_frames_hires/26_12-20/track_0445_r0.jpg
26_12-20.mp4,419,0,897,44895,2144,548,2303,922,2144,548,2303,922,1769.1,59466,ml/output/tracks/best_frames/26_12-20/track_0419_r0.jpg,ml/output/tracks/best_frames_hires/26_12-20/track_0419_r0.jpg
26_12-20.mp4,453,0,900,45045,207,1118,424,1442,207,1118,424,1442,962.1,70308,ml/output/tracks/best_frames/26_12-20/track_0453_r0.jpg,ml/output/tracks/best_frames_hires/26_12-20/track_0453_r0.jpg
26_12-20.mp4,452,1,900,45045,2115,1071,2480,1436,2115,1071,2480,1436,199.8,133225,ml/output/tracks/best_frames/26_12-20/track_0452_r1.jpg,ml/output/tracks/best_frames_hires/26_12-20/track_0452_r1.jpg
26_12-20.mp4,456,0,900,45045,376,1968,577,2159,376,1968,577,2159,406.4,38391,ml/output/tracks/best_frames/26_12-20/track_0456_r0.jpg,ml/output/tracks/best_frames_hires/26_12-20/track_0456_r0.jpg
26_12-20.mp4,455,0,900,45045,2117,870,2483,1281,2117,870,2483,1281,219.9,150426,ml/output/tracks/best_frames/26_12-20/track_0455_r0.jpg,ml/output/tracks/best_frames_hires/26_12-20/track_0455_r0.jpg
26_12-20.mp4,457,1,900,45045,2077,1792,2303,2074,2077,1792,2303,2074,299.9,63732,ml/output/tracks/best_frames/26_12-20/track_0457_r1.jpg,ml/output/tracks/best_frames_hires/26_12-20/track_0457_r1.jpg
26_12-20.mp4,456,1,903,45195,376,1968,577,2159,376,1968,577,2159,404.3,38391,ml/output/tracks/best_frames/26_12-20/track_0456_r1.jpg,ml/output/tracks/best_frames_hires/26_12-20/track_0456_r1.jpg
26_12-20.mp4,452,2,903,45195,2115,1071,2480,1436,2115,1071,2480,1436,199.2,133225,ml/output/tracks/best_frames/26_12-20/track_0452_r2.jpg,ml/output/tracks/best_frames_hires/26_12-20/track_0452_r2.jpg
26_12-20.mp4,453,1,903,45195,207,1118,423,1442,207,1118,423,1442,948.7,69984,ml/output/tracks/best_frames/26_12-20/track_0453_r1.jpg,ml/output/tracks/best_frames_hires/26_12-20/track_0453_r1.jpg
26_12-20.mp4,455,2,903,45195,2117,870,2484,1281,2117,870,2484,1281,214.0,150837,ml/output/tracks/best_frames/26_12-20/track_0455_r2.jpg,ml/output/tracks/best_frames_hires/26_12-20/track_0455_r2.jpg
26_12-20.mp4,457,2,903,45195,2077,1792,2303,2074,2077,1792,2303,2074,299.6,63732,ml/output/tracks/best_frames/26_12-20/track_0457_r2.jpg,ml/output/tracks/best_frames_hires/26_12-20/track_0457_r2.jpg
26_12-20.mp4,451,2,906,45345,2071,1892,2409,2159,2071,1892,2409,2159,429.0,90246,ml/output/tracks/best_frames/26_12-20/track_0451_r2.jpg,ml/output/tracks/best_frames_hires/26_12-20/track_0451_r2.jpg
26_12-20.mp4,457,0,906,45345,2077,1792,2303,2074,2077,1792,2303,2074,303.2,63732,ml/output/tracks/best_frames/26_12-20/track_0457_r0.jpg,ml/output/tracks/best_frames_hires/26_12-20/track_0457_r0.jpg
26_12-20.mp4,453,2,906,45345,207,1118,423,1442,207,1118,423,1442,942.8,69984,ml/output/tracks/best_frames/26_12-20/track_0453_r2.jpg,ml/output/tracks/best_frames_hires/26_12-20/track_0453_r2.jpg
26_12-20.mp4,456,2,906,45345,376,1968,577,2159,376,1968,577,2159,401.2,38391,ml/output/tracks/best_frames/26_12-20/track_0456_r2.jpg,ml/output/tracks/best_frames_hires/26_12-20/track_0456_r2.jpg
26_12-20.mp4,455,1,909,45495,2118,869,2484,1279,2118,869,2484,1279,218.0,150060,ml/output/tracks/best_frames/26_12-20/track_0455_r1.jpg,ml/output/tracks/best_frames_hires/26_12-20/track_0455_r1.jpg
26_12-20.mp4,451,0,909,45495,2071,1891,2410,2159,2071,1891,2410,2159,435.8,90852,ml/output/tracks/best_frames/26_12-20/track_0451_r0.jpg,ml/output/tracks/best_frames_hires/26_12-20/track_0451_r0.jpg
26_12-20.mp4,451,1,912,45646,2071,1891,2410,2159,2071,1891,2410,2159,426.4,90852,ml/output/tracks/best_frames/26_12-20/track_0451_r1.jpg,ml/output/tracks/best_frames_hires/26_12-20/track_0451_r1.jpg
26_12-20.mp4,452,0,924,46246,2108,1330,2458,1703,2108,1330,2458,1703,218.7,130550,ml/output/tracks/best_frames/26_12-20/track_0452_r0.jpg,ml/output/tracks/best_frames_hires/26_12-20/track_0452_r0.jpg
26_12-20.mp4,461,1,927,46396,234,1335,450,1660,234,1335,450,1660,1578.7,70200,ml/output/tracks/best_frames/26_12-20/track_0461_r1.jpg,ml/output/tracks/best_frames_hires/26_12-20/track_0461_r1.jpg
26_12-20.mp4,464,1,930,46546,2458,866,2741,1199,2458,866,2741,1199,68.7,94239,ml/output/tracks/best_frames/26_12-20/track_0464_r1.jpg,ml/output/tracks/best_frames_hires/26_12-20/track_0464_r1.jpg
26_12-20.mp4,461,0,930,46546,245,1401,462,1737,245,1401,462,1737,1701.9,72912,ml/output/tracks/best_frames/26_12-20/track_0461_r0.jpg,ml/output/tracks/best_frames_hires/26_12-20/track_0461_r0.jpg
26_12-20.mp4,464,2,933,46697,2447,878,2743,1243,2447,878,2743,1243,53.1,108040,ml/output/tracks/best_frames/26_12-20/track_0464_r2.jpg,ml/output/tracks/best_frames_hires/26_12-20/track_0464_r2.jpg
26_12-20.mp4,450,2,933,46697,220,1216,453,1535,220,1216,453,1535,2731.7,74327,ml/output/tracks/best_frames/26_12-20/track_0450_r2.jpg,ml/output/tracks/best_frames_hires/26_12-20/track_0450_r2.jpg
26_12-20.mp4,461,2,933,46697,265,1512,481,1845,265,1512,481,1845,1382.6,71928,ml/output/tracks/best_frames/26_12-20/track_0461_r2.jpg,ml/output/tracks/best_frames_hires/26_12-20/track_0461_r2.jpg
26_12-20.mp4,464,0,936,46847,2444,879,2747,1242,2444,879,2747,1242,62.0,109989,ml/output/tracks/best_frames/26_12-20/track_0464_r0.jpg,ml/output/tracks/best_frames_hires/26_12-20/track_0464_r0.jpg
26_12-20.mp4,450,0,939,46997,238,1391,489,1700,238,1391,489,1700,2830.4,77559,ml/output/tracks/best_frames/26_12-20/track_0450_r0.jpg,ml/output/tracks/best_frames_hires/26_12-20/track_0450_r0.jpg
26_12-20.mp4,454,2,939,46997,2393,1296,2701,1809,2393,1296,2701,1809,84.7,158004,ml/output/tracks/best_frames/26_12-20/track_0454_r2.jpg,ml/output/tracks/best_frames_hires/26_12-20/track_0454_r2.jpg
26_12-20.mp4,470,1,942,47147,226,159,464,501,226,159,464,501,708.6,81396,ml/output/tracks/best_frames/26_12-20/track_0470_r1.jpg,ml/output/tracks/best_frames_hires/26_12-20/track_0470_r1.jpg
26_12-20.mp4,450,1,942,47147,243,1469,499,1788,243,1469,499,1788,2488.2,81664,ml/output/tracks/best_frames/26_12-20/track_0450_r1.jpg,ml/output/tracks/best_frames_hires/26_12-20/track_0450_r1.jpg
26_12-20.mp4,470,0,945,47297,220,224,452,567,220,224,452,567,777.3,79576,ml/output/tracks/best_frames/26_12-20/track_0470_r0.jpg,ml/output/tracks/best_frames_hires/26_12-20/track_0470_r0.jpg
26_12-20.mp4,471,1,945,47297,243,126,460,398,243,126,460,398,633.9,59024,ml/output/tracks/best_frames/26_12-20/track_0471_r1.jpg,ml/output/tracks/best_frames_hires/26_12-20/track_0471_r1.jpg
26_12-20.mp4,454,1,945,47297,2383,1474,2688,1974,2383,1474,2688,1974,91.8,152500,ml/output/tracks/best_frames/26_12-20/track_0454_r1.jpg,ml/output/tracks/best_frames_hires/26_12-20/track_0454_r1.jpg
26_12-20.mp4,460,1,948,47447,225,1376,456,1693,225,1376,456,1693,1731.6,73227,ml/output/tracks/best_frames/26_12-20/track_0460_r1.jpg,ml/output/tracks/best_frames_hires/26_12-20/track_0460_r1.jpg
26_12-20.mp4,470,2,948,47447,219,283,424,610,219,283,424,610,689.0,67035,ml/output/tracks/best_frames/26_12-20/track_0470_r2.jpg,ml/output/tracks/best_frames_hires/26_12-20/track_0470_r2.jpg
26_12-20.mp4,454,0,948,47447,2404,1549,2694,1943,2404,1549,2694,1943,136.4,114260,ml/output/tracks/best_frames/26_12-20/track_0454_r0.jpg,ml/output/tracks/best_frames_hires/26_12-20/track_0454_r0.jpg
26_12-20.mp4,462,1,948,47447,2475,0,2772,362,2475,0,2772,362,322.0,107514,ml/output/tracks/best_frames/26_12-20/track_0462_r1.jpg,ml/output/tracks/best_frames_hires/26_12-20/track_0462_r1.jpg
26_12-20.mp4,463,1,948,47447,196,916,400,1220,196,916,400,1220,2839.8,62016,ml/output/tracks/best_frames/26_12-20/track_0463_r1.jpg,ml/output/tracks/best_frames_hires/26_12-20/track_0463_r1.jpg
26_12-20.mp4,471,0,948,47447,232,170,452,439,232,170,452,439,882.6,59180,ml/output/tracks/best_frames/26_12-20/track_0471_r0.jpg,ml/output/tracks/best_frames_hires/26_12-20/track_0471_r0.jpg
26_12-20.mp4,468,2,951,47597,216,1233,427,1551,216,1233,427,1551,1809.0,67098,ml/output/tracks/best_frames/26_12-20/track_0468_r2.jpg,ml/output/tracks/best_frames_hires/26_12-20/track_0468_r2.jpg
26_12-20.mp4,460,0,954,47748,231,1505,474,1844,231,1505,474,1844,1592.2,82377,ml/output/tracks/best_frames/26_12-20/track_0460_r0.jpg,ml/output/tracks/best_frames_hires/26_12-20/track_0460_r0.jpg
26_12-20.mp4,462,2,954,47748,2480,0,2774,364,2480,0,2774,364,312.2,107016,ml/output/tracks/best_frames/26_12-20/track_0462_r2.jpg,ml/output/tracks/best_frames_hires/26_12-20/track_0462_r2.jpg
26_12-20.mp4,474,1,954,47748,259,0,478,279,259,0,478,279,896.4,61101,ml/output/tracks/best_frames/26_12-20/track_0474_r1.jpg,ml/output/tracks/best_frames_hires/26_12-20/track_0474_r1.jpg
26_12-20.mp4,475,1,954,47748,2380,1732,2678,2105,2380,1732,2678,2105,118.4,111154,ml/output/tracks/best_frames/26_12-20/track_0475_r1.jpg,ml/output/tracks/best_frames_hires/26_12-20/track_0475_r1.jpg
26_12-20.mp4,468,1,954,47748,235,1371,456,1692,235,1371,456,1692,1807.0,70941,ml/output/tracks/best_frames/26_12-20/track_0468_r1.jpg,ml/output/tracks/best_frames_hires/26_12-20/track_0468_r1.jpg
26_12-20.mp4,460,2,957,47898,264,1558,486,1872,264,1558,486,1872,1684.6,69708,ml/output/tracks/best_frames/26_12-20/track_0460_r2.jpg,ml/output/tracks/best_frames_hires/26_12-20/track_0460_r2.jpg
26_12-20.mp4,475,0,957,47898,2387,1656,2673,2063,2387,1656,2673,2063,140.4,116402,ml/output/tracks/best_frames/26_12-20/track_0475_r0.jpg,ml/output/tracks/best_frames_hires/26_12-20/track_0475_r0.jpg
26_12-20.mp4,462,0,957,47898,2440,6,2762,442,2440,6,2762,442,264.2,140392,ml/output/tracks/best_frames/26_12-20/track_0462_r0.jpg,ml/output/tracks/best_frames_hires/26_12-20/track_0462_r0.jpg
26_12-20.mp4,476,0,957,47898,208,1134,404,1296,208,1134,404,1296,2500.4,31752,ml/output/tracks/best_frames/26_12-20/track_0476_r0.jpg,ml/output/tracks/best_frames_hires/26_12-20/track_0476_r0.jpg
26_12-20.mp4,474,2,960,48048,238,108,461,398,238,108,461,398,827.8,64670,ml/output/tracks/best_frames/26_12-20/track_0474_r2.jpg,ml/output/tracks/best_frames_hires/26_12-20/track_0474_r2.jpg
26_12-20.mp4,476,1,960,48048,204,1068,436,1278,204,1068,436,1278,715.7,48720,ml/output/tracks/best_frames/26_12-20/track_0476_r1.jpg,ml/output/tracks/best_frames_hires/26_12-20/track_0476_r1.jpg
26_12-20.mp4,478,2,960,48048,2446,1143,2732,1487,2446,1143,2732,1487,113.8,98384,ml/output/tracks/best_frames/26_12-20/track_0478_r2.jpg,ml/output/tracks/best_frames_hires/26_12-20/track_0478_r2.jpg
26_12-20.mp4,475,2,960,48048,2400,1738,2661,2048,2400,1738,2661,2048,30.8,80910,ml/output/tracks/best_frames/26_12-20/track_0475_r2.jpg,ml/output/tracks/best_frames_hires/26_12-20/track_0475_r2.jpg
26_12-20.mp4,474,0,963,48198,227,189,453,486,227,189,453,486,844.5,67122,ml/output/tracks/best_frames/26_12-20/track_0474_r0.jpg,ml/output/tracks/best_frames_hires/26_12-20/track_0474_r0.jpg
26_12-20.mp4,478,1,963,48198,2432,1287,2710,1687,2432,1287,2710,1687,119.4,111200,ml/output/tracks/best_frames/26_12-20/track_0478_r1.jpg,ml/output/tracks/best_frames_hires/26_12-20/track_0478_r1.jpg
26_12-20.mp4,484,0,966,48348,2493,0,2762,365,2493,0,2762,365,214.1,98185,ml/output/tracks/best_frames/26_12-20/track_0484_r0.jpg,ml/output/tracks/best_frames_hires/26_12-20/track_0484_r0.jpg
26_12-20.mp4,478,0,966,48348,2423,1389,2709,1817,2423,1389,2709,1817,126.9,122408,ml/output/tracks/best_frames/26_12-20/track_0478_r0.jpg,ml/output/tracks/best_frames_hires/26_12-20/track_0478_r0.jpg
26_12-20.mp4,482,2,966,48348,245,0,477,292,245,0,477,292,711.8,67744,ml/output/tracks/best_frames/26_12-20/track_0482_r2.jpg,ml/output/tracks/best_frames_hires/26_12-20/track_0482_r2.jpg
26_12-20.mp4,468,0,966,48348,280,1623,500,1948,280,1623,500,1948,1948.5,71500,ml/output/tracks/best_frames/26_12-20/track_0468_r0.jpg,ml/output/tracks/best_frames_hires/26_12-20/track_0468_r0.jpg
26_12-20.mp4,467,1,966,48348,196,431,427,751,196,431,427,751,2250.0,73920,ml/output/tracks/best_frames/26_12-20/track_0467_r1.jpg,ml/output/tracks/best_frames_hires/26_12-20/track_0467_r1.jpg
26_12-20.mp4,463,2,966,48348,246,1414,480,1707,246,1414,480,1707,2498.2,68562,ml/output/tracks/best_frames/26_12-20/track_0463_r2.jpg,ml/output/tracks/best_frames_hires/26_12-20/track_0463_r2.jpg
26_12-20.mp4,482,0,969,48498,235,29,477,374,235,29,477,374,619.4,83490,ml/output/tracks/best_frames/26_12-20/track_0482_r0.jpg,ml/output/tracks/best_frames_hires/26_12-20/track_0482_r0.jpg
26_12-20.mp4,483,2,969,48498,2416,1081,2742,1466,2416,1081,2742,1466,104.6,125510,ml/output/tracks/best_frames/26_12-20/track_0483_r2.jpg,ml/output/tracks/best_frames_hires/26_12-20/track_0483_r2.jpg
26_12-20.mp4,463,0,969,48498,258,1508,499,1796,258,1508,499,1796,2706.0,69408,ml/output/tracks/best_frames/26_12-20/track_0463_r0.jpg,ml/output/tracks/best_frames_hires/26_12-20/track_0463_r0.jpg
26_12-20.mp4,484,1,969,48498,2479,0,2758,343,2479,0,2758,343,211.0,95697,ml/output/tracks/best_frames/26_12-20/track_0484_r1.jpg,ml/output/tracks/best_frames_hires/26_12-20/track_0484_r1.jpg
26_12-20.mp4,467,0,972,48649,184,597,407,922,184,597,407,922,2345.3,72475,ml/output/tracks/best_frames/26_12-20/track_0467_r0.jpg,ml/output/tracks/best_frames_hires/26_12-20/track_0467_r0.jpg
26_12-20.mp4,484,2,972,48649,2487,70,2753,422,2487,70,2753,422,152.5,93632,ml/output/tracks/best_frames/26_12-20/track_0484_r2.jpg,ml/output/tracks/best_frames_hires/26_12-20/track_0484_r2.jpg
26_12-20.mp4,483,1,972,48649,2414,1119,2734,1505,2414,1119,2734,1505,110.7,123520,ml/output/tracks/best_frames/26_12-20/track_0483_r1.jpg,ml/output/tracks/best_frames_hires/26_12-20/track_0483_r1.jpg
26_12-20.mp4,467,2,975,48799,186,671,402,999,186,671,402,999,2240.8,70848,ml/output/tracks/best_frames/26_12-20/track_0467_r2.jpg,ml/output/tracks/best_frames_hires/26_12-20/track_0467_r2.jpg
26_12-20.mp4,489,0,975,48799,194,1018,422,1346,194,1018,422,1346,443.6,74784,ml/output/tracks/best_frames/26_12-20/track_0489_r0.jpg,ml/output/tracks/best_frames_hires/26_12-20/track_0489_r0.jpg
26_12-20.mp4,489,2,978,48949,198,1035,398,1295,198,1035,398,1295,545.3,52000,ml/output/tracks/best_frames/26_12-20/track_0489_r2.jpg,ml/output/tracks/best_frames_hires/26_12-20/track_0489_r2.jpg
26_12-20.mp4,493,0,981,49099,317,1760,551,2042,317,1760,551,2042,1994.4,65988,ml/output/tracks/best_frames/26_12-20/track_0493_r0.jpg,ml/output/tracks/best_frames_hires/26_12-20/track_0493_r0.jpg
26_12-20.mp4,491,1,981,49099,2755,192,3389,545,2755,192,3389,545,1302.9,223802,ml/output/tracks/best_frames/26_12-20/track_0491_r1.jpg,ml/output/tracks/best_frames_hires/26_12-20/track_0491_r1.jpg
26_12-20.mp4,489,1,981,49099,202,1108,400,1365,202,1108,400,1365,634.1,50886,ml/output/tracks/best_frames/26_12-20/track_0489_r1.jpg,ml/output/tracks/best_frames_hires/26_12-20/track_0489_r1.jpg
26_12-20.mp4,482,1,981,49099,203,351,422,635,203,351,422,635,799.7,62196,ml/output/tracks/best_frames/26_12-20/track_0482_r1.jpg,ml/output/tracks/best_frames_hires/26_12-20/track_0482_r1.jpg
26_12-20.mp4,483,0,981,49099,2445,1123,2734,1505,2445,1123,2734,1505,134.0,110398,ml/output/tracks/best_frames/26_12-20/track_0483_r0.jpg,ml/output/tracks/best_frames_hires/26_12-20/track_0483_r0.jpg
26_12-20.mp4,491,0,984,49249,2755,232,3389,587,2755,232,3389,587,1526.8,225070,ml/output/tracks/best_frames/26_12-20/track_0491_r0.jpg,ml/output/tracks/best_frames_hires/26_12-20/track_0491_r0.jpg
26_12-20.mp4,493,1,984,49249,335,1806,568,2074,335,1806,568,2074,1724.2,62444,ml/output/tracks/best_frames/26_12-20/track_0493_r1.jpg,ml/output/tracks/best_frames_hires/26_12-20/track_0493_r1.jpg
26_12-20.mp4,496,1,987,49399,188,864,396,1080,188,864,396,1080,1445.0,44928,ml/output/tracks/best_frames/26_12-20/track_0496_r1.jpg,ml/output/tracks/best_frames_hires/26_12-20/track_0496_r1.jpg
26_12-20.mp4,494,1,987,49399,2467,0,2747,344,2467,0,2747,344,242.8,96320,ml/output/tracks/best_frames/26_12-20/track_0494_r1.jpg,ml/output/tracks/best_frames_hires/26_12-20/track_0494_r1.jpg
26_12-20.mp4,491,2,987,49399,2755,273,3393,662,2755,273,3393,662,1162.9,248182,ml/output/tracks/best_frames/26_12-20/track_0491_r2.jpg,ml/output/tracks/best_frames_hires/26_12-20/track_0491_r2.jpg
26_12-20.mp4,493,2,987,49399,353,1861,574,2107,353,1861,574,2107,1736.4,54366,ml/output/tracks/best_frames/26_12-20/track_0493_r2.jpg,ml/output/tracks/best_frames_hires/26_12-20/track_0493_r2.jpg
26_12-20.mp4,496,0,990,49549,198,872,409,1172,198,872,409,1172,1152.7,63300,ml/output/tracks/best_frames/26_12-20/track_0496_r0.jpg,ml/output/tracks/best_frames_hires/26_12-20/track_0496_r0.jpg
26_12-20.mp4,500,0,993,49700,321,1764,550,2046,321,1764,550,2046,1070.4,64578,ml/output/tracks/best_frames/26_12-20/track_0500_r0.jpg,ml/output/tracks/best_frames_hires/26_12-20/track_0500_r0.jpg
26_12-20.mp4,494,0,993,49700,2434,0,2746,360,2434,0,2746,360,230.6,112320,ml/output/tracks/best_frames/26_12-20/track_0494_r0.jpg,ml/output/tracks/best_frames_hires/26_12-20/track_0494_r0.jpg
26_12-20.mp4,502,1,996,49850,3135,565,3386,853,3135,565,3386,853,1118.0,72288,ml/output/tracks/best_frames/26_12-20/track_0502_r1.jpg,ml/output/tracks/best_frames_hires/26_12-20/track_0502_r1.jpg
26_12-20.mp4,500,1,996,49850,337,1816,561,2078,337,1816,561,2078,865.4,58688,ml/output/tracks/best_frames/26_12-20/track_0500_r1.jpg,ml/output/tracks/best_frames_hires/26_12-20/track_0500_r1.jpg
26_12-20.mp4,502,0,999,50000,2727,545,3383,837,2727,545,3383,837,2394.1,191552,ml/output/tracks/best_frames/26_12-20/track_0502_r0.jpg,ml/output/tracks/best_frames_hires/26_12-20/track_0502_r0.jpg
26_12-20.mp4,506,1,1005,50300,2732,522,3385,818,2732,522,3385,818,2152.4,193288,ml/output/tracks/best_frames/26_12-20/track_0506_r1.jpg,ml/output/tracks/best_frames_hires/26_12-20/track_0506_r1.jpg
26_12-20.mp4,507,1,1008,50450,223,1114,418,1294,223,1114,418,1294,3644.1,35100,ml/output/tracks/best_frames/26_12-20/track_0507_r1.jpg,ml/output/tracks/best_frames_hires/26_12-20/track_0507_r1.jpg
26_12-20.mp4,506,0,1008,50450,2733,521,3385,818,2733,521,3385,818,2522.3,193644,ml/output/tracks/best_frames/26_12-20/track_0506_r0.jpg,ml/output/tracks/best_frames_hires/26_12-20/track_0506_r0.jpg
26_12-20.mp4,507,0,1011,50600,224,1113,418,1294,224,1113,418,1294,4062.5,35114,ml/output/tracks/best_frames/26_12-20/track_0507_r0.jpg,ml/output/tracks/best_frames_hires/26_12-20/track_0507_r0.jpg
26_12-20.mp4,498,1,1020,51051,2423,1200,2705,1598,2423,1200,2705,1598,158.0,112236,ml/output/tracks/best_frames/26_12-20/track_0498_r1.jpg,ml/output/tracks/best_frames_hires/26_12-20/track_0498_r1.jpg
26_12-20.mp4,498,0,1023,51201,2425,1201,2704,1598,2425,1201,2704,1598,161.7,110763,ml/output/tracks/best_frames/26_12-20/track_0498_r0.jpg,ml/output/tracks/best_frames_hires/26_12-20/track_0498_r0.jpg
26_12-20.mp4,511,1,1026,51351,2359,1724,2549,1978,2359,1724,2549,1978,101.1,48260,ml/output/tracks/best_frames/26_12-20/track_0511_r1.jpg,ml/output/tracks/best_frames_hires/26_12-20/track_0511_r1.jpg
26_12-20.mp4,511,0,1029,51501,2360,1724,2547,1985,2360,1724,2547,1985,111.9,48807,ml/output/tracks/best_frames/26_12-20/track_0511_r0.jpg,ml/output/tracks/best_frames_hires/26_12-20/track_0511_r0.jpg
26_12-20.mp4,510,2,1032,51652,2735,525,3383,820,2735,525,3383,820,4298.7,191160,ml/output/tracks/best_frames/26_12-20/track_0510_r2.jpg,ml/output/tracks/best_frames_hires/26_12-20/track_0510_r2.jpg
26_12-20.mp4,514,0,1035,51802,2365,1727,2548,1979,2365,1727,2548,1979,73.3,46116,ml/output/tracks/best_frames/26_12-20/track_0514_r0.jpg,ml/output/tracks/best_frames_hires/26_12-20/track_0514_r0.jpg
26_12-20.mp4,510,1,1035,51802,2736,522,3382,820,2736,522,3382,820,4326.0,192508,ml/output/tracks/best_frames/26_12-20/track_0510_r1.jpg,ml/output/tracks/best_frames_hires/26_12-20/track_0510_r1.jpg
26_12-20.mp4,510,0,1038,51952,2735,522,3382,820,2735,522,3382,820,4327.4,192806,ml/output/tracks/best_frames/26_12-20/track_0510_r0.jpg,ml/output/tracks/best_frames_hires/26_12-20/track_0510_r0.jpg
26_12-20.mp4,498,2,1038,51952,2430,1201,2702,1595,2430,1201,2702,1595,156.1,107168,ml/output/tracks/best_frames/26_12-20/track_0498_r2.jpg,ml/output/tracks/best_frames_hires/26_12-20/track_0498_r2.jpg
26_12-20.mp4,514,1,1041,52102,2366,1729,2551,1979,2366,1729,2551,1979,69.9,46250,ml/output/tracks/best_frames/26_12-20/track_0514_r1.jpg,ml/output/tracks/best_frames_hires/26_12-20/track_0514_r1.jpg
26_12-20.mp4,505,2,1044,52252,2453,207,2732,625,2453,207,2732,625,262.7,116622,ml/output/tracks/best_frames/26_12-20/track_0505_r2.jpg,ml/output/tracks/best_frames_hires/26_12-20/track_0505_r2.jpg
26_12-20.mp4,514,2,1044,52252,2366,1729,2551,1978,2366,1729,2551,1978,69.3,46065,ml/output/tracks/best_frames/26_12-20/track_0514_r2.jpg,ml/output/tracks/best_frames_hires/26_12-20/track_0514_r2.jpg
26_12-20.mp4,505,1,1047,52402,2454,207,2732,625,2454,207,2732,625,266.1,116204,ml/output/tracks/best_frames/26_12-20/track_0505_r1.jpg,ml/output/tracks/best_frames_hires/26_12-20/track_0505_r1.jpg
26_12-20.mp4,495,1,1047,52402,224,206,430,499,224,206,430,499,3812.2,60358,ml/output/tracks/best_frames/26_12-20/track_0495_r1.jpg,ml/output/tracks/best_frames_hires/26_12-20/track_0495_r1.jpg
26_12-20.mp4,490,1,1047,52402,258,1409,476,1737,258,1409,476,1737,1281.3,71504,ml/output/tracks/best_frames/26_12-20/track_0490_r1.jpg,ml/output/tracks/best_frames_hires/26_12-20/track_0490_r1.jpg
26_12-20.mp4,487,0,1047,52402,204,369,403,679,204,369,403,679,9170.3,61690,ml/output/tracks/best_frames/26_12-20/track_0487_r0.jpg,ml/output/tracks/best_frames_hires/26_12-20/track_0487_r0.jpg
26_12-20.mp4,481,2,1047,52402,224,1129,439,1420,224,1129,439,1420,7877.1,62565,ml/output/tracks/best_frames/26_12-20/track_0481_r2.jpg,ml/output/tracks/best_frames_hires/26_12-20/track_0481_r2.jpg
26_12-20.mp4,495,2,1050,52552,224,206,430,499,224,206,430,499,3812.1,60358,ml/output/tracks/best_frames/26_12-20/track_0495_r2.jpg,ml/output/tracks/best_frames_hires/26_12-20/track_0495_r2.jpg
26_12-20.mp4,490,2,1050,52552,258,1409,476,1737,258,1409,476,1737,1278.5,71504,ml/output/tracks/best_frames/26_12-20/track_0490_r2.jpg,ml/output/tracks/best_frames_hires/26_12-20/track_0490_r2.jpg
26_12-20.mp4,487,2,1050,52552,210,367,399,682,210,367,399,682,9382.0,59535,ml/output/tracks/best_frames/26_12-20/track_0487_r2.jpg,ml/output/tracks/best_frames_hires/26_12-20/track_0487_r2.jpg
26_12-20.mp4,481,1,1050,52552,224,1129,439,1420,224,1129,439,1420,7897.9,62565,ml/output/tracks/best_frames/26_12-20/track_0481_r1.jpg,ml/output/tracks/best_frames_hires/26_12-20/track_0481_r1.jpg
26_12-20.mp4,495,0,1053,52703,224,206,429,499,224,206,429,499,3847.1,60065,ml/output/tracks/best_frames/26_12-20/track_0495_r0.jpg,ml/output/tracks/best_frames_hires/26_12-20/track_0495_r0.jpg
26_12-20.mp4,490,0,1053,52703,258,1409,476,1737,258,1409,476,1737,1291.5,71504,ml/output/tracks/best_frames/26_12-20/track_0490_r0.jpg,ml/output/tracks/best_frames_hires/26_12-20/track_0490_r0.jpg
26_12-20.mp4,487,1,1053,52703,209,367,399,682,209,367,399,682,9378.9,59850,ml/output/tracks/best_frames/26_12-20/track_0487_r1.jpg,ml/output/tracks/best_frames_hires/26_12-20/track_0487_r1.jpg
26_12-20.mp4,481,0,1053,52703,224,1129,439,1420,224,1129,439,1420,7925.9,62565,ml/output/tracks/best_frames/26_12-20/track_0481_r0.jpg,ml/output/tracks/best_frames_hires/26_12-20/track_0481_r0.jpg
26_12-20.mp4,505,0,1056,52853,2456,211,2740,636,2456,211,2740,636,279.9,120700,ml/output/tracks/best_frames/26_12-20/track_0505_r0.jpg,ml/output/tracks/best_frames_hires/26_12-20/track_0505_r0.jpg
26_12-20.mp4,494,2,1056,52853,2431,0,2735,368,2431,0,2735,368,202.1,111872,ml/output/tracks/best_frames/26_12-20/track_0494_r2.jpg,ml/output/tracks/best_frames_hires/26_12-20/track_0494_r2.jpg
26_12-20.mp4,518,1,1059,53003,218,264,423,589,218,264,423,589,1942.3,66625,ml/output/tracks/best_frames/26_12-20/track_0518_r1.jpg,ml/output/tracks/best_frames_hires/26_12-20/track_0518_r1.jpg
26_12-20.mp4,519,0,1059,53003,229,1153,419,1295,229,1153,419,1295,2792.7,26980,ml/output/tracks/best_frames/26_12-20/track_0519_r0.jpg,ml/output/tracks/best_frames_hires/26_12-20/track_0519_r0.jpg
26_12-20.mp4,518,2,1062,53153,217,276,428,574,217,276,428,574,1113.0,62878,ml/output/tracks/best_frames/26_12-20/track_0518_r2.jpg,ml/output/tracks/best_frames_hires/26_12-20/track_0518_r2.jpg
26_12-20.mp4,519,2,1062,53153,209,1056,436,1273,209,1056,436,1273,1043.0,49259,ml/output/tracks/best_frames/26_12-20/track_0519_r2.jpg,ml/output/tracks/best_frames_hires/26_12-20/track_0519_r2.jpg
26_12-20.mp4,518,0,1065,53303,183,411,432,750,183,411,432,750,1559.8,84411,ml/output/tracks/best_frames/26_12-20/track_0518_r0.jpg,ml/output/tracks/best_frames_hires/26_12-20/track_0518_r0.jpg
26_12-20.mp4,523,0,1068,53453,2336,1576,2642,2073,2336,1576,2642,2073,244.1,152082,ml/output/tracks/best_frames/26_12-20/track_0523_r0.jpg,ml/output/tracks/best_frames_hires/26_12-20/track_0523_r0.jpg
26_12-20.mp4,519,1,1071,53603,213,864,389,991,213,864,389,991,3014.2,22352,ml/output/tracks/best_frames/26_12-20/track_0519_r1.jpg,ml/output/tracks/best_frames_hires/26_12-20/track_0519_r1.jpg
26_12-20.mp4,528,2,1071,53603,216,1028,428,1338,216,1028,428,1338,517.6,65720,ml/output/tracks/best_frames/26_12-20/track_0528_r2.jpg,ml/output/tracks/best_frames_hires/26_12-20/track_0528_r2.jpg
26_12-20.mp4,530,1,1074,53754,2299,1729,2497,2001,2299,1729,2497,2001,26.8,53856,ml/output/tracks/best_frames/26_12-20/track_0530_r1.jpg,ml/output/tracks/best_frames_hires/26_12-20/track_0530_r1.jpg
26_12-20.mp4,528,1,1074,53754,218,1072,429,1365,218,1072,429,1365,636.6,61823,ml/output/tracks/best_frames/26_12-20/track_0528_r1.jpg,ml/output/tracks/best_frames_hires/26_12-20/track_0528_r1.jpg
26_12-20.mp4,523,1,1077,53904,2301,1725,2592,2159,2301,1725,2592,2159,273.0,126294,ml/output/tracks/best_frames/26_12-20/track_0523_r1.jpg,ml/output/tracks/best_frames_hires/26_12-20/track_0523_r1.jpg
26_12-20.mp4,530,0,1077,53904,2283,1749,2497,2030,2283,1749,2497,2030,29.4,60134,ml/output/tracks/best_frames/26_12-20/track_0530_r0.jpg,ml/output/tracks/best_frames_hires/26_12-20/track_0530_r0.jpg
26_12-20.mp4,528,0,1077,53904,227,1161,443,1476,227,1161,443,1476,645.0,68040,ml/output/tracks/best_frames/26_12-20/track_0528_r0.jpg,ml/output/tracks/best_frames_hires/26_12-20/track_0528_r0.jpg
26_12-20.mp4,533,2,1077,53904,241,1272,452,1582,241,1272,452,1582,652.8,65410,ml/output/tracks/best_frames/26_12-20/track_0533_r2.jpg,ml/output/tracks/best_frames_hires/26_12-20/track_0533_r2.jpg
26_12-20.mp4,533,1,1080,54054,234,1237,449,1546,234,1237,449,1546,693.6,66435,ml/output/tracks/best_frames/26_12-20/track_0533_r1.jpg,ml/output/tracks/best_frames_hires/26_12-20/track_0533_r1.jpg
26_12-20.mp4,536,1,1080,54054,200,864,400,1089,200,864,400,1089,1969.6,45000,ml/output/tracks/best_frames/26_12-20/track_0536_r1.jpg,ml/output/tracks/best_frames_hires/26_12-20/track_0536_r1.jpg
26_12-20.mp4,523,2,1080,54054,2300,1800,2583,2159,2300,1800,2583,2159,322.3,101597,ml/output/tracks/best_frames/26_12-20/track_0523_r2.jpg,ml/output/tracks/best_frames_hires/26_12-20/track_0523_r2.jpg
26_12-20.mp4,534,1,1080,54054,256,1343,458,1654,256,1343,458,1654,665.1,62822,ml/output/tracks/best_frames/26_12-20/track_0534_r1.jpg,ml/output/tracks/best_frames_hires/26_12-20/track_0534_r1.jpg
26_12-20.mp4,535,0,1083,54204,2417,0,2689,301,2417,0,2689,301,764.6,81872,ml/output/tracks/best_frames/26_12-20/track_0535_r0.jpg,ml/output/tracks/best_frames_hires/26_12-20/track_0535_r0.jpg
26_12-20.mp4,540,0,1083,54204,324,1698,575,1966,324,1698,575,1966,1875.1,67268,ml/output/tracks/best_frames/26_12-20/track_0540_r0.jpg,ml/output/tracks/best_frames_hires/26_12-20/track_0540_r0.jpg
26_12-20.mp4,536,0,1083,54204,197,864,406,1140,197,864,406,1140,1540.2,57684,ml/output/tracks/best_frames/26_12-20/track_0536_r0.jpg,ml/output/tracks/best_frames_hires/26_12-20/track_0536_r0.jpg
26_12-20.mp4,534,2,1083,54204,247,1308,457,1619,247,1308,457,1619,631.2,65310,ml/output/tracks/best_frames/26_12-20/track_0534_r2.jpg,ml/output/tracks/best_frames_hires/26_12-20/track_0534_r2.jpg
26_12-20.mp4,527,1,1083,54204,2357,1462,2627,1828,2357,1462,2627,1828,308.2,98820,ml/output/tracks/best_frames/26_12-20/track_0527_r1.jpg,ml/output/tracks/best_frames_hires/26_12-20/track_0527_r1.jpg
26_12-20.mp4,533,0,1083,54204,223,1189,445,1523,223,1189,445,1523,1698.7,74148,ml/output/tracks/best_frames/26_12-20/track_0533_r0.jpg,ml/output/tracks/best_frames_hires/26_12-20/track_0533_r0.jpg
26_12-20.mp4,527,2,1086,54354,2345,1549,2618,1903,2345,1549,2618,1903,295.0,96642,ml/output/tracks/best_frames/26_12-20/track_0527_r2.jpg,ml/output/tracks/best_frames_hires/26_12-20/track_0527_r2.jpg
26_12-20.mp4,534,0,1086,54354,230,1266,451,1589,230,1266,451,1589,1580.5,71383,ml/output/tracks/best_frames/26_12-20/track_0534_r0.jpg,ml/output/tracks/best_frames_hires/26_12-20/track_0534_r0.jpg
26_12-20.mp4,535,1,1086,54354,2406,6,2689,399,2406,6,2689,399,517.6,111219,ml/output/tracks/best_frames/26_12-20/track_0535_r1.jpg,ml/output/tracks/best_frames_hires/26_12-20/track_0535_r1.jpg
26_12-20.mp4,543,0,1086,54354,246,113,455,368,246,113,455,368,736.0,53295,ml/output/tracks/best_frames/26_12-20/track_0543_r0.jpg,ml/output/tracks/best_frames_hires/26_12-20/track_0543_r0.jpg
26_12-20.mp4,542,0,1086,54354,268,1484,480,1801,268,1484,480,1801,797.7,67204,ml/output/tracks/best_frames/26_12-20/track_0542_r0.jpg,ml/output/tracks/best_frames_hires/26_12-20/track_0542_r0.jpg
26_12-20.mp4,540,1,1086,54354,331,1742,572,2011,331,1742,572,2011,1646.3,64829,ml/output/tracks/best_frames/26_12-20/track_0540_r1.jpg,ml/output/tracks/best_frames_hires/26_12-20/track_0540_r1.jpg
26_12-20.mp4,544,0,1089,54504,278,1559,499,1869,278,1559,499,1869,769.0,68510,ml/output/tracks/best_frames/26_12-20/track_0544_r0.jpg,ml/output/tracks/best_frames_hires/26_12-20/track_0544_r0.jpg
26_12-20.mp4,543,1,1089,54504,226,197,442,469,226,197,442,469,568.0,58752,ml/output/tracks/best_frames/26_12-20/track_0543_r1.jpg,ml/output/tracks/best_frames_hires/26_12-20/track_0543_r1.jpg
26_12-20.mp4,542,1,1089,54504,264,1459,471,1760,264,1459,471,1760,628.8,62307,ml/output/tracks/best_frames/26_12-20/track_0542_r1.jpg,ml/output/tracks/best_frames_hires/26_12-20/track_0542_r1.jpg
26_12-20.mp4,547,0,1092,54655,2364,1258,2649,1628,2364,1258,2649,1628,245.4,105450,ml/output/tracks/best_frames/26_12-20/track_0547_r0.jpg,ml/output/tracks/best_frames_hires/26_12-20/track_0547_r0.jpg
26_12-20.mp4,544,1,1092,54655,269,1530,482,1829,269,1530,482,1829,637.9,63687,ml/output/tracks/best_frames/26_12-20/track_0544_r1.jpg,ml/output/tracks/best_frames_hires/26_12-20/track_0544_r1.jpg
26_12-20.mp4,545,0,1092,54655,2400,183,2685,574,2400,183,2685,574,356.3,111435,ml/output/tracks/best_frames/26_12-20/track_0545_r0.jpg,ml/output/tracks/best_frames_hires/26_12-20/track_0545_r0.jpg
26_12-20.mp4,527,0,1092,54655,2327,1630,2587,2052,2327,1630,2587,2052,288.7,109720,ml/output/tracks/best_frames/26_12-20/track_0527_r0.jpg,ml/output/tracks/best_frames_hires/26_12-20/track_0527_r0.jpg
26_12-20.mp4,547,1,1095,54805,2353,1295,2641,1694,2353,1295,2641,1694,224.6,114912,ml/output/tracks/best_frames/26_12-20/track_0547_r1.jpg,ml/output/tracks/best_frames_hires/26_12-20/track_0547_r1.jpg
26_12-20.mp4,550,1,1095,54805,2343,1469,2614,1796,2343,1469,2614,1796,236.2,88617,ml/output/tracks/best_frames/26_12-20/track_0550_r1.jpg,ml/output/tracks/best_frames_hires/26_12-20/track_0550_r1.jpg
26_12-20.mp4,548,0,1095,54805,2412,292,2705,684,2412,292,2705,684,354.2,114856,ml/output/tracks/best_frames/26_12-20/track_0548_r0.jpg,ml/output/tracks/best_frames_hires/26_12-20/track_0548_r0.jpg
26_12-20.mp4,545,1,1095,54805,2411,142,2708,531,2411,142,2708,531,253.1,115533,ml/output/tracks/best_frames/26_12-20/track_0545_r1.jpg,ml/output/tracks/best_frames_hires/26_12-20/track_0545_r1.jpg
26_12-20.mp4,544,2,1095,54805,283,1600,498,1903,283,1600,498,1903,602.5,65145,ml/output/tracks/best_frames/26_12-20/track_0544_r2.jpg,ml/output/tracks/best_frames_hires/26_12-20/track_0544_r2.jpg
26_12-20.mp4,551,2,1095,54805,306,1700,527,2012,306,1700,527,2012,738.1,68952,ml/output/tracks/best_frames/26_12-20/track_0551_r2.jpg,ml/output/tracks/best_frames_hires/26_12-20/track_0551_r2.jpg
26_12-20.mp4,525,2,1098,54955,193,474,405,787,193,474,405,787,524.3,66356,ml/output/tracks/best_frames/26_12-20/track_0525_r2.jpg,ml/output/tracks/best_frames_hires/26_12-20/track_0525_r2.jpg
26_12-20.mp4,548,1,1098,54955,2414,279,2710,666,2414,279,2710,666,247.9,114552,ml/output/tracks/best_frames/26_12-20/track_0548_r1.jpg,ml/output/tracks/best_frames_hires/26_12-20/track_0548_r1.jpg
26_12-20.mp4,550,0,1098,54955,2335,1416,2638,1793,2335,1416,2638,1793,229.8,114231,ml/output/tracks/best_frames/26_12-20/track_0550_r0.jpg,ml/output/tracks/best_frames_hires/26_12-20/track_0550_r0.jpg
26_12-20.mp4,554,1,1101,55105,2317,1984,2570,2159,2317,1984,2570,2159,315.2,44275,ml/output/tracks/best_frames/26_12-20/track_0554_r1.jpg,ml/output/tracks/best_frames_hires/26_12-20/track_0554_r1.jpg
26_12-20.mp4,548,2,1101,55105,2416,364,2712,738,2416,364,2712,738,217.5,110704,ml/output/tracks/best_frames/26_12-20/track_0548_r2.jpg,ml/output/tracks/best_frames_hires/26_12-20/track_0548_r2.jpg
26_12-20.mp4,525,0,1101,55105,185,584,391,899,185,584,391,899,859.3,64890,ml/output/tracks/best_frames/26_12-20/track_0525_r0.jpg,ml/output/tracks/best_frames_hires/26_12-20/track_0525_r0.jpg
26_12-20.mp4,555,0,1101,55105,210,135,453,448,210,135,453,448,1157.9,76059,ml/output/tracks/best_frames/26_12-20/track_0555_r0.jpg,ml/output/tracks/best_frames_hires/26_12-20/track_0555_r0.jpg
26_12-20.mp4,551,0,1101,55105,304,1729,532,2052,304,1729,532,2052,859.1,73644,ml/output/tracks/best_frames/26_12-20/track_0551_r0.jpg,ml/output/tracks/best_frames_hires/26_12-20/track_0551_r0.jpg
26_12-20.mp4,525,1,1104,55255,186,687,378,996,186,687,378,996,827.4,59328,ml/output/tracks/best_frames/26_12-20/track_0525_r1.jpg,ml/output/tracks/best_frames_hires/26_12-20/track_0525_r1.jpg
26_12-20.mp4,551,1,1104,55255,320,1815,539,2119,320,1815,539,2119,791.4,66576,ml/output/tracks/best_frames/26_12-20/track_0551_r1.jpg,ml/output/tracks/best_frames_hires/26_12-20/track_0551_r1.jpg
26_12-20.mp4,555,1,1104,55255,215,145,441,468,215,145,441,468,972.0,72998,ml/output/tracks/best_frames/26_12-20/track_0555_r1.jpg,ml/output/tracks/best_frames_hires/26_12-20/track_0555_r1.jpg
26_12-20.mp4,552,1,1104,55255,2325,1629,2616,1996,2325,1629,2616,1996,244.7,106797,ml/output/tracks/best_frames/26_12-20/track_0552_r1.jpg,ml/output/tracks/best_frames_hires/26_12-20/track_0552_r1.jpg
26_12-20.mp4,554,0,1104,55255,2306,1804,2590,2122,2306,1804,2590,2122,353.4,90312,ml/output/tracks/best_frames/26_12-20/track_0554_r0.jpg,ml/output/tracks/best_frames_hires/26_12-20/track_0554_r0.jpg
26_12-20.mp4,552,0,1107,55405,2320,1692,2617,2081,2320,1692,2617,2081,283.9,115533,ml/output/tracks/best_frames/26_12-20/track_0552_r0.jpg,ml/output/tracks/best_frames_hires/26_12-20/track_0552_r0.jpg
26_12-20.mp4,555,2,1107,55405,203,222,427,537,203,222,427,537,979.1,70560,ml/output/tracks/best_frames/26_12-20/track_0555_r2.jpg,ml/output/tracks/best_frames_hires/26_12-20/track_0555_r2.jpg
26_12-20.mp4,538,2,1107,55405,179,460,412,765,179,460,412,765,1914.5,71065,ml/output/tracks/best_frames/26_12-20/track_0538_r2.jpg,ml/output/tracks/best_frames_hires/26_12-20/track_0538_r2.jpg
26_12-20.mp4,560,1,1107,55405,2351,1319,2657,1685,2351,1319,2657,1685,122.9,111996,ml/output/tracks/best_frames/26_12-20/track_0560_r1.jpg,ml/output/tracks/best_frames_hires/26_12-20/track_0560_r1.jpg
26_12-20.mp4,561,0,1107,55405,252,1518,465,1817,252,1518,465,1817,1159.4,63687,ml/output/tracks/best_frames/26_12-20/track_0561_r0.jpg,ml/output/tracks/best_frames_hires/26_12-20/track_0561_r0.jpg
26_12-20.mp4,561,1,1110,55555,238,1497,459,1792,238,1497,459,1792,691.5,65195,ml/output/tracks/best_frames/26_12-20/track_0561_r1.jpg,ml/output/tracks/best_frames_hires/26_12-20/track_0561_r1.jpg
26_12-20.mp4,538,1,1110,55555,179,541,408,864,179,541,408,864,2164.8,73967,ml/output/tracks/best_frames/26_12-20/track_0538_r1.jpg,ml/output/tracks/best_frames_hires/26_12-20/track_0538_r1.jpg
26_12-20.mp4,560,0,1110,55555,2339,1383,2656,1776,2339,1383,2656,1776,126.8,124581,ml/output/tracks/best_frames/26_12-20/track_0560_r0.jpg,ml/output/tracks/best_frames_hires/26_12-20/track_0560_r0.jpg
26_12-20.mp4,560,2,1113,55706,2331,1420,2655,1820,2331,1420,2655,1820,105.3,129600,ml/output/tracks/best_frames/26_12-20/track_0560_r2.jpg,ml/output/tracks/best_frames_hires/26_12-20/track_0560_r2.jpg
26_12-20.mp4,538,0,1113,55706,171,638,398,956,171,638,398,956,2546.5,72186,ml/output/tracks/best_frames/26_12-20/track_0538_r0.jpg,ml/output/tracks/best_frames_hires/26_12-20/track_0538_r0.jpg
26_12-20.mp4,552,2,1113,55706,2301,1831,2602,2159,2301,1831,2602,2159,241.7,98728,ml/output/tracks/best_frames/26_12-20/track_0552_r2.jpg,ml/output/tracks/best_frames_hires/26_12-20/track_0552_r2.jpg
26_12-20.mp4,565,2,1113,55706,237,0,456,283,237,0,456,283,1361.4,61977,ml/output/tracks/best_frames/26_12-20/track_0565_r2.jpg,ml/output/tracks/best_frames_hires/26_12-20/track_0565_r2.jpg
26_12-20.mp4,565,1,1116,55856,223,37,445,380,223,37,445,380,1330.3,76146,ml/output/tracks/best_frames/26_12-20/track_0565_r1.jpg,ml/output/tracks/best_frames_hires/26_12-20/track_0565_r1.jpg
26_12-20.mp4,561,2,1116,55856,265,1632,490,1938,265,1632,490,1938,594.2,68850,ml/output/tracks/best_frames/26_12-20/track_0561_r2.jpg,ml/output/tracks/best_frames_hires/26_12-20/track_0561_r2.jpg
26_12-20.mp4,553,2,1116,55856,348,1902,569,2159,348,1902,569,2159,1797.4,56797,ml/output/tracks/best_frames/26_12-20/track_0553_r2.jpg,ml/output/tracks/best_frames_hires/26_12-20/track_0553_r2.jpg
26_12-20.mp4,564,1,1119,56006,182,864,402,1143,182,864,402,1143,3346.3,61380,ml/output/tracks/best_frames/26_12-20/track_0564_r1.jpg,ml/output/tracks/best_frames_hires/26_12-20/track_0564_r1.jpg
26_12-20.mp4,565,0,1119,56006,213,125,432,454,213,125,432,454,1955.0,72051,ml/output/tracks/best_frames/26_12-20/track_0565_r0.jpg,ml/output/tracks/best_frames_hires/26_12-20/track_0565_r0.jpg
26_12-20.mp4,572,2,1119,56006,196,1152,416,1466,196,1152,416,1466,600.4,69080,ml/output/tracks/best_frames/26_12-20/track_0572_r2.jpg,ml/output/tracks/best_frames_hires/26_12-20/track_0572_r2.jpg
26_12-20.mp4,573,0,1119,56006,176,623,407,1050,176,623,407,1050,1846.2,98637,ml/output/tracks/best_frames/26_12-20/track_0573_r0.jpg,ml/output/tracks/best_frames_hires/26_12-20/track_0573_r0.jpg
26_12-20.mp4,563,2,1119,56006,2337,1522,2636,1898,2337,1522,2636,1898,166.7,112424,ml/output/tracks/best_frames/26_12-20/track_0563_r2.jpg,ml/output/tracks/best_frames_hires/26_12-20/track_0563_r2.jpg
26_12-20.mp4,571,1,1119,56006,2437,209,2710,602,2437,209,2710,602,209.7,107289,ml/output/tracks/best_frames/26_12-20/track_0571_r1.jpg,ml/output/tracks/best_frames_hires/26_12-20/track_0571_r1.jpg
26_12-20.mp4,553,0,1119,56006,337,1910,574,2159,337,1910,574,2159,2383.0,59013,ml/output/tracks/best_frames/26_12-20/track_0553_r0.jpg,ml/output/tracks/best_frames_hires/26_12-20/track_0553_r0.jpg
26_12-20.mp4,535,2,1119,56006,2427,58,2697,467,2427,58,2697,467,389.1,110430,ml/output/tracks/best_frames/26_12-20/track_0535_r2.jpg,ml/output/tracks/best_frames_hires/26_12-20/track_0535_r2.jpg
26_12-20.mp4,576,0,1122,56156,2375,688,2692,1061,2375,688,2692,1061,32.2,118241,ml/output/tracks/best_frames/26_12-20/track_0576_r0.jpg,ml/output/tracks/best_frames_hires/26_12-20/track_0576_r0.jpg
26_12-20.mp4,564,0,1122,56156,184,866,412,1188,184,866,412,1188,2982.7,73416,ml/output/tracks/best_frames/26_12-20/track_0564_r0.jpg,ml/output/tracks/best_frames_hires/26_12-20/track_0564_r0.jpg
26_12-20.mp4,553,1,1122,56156,348,1940,576,2159,348,1940,576,2159,2124.9,49932,ml/output/tracks/best_frames/26_12-20/track_0553_r1.jpg,ml/output/tracks/best_frames_hires/26_12-20/track_0553_r1.jpg
26_12-20.mp4,568,2,1122,56156,2434,0,2703,266,2434,0,2703,266,1218.2,71554,ml/output/tracks/best_frames/26_12-20/track_0568_r2.jpg,ml/output/tracks/best_frames_hires/26_12-20/track_0568_r2.jpg
26_12-20.mp4,573,2,1122,56156,181,621,390,933,181,621,390,933,976.1,65208,ml/output/tracks/best_frames/26_12-20/track_0573_r2.jpg,ml/output/tracks/best_frames_hires/26_12-20/track_0573_r2.jpg
26_12-20.mp4,564,2,1125,56306,186,962,414,1264,186,962,414,1264,2937.5,68856,ml/output/tracks/best_frames/26_12-20/track_0564_r2.jpg,ml/output/tracks/best_frames_hires/26_12-20/track_0564_r2.jpg
26_12-20.mp4,563,1,1125,56306,2304,1685,2600,2096,2304,1685,2600,2096,163.0,121656,ml/output/tracks/best_frames/26_12-20/track_0563_r1.jpg,ml/output/tracks/best_frames_hires/26_12-20/track_0563_r1.jpg
26_12-20.mp4,568,0,1125,56306,2430,1,2698,331,2430,1,2698,331,1126.2,88440,ml/output/tracks/best_frames/26_12-20/track_0568_r0.jpg,ml/output/tracks/best_frames_hires/26_12-20/track_0568_r0.jpg
26_12-20.mp4,576,1,1125,56306,2364,739,2673,1071,2364,739,2673,1071,23.1,102588,ml/output/tracks/best_frames/26_12-20/track_0576_r1.jpg,ml/output/tracks/best_frames_hires/26_12-20/track_0576_r1.jpg
26_12-20.mp4,571,2,1125,56306,2398,318,2699,695,2398,318,2699,695,195.0,113477,ml/output/tracks/best_frames/26_12-20/track_0571_r2.jpg,ml/output/tracks/best_frames_hires/26_12-20/track_0571_r2.jpg
26_12-20.mp4,573,1,1125,56306,183,706,387,1002,183,706,387,1002,1157.5,60384,ml/output/tracks/best_frames/26_12-20/track_0573_r1.jpg,ml/output/tracks/best_frames_hires/26_12-20/track_0573_r1.jpg
26_12-20.mp4,577,0,1128,56456,175,876,396,1175,175,876,396,1175,2177.3,66079,ml/output/tracks/best_frames/26_12-20/track_0577_r0.jpg,ml/output/tracks/best_frames_hires/26_12-20/track_0577_r0.jpg
26_12-20.mp4,576,2,1128,56456,2360,773,2664,1076,2360,773,2664,1076,25.2,92112,ml/output/tracks/best_frames/26_12-20/track_0576_r2.jpg,ml/output/tracks/best_frames_hires/26_12-20/track_0576_r2.jpg
26_12-20.mp4,575,2,1128,56456,3800,0,3839,139,3800,0,3839,139,106.2,5421,ml/output/tracks/best_frames/26_12-20/track_0575_r2.jpg,ml/output/tracks/best_frames_hires/26_12-20/track_0575_r2.jpg
26_12-20.mp4,563,0,1128,56456,2301,1751,2591,2136,2301,1751,2591,2136,195.0,111650,ml/output/tracks/best_frames/26_12-20/track_0563_r0.jpg,ml/output/tracks/best_frames_hires/26_12-20/track_0563_r0.jpg
26_12-20.mp4,572,1,1128,56456,220,1333,447,1672,220,1333,447,1672,598.7,76953,ml/output/tracks/best_frames/26_12-20/track_0572_r1.jpg,ml/output/tracks/best_frames_hires/26_12-20/track_0572_r1.jpg
26_12-20.mp4,568,1,1128,56456,2419,12,2684,407,2419,12,2684,407,895.7,104675,ml/output/tracks/best_frames/26_12-20/track_0568_r1.jpg,ml/output/tracks/best_frames_hires/26_12-20/track_0568_r1.jpg
26_12-20.mp4,572,0,1131,56606,224,1367,454,1702,224,1367,454,1702,802.4,77050,ml/output/tracks/best_frames/26_12-20/track_0572_r0.jpg,ml/output/tracks/best_frames_hires/26_12-20/track_0572_r0.jpg
26_12-20.mp4,575,1,1131,56606,3802,0,3839,147,3802,0,3839,147,126.6,5439,ml/output/tracks/best_frames/26_12-20/track_0575_r1.jpg,ml/output/tracks/best_frames_hires/26_12-20/track_0575_r1.jpg
26_12-20.mp4,585,0,1131,56606,2422,134,2684,496,2422,134,2684,496,1002.3,94844,ml/output/tracks/best_frames/26_12-20/track_0585_r0.jpg,ml/output/tracks/best_frames_hires/26_12-20/track_0585_r0.jpg
26_12-20.mp4,577,1,1131,56606,179,963,406,1258,179,963,406,1258,2042.4,66965,ml/output/tracks/best_frames/26_12-20/track_0577_r1.jpg,ml/output/tracks/best_frames_hires/26_12-20/track_0577_r1.jpg
26_12-20.mp4,575,0,1134,56757,3802,0,3839,150,3802,0,3839,150,140.8,5550,ml/output/tracks/best_frames/26_12-20/track_0575_r0.jpg,ml/output/tracks/best_frames_hires/26_12-20/track_0575_r0.jpg
26_12-20.mp4,585,1,1134,56757,2420,212,2684,585,2420,212,2684,585,821.5,98472,ml/output/tracks/best_frames/26_12-20/track_0585_r1.jpg,ml/output/tracks/best_frames_hires/26_12-20/track_0585_r1.jpg
26_12-20.mp4,571,0,1134,56757,2401,659,2683,1055,2401,659,2683,1055,210.5,111672,ml/output/tracks/best_frames/26_12-20/track_0571_r0.jpg,ml/output/tracks/best_frames_hires/26_12-20/track_0571_r0.jpg
26_12-20.mp4,577,2,1134,56757,171,1015,410,1272,171,1015,410,1272,1967.0,61423,ml/output/tracks/best_frames/26_12-20/track_0577_r2.jpg,ml/output/tracks/best_frames_hires/26_12-20/track_0577_r2.jpg
26_12-20.mp4,583,1,1134,56757,233,1434,463,1783,233,1434,463,1783,951.4,80270,ml/output/tracks/best_frames/26_12-20/track_0583_r1.jpg,ml/output/tracks/best_frames_hires/26_12-20/track_0583_r1.jpg
26_12-20.mp4,583,2,1137,56907,257,1523,469,1842,257,1523,469,1842,747.7,67628,ml/output/tracks/best_frames/26_12-20/track_0583_r2.jpg,ml/output/tracks/best_frames_hires/26_12-20/track_0583_r2.jpg
26_12-20.mp4,583,0,1140,57057,261,1554,483,1876,261,1554,483,1876,1456.7,71484,ml/output/tracks/best_frames/26_12-20/track_0583_r0.jpg,ml/output/tracks/best_frames_hires/26_12-20/track_0583_r0.jpg
26_12-20.mp4,600,0,1146,57357,164,621,388,935,164,621,388,935,1451.4,70336,ml/output/tracks/best_frames/26_12-20/track_0600_r0.jpg,ml/output/tracks/best_frames_hires/26_12-20/track_0600_r0.jpg
26_12-20.mp4,600,1,1149,57507,166,589,391,895,166,589,391,895,984.6,68850,ml/output/tracks/best_frames/26_12-20/track_0600_r1.jpg,ml/output/tracks/best_frames_hires/26_12-20/track_0600_r1.jpg
26_12-20.mp4,601,2,1152,57657,3800,0,3839,146,3800,0,3839,146,526.7,5694,ml/output/tracks/best_frames/26_12-20/track_0601_r2.jpg,ml/output/tracks/best_frames_hires/26_12-20/track_0601_r2.jpg
26_12-20.mp4,596,2,1152,57657,197,1133,405,1435,197,1133,405,1435,2308.5,62816,ml/output/tracks/best_frames/26_12-20/track_0596_r2.jpg,ml/output/tracks/best_frames_hires/26_12-20/track_0596_r2.jpg
26_12-20.mp4,588,2,1152,57657,2397,864,2678,1227,2397,864,2678,1227,243.4,102003,ml/output/tracks/best_frames/26_12-20/track_0588_r2.jpg,ml/output/tracks/best_frames_hires/26_12-20/track_0588_r2.jpg
26_12-20.mp4,601,1,1155,57808,3801,0,3839,144,3801,0,3839,144,557.6,5472,ml/output/tracks/best_frames/26_12-20/track_0601_r1.jpg,ml/output/tracks/best_frames_hires/26_12-20/track_0601_r1.jpg
26_12-20.mp4,588,0,1155,57808,2397,864,2679,1227,2397,864,2679,1227,256.3,102366,ml/output/tracks/best_frames/26_12-20/track_0588_r0.jpg,ml/output/tracks/best_frames_hires/26_12-20/track_0588_r0.jpg
26_12-20.mp4,601,0,1158,57958,3802,0,3839,144,3802,0,3839,144,595.3,5328,ml/output/tracks/best_frames/26_12-20/track_0601_r0.jpg,ml/output/tracks/best_frames_hires/26_12-20/track_0601_r0.jpg
26_12-20.mp4,596,1,1158,57958,198,1134,404,1434,198,1134,404,1434,2529.4,61800,ml/output/tracks/best_frames/26_12-20/track_0596_r1.jpg,ml/output/tracks/best_frames_hires/26_12-20/track_0596_r1.jpg
26_12-20.mp4,588,1,1158,57958,2400,864,2678,1227,2400,864,2678,1227,253.4,100914,ml/output/tracks/best_frames/26_12-20/track_0588_r1.jpg,ml/output/tracks/best_frames_hires/26_12-20/track_0588_r1.jpg
26_12-20.mp4,596,0,1161,58108,199,1136,403,1434,199,1136,403,1434,2732.4,60792,ml/output/tracks/best_frames/26_12-20/track_0596_r0.jpg,ml/output/tracks/best_frames_hires/26_12-20/track_0596_r0.jpg
26_12-20.mp4,603,2,1176,58859,199,1135,403,1435,199,1135,403,1435,3081.4,61200,ml/output/tracks/best_frames/26_12-20/track_0603_r2.jpg,ml/output/tracks/best_frames_hires/26_12-20/track_0603_r2.jpg
26_12-20.mp4,603,0,1182,59159,199,1134,401,1435,199,1134,401,1435,3115.0,60802,ml/output/tracks/best_frames/26_12-20/track_0603_r0.jpg,ml/output/tracks/best_frames_hires/26_12-20/track_0603_r0.jpg
26_12-20.mp4,602,1,1182,59159,2421,469,2661,860,2421,469,2661,860,2695.9,93840,ml/output/tracks/best_frames/26_12-20/track_0602_r1.jpg,ml/output/tracks/best_frames_hires/26_12-20/track_0602_r1.jpg
26_12-20.mp4,593,1,1182,59159,2412,274,2708,702,2412,274,2708,702,1725.7,126688,ml/output/tracks/best_frames/26_12-20/track_0593_r1.jpg,ml/output/tracks/best_frames_hires/26_12-20/track_0593_r1.jpg
26_12-20.mp4,592,2,1182,59159,244,1377,459,1672,244,1377,459,1672,8632.9,63425,ml/output/tracks/best_frames/26_12-20/track_0592_r2.jpg,ml/output/tracks/best_frames_hires/26_12-20/track_0592_r2.jpg
26_12-20.mp4,599,2,1182,59159,2315,1774,2577,2109,2315,1774,2577,2109,2078.9,87770,ml/output/tracks/best_frames/26_12-20/track_0599_r2.jpg,ml/output/tracks/best_frames_hires/26_12-20/track_0599_r2.jpg
26_12-20.mp4,578,2,1182,59159,2331,1630,2602,1993,2331,1630,2602,1993,1326.7,98373,ml/output/tracks/best_frames/26_12-20/track_0578_r2.jpg,ml/output/tracks/best_frames_hires/26_12-20/track_0578_r2.jpg
26_12-20.mp4,586,2,1182,59159,225,30,435,351,225,30,435,351,6886.3,67410,ml/output/tracks/best_frames/26_12-20/track_0586_r2.jpg,ml/output/tracks/best_frames_hires/26_12-20/track_0586_r2.jpg
26_12-20.mp4,549,2,1182,59159,183,848,370,1149,183,848,370,1149,11651.6,56287,ml/output/tracks/best_frames/26_12-20/track_0549_r2.jpg,ml/output/tracks/best_frames_hires/26_12-20/track_0549_r2.jpg
26_12-20.mp4,593,0,1185,59309,2412,274,2708,702,2412,274,2708,702,1727.2,126688,ml/output/tracks/best_frames/26_12-20/track_0593_r0.jpg,ml/output/tracks/best_frames_hires/26_12-20/track_0593_r0.jpg
26_12-20.mp4,586,1,1185,59309,225,30,435,351,225,30,435,351,6928.1,67410,ml/output/tracks/best_frames/26_12-20/track_0586_r1.jpg,ml/output/tracks/best_frames_hires/26_12-20/track_0586_r1.jpg
26_12-20.mp4,603,1,1185,59309,199,1135,401,1435,199,1135,401,1435,3117.4,60600,ml/output/tracks/best_frames/26_12-20/track_0603_r1.jpg,ml/output/tracks/best_frames_hires/26_12-20/track_0603_r1.jpg
26_12-20.mp4,549,1,1185,59309,182,848,369,1149,182,848,369,1149,11711.1,56287,ml/output/tracks/best_frames/26_12-20/track_0549_r1.jpg,ml/output/tracks/best_frames_hires/26_12-20/track_0549_r1.jpg
26_12-20.mp4,602,2,1185,59309,2421,469,2661,860,2421,469,2661,860,2693.2,93840,ml/output/tracks/best_frames/26_12-20/track_0602_r2.jpg,ml/output/tracks/best_frames_hires/26_12-20/track_0602_r2.jpg
26_12-20.mp4,599,1,1185,59309,2316,1773,2577,2108,2316,1773,2577,2108,2100.9,87435,ml/output/tracks/best_frames/26_12-20/track_0599_r1.jpg,ml/output/tracks/best_frames_hires/26_12-20/track_0599_r1.jpg
26_12-20.mp4,592,1,1185,59309,244,1377,459,1672,244,1377,459,1672,8687.2,63425,ml/output/tracks/best_frames/26_12-20/track_0592_r1.jpg,ml/output/tracks/best_frames_hires/26_12-20/track_0592_r1.jpg
26_12-20.mp4,578,1,1185,59309,2332,1630,2602,1993,2332,1630,2602,1993,1344.2,98010,ml/output/tracks/best_frames/26_12-20/track_0578_r1.jpg,ml/output/tracks/best_frames_hires/26_12-20/track_0578_r1.jpg
26_12-20.mp4,602,0,1188,59459,2421,469,2662,860,2421,469,2662,860,2691.1,94231,ml/output/tracks/best_frames/26_12-20/track_0602_r0.jpg,ml/output/tracks/best_frames_hires/26_12-20/track_0602_r0.jpg
26_12-20.mp4,549,0,1188,59459,182,848,370,1149,182,848,370,1149,11759.7,56588,ml/output/tracks/best_frames/26_12-20/track_0549_r0.jpg,ml/output/tracks/best_frames_hires/26_12-20/track_0549_r0.jpg
26_12-20.mp4,592,0,1188,59459,244,1377,459,1672,244,1377,459,1672,8721.6,63425,ml/output/tracks/best_frames/26_12-20/track_0592_r0.jpg,ml/output/tracks/best_frames_hires/26_12-20/track_0592_r0.jpg
26_12-20.mp4,599,0,1188,59459,2316,1773,2577,2109,2316,1773,2577,2109,2122.2,87696,ml/output/tracks/best_frames/26_12-20/track_0599_r0.jpg,ml/output/tracks/best_frames_hires/26_12-20/track_0599_r0.jpg
26_12-20.mp4,586,0,1188,59459,225,30,435,351,225,30,435,351,6967.3,67410,ml/output/tracks/best_frames/26_12-20/track_0586_r0.jpg,ml/output/tracks/best_frames_hires/26_12-20/track_0586_r0.jpg
26_12-20.mp4,593,2,1188,59459,2412,273,2708,702,2412,273,2708,702,1720.1,126984,ml/output/tracks/best_frames/26_12-20/track_0593_r2.jpg,ml/output/tracks/best_frames_hires/26_12-20/track_0593_r2.jpg
26_12-20.mp4,578,0,1188,59459,2332,1629,2602,1993,2332,1629,2602,1993,1362.2,98280,ml/output/tracks/best_frames/26_12-20/track_0578_r0.jpg,ml/output/tracks/best_frames_hires/26_12-20/track_0578_r0.jpg
26_12-20.mp4,608,0,1194,59760,2419,0,2697,304,2419,0,2697,304,336.5,84512,ml/output/tracks/best_frames/26_12-20/track_0608_r0.jpg,ml/output/tracks/best_frames_hires/26_12-20/track_0608_r0.jpg
26_12-20.mp4,607,0,1194,59760,274,1636,504,1949,274,1636,504,1949,1493.5,71990,ml/output/tracks/best_frames/26_12-20/track_0607_r0.jpg,ml/output/tracks/best_frames_hires/26_12-20/track_0607_r0.jpg
26_12-20.mp4,607,1,1197,59910,286,1671,516,1982,286,1671,516,1982,1266.0,71530,ml/output/tracks/best_frames/26_12-20/track_0607_r1.jpg,ml/output/tracks/best_frames_hires/26_12-20/track_0607_r1.jpg
26_12-20.mp4,609,0,1197,59910,200,1207,409,1507,200,1207,409,1507,1642.1,62700,ml/output/tracks/best_frames/26_12-20/track_0609_r0.jpg,ml/output/tracks/best_frames_hires/26_12-20/track_0609_r0.jpg
26_12-20.mp4,611,1,1200,60060,189,968,385,1294,189,968,385,1294,3615.1,63896,ml/output/tracks/best_frames/26_12-20/track_0611_r1.jpg,ml/output/tracks/best_frames_hires/26_12-20/track_0611_r1.jpg
26_12-20.mp4,607,2,1200,60060,303,1736,530,2054,303,1736,530,2054,753.4,72186,ml/output/tracks/best_frames/26_12-20/track_0607_r2.jpg,ml/output/tracks/best_frames_hires/26_12-20/track_0607_r2.jpg
26_12-20.mp4,611,0,1203,60210,193,1046,392,1381,193,1046,392,1381,4136.3,66665,ml/output/tracks/best_frames/26_12-20/track_0611_r0.jpg,ml/output/tracks/best_frames_hires/26_12-20/track_0611_r0.jpg
26_12-20.mp4,606,2,1206,60360,209,192,423,510,209,192,423,510,2199.3,68052,ml/output/tracks/best_frames/26_12-20/track_0606_r2.jpg,ml/output/tracks/best_frames_hires/26_12-20/track_0606_r2.jpg
26_12-20.mp4,606,0,1209,60510,186,253,427,594,186,253,427,594,2226.4,82181,ml/output/tracks/best_frames/26_12-20/track_0606_r0.jpg,ml/output/tracks/best_frames_hires/26_12-20/track_0606_r0.jpg
26_12-20.mp4,615,0,1209,60510,201,1216,427,1516,201,1216,427,1516,3864.7,67800,ml/output/tracks/best_frames/26_12-20/track_0615_r0.jpg,ml/output/tracks/best_frames_hires/26_12-20/track_0615_r0.jpg
26_12-20.mp4,606,1,1212,60660,186,329,403,610,186,329,403,610,2541.8,60977,ml/output/tracks/best_frames/26_12-20/track_0606_r1.jpg,ml/output/tracks/best_frames_hires/26_12-20/track_0606_r1.jpg
26_12-20.mp4,616,1,1212,60660,238,1455,453,1763,238,1455,453,1763,1727.3,66220,ml/output/tracks/best_frames/26_12-20/track_0616_r1.jpg,ml/output/tracks/best_frames_hires/26_12-20/track_0616_r1.jpg
26_12-20.mp4,615,1,1212,60660,205,1293,445,1596,205,1293,445,1596,3394.6,72720,ml/output/tracks/best_frames/26_12-20/track_0615_r1.jpg,ml/output/tracks/best_frames_hires/26_12-20/track_0615_r1.jpg
26_12-20.mp4,608,2,1212,60660,2388,0,2692,355,2388,0,2692,355,179.9,107920,ml/output/tracks/best_frames/26_12-20/track_0608_r2.jpg,ml/output/tracks/best_frames_hires/26_12-20/track_0608_r2.jpg
26_12-20.mp4,612,1,1215,60811,2354,1492,2608,1808,2354,1492,2608,1808,85.0,80264,ml/output/tracks/best_frames/26_12-20/track_0612_r1.jpg,ml/output/tracks/best_frames_hires/26_12-20/track_0612_r1.jpg
26_12-20.mp4,615,2,1215,60811,217,1370,450,1665,217,1370,450,1665,3035.5,68735,ml/output/tracks/best_frames/26_12-20/track_0615_r2.jpg,ml/output/tracks/best_frames_hires/26_12-20/track_0615_r2.jpg
26_12-20.mp4,616,0,1215,60811,253,1518,468,1837,253,1518,468,1837,1727.0,68585,ml/output/tracks/best_frames/26_12-20/track_0616_r0.jpg,ml/output/tracks/best_frames_hires/26_12-20/track_0616_r0.jpg
26_12-20.mp4,608,1,1218,60961,2417,206,2693,565,2417,206,2693,565,213.7,99084,ml/output/tracks/best_frames/26_12-20/track_0608_r1.jpg,ml/output/tracks/best_frames_hires/26_12-20/track_0608_r1.jpg
26_12-20.mp4,620,2,1218,60961,2307,1649,2590,2004,2307,1649,2590,2004,119.2,100465,ml/output/tracks/best_frames/26_12-20/track_0620_r2.jpg,ml/output/tracks/best_frames_hires/26_12-20/track_0620_r2.jpg
26_12-20.mp4,581,2,1218,60961,175,880,386,1170,175,880,386,1170,1247.1,61190,ml/output/tracks/best_frames/26_12-20/track_0581_r2.jpg,ml/output/tracks/best_frames_hires/26_12-20/track_0581_r2.jpg
26_12-20.mp4,621,1,1218,60961,3812,7,3839,173,3812,7,3839,173,412.4,4482,ml/output/tracks/best_frames/26_12-20/track_0621_r1.jpg,ml/output/tracks/best_frames_hires/26_12-20/track_0621_r1.jpg
26_12-20.mp4,612,2,1218,60961,2353,1491,2596,1793,2353,1491,2596,1793,87.3,73386,ml/output/tracks/best_frames/26_12-20/track_0612_r2.jpg,ml/output/tracks/best_frames_hires/26_12-20/track_0612_r2.jpg
26_12-20.mp4,616,2,1218,60961,267,1604,481,1903,267,1604,481,1903,1712.3,63986,ml/output/tracks/best_frames/26_12-20/track_0616_r2.jpg,ml/output/tracks/best_frames_hires/26_12-20/track_0616_r2.jpg
26_12-20.mp4,621,0,1221,61111,3812,18,3839,180,3812,18,3839,180,472.9,4374,ml/output/tracks/best_frames/26_12-20/track_0621_r0.jpg,ml/output/tracks/best_frames_hires/26_12-20/track_0621_r0.jpg
26_12-20.mp4,618,0,1221,61111,2420,1,2681,288,2420,1,2681,288,1385.2,74907,ml/output/tracks/best_frames/26_12-20/track_0618_r0.jpg,ml/output/tracks/best_frames_hires/26_12-20/track_0618_r0.jpg
26_12-20.mp4,620,0,1221,61111,2312,1664,2592,2015,2312,1664,2592,2015,182.3,98280,ml/output/tracks/best_frames/26_12-20/track_0620_r0.jpg,ml/output/tracks/best_frames_hires/26_12-20/track_0620_r0.jpg
26_12-20.mp4,612,0,1221,61111,2347,1560,2598,1858,2347,1560,2598,1858,159.1,74798,ml/output/tracks/best_frames/26_12-20/track_0612_r0.jpg,ml/output/tracks/best_frames_hires/26_12-20/track_0612_r0.jpg
26_12-20.mp4,624,0,1221,61111,230,1404,441,1700,230,1404,441,1700,2262.1,62456,ml/output/tracks/best_frames/26_12-20/track_0624_r0.jpg,ml/output/tracks/best_frames_hires/26_12-20/track_0624_r0.jpg
26_12-20.mp4,617,0,1224,61261,201,312,415,600,201,312,415,600,941.4,61632,ml/output/tracks/best_frames/26_12-20/track_0617_r0.jpg,ml/output/tracks/best_frames_hires/26_12-20/track_0617_r0.jpg
26_12-20.mp4,621,2,1224,61261,3812,17,3839,181,3812,17,3839,181,375.6,4428,ml/output/tracks/best_frames/26_12-20/track_0621_r2.jpg,ml/output/tracks/best_frames_hires/26_12-20/track_0621_r2.jpg
26_12-20.mp4,620,1,1224,61261,2302,1746,2582,2092,2302,1746,2582,2092,162.6,96880,ml/output/tracks/best_frames/26_12-20/track_0620_r1.jpg,ml/output/tracks/best_frames_hires/26_12-20/track_0620_r1.jpg
26_12-20.mp4,618,1,1224,61261,2416,5,2682,389,2416,5,2682,389,1011.8,102144,ml/output/tracks/best_frames/26_12-20/track_0618_r1.jpg,ml/output/tracks/best_frames_hires/26_12-20/track_0618_r1.jpg
26_12-20.mp4,581,1,1224,61261,192,1024,385,1337,192,1024,385,1337,1647.1,60409,ml/output/tracks/best_frames/26_12-20/track_0581_r1.jpg,ml/output/tracks/best_frames_hires/26_12-20/track_0581_r1.jpg
26_12-20.mp4,624,1,1224,61261,224,1457,458,1750,224,1457,458,1750,1855.8,68562,ml/output/tracks/best_frames/26_12-20/track_0624_r1.jpg,ml/output/tracks/best_frames_hires/26_12-20/track_0624_r1.jpg
26_12-20.mp4,609,1,1224,61261,300,1785,526,2087,300,1785,526,2087,1118.4,68252,ml/output/tracks/best_frames/26_12-20/track_0609_r1.jpg,ml/output/tracks/best_frames_hires/26_12-20/track_0609_r1.jpg
26_12-20.mp4,624,2,1227,61411,246,1525,462,1824,246,1525,462,1824,1805.1,64584,ml/output/tracks/best_frames/26_12-20/track_0624_r2.jpg,ml/output/tracks/best_frames_hires/26_12-20/track_0624_r2.jpg
26_12-20.mp4,617,1,1227,61411,206,346,408,612,206,346,408,612,1058.8,53732,ml/output/tracks/best_frames/26_12-20/track_0617_r1.jpg,ml/output/tracks/best_frames_hires/26_12-20/track_0617_r1.jpg
26_12-20.mp4,618,2,1227,61411,2417,0,2694,342,2417,0,2694,342,953.9,94734,ml/output/tracks/best_frames/26_12-20/track_0618_r2.jpg,ml/output/tracks/best_frames_hires/26_12-20/track_0618_r2.jpg
26_12-20.mp4,609,2,1227,61411,332,1858,550,2149,332,1858,550,2149,908.3,63438,ml/output/tracks/best_frames/26_12-20/track_0609_r2.jpg,ml/output/tracks/best_frames_hires/26_12-20/track_0609_r2.jpg
26_12-20.mp4,581,0,1227,61411,192,1094,387,1409,192,1094,387,1409,2062.6,61425,ml/output/tracks/best_frames/26_12-20/track_0581_r0.jpg,ml/output/tracks/best_frames_hires/26_12-20/track_0581_r0.jpg
26_12-20.mp4,626,2,1227,61411,2288,2064,2574,2159,2288,2064,2574,2159,122.9,27170,ml/output/tracks/best_frames/26_12-20/track_0626_r2.jpg,ml/output/tracks/best_frames_hires/26_12-20/track_0626_r2.jpg
26_12-20.mp4,631,1,1230,61561,161,865,412,997,161,865,412,997,938.4,33132,ml/output/tracks/best_frames/26_12-20/track_0631_r1.jpg,ml/output/tracks/best_frames_hires/26_12-20/track_0631_r1.jpg
26_12-20.mp4,628,0,1230,61561,2420,186,2683,571,2420,186,2683,571,765.3,101255,ml/output/tracks/best_frames/26_12-20/track_0628_r0.jpg,ml/output/tracks/best_frames_hires/26_12-20/track_0628_r0.jpg
26_12-20.mp4,626,0,1230,61561,2290,2072,2562,2159,2290,2072,2562,2159,218.3,23664,ml/output/tracks/best_frames/26_12-20/track_0626_r0.jpg,ml/output/tracks/best_frames_hires/26_12-20/track_0626_r0.jpg
26_12-20.mp4,630,1,1230,61561,2386,554,2685,906,2386,554,2685,906,101.4,105248,ml/output/tracks/best_frames/26_12-20/track_0630_r1.jpg,ml/output/tracks/best_frames_hires/26_12-20/track_0630_r1.jpg
26_12-20.mp4,631,0,1233,61712,172,870,393,1181,172,870,393,1181,1726.5,68731,ml/output/tracks/best_frames/26_12-20/track_0631_r0.jpg,ml/output/tracks/best_frames_hires/26_12-20/track_0631_r0.jpg
26_12-20.mp4,633,0,1233,61712,214,1374,422,1695,214,1374,422,1695,1080.7,66768,ml/output/tracks/best_frames/26_12-20/track_0633_r0.jpg,ml/output/tracks/best_frames_hires/26_12-20/track_0633_r0.jpg
26_12-20.mp4,630,0,1233,61712,2387,684,2684,1037,2387,684,2684,1037,108.0,104841,ml/output/tracks/best_frames/26_12-20/track_0630_r0.jpg,ml/output/tracks/best_frames_hires/26_12-20/track_0630_r0.jpg
26_12-20.mp4,628,2,1233,61712,2423,85,2700,487,2423,85,2700,487,413.3,111354,ml/output/tracks/best_frames/26_12-20/track_0628_r2.jpg,ml/output/tracks/best_frames_hires/26_12-20/track_0628_r2.jpg
26_12-20.mp4,619,2,1233,61712,2384,864,2684,1220,2384,864,2684,1220,186.3,106800,ml/output/tracks/best_frames/26_12-20/track_0619_r2.jpg,ml/output/tracks/best_frames_hires/26_12-20/track_0619_r2.jpg
26_12-20.mp4,626,1,1233,61712,2293,2080,2540,2159,2293,2080,2540,2159,171.8,19513,ml/output/tracks/best_frames/26_12-20/track_0626_r1.jpg,ml/output/tracks/best_frames_hires/26_12-20/track_0626_r1.jpg
26_12-20.mp4,634,1,1236,61862,336,1927,560,2159,336,1927,560,2159,2224.7,51968,ml/output/tracks/best_frames/26_12-20/track_0634_r1.jpg,ml/output/tracks/best_frames_hires/26_12-20/track_0634_r1.jpg
26_12-20.mp4,633,2,1236,61862,225,1461,431,1757,225,1461,431,1757,724.7,60976,ml/output/tracks/best_frames/26_12-20/track_0633_r2.jpg,ml/output/tracks/best_frames_hires/26_12-20/track_0633_r2.jpg
26_12-20.mp4,627,1,1239,62012,2315,1693,2592,2047,2315,1693,2592,2047,211.8,98058,ml/output/tracks/best_frames/26_12-20/track_0627_r1.jpg,ml/output/tracks/best_frames_hires/26_12-20/track_0627_r1.jpg
26_12-20.mp4,634,0,1239,62012,342,1950,560,2159,342,1950,560,2159,2786.9,45562,ml/output/tracks/best_frames/26_12-20/track_0634_r0.jpg,ml/output/tracks/best_frames_hires/26_12-20/track_0634_r0.jpg
26_12-20.mp4,623,0,1239,62012,183,384,391,707,183,384,391,707,3461.0,67184,ml/output/tracks/best_frames/26_12-20/track_0623_r0.jpg,ml/output/tracks/best_frames_hires/26_12-20/track_0623_r0.jpg
26_12-20.mp4,629,2,1239,62012,207,269,418,546,207,269,418,546,2098.5,58447,ml/output/tracks/best_frames/26_12-20/track_0629_r2.jpg,ml/output/tracks/best_frames_hires/26_12-20/track_0629_r2.jpg
26_12-20.mp4,627,0,1242,62162,2313,1764,2576,2113,2313,1764,2576,2113,245.8,91787,ml/output/tracks/best_frames/26_12-20/track_0627_r0.jpg,ml/output/tracks/best_frames_hires/26_12-20/track_0627_r0.jpg
26_12-20.mp4,619,1,1242,62162,2339,1039,2654,1442,2339,1039,2654,1442,160.9,126945,ml/output/tracks/best_frames/26_12-20/track_0619_r1.jpg,ml/output/tracks/best_frames_hires/26_12-20/track_0619_r1.jpg
26_12-20.mp4,634,2,1242,62162,319,1851,540,2127,319,1851,540,2127,1241.4,60996,ml/output/tracks/best_frames/26_12-20/track_0634_r2.jpg,ml/output/tracks/best_frames_hires/26_12-20/track_0634_r2.jpg
26_12-20.mp4,629,0,1242,62162,197,338,417,629,197,338,417,629,2053.2,64020,ml/output/tracks/best_frames/26_12-20/track_0629_r0.jpg,ml/output/tracks/best_frames_hires/26_12-20/track_0629_r0.jpg
26_12-20.mp4,623,1,1242,62162,182,468,389,794,182,468,389,794,3274.9,67482,ml/output/tracks/best_frames/26_12-20/track_0623_r1.jpg,ml/output/tracks/best_frames_hires/26_12-20/track_0623_r1.jpg
26_12-20.mp4,619,0,1245,62312,2328,1123,2649,1527,2328,1123,2649,1527,249.7,129684,ml/output/tracks/best_frames/26_12-20/track_0619_r0.jpg,ml/output/tracks/best_frames_hires/26_12-20/track_0619_r0.jpg
26_12-20.mp4,617,2,1245,62312,186,788,374,1075,186,788,374,1075,1033.1,53956,ml/output/tracks/best_frames/26_12-20/track_0617_r2.jpg,ml/output/tracks/best_frames_hires/26_12-20/track_0617_r2.jpg
26_12-20.mp4,623,2,1245,62312,179,546,377,847,179,546,377,847,3547.5,59598,ml/output/tracks/best_frames/26_12-20/track_0623_r2.jpg,ml/output/tracks/best_frames_hires/26_12-20/track_0623_r2.jpg
26_12-20.mp4,627,2,1245,62312,2298,1889,2563,2123,2298,1889,2563,2123,312.3,62010,ml/output/tracks/best_frames/26_12-20/track_0627_r2.jpg,ml/output/tracks/best_frames_hires/26_12-20/track_0627_r2.jpg
26_12-20.mp4,633,1,1248,62462,272,1640,487,1938,272,1640,487,1938,1036.0,64070,ml/output/tracks/best_frames/26_12-20/track_0633_r1.jpg,ml/output/tracks/best_frames_hires/26_12-20/track_0633_r1.jpg
26_12-20.mp4,628,1,1248,62462,2403,638,2693,1051,2403,638,2693,1051,407.4,119770,ml/output/tracks/best_frames/26_12-20/track_0628_r1.jpg,ml/output/tracks/best_frames_hires/26_12-20/track_0628_r1.jpg
26_12-20.mp4,638,2,1248,62462,2326,1656,2576,1887,2326,1656,2576,1887,37.7,57750,ml/output/tracks/best_frames/26_12-20/track_0638_r2.jpg,ml/output/tracks/best_frames_hires/26_12-20/track_0638_r2.jpg
26_12-20.mp4,637,0,1248,62462,2400,864,2656,1166,2400,864,2656,1166,445.6,77312,ml/output/tracks/best_frames/26_12-20/track_0637_r0.jpg,ml/output/tracks/best_frames_hires/26_12-20/track_0637_r0.jpg
26_12-20.mp4,629,1,1248,62462,193,476,387,761,193,476,387,761,2273.2,55290,ml/output/tracks/best_frames/26_12-20/track_0629_r1.jpg,ml/output/tracks/best_frames_hires/26_12-20/track_0629_r1.jpg
26_12-20.mp4,638,0,1251,62612,2330,1686,2576,1949,2330,1686,2576,1949,82.5,64698,ml/output/tracks/best_frames/26_12-20/track_0638_r0.jpg,ml/output/tracks/best_frames_hires/26_12-20/track_0638_r0.jpg
26_12-20.mp4,637,2,1251,62612,2409,864,2677,1120,2409,864,2677,1120,234.3,68608,ml/output/tracks/best_frames/26_12-20/track_0637_r2.jpg,ml/output/tracks/best_frames_hires/26_12-20/track_0637_r2.jpg
26_12-20.mp4,645,0,1254,62763,235,1488,457,1787,235,1488,457,1787,1886.7,66378,ml/output/tracks/best_frames/26_12-20/track_0645_r0.jpg,ml/output/tracks/best_frames_hires/26_12-20/track_0645_r0.jpg
26_12-20.mp4,638,1,1254,62763,2321,1691,2568,1965,2321,1691,2568,1965,76.9,67678,ml/output/tracks/best_frames/26_12-20/track_0638_r1.jpg,ml/output/tracks/best_frames_hires/26_12-20/track_0638_r1.jpg
26_12-20.mp4,637,1,1254,62763,2396,876,2674,1255,2396,876,2674,1255,160.3,105362,ml/output/tracks/best_frames/26_12-20/track_0637_r1.jpg,ml/output/tracks/best_frames_hires/26_12-20/track_0637_r1.jpg
26_12-20.mp4,645,1,1257,62913,244,1554,472,1867,244,1554,472,1867,1483.7,71364,ml/output/tracks/best_frames/26_12-20/track_0645_r1.jpg,ml/output/tracks/best_frames_hires/26_12-20/track_0645_r1.jpg
26_12-20.mp4,640,2,1260,63063,2089,166,2457,564,2089,166,2457,564,383.0,146464,ml/output/tracks/best_frames/26_12-20/track_0640_r2.jpg,ml/output/tracks/best_frames_hires/26_12-20/track_0640_r2.jpg
26_12-20.mp4,651,1,1260,63063,2386,1160,2648,1473,2386,1160,2648,1473,121.8,82006,ml/output/tracks/best_frames/26_12-20/track_0651_r1.jpg,ml/output/tracks/best_frames_hires/26_12-20/track_0651_r1.jpg
26_12-20.mp4,645,2,1260,63063,254,1597,478,1906,254,1597,478,1906,1348.6,69216,ml/output/tracks/best_frames/26_12-20/track_0645_r2.jpg,ml/output/tracks/best_frames_hires/26_12-20/track_0645_r2.jpg
26_12-20.mp4,652,1,1263,63213,2472,838,2660,1036,2472,838,2660,1036,142.8,37224,ml/output/tracks/best_frames/26_12-20/track_0652_r1.jpg,ml/output/tracks/best_frames_hires/26_12-20/track_0652_r1.jpg
26_12-20.mp4,651,0,1263,63213,2388,1152,2652,1538,2388,1152,2652,1538,104.0,101904,ml/output/tracks/best_frames/26_12-20/track_0651_r0.jpg,ml/output/tracks/best_frames_hires/26_12-20/track_0651_r0.jpg
26_12-20.mp4,640,1,1263,63213,2083,251,2459,660,2083,251,2459,660,367.7,153784,ml/output/tracks/best_frames/26_12-20/track_0640_r1.jpg,ml/output/tracks/best_frames_hires/26_12-20/track_0640_r1.jpg
26_12-20.mp4,652,0,1266,63363,2454,866,2655,1103,2454,866,2655,1103,186.2,47637,ml/output/tracks/best_frames/26_12-20/track_0652_r0.jpg,ml/output/tracks/best_frames_hires/26_12-20/track_0652_r0.jpg
26_12-20.mp4,649,0,1266,63363,2278,1773,2590,2159,2278,1773,2590,2159,238.7,120432,ml/output/tracks/best_frames/26_12-20/track_0649_r0.jpg,ml/output/tracks/best_frames_hires/26_12-20/track_0649_r0.jpg
26_12-20.mp4,649,1,1269,63513,2277,1848,2588,2159,2277,1848,2588,2159,204.2,96721,ml/output/tracks/best_frames/26_12-20/track_0649_r1.jpg,ml/output/tracks/best_frames_hires/26_12-20/track_0649_r1.jpg
26_12-20.mp4,649,2,1272,63663,2295,1908,2583,2159,2295,1908,2583,2159,239.5,72288,ml/output/tracks/best_frames/26_12-20/track_0649_r2.jpg,ml/output/tracks/best_frames_hires/26_12-20/track_0649_r2.jpg
26_12-20.mp4,640,0,1272,63663,2082,520,2463,933,2082,520,2463,933,382.5,157353,ml/output/tracks/best_frames/26_12-20/track_0640_r0.jpg,ml/output/tracks/best_frames_hires/26_12-20/track_0640_r0.jpg
26_12-20.mp4,662,0,1275,63814,2440,1143,2650,1296,2440,1143,2650,1296,197.6,32130,ml/output/tracks/best_frames/26_12-20/track_0662_r0.jpg,ml/output/tracks/best_frames_hires/26_12-20/track_0662_r0.jpg
26_12-20.mp4,662,1,1278,63964,2442,1142,2654,1296,2442,1142,2654,1296,188.6,32648,ml/output/tracks/best_frames/26_12-20/track_0662_r1.jpg,ml/output/tracks/best_frames_hires/26_12-20/track_0662_r1.jpg
26_12-20.mp4,657,2,1281,64114,2437,1355,2637,1630,2437,1355,2637,1630,257.6,55000,ml/output/tracks/best_frames/26_12-20/track_0657_r2.jpg,ml/output/tracks/best_frames_hires/26_12-20/track_0657_r2.jpg
26_12-20.mp4,666,2,1284,64264,169,1157,393,1423,169,1157,393,1423,1080.9,59584,ml/output/tracks/best_frames/26_12-20/track_0666_r2.jpg,ml/output/tracks/best_frames_hires/26_12-20/track_0666_r2.jpg
26_12-20.mp4,657,0,1284,64264,2427,1321,2644,1684,2427,1321,2644,1684,312.6,78771,ml/output/tracks/best_frames/26_12-20/track_0657_r0.jpg,ml/output/tracks/best_frames_hires/26_12-20/track_0657_r0.jpg
26_12-20.mp4,667,2,1287,64414,207,31,426,341,207,31,426,341,1440.5,67890,ml/output/tracks/best_frames/26_12-20/track_0667_r2.jpg,ml/output/tracks/best_frames_hires/26_12-20/track_0667_r2.jpg
26_12-20.mp4,657,1,1287,64414,2444,1284,2649,1643,2444,1284,2649,1643,283.8,73595,ml/output/tracks/best_frames/26_12-20/track_0657_r1.jpg,ml/output/tracks/best_frames_hires/26_12-20/track_0657_r1.jpg
26_12-20.mp4,666,1,1287,64414,169,1157,391,1423,169,1157,391,1423,1158.2,59052,ml/output/tracks/best_frames/26_12-20/track_0666_r1.jpg,ml/output/tracks/best_frames_hires/26_12-20/track_0666_r1.jpg
26_12-20.mp4,667,1,1290,64564,207,31,427,341,207,31,427,341,1706.8,68200,ml/output/tracks/best_frames/26_12-20/track_0667_r1.jpg,ml/output/tracks/best_frames_hires/26_12-20/track_0667_r1.jpg
26_12-20.mp4,666,0,1290,64564,168,1158,392,1425,168,1158,392,1425,1173.9,59808,ml/output/tracks/best_frames/26_12-20/track_0666_r0.jpg,ml/output/tracks/best_frames_hires/26_12-20/track_0666_r0.jpg
26_12-20.mp4,667,0,1293,64715,207,31,426,341,207,31,426,341,1730.7,67890,ml/output/tracks/best_frames/26_12-20/track_0667_r0.jpg,ml/output/tracks/best_frames_hires/26_12-20/track_0667_r0.jpg
26_12-20.mp4,671,2,1305,65315,2090,818,2279,1183,2090,818,2279,1183,500.8,68985,ml/output/tracks/best_frames/26_12-20/track_0671_r2.jpg,ml/output/tracks/best_frames_hires/26_12-20/track_0671_r2.jpg
26_12-20.mp4,671,1,1308,65465,2090,818,2279,1183,2090,818,2279,1183,528.3,68985,ml/output/tracks/best_frames/26_12-20/track_0671_r1.jpg,ml/output/tracks/best_frames_hires/26_12-20/track_0671_r1.jpg
26_12-20.mp4,671,0,1311,65615,2090,818,2279,1183,2090,818,2279,1183,544.8,68985,ml/output/tracks/best_frames/26_12-20/track_0671_r0.jpg,ml/output/tracks/best_frames_hires/26_12-20/track_0671_r0.jpg
26_12-20.mp4,661,2,1320,66066,160,868,371,1133,160,868,371,1133,823.3,55915,ml/output/tracks/best_frames/26_12-20/track_0661_r2.jpg,ml/output/tracks/best_frames_hires/26_12-20/track_0661_r2.jpg
26_12-20.mp4,673,2,1326,66366,198,87,417,388,198,87,417,388,1101.8,65919,ml/output/tracks/best_frames/26_12-20/track_0673_r2.jpg,ml/output/tracks/best_frames_hires/26_12-20/track_0673_r2.jpg
26_12-20.mp4,668,0,1326,66366,2082,606,2459,1081,2082,606,2459,1081,682.1,179075,ml/output/tracks/best_frames/26_12-20/track_0668_r0.jpg,ml/output/tracks/best_frames_hires/26_12-20/track_0668_r0.jpg
26_12-20.mp4,669,1,1326,66366,277,1750,489,2042,277,1750,489,2042,1420.5,61904,ml/output/tracks/best_frames/26_12-20/track_0669_r1.jpg,ml/output/tracks/best_frames_hires/26_12-20/track_0669_r1.jpg
26_12-20.mp4,672,1,1326,66366,2092,819,2279,1179,2092,819,2279,1179,672.3,67320,ml/output/tracks/best_frames/26_12-20/track_0672_r1.jpg,ml/output/tracks/best_frames_hires/26_12-20/track_0672_r1.jpg
26_12-20.mp4,655,1,1326,66366,2085,864,2457,1207,2085,864,2457,1207,1442.1,127596,ml/output/tracks/best_frames/26_12-20/track_0655_r1.jpg,ml/output/tracks/best_frames_hires/26_12-20/track_0655_r1.jpg
26_12-20.mp4,641,2,1326,66366,163,551,350,849,163,551,350,849,10380.5,55726,ml/output/tracks/best_frames/26_12-20/track_0641_r2.jpg,ml/output/tracks/best_frames_hires/26_12-20/track_0641_r2.jpg
26_12-20.mp4,659,2,1326,66366,2116,0,2461,292,2116,0,2461,292,2216.1,100740,ml/output/tracks/best_frames/26_12-20/track_0659_r2.jpg,ml/output/tracks/best_frames_hires/26_12-20/track_0659_r2.jpg
26_12-20.mp4,635,2,1326,66366,231,1474,456,1779,231,1474,456,1779,6131.1,68625,ml/output/tracks/best_frames/26_12-20/track_0635_r2.jpg,ml/output/tracks/best_frames_hires/26_12-20/track_0635_r2.jpg
26_12-20.mp4,655,0,1329,66516,2085,864,2457,1207,2085,864,2457,1207,1443.1,127596,ml/output/tracks/best_frames/26_12-20/track_0655_r0.jpg,ml/output/tracks/best_frames_hires/26_12-20/track_0655_r0.jpg
26_12-20.mp4,641,1,1329,66516,163,552,350,849,163,552,350,849,10488.3,55539,ml/output/tracks/best_frames/26_12-20/track_0641_r1.jpg,ml/output/tracks/best_frames_hires/26_12-20/track_0641_r1.jpg
26_12-20.mp4,669,2,1329,66516,277,1750,489,2042,277,1750,489,2042,1419.3,61904,ml/output/tracks/best_frames/26_12-20/track_0669_r2.jpg,ml/output/tracks/best_frames_hires/26_12-20/track_0669_r2.jpg
26_12-20.mp4,668,1,1329,66516,2082,606,2459,1081,2082,606,2459,1081,678.0,179075,ml/output/tracks/best_frames/26_12-20/track_0668_r1.jpg,ml/output/tracks/best_frames_hires/26_12-20/track_0668_r1.jpg
26_12-20.mp4,635,1,1329,66516,231,1474,457,1779,231,1474,457,1779,6130.4,68930,ml/output/tracks/best_frames/26_12-20/track_0635_r1.jpg,ml/output/tracks/best_frames_hires/26_12-20/track_0635_r1.jpg
26_12-20.mp4,659,1,1329,66516,2116,0,2461,292,2116,0,2461,292,2238.5,100740,ml/output/tracks/best_frames/26_12-20/track_0659_r1.jpg,ml/output/tracks/best_frames_hires/26_12-20/track_0659_r1.jpg
26_12-20.mp4,663,1,1329,66516,235,7,467,148,235,7,467,148,8413.8,32712,ml/output/tracks/best_frames/26_12-20/track_0663_r1.jpg,ml/output/tracks/best_frames_hires/26_12-20/track_0663_r1.jpg
26_12-20.mp4,635,0,1332,66666,231,1474,456,1779,231,1474,456,1779,6186.0,68625,ml/output/tracks/best_frames/26_12-20/track_0635_r0.jpg,ml/output/tracks/best_frames_hires/26_12-20/track_0635_r0.jpg
26_12-20.mp4,659,0,1332,66666,2115,0,2461,292,2115,0,2461,292,2262.8,101032,ml/output/tracks/best_frames/26_12-20/track_0659_r0.jpg,ml/output/tracks/best_frames_hires/26_12-20/track_0659_r0.jpg
26_12-20.mp4,668,2,1332,66666,2082,606,2459,1081,2082,606,2459,1081,677.1,179075,ml/output/tracks/best_frames/26_12-20/track_0668_r2.jpg,ml/output/tracks/best_frames_hires/26_12-20/track_0668_r2.jpg
26_12-20.mp4,669,0,1332,66666,277,1750,489,2042,277,1750,489,2042,1436.7,61904,ml/output/tracks/best_frames/26_12-20/track_0669_r0.jpg,ml/output/tracks/best_frames_hires/26_12-20/track_0669_r0.jpg
26_12-20.mp4,663,2,1332,66666,235,8,466,149,235,8,466,149,8447.2,32571,ml/output/tracks/best_frames/26_12-20/track_0663_r2.jpg,ml/output/tracks/best_frames_hires/26_12-20/track_0663_r2.jpg
26_12-20.mp4,672,2,1332,66666,2092,819,2279,1181,2092,819,2279,1181,666.7,67694,ml/output/tracks/best_frames/26_12-20/track_0672_r2.jpg,ml/output/tracks/best_frames_hires/26_12-20/track_0672_r2.jpg
26_12-20.mp4,655,2,1332,66666,2085,864,2457,1207,2085,864,2457,1207,1438.0,127596,ml/output/tracks/best_frames/26_12-20/track_0655_r2.jpg,ml/output/tracks/best_frames_hires/26_12-20/track_0655_r2.jpg
26_12-20.mp4,641,0,1332,66666,163,552,350,849,163,552,350,849,10534.4,55539,ml/output/tracks/best_frames/26_12-20/track_0641_r0.jpg,ml/output/tracks/best_frames_hires/26_12-20/track_0641_r0.jpg
26_12-20.mp4,674,1,1335,66817,2450,1369,2637,1629,2450,1369,2637,1629,506.3,48620,ml/output/tracks/best_frames/26_12-20/track_0674_r1.jpg,ml/output/tracks/best_frames_hires/26_12-20/track_0674_r1.jpg
26_12-20.mp4,663,0,1335,66817,234,8,464,149,234,8,464,149,8499.3,32430,ml/output/tracks/best_frames/26_12-20/track_0663_r0.jpg,ml/output/tracks/best_frames_hires/26_12-20/track_0663_r0.jpg
26_12-20.mp4,672,0,1335,66817,2092,819,2279,1182,2092,819,2279,1182,710.4,67881,ml/output/tracks/best_frames/26_12-20/track_0672_r0.jpg,ml/output/tracks/best_frames_hires/26_12-20/track_0672_r0.jpg
26_12-20.mp4,674,0,1338,66967,2433,1351,2642,1738,2433,1351,2642,1738,372.5,80883,ml/output/tracks/best_frames/26_12-20/track_0674_r0.jpg,ml/output/tracks/best_frames_hires/26_12-20/track_0674_r0.jpg
26_12-20.mp4,661,1,1341,67117,153,874,364,1161,153,874,364,1161,1354.8,60557,ml/output/tracks/best_frames/26_12-20/track_0661_r1.jpg,ml/output/tracks/best_frames_hires/26_12-20/track_0661_r1.jpg
26_12-20.mp4,661,0,1344,67267,153,878,366,1175,153,878,366,1175,1962.7,63261,ml/output/tracks/best_frames/26_12-20/track_0661_r0.jpg,ml/output/tracks/best_frames_hires/26_12-20/track_0661_r0.jpg
26_12-20.mp4,677,0,1344,67267,2104,0,2302,244,2104,0,2302,244,362.4,48312,ml/output/tracks/best_frames/26_12-20/track_0677_r0.jpg,ml/output/tracks/best_frames_hires/26_12-20/track_0677_r0.jpg
26_12-20.mp4,677,1,1347,67417,2108,0,2304,280,2108,0,2304,280,285.1,54880,ml/output/tracks/best_frames/26_12-20/track_0677_r1.jpg,ml/output/tracks/best_frames_hires/26_12-20/track_0677_r1.jpg
26_12-20.mp4,678,2,1347,67417,188,1331,409,1606,188,1331,409,1606,1285.1,60775,ml/output/tracks/best_frames/26_12-20/track_0678_r2.jpg,ml/output/tracks/best_frames_hires/26_12-20/track_0678_r2.jpg
26_12-20.mp4,673,0,1350,67567,163,444,382,751,163,444,382,751,1283.0,67233,ml/output/tracks/best_frames/26_12-20/track_0673_r0.jpg,ml/output/tracks/best_frames_hires/26_12-20/track_0673_r0.jpg
26_12-20.mp4,678,1,1350,67567,195,1400,407,1679,195,1400,407,1679,1511.8,59148,ml/output/tracks/best_frames/26_12-20/track_0678_r1.jpg,ml/output/tracks/best_frames_hires/26_12-20/track_0678_r1.jpg
26_12-20.mp4,684,2,1350,67567,2086,170,2304,527,2086,170,2304,527,211.8,77826,ml/output/tracks/best_frames/26_12-20/track_0684_r2.jpg,ml/output/tracks/best_frames_hires/26_12-20/track_0684_r2.jpg
26_12-20.mp4,682,1,1350,67567,162,1092,377,1400,162,1092,377,1400,1473.0,66220,ml/output/tracks/best_frames/26_12-20/track_0682_r1.jpg,ml/output/tracks/best_frames_hires/26_12-20/track_0682_r1.jpg
26_12-20.mp4,685,0,1353,67718,154,864,357,1143,154,864,357,1143,1534.2,56637,ml/output/tracks/best_frames/26_12-20/track_0685_r0.jpg,ml/output/tracks/best_frames_hires/26_12-20/track_0685_r0.jpg
26_12-20.mp4,684,1,1353,67718,2084,256,2304,615,2084,256,2304,615,244.9,78980,ml/output/tracks/best_frames/26_12-20/track_0684_r1.jpg,ml/output/tracks/best_frames_hires/26_12-20/track_0684_r1.jpg
26_12-20.mp4,686,2,1353,67718,3295,1688,3484,1941,3295,1688,3484,1941,258.4,47817,ml/output/tracks/best_frames/26_12-20/track_0686_r2.jpg,ml/output/tracks/best_frames_hires/26_12-20/track_0686_r2.jpg
26_12-20.mp4,678,0,1353,67718,203,1465,426,1755,203,1465,426,1755,1543.6,64670,ml/output/tracks/best_frames/26_12-20/track_0678_r0.jpg,ml/output/tracks/best_frames_hires/26_12-20/track_0678_r0.jpg
26_12-20.mp4,682,0,1353,67718,168,1169,381,1471,168,1169,381,1471,1749.0,64326,ml/output/tracks/best_frames/26_12-20/track_0682_r0.jpg,ml/output/tracks/best_frames_hires/26_12-20/track_0682_r0.jpg
26_12-20.mp4,680,1,1353,67718,2044,1339,2419,1702,2044,1339,2419,1702,430.0,136125,ml/output/tracks/best_frames/26_12-20/track_0680_r1.jpg,ml/output/tracks/best_frames_hires/26_12-20/track_0680_r1.jpg
26_12-20.mp4,673,1,1353,67718,165,522,381,818,165,522,381,818,1172.4,63936,ml/output/tracks/best_frames/26_12-20/track_0673_r1.jpg,ml/output/tracks/best_frames_hires/26_12-20/track_0673_r1.jpg
26_12-20.mp4,682,2,1356,67868,183,1252,383,1542,183,1252,383,1542,1564.7,58000,ml/output/tracks/best_frames/26_12-20/track_0682_r2.jpg,ml/output/tracks/best_frames_hires/26_12-20/track_0682_r2.jpg
26_12-20.mp4,688,2,1356,67868,2104,0,2451,343,2104,0,2451,343,131.4,119021,ml/output/tracks/best_frames/26_12-20/track_0688_r2.jpg,ml/output/tracks/best_frames_hires/26_12-20/track_0688_r2.jpg
26_12-20.mp4,684,0,1356,67868,2083,330,2304,707,2083,330,2304,707,253.4,83317,ml/output/tracks/best_frames/26_12-20/track_0684_r0.jpg,ml/output/tracks/best_frames_hires/26_12-20/track_0684_r0.jpg
26_12-20.mp4,685,1,1356,67868,155,864,361,1135,155,864,361,1135,1004.6,55826,ml/output/tracks/best_frames/26_12-20/track_0685_r1.jpg,ml/output/tracks/best_frames_hires/26_12-20/track_0685_r1.jpg
26_12-20.mp4,686,1,1356,67868,3287,1721,3479,1980,3287,1721,3479,1980,298.8,49728,ml/output/tracks/best_frames/26_12-20/track_0686_r1.jpg,ml/output/tracks/best_frames_hires/26_12-20/track_0686_r1.jpg
26_12-20.mp4,683,0,1359,68018,2030,1712,2376,2010,2030,1712,2376,2010,329.7,103108,ml/output/tracks/best_frames/26_12-20/track_0683_r0.jpg,ml/output/tracks/best_frames_hires/26_12-20/track_0683_r0.jpg
26_12-20.mp4,680,0,1359,68018,2026,1484,2402,1846,2026,1484,2402,1846,520.1,136112,ml/output/tracks/best_frames/26_12-20/track_0680_r0.jpg,ml/output/tracks/best_frames_hires/26_12-20/track_0680_r0.jpg
26_12-20.mp4,686,0,1359,68018,3282,1744,3470,2010,3282,1744,3470,2010,473.9,50008,ml/output/tracks/best_frames/26_12-20/track_0686_r0.jpg,ml/output/tracks/best_frames_hires/26_12-20/track_0686_r0.jpg
26_12-20.mp4,688,0,1359,68018,2092,0,2442,356,2092,0,2442,356,181.0,124600,ml/output/tracks/best_frames/26_12-20/track_0688_r0.jpg,ml/output/tracks/best_frames_hires/26_12-20/track_0688_r0.jpg
26_12-20.mp4,693,0,1362,68168,2069,524,2301,967,2069,524,2301,967,357.2,102776,ml/output/tracks/best_frames/26_12-20/track_0693_r0.jpg,ml/output/tracks/best_frames_hires/26_12-20/track_0693_r0.jpg
26_12-20.mp4,688,1,1362,68168,2088,38,2445,429,2088,38,2445,429,134.9,139587,ml/output/tracks/best_frames/26_12-20/track_0688_r1.jpg,ml/output/tracks/best_frames_hires/26_12-20/track_0688_r1.jpg
26_12-20.mp4,680,2,1362,68168,2026,1572,2384,1928,2026,1572,2384,1928,438.4,127448,ml/output/tracks/best_frames/26_12-20/track_0680_r2.jpg,ml/output/tracks/best_frames_hires/26_12-20/track_0680_r2.jpg
26_12-20.mp4,697,1,1365,68318,364,864,557,1113,364,864,557,1113,83.5,48057,ml/output/tracks/best_frames/26_12-20/track_0697_r1.jpg,ml/output/tracks/best_frames_hires/26_12-20/track_0697_r1.jpg
26_12-20.mp4,693,1,1365,68318,2065,614,2300,1055,2065,614,2300,1055,321.3,103635,ml/output/tracks/best_frames/26_12-20/track_0693_r1.jpg,ml/output/tracks/best_frames_hires/26_12-20/track_0693_r1.jpg
26_12-20.mp4,683,2,1365,68318,2012,1865,2351,2159,2012,1865,2351,2159,305.8,99666,ml/output/tracks/best_frames/26_12-20/track_0683_r2.jpg,ml/output/tracks/best_frames_hires/26_12-20/track_0683_r2.jpg
26_12-20.mp4,687,1,1365,68318,2063,768,2431,1178,2063,768,2431,1178,288.1,150880,ml/output/tracks/best_frames/26_12-20/track_0687_r1.jpg,ml/output/tracks/best_frames_hires/26_12-20/track_0687_r1.jpg
26_12-20.mp4,690,2,1365,68318,2076,0,2436,313,2076,0,2436,313,210.9,112680,ml/output/tracks/best_frames/26_12-20/track_0690_r2.jpg,ml/output/tracks/best_frames_hires/26_12-20/track_0690_r2.jpg
26_12-20.mp4,693,2,1368,68468,2056,702,2304,1129,2056,702,2304,1129,283.8,105896,ml/output/tracks/best_frames/26_12-20/track_0693_r2.jpg,ml/output/tracks/best_frames_hires/26_12-20/track_0693_r2.jpg
26_12-20.mp4,683,1,1368,68468,2015,1868,2350,2159,2015,1868,2350,2159,324.1,97485,ml/output/tracks/best_frames/26_12-20/track_0683_r1.jpg,ml/output/tracks/best_frames_hires/26_12-20/track_0683_r1.jpg
26_12-20.mp4,697,0,1368,68468,378,864,559,1040,378,864,559,1040,156.7,31856,ml/output/tracks/best_frames/26_12-20/track_0697_r0.jpg,ml/output/tracks/best_frames_hires/26_12-20/track_0697_r0.jpg
26_12-20.mp4,690,0,1368,68468,2075,6,2439,403,2075,6,2439,403,188.8,144508,ml/output/tracks/best_frames/26_12-20/track_0690_r0.jpg,ml/output/tracks/best_frames_hires/26_12-20/track_0690_r0.jpg
26_12-20.mp4,687,0,1368,68468,2068,851,2427,1259,2068,851,2427,1259,302.2,146472,ml/output/tracks/best_frames/26_12-20/track_0687_r0.jpg,ml/output/tracks/best_frames_hires/26_12-20/track_0687_r0.jpg
26_12-20.mp4,698,0,1371,68618,2061,1260,2431,1648,2061,1260,2431,1648,119.6,143560,ml/output/tracks/best_frames/26_12-20/track_0698_r0.jpg,ml/output/tracks/best_frames_hires/26_12-20/track_0698_r0.jpg
26_12-20.mp4,694,0,1371,68618,215,0,442,298,215,0,442,298,1607.9,67646,ml/output/tracks/best_frames/26_12-20/track_0694_r0.jpg,ml/output/tracks/best_frames_hires/26_12-20/track_0694_r0.jpg
26_12-20.mp4,694,1,1374,68769,203,45,431,341,203,45,431,341,1518.6,67488,ml/output/tracks/best_frames/26_12-20/track_0694_r1.jpg,ml/output/tracks/best_frames_hires/26_12-20/track_0694_r1.jpg
26_12-20.mp4,698,1,1374,68769,2057,1389,2426,1770,2057,1389,2426,1770,119.9,140589,ml/output/tracks/best_frames/26_12-20/track_0698_r1.jpg,ml/output/tracks/best_frames_hires/26_12-20/track_0698_r1.jpg
26_12-20.mp4,701,2,1377,68919,166,1087,382,1405,166,1087,382,1405,502.4,68688,ml/output/tracks/best_frames/26_12-20/track_0701_r2.jpg,ml/output/tracks/best_frames_hires/26_12-20/track_0701_r2.jpg
26_12-20.mp4,704,2,1377,68919,172,353,392,610,172,353,392,610,292.3,56540,ml/output/tracks/best_frames/26_12-20/track_0704_r2.jpg,ml/output/tracks/best_frames_hires/26_12-20/track_0704_r2.jpg
26_12-20.mp4,698,2,1377,68919,2056,1498,2412,1854,2056,1498,2412,1854,123.4,126736,ml/output/tracks/best_frames/26_12-20/track_0698_r2.jpg,ml/output/tracks/best_frames_hires/26_12-20/track_0698_r2.jpg
26_12-20.mp4,703,1,1377,68919,180,228,400,522,180,228,400,522,752.7,64680,ml/output/tracks/best_frames/26_12-20/track_0703_r1.jpg,ml/output/tracks/best_frames_hires/26_12-20/track_0703_r1.jpg
26_12-20.mp4,692,1,1377,68919,146,822,351,1123,146,822,351,1123,1948.2,61705,ml/output/tracks/best_frames/26_12-20/track_0692_r1.jpg,ml/output/tracks/best_frames_hires/26_12-20/track_0692_r1.jpg
26_12-20.mp4,690,1,1377,68919,2066,337,2445,759,2066,337,2445,759,151.5,159938,ml/output/tracks/best_frames/26_12-20/track_0690_r1.jpg,ml/output/tracks/best_frames_hires/26_12-20/track_0690_r1.jpg
26_12-20.mp4,694,2,1377,68919,189,128,425,407,189,128,425,407,1543.8,65844,ml/output/tracks/best_frames/26_12-20/track_0694_r2.jpg,ml/output/tracks/best_frames_hires/26_12-20/track_0694_r2.jpg
26_12-20.mp4,692,0,1380,69069,151,909,361,1215,151,909,361,1215,1911.5,64260,ml/output/tracks/best_frames/26_12-20/track_0692_r0.jpg,ml/output/tracks/best_frames_hires/26_12-20/track_0692_r0.jpg
26_12-20.mp4,703,0,1380,69069,178,205,399,505,178,205,399,505,1454.8,66300,ml/output/tracks/best_frames/26_12-20/track_0703_r0.jpg,ml/output/tracks/best_frames_hires/26_12-20/track_0703_r0.jpg
26_12-20.mp4,687,2,1380,69069,2051,1325,2413,1705,2051,1325,2413,1705,213.6,137560,ml/output/tracks/best_frames/26_12-20/track_0687_r2.jpg,ml/output/tracks/best_frames_hires/26_12-20/track_0687_r2.jpg
26_12-20.mp4,704,1,1380,69069,166,321,392,613,166,321,392,613,842.7,65992,ml/output/tracks/best_frames/26_12-20/track_0704_r1.jpg,ml/output/tracks/best_frames_hires/26_12-20/track_0704_r1.jpg
26_12-20.mp4,692,2,1383,69219,152,1023,359,1348,152,1023,359,1348,1564.0,67275,ml/output/tracks/best_frames/26_12-20/track_0692_r2.jpg,ml/output/tracks/best_frames_hires/26_12-20/track_0692_r2.jpg
26_12-20.mp4,710,2,1383,69219,183,1342,405,1603,183,1342,405,1603,579.5,57942,ml/output/tracks/best_frames/26_12-20/track_0710_r2.jpg,ml/output/tracks/best_frames_hires/26_12-20/track_0710_r2.jpg
26_12-20.mp4,701,1,1383,69219,164,1163,378,1477,164,1163,378,1477,1062.2,67196,ml/output/tracks/best_frames/26_12-20/track_0701_r1.jpg,ml/output/tracks/best_frames_hires/26_12-20/track_0701_r1.jpg
26_12-20.mp4,704,0,1383,69219,166,311,383,608,166,311,383,608,1254.9,64449,ml/output/tracks/best_frames/26_12-20/track_0704_r0.jpg,ml/output/tracks/best_frames_hires/26_12-20/track_0704_r0.jpg
26_12-20.mp4,706,0,1383,69219,2061,606,2452,1026,2061,606,2452,1026,140.2,164220,ml/output/tracks/best_frames/26_12-20/track_0706_r0.jpg,ml/output/tracks/best_frames_hires/26_12-20/track_0706_r0.jpg
26_12-20.mp4,707,1,1383,69219,2067,866,2437,1266,2067,866,2437,1266,82.3,148000,ml/output/tracks/best_frames/26_12-20/track_0707_r1.jpg,ml/output/tracks/best_frames_hires/26_12-20/track_0707_r1.jpg
26_12-20.mp4,710,1,1386,69369,173,1229,388,1554,173,1229,388,1554,1160.5,69875,ml/output/tracks/best_frames/26_12-20/track_0710_r1.jpg,ml/output/tracks/best_frames_hires/26_12-20/track_0710_r1.jpg
26_12-20.mp4,707,2,1386,69369,2067,959,2434,1358,2067,959,2434,1358,67.8,146433,ml/output/tracks/best_frames/26_12-20/track_0707_r2.jpg,ml/output/tracks/best_frames_hires/26_12-20/track_0707_r2.jpg
26_12-20.mp4,706,1,1386,69369,2059,711,2447,1128,2059,711,2447,1128,138.3,161796,ml/output/tracks/best_frames/26_12-20/track_0706_r1.jpg,ml/output/tracks/best_frames_hires/26_12-20/track_0706_r1.jpg
26_12-20.mp4,701,0,1386,69369,157,1108,368,1426,157,1108,368,1426,1561.8,67098,ml/output/tracks/best_frames/26_12-20/track_0701_r0.jpg,ml/output/tracks/best_frames_hires/26_12-20/track_0701_r0.jpg
26_12-20.mp4,706,2,1389,69519,2059,818,2441,1235,2059,818,2441,1235,122.8,159294,ml/output/tracks/best_frames/26_12-20/track_0706_r2.jpg,ml/output/tracks/best_frames_hires/26_12-20/track_0706_r2.jpg
26_12-20.mp4,715,1,1389,69519,185,1299,398,1633,185,1299,398,1633,1177.2,71142,ml/output/tracks/best_frames/26_12-20/track_0715_r1.jpg,ml/output/tracks/best_frames_hires/26_12-20/track_0715_r1.jpg
26_12-20.mp4,710,0,1389,69519,160,1192,389,1500,160,1192,389,1500,1446.4,70532,ml/output/tracks/best_frames/26_12-20/track_0710_r0.jpg,ml/output/tracks/best_frames_hires/26_12-20/track_0710_r0.jpg
26_12-20.mp4,715,0,1392,69669,171,1274,408,1584,171,1274,408,1584,1389.8,73470,ml/output/tracks/best_frames/26_12-20/track_0715_r0.jpg,ml/output/tracks/best_frames_hires/26_12-20/track_0715_r0.jpg
26_12-20.mp4,714,2,1392,69669,199,1415,410,1730,199,1415,410,1730,1323.6,66465,ml/output/tracks/best_frames/26_12-20/track_0714_r2.jpg,ml/output/tracks/best_frames_hires/26_12-20/track_0714_r2.jpg
26_12-20.mp4,721,2,1392,69669,2086,162,2453,536,2086,162,2453,536,85.4,137258,ml/output/tracks/best_frames/26_12-20/track_0721_r2.jpg,ml/output/tracks/best_frames_hires/26_12-20/track_0721_r2.jpg
26_12-20.mp4,720,1,1392,69669,2044,1576,2437,2017,2044,1576,2437,2017,149.6,173313,ml/output/tracks/best_frames/26_12-20/track_0720_r1.jpg,ml/output/tracks/best_frames_hires/26_12-20/track_0720_r1.jpg
26_12-20.mp4,712,2,1392,69669,207,0,429,203,207,0,429,203,1163.3,45066,ml/output/tracks/best_frames/26_12-20/track_0712_r2.jpg,ml/output/tracks/best_frames_hires/26_12-20/track_0712_r2.jpg
26_12-20.mp4,711,0,1392,69669,2079,0,2458,398,2079,0,2458,398,207.0,150842,ml/output/tracks/best_frames/26_12-20/track_0711_r0.jpg,ml/output/tracks/best_frames_hires/26_12-20/track_0711_r0.jpg
26_12-20.mp4,708,2,1392,69669,151,560,364,866,151,560,364,866,1832.8,65178,ml/output/tracks/best_frames/26_12-20/track_0708_r2.jpg,ml/output/tracks/best_frames_hires/26_12-20/track_0708_r2.jpg
26_12-20.mp4,707,0,1392,69669,2061,957,2431,1365,2061,957,2431,1365,95.9,150960,ml/output/tracks/best_frames/26_12-20/track_0707_r0.jpg,ml/output/tracks/best_frames_hires/26_12-20/track_0707_r0.jpg
26_12-20.mp4,723,1,1395,69820,2052,1313,2425,1717,2052,1313,2425,1717,75.6,150692,ml/output/tracks/best_frames/26_12-20/track_0723_r1.jpg,ml/output/tracks/best_frames_hires/26_12-20/track_0723_r1.jpg
26_12-20.mp4,712,1,1395,69820,203,0,440,284,203,0,440,284,1200.4,67308,ml/output/tracks/best_frames/26_12-20/track_0712_r1.jpg,ml/output/tracks/best_frames_hires/26_12-20/track_0712_r1.jpg
26_12-20.mp4,722,2,1395,69820,147,864,360,1178,147,864,360,1178,962.5,66882,ml/output/tracks/best_frames/26_12-20/track_0722_r2.jpg,ml/output/tracks/best_frames_hires/26_12-20/track_0722_r2.jpg
26_12-20.mp4,714,1,1395,69820,186,1365,425,1659,186,1365,425,1659,1349.5,70266,ml/output/tracks/best_frames/26_12-20/track_0714_r1.jpg,ml/output/tracks/best_frames_hires/26_12-20/track_0714_r1.jpg
26_12-20.mp4,708,1,1395,69820,152,655,359,964,152,655,359,964,1917.4,63963,ml/output/tracks/best_frames/26_12-20/track_0708_r1.jpg,ml/output/tracks/best_frames_hires/26_12-20/track_0708_r1.jpg
26_12-20.mp4,725,2,1395,69820,190,108,418,414,190,108,418,414,1169.4,69768,ml/output/tracks/best_frames/26_12-20/track_0725_r2.jpg,ml/output/tracks/best_frames_hires/26_12-20/track_0725_r2.jpg
26_12-20.mp4,711,2,1395,69820,2078,2,2460,439,2078,2,2460,439,169.8,166934,ml/output/tracks/best_frames/26_12-20/track_0711_r2.jpg,ml/output/tracks/best_frames_hires/26_12-20/track_0711_r2.jpg
26_12-20.mp4,720,0,1395,69820,2023,1696,2304,2078,2023,1696,2304,2078,263.4,107342,ml/output/tracks/best_frames/26_12-20/track_0720_r0.jpg,ml/output/tracks/best_frames_hires/26_12-20/track_0720_r0.jpg
26_12-20.mp4,724,2,1395,69820,235,1636,452,1939,235,1636,452,1939,1222.0,65751,ml/output/tracks/best_frames/26_12-20/track_0724_r2.jpg,ml/output/tracks/best_frames_hires/26_12-20/track_0724_r2.jpg
26_12-20.mp4,722,1,1398,69970,148,864,356,1093,148,864,356,1093,1711.8,47632,ml/output/tracks/best_frames/26_12-20/track_0722_r1.jpg,ml/output/tracks/best_frames_hires/26_12-20/track_0722_r1.jpg
26_12-20.mp4,723,0,1398,69970,2046,1384,2413,1767,2046,1384,2413,1767,96.4,140561,ml/output/tracks/best_frames/26_12-20/track_0723_r0.jpg,ml/output/tracks/best_frames_hires/26_12-20/track_0723_r0.jpg
26_12-20.mp4,724,1,1398,69970,219,1526,432,1836,219,1526,432,1836,1446.8,66030,ml/output/tracks/best_frames/26_12-20/track_0724_r1.jpg,ml/output/tracks/best_frames_hires/26_12-20/track_0724_r1.jpg
26_12-20.mp4,712,0,1398,69970,192,17,428,324,192,17,428,324,1505.8,72452,ml/output/tracks/best_frames/26_12-20/track_0712_r0.jpg,ml/output/tracks/best_frames_hires/26_12-20/track_0712_r0.jpg
26_12-20.mp4,727,2,1398,69970,154,922,359,1248,154,922,359,1248,1038.3,66830,ml/output/tracks/best_frames/26_12-20/track_0727_r2.jpg,ml/output/tracks/best_frames_hires/26_12-20/track_0727_r2.jpg
26_12-20.mp4,708,0,1398,69970,153,714,358,1010,153,714,358,1010,2189.6,60680,ml/output/tracks/best_frames/26_12-20/track_0708_r0.jpg,ml/output/tracks/best_frames_hires/26_12-20/track_0708_r0.jpg
26_12-20.mp4,714,0,1398,69970,194,1414,430,1697,194,1414,430,1697,1463.3,66788,ml/output/tracks/best_frames/26_12-20/track_0714_r0.jpg,ml/output/tracks/best_frames_hires/26_12-20/track_0714_r0.jpg
26_12-20.mp4,711,1,1398,69970,2077,85,2461,512,2077,85,2461,512,182.4,163968,ml/output/tracks/best_frames/26_12-20/track_0711_r1.jpg,ml/output/tracks/best_frames_hires/26_12-20/track_0711_r1.jpg
26_12-20.mp4,725,1,1398,69970,180,157,418,461,180,157,418,461,1221.0,72352,ml/output/tracks/best_frames/26_12-20/track_0725_r1.jpg,ml/output/tracks/best_frames_hires/26_12-20/track_0725_r1.jpg
26_12-20.mp4,724,0,1401,70120,210,1476,425,1788,210,1476,425,1788,1429.4,67080,ml/output/tracks/best_frames/26_12-20/track_0724_r0.jpg,ml/output/tracks/best_frames_hires/26_12-20/track_0724_r0.jpg
26_12-20.mp4,725,0,1401,70120,187,97,415,391,187,97,415,391,1479.8,67032,ml/output/tracks/best_frames/26_12-20/track_0725_r0.jpg,ml/output/tracks/best_frames_hires/26_12-20/track_0725_r0.jpg
26_12-20.mp4,727,1,1401,70120,151,948,347,1222,151,948,347,1222,1358.9,53704,ml/output/tracks/best_frames/26_12-20/track_0727_r1.jpg,ml/output/tracks/best_frames_hires/26_12-20/track_0727_r1.jpg
26_12-20.mp4,721,1,1401,70120,2077,368,2456,765,2077,368,2456,765,83.2,150463,ml/output/tracks/best_frames/26_12-20/track_0721_r1.jpg,ml/output/tracks/best_frames_hires/26_12-20/track_0721_r1.jpg
26_12-20.mp4,722,0,1401,70120,151,793,363,1098,151,793,363,1098,2031.5,64660,ml/output/tracks/best_frames/26_12-20/track_0722_r0.jpg,ml/output/tracks/best_frames_hires/26_12-20/track_0722_r0.jpg
26_12-20.mp4,721,0,1404,70270,2058,294,2447,750,2058,294,2447,750,134.7,177384,ml/output/tracks/best_frames/26_12-20/track_0721_r0.jpg,ml/output/tracks/best_frames_hires/26_12-20/track_0721_r0.jpg
26_12-20.mp4,720,2,1404,70270,2006,1881,2366,2134,2006,1881,2366,2134,200.2,91080,ml/output/tracks/best_frames/26_12-20/track_0720_r2.jpg,ml/output/tracks/best_frames_hires/26_12-20/track_0720_r2.jpg
26_12-20.mp4,727,0,1404,70270,154,875,372,1180,154,875,372,1180,1626.8,66490,ml/output/tracks/best_frames/26_12-20/track_0727_r0.jpg,ml/output/tracks/best_frames_hires/26_12-20/track_0727_r0.jpg
26_12-20.mp4,733,2,1404,70270,169,1139,380,1437,169,1139,380,1437,552.5,62878,ml/output/tracks/best_frames/26_12-20/track_0733_r2.jpg,ml/output/tracks/best_frames_hires/26_12-20/track_0733_r2.jpg
26_12-20.mp4,737,0,1407,70420,3801,1647,3839,1815,3801,1647,3839,1815,166.5,6384,ml/output/tracks/best_frames/26_12-20/track_0737_r0.jpg,ml/output/tracks/best_frames_hires/26_12-20/track_0737_r0.jpg
26_12-20.mp4,733,0,1407,70420,166,1132,388,1434,166,1132,388,1434,1093.6,67044,ml/output/tracks/best_frames/26_12-20/track_0733_r0.jpg,ml/output/tracks/best_frames_hires/26_12-20/track_0733_r0.jpg
26_12-20.mp4,737,1,1410,70570,3798,1643,3839,1820,3798,1643,3839,1820,116.2,7257,ml/output/tracks/best_frames/26_12-20/track_0737_r1.jpg,ml/output/tracks/best_frames_hires/26_12-20/track_0737_r1.jpg
26_12-20.mp4,733,1,1410,70570,180,1205,394,1508,180,1205,394,1508,1095.4,64842,ml/output/tracks/best_frames/26_12-20/track_0733_r1.jpg,ml/output/tracks/best_frames_hires/26_12-20/track_0733_r1.jpg
26_12-20.mp4,740,2,1413,70721,297,1883,530,2159,297,1883,530,2159,968.7,64308,ml/output/tracks/best_frames/26_12-20/track_0740_r2.jpg,ml/output/tracks/best_frames_hires/26_12-20/track_0740_r2.jpg
26_12-20.mp4,740,1,1416,70871,286,1822,517,2098,286,1822,517,2098,1024.6,63756,ml/output/tracks/best_frames/26_12-20/track_0740_r1.jpg,ml/output/tracks/best_frames_hires/26_12-20/track_0740_r1.jpg
26_12-20.mp4,740,0,1419,71021,284,1811,524,2101,284,1811,524,2101,1233.9,69600,ml/output/tracks/best_frames/26_12-20/track_0740_r0.jpg,ml/output/tracks/best_frames_hires/26_12-20/track_0740_r0.jpg
26_12-20.mp4,749,2,1428,71471,1536,131,1606,252,1536,131,1606,252,4523.1,8470,ml/output/tracks/best_frames/26_12-20/track_0749_r2.jpg,ml/output/tracks/best_frames_hires/26_12-20/track_0749_r2.jpg
26_12-20.mp4,741,2,1428,71471,183,1208,395,1508,183,1208,395,1508,2352.7,63600,ml/output/tracks/best_frames/26_12-20/track_0741_r2.jpg,ml/output/tracks/best_frames_hires/26_12-20/track_0741_r2.jpg
26_12-20.mp4,749,1,1431,71621,1536,139,1606,252,1536,139,1606,252,5347.1,7910,ml/output/tracks/best_frames/26_12-20/track_0749_r1.jpg,ml/output/tracks/best_frames_hires/26_12-20/track_0749_r1.jpg
26_12-20.mp4,741,1,1431,71621,184,1209,394,1507,184,1209,394,1507,2735.8,62580,ml/output/tracks/best_frames/26_12-20/track_0741_r1.jpg,ml/output/tracks/best_frames_hires/26_12-20/track_0741_r1.jpg
26_12-20.mp4,735,2,1431,71621,154,506,367,815,154,506,367,815,3070.6,65817,ml/output/tracks/best_frames/26_12-20/track_0735_r2.jpg,ml/output/tracks/best_frames_hires/26_12-20/track_0735_r2.jpg
26_12-20.mp4,741,0,1434,71772,184,1210,394,1507,184,1210,394,1507,2849.9,62370,ml/output/tracks/best_frames/26_12-20/track_0741_r0.jpg,ml/output/tracks/best_frames_hires/26_12-20/track_0741_r0.jpg
26_12-20.mp4,749,0,1434,71772,1536,139,1607,255,1536,139,1607,255,5953.9,8236,ml/output/tracks/best_frames/26_12-20/track_0749_r0.jpg,ml/output/tracks/best_frames_hires/26_12-20/track_0749_r0.jpg
26_12-20.mp4,735,1,1434,71772,154,506,367,814,154,506,367,814,3183.8,65604,ml/output/tracks/best_frames/26_12-20/track_0735_r1.jpg,ml/output/tracks/best_frames_hires/26_12-20/track_0735_r1.jpg
26_12-20.mp4,735,0,1437,71922,154,506,366,815,154,506,366,815,3605.8,65508,ml/output/tracks/best_frames/26_12-20/track_0735_r0.jpg,ml/output/tracks/best_frames_hires/26_12-20/track_0735_r0.jpg
26_12-20.mp4,750,1,1443,72222,3797,1630,3839,1812,3797,1630,3839,1812,317.1,7644,ml/output/tracks/best_frames/26_12-20/track_0750_r1.jpg,ml/output/tracks/best_frames_hires/26_12-20/track_0750_r1.jpg
26_12-20.mp4,750,0,1446,72372,3797,1633,3839,1811,3797,1633,3839,1811,327.2,7476,ml/output/tracks/best_frames/26_12-20/track_0750_r0.jpg,ml/output/tracks/best_frames_hires/26_12-20/track_0750_r0.jpg
26_12-20.mp4,719,2,1449,72522,2004,1563,2348,1906,2004,1563,2348,1906,1282.8,117992,ml/output/tracks/best_frames/26_12-20/track_0719_r2.jpg,ml/output/tracks/best_frames_hires/26_12-20/track_0719_r2.jpg
26_12-20.mp4,748,2,1449,72522,2004,1387,2304,1819,2004,1387,2304,1819,734.3,129600,ml/output/tracks/best_frames/26_12-20/track_0748_r2.jpg,ml/output/tracks/best_frames_hires/26_12-20/track_0748_r2.jpg
26_12-20.mp4,745,2,1449,72522,188,260,389,533,188,260,389,533,4056.7,54873,ml/output/tracks/best_frames/26_12-20/track_0745_r2.jpg,ml/output/tracks/best_frames_hires/26_12-20/track_0745_r2.jpg
26_12-20.mp4,728,2,1449,72522,265,1707,505,1990,265,1707,505,1990,3561.3,67920,ml/output/tracks/best_frames/26_12-20/track_0728_r2.jpg,ml/output/tracks/best_frames_hires/26_12-20/track_0728_r2.jpg
26_12-20.mp4,731,2,1449,72522,2048,583,2419,982,2048,583,2419,982,1027.8,148029,ml/output/tracks/best_frames/26_12-20/track_0731_r2.jpg,ml/output/tracks/best_frames_hires/26_12-20/track_0731_r2.jpg
26_12-20.mp4,751,2,1449,72522,2058,373,2433,832,2058,373,2433,832,611.0,172125,ml/output/tracks/best_frames/26_12-20/track_0751_r2.jpg,ml/output/tracks/best_frames_hires/26_12-20/track_0751_r2.jpg
26_12-20.mp4,730,2,1449,72522,168,368,370,664,168,368,370,664,6687.7,59792,ml/output/tracks/best_frames/26_12-20/track_0730_r2.jpg,ml/output/tracks/best_frames_hires/26_12-20/track_0730_r2.jpg
26_12-20.mp4,752,2,1449,72522,287,1811,518,2084,287,1811,518,2084,2900.6,63063,ml/output/tracks/best_frames/26_12-20/track_0752_r2.jpg,ml/output/tracks/best_frames_hires/26_12-20/track_0752_r2.jpg
26_12-20.mp4,729,2,1449,72522,169,1074,391,1381,169,1074,391,1381,5462.1,68154,ml/output/tracks/best_frames/26_12-20/track_0729_r2.jpg,ml/output/tracks/best_frames_hires/26_12-20/track_0729_r2.jpg
26_12-20.mp4,734,2,1449,72522,2047,864,2403,1241,2047,864,2403,1241,285.0,134212,ml/output/tracks/best_frames/26_12-20/track_0734_r2.jpg,ml/output/tracks/best_frames_hires/26_12-20/track_0734_r2.jpg
26_12-20.mp4,751,1,1452,72672,2058,372,2433,832,2058,372,2433,832,615.9,172500,ml/output/tracks/best_frames/26_12-20/track_0751_r1.jpg,ml/output/tracks/best_frames_hires/26_12-20/track_0751_r1.jpg
26_12-20.mp4,748,1,1452,72672,2005,1386,2304,1818,2005,1386,2304,1818,741.2,129168,ml/output/tracks/best_frames/26_12-20/track_0748_r1.jpg,ml/output/tracks/best_frames_hires/26_12-20/track_0748_r1.jpg
26_12-20.mp4,752,1,1452,72672,288,1811,519,2084,288,1811,519,2084,2960.8,63063,ml/output/tracks/best_frames/26_12-20/track_0752_r1.jpg,ml/output/tracks/best_frames_hires/26_12-20/track_0752_r1.jpg
26_12-20.mp4,729,1,1452,72672,169,1074,391,1381,169,1074,391,1381,5648.7,68154,ml/output/tracks/best_frames/26_12-20/track_0729_r1.jpg,ml/output/tracks/best_frames_hires/26_12-20/track_0729_r1.jpg
26_12-20.mp4,745,1,1452,72672,189,260,389,533,189,260,389,533,4130.6,54600,ml/output/tracks/best_frames/26_12-20/track_0745_r1.jpg,ml/output/tracks/best_frames_hires/26_12-20/track_0745_r1.jpg
26_12-20.mp4,730,1,1452,72672,168,368,369,663,168,368,369,663,6746.4,59295,ml/output/tracks/best_frames/26_12-20/track_0730_r1.jpg,ml/output/tracks/best_frames_hires/26_12-20/track_0730_r1.jpg
26_12-20.mp4,719,1,1452,72672,2004,1564,2348,1906,2004,1564,2348,1906,1324.9,117648,ml/output/tracks/best_frames/26_12-20/track_0719_r1.jpg,ml/output/tracks/best_frames_hires/26_12-20/track_0719_r1.jpg
26_12-20.mp4,734,1,1452,72672,2046,864,2404,1241,2046,864,2404,1241,287.9,134966,ml/output/tracks/best_frames/26_12-20/track_0734_r1.jpg,ml/output/tracks/best_frames_hires/26_12-20/track_0734_r1.jpg
26_12-20.mp4,731,1,1452,72672,2048,583,2418,982,2048,583,2418,982,1037.2,147630,ml/output/tracks/best_frames/26_12-20/track_0731_r1.jpg,ml/output/tracks/best_frames_hires/26_12-20/track_0731_r1.jpg
26_12-20.mp4,728,1,1452,72672,265,1707,506,1990,265,1707,506,1990,3646.7,68203,ml/output/tracks/best_frames/26_12-20/track_0728_r1.jpg,ml/output/tracks/best_frames_hires/26_12-20/track_0728_r1.jpg
26_12-20.mp4,745,0,1455,72823,189,260,389,533,189,260,389,533,4173.0,54600,ml/output/tracks/best_frames/26_12-20/track_0745_r0.jpg,ml/output/tracks/best_frames_hires/26_12-20/track_0745_r0.jpg
26_12-20.mp4,730,0,1455,72823,168,368,369,663,168,368,369,663,6853.8,59295,ml/output/tracks/best_frames/26_12-20/track_0730_r0.jpg,ml/output/tracks/best_frames_hires/26_12-20/track_0730_r0.jpg
26_12-20.mp4,729,0,1455,72823,169,1073,391,1380,169,1073,391,1380,5748.6,68154,ml/output/tracks/best_frames/26_12-20/track_0729_r0.jpg,ml/output/tracks/best_frames_hires/26_12-20/track_0729_r0.jpg
26_12-20.mp4,731,0,1455,72823,2048,583,2418,981,2048,583,2418,981,1059.8,147260,ml/output/tracks/best_frames/26_12-20/track_0731_r0.jpg,ml/output/tracks/best_frames_hires/26_12-20/track_0731_r0.jpg
26_12-20.mp4,751,0,1455,72823,2058,371,2433,833,2058,371,2433,833,630.7,173250,ml/output/tracks/best_frames/26_12-20/track_0751_r0.jpg,ml/output/tracks/best_frames_hires/26_12-20/track_0751_r0.jpg
26_12-20.mp4,752,0,1455,72823,288,1812,520,2084,288,1812,520,2084,3002.4,63104,ml/output/tracks/best_frames/26_12-20/track_0752_r0.jpg,ml/output/tracks/best_frames_hires/26_12-20/track_0752_r0.jpg
26_12-20.mp4,728,0,1455,72823,265,1707,506,1990,265,1707,506,1990,3720.1,68203,ml/output/tracks/best_frames/26_12-20/track_0728_r0.jpg,ml/output/tracks/best_frames_hires/26_12-20/track_0728_r0.jpg
26_12-20.mp4,734,0,1455,72823,2046,864,2404,1241,2046,864,2404,1241,295.3,134966,ml/output/tracks/best_frames/26_12-20/track_0734_r0.jpg,ml/output/tracks/best_frames_hires/26_12-20/track_0734_r0.jpg
26_12-20.mp4,719,0,1455,72823,2003,1564,2348,1906,2003,1564,2348,1906,1369.4,117990,ml/output/tracks/best_frames/26_12-20/track_0719_r0.jpg,ml/output/tracks/best_frames_hires/26_12-20/track_0719_r0.jpg
26_12-20.mp4,748,0,1455,72823,2005,1385,2304,1818,2005,1385,2304,1818,764.7,129467,ml/output/tracks/best_frames/26_12-20/track_0748_r0.jpg,ml/output/tracks/best_frames_hires/26_12-20/track_0748_r0.jpg
26_12-20.mp4,750,2,1455,72823,3796,1630,3839,1812,3796,1630,3839,1812,308.8,7826,ml/output/tracks/best_frames/26_12-20/track_0750_r2.jpg,ml/output/tracks/best_frames_hires/26_12-20/track_0750_r2.jpg
26_12-20.mp4,753,2,1458,72973,1885,2066,1991,2159,1885,2066,1991,2159,910.6,9858,ml/output/tracks/best_frames/26_12-20/track_0753_r2.jpg,ml/output/tracks/best_frames_hires/26_12-20/track_0753_r2.jpg
26_12-20.mp4,757,0,1461,73123,152,514,366,811,152,514,366,811,3012.6,63558,ml/output/tracks/best_frames/26_12-20/track_0757_r0.jpg,ml/output/tracks/best_frames_hires/26_12-20/track_0757_r0.jpg
26_12-20.mp4,755,0,1461,73123,2004,1403,2304,1824,2004,1403,2304,1824,348.6,126300,ml/output/tracks/best_frames/26_12-20/track_0755_r0.jpg,ml/output/tracks/best_frames_hires/26_12-20/track_0755_r0.jpg
26_12-20.mp4,756,0,1461,73123,185,1204,396,1509,185,1204,396,1509,2385.7,64355,ml/output/tracks/best_frames/26_12-20/track_0756_r0.jpg,ml/output/tracks/best_frames_hires/26_12-20/track_0756_r0.jpg
26_12-20.mp4,753,1,1464,73273,1889,2058,1998,2159,1889,2058,1998,2159,1145.6,11009,ml/output/tracks/best_frames/26_12-20/track_0753_r1.jpg,ml/output/tracks/best_frames_hires/26_12-20/track_0753_r1.jpg
26_12-20.mp4,755,2,1464,73273,2004,1461,2302,1830,2004,1461,2302,1830,208.2,109962,ml/output/tracks/best_frames/26_12-20/track_0755_r2.jpg,ml/output/tracks/best_frames_hires/26_12-20/track_0755_r2.jpg
26_12-20.mp4,756,1,1464,73273,190,1239,402,1546,190,1239,402,1546,1767.0,65084,ml/output/tracks/best_frames/26_12-20/track_0756_r1.jpg,ml/output/tracks/best_frames_hires/26_12-20/track_0756_r1.jpg
26_12-20.mp4,757,1,1464,73273,151,524,364,835,151,524,364,835,2312.2,66243,ml/output/tracks/best_frames/26_12-20/track_0757_r1.jpg,ml/output/tracks/best_frames_hires/26_12-20/track_0757_r1.jpg
26_12-20.mp4,765,2,1467,73423,2065,0,2304,156,2065,0,2304,156,45.9,37284,ml/output/tracks/best_frames/26_12-20/track_0765_r2.jpg,ml/output/tracks/best_frames_hires/26_12-20/track_0765_r2.jpg
26_12-20.mp4,763,0,1467,73423,2000,1888,2333,2159,2000,1888,2333,2159,208.6,90243,ml/output/tracks/best_frames/26_12-20/track_0763_r0.jpg,ml/output/tracks/best_frames_hires/26_12-20/track_0763_r0.jpg
26_12-20.mp4,757,2,1467,73423,151,608,361,904,151,608,361,904,1710.6,62160,ml/output/tracks/best_frames/26_12-20/track_0757_r2.jpg,ml/output/tracks/best_frames_hires/26_12-20/track_0757_r2.jpg
26_12-20.mp4,755,1,1467,73423,2003,1496,2304,1913,2003,1496,2304,1913,195.1,125517,ml/output/tracks/best_frames/26_12-20/track_0755_r1.jpg,ml/output/tracks/best_frames_hires/26_12-20/track_0755_r1.jpg
26_12-20.mp4,756,2,1467,73423,211,1343,420,1680,211,1343,420,1680,1072.8,70433,ml/output/tracks/best_frames/26_12-20/track_0756_r2.jpg,ml/output/tracks/best_frames_hires/26_12-20/track_0756_r2.jpg
26_12-20.mp4,753,0,1467,73423,1887,2057,2000,2159,1887,2057,2000,2159,1197.4,11526,ml/output/tracks/best_frames/26_12-20/track_0753_r0.jpg,ml/output/tracks/best_frames_hires/26_12-20/track_0753_r0.jpg
26_12-20.mp4,763,1,1470,73573,1998,1893,2320,2159,1998,1893,2320,2159,204.6,85652,ml/output/tracks/best_frames/26_12-20/track_0763_r1.jpg,ml/output/tracks/best_frames_hires/26_12-20/track_0763_r1.jpg
26_12-20.mp4,765,1,1470,73573,2063,0,2304,192,2063,0,2304,192,122.6,46272,ml/output/tracks/best_frames/26_12-20/track_0765_r1.jpg,ml/output/tracks/best_frames_hires/26_12-20/track_0765_r1.jpg
26_12-20.mp4,767,0,1470,73573,207,47,430,384,207,47,430,384,897.5,75151,ml/output/tracks/best_frames/26_12-20/track_0767_r0.jpg,ml/output/tracks/best_frames_hires/26_12-20/track_0767_r0.jpg
26_12-20.mp4,771,0,1473,73724,345,2056,589,2159,345,2056,589,2159,661.9,25132,ml/output/tracks/best_frames/26_12-20/track_0771_r0.jpg,ml/output/tracks/best_frames_hires/26_12-20/track_0771_r0.jpg
26_12-20.mp4,765,0,1473,73724,2046,2,2469,123,2046,2,2469,123,306.0,51183,ml/output/tracks/best_frames/26_12-20/track_0765_r0.jpg,ml/output/tracks/best_frames_hires/26_12-20/track_0765_r0.jpg
26_12-20.mp4,767,1,1473,73724,205,90,421,381,205,90,421,381,1063.7,62856,ml/output/tracks/best_frames/26_12-20/track_0767_r1.jpg,ml/output/tracks/best_frames_hires/26_12-20/track_0767_r1.jpg
26_12-20.mp4,769,1,1473,73724,152,745,355,1013,152,745,355,1013,1343.7,54404,ml/output/tracks/best_frames/26_12-20/track_0769_r1.jpg,ml/output/tracks/best_frames_hires/26_12-20/track_0769_r1.jpg
26_12-20.mp4,772,1,1476,73874,238,1526,458,1832,238,1526,458,1832,1032.2,67320,ml/output/tracks/best_frames/26_12-20/track_0772_r1.jpg,ml/output/tracks/best_frames_hires/26_12-20/track_0772_r1.jpg
26_12-20.mp4,771,1,1476,73874,353,2073,573,2159,353,2073,573,2159,590.2,18920,ml/output/tracks/best_frames/26_12-20/track_0771_r1.jpg,ml/output/tracks/best_frames_hires/26_12-20/track_0771_r1.jpg
26_12-20.mp4,770,2,1476,73874,159,864,360,1065,159,864,360,1065,1441.5,40401,ml/output/tracks/best_frames/26_12-20/track_0770_r2.jpg,ml/output/tracks/best_frames_hires/26_12-20/track_0770_r2.jpg
26_12-20.mp4,769,0,1476,73874,155,717,358,1024,155,717,358,1024,1602.8,62321,ml/output/tracks/best_frames/26_12-20/track_0769_r0.jpg,ml/output/tracks/best_frames_hires/26_12-20/track_0769_r0.jpg
26_12-20.mp4,777,1,1479,74024,162,943,376,1253,162,943,376,1253,1244.6,66340,ml/output/tracks/best_frames/26_12-20/track_0777_r1.jpg,ml/output/tracks/best_frames_hires/26_12-20/track_0777_r1.jpg
26_12-20.mp4,774,1,1479,74024,244,0,447,233,244,0,447,233,438.4,47299,ml/output/tracks/best_frames/26_12-20/track_0774_r1.jpg,ml/output/tracks/best_frames_hires/26_12-20/track_0774_r1.jpg
26_12-20.mp4,770,0,1479,74024,157,797,363,1100,157,797,363,1100,1814.1,62418,ml/output/tracks/best_frames/26_12-20/track_0770_r0.jpg,ml/output/tracks/best_frames_hires/26_12-20/track_0770_r0.jpg
26_12-20.mp4,758,0,1479,74024,199,73,420,390,199,73,420,390,911.5,70057,ml/output/tracks/best_frames/26_12-20/track_0758_r0.jpg,ml/output/tracks/best_frames_hires/26_12-20/track_0758_r0.jpg
26_12-20.mp4,768,0,1479,74024,2013,1106,2371,1516,2013,1106,2371,1516,180.5,146780,ml/output/tracks/best_frames/26_12-20/track_0768_r0.jpg,ml/output/tracks/best_frames_hires/26_12-20/track_0768_r0.jpg
26_12-20.mp4,764,2,1479,74024,2051,38,2425,447,2051,38,2425,447,241.3,152966,ml/output/tracks/best_frames/26_12-20/track_0764_r2.jpg,ml/output/tracks/best_frames_hires/26_12-20/track_0764_r2.jpg
26_12-20.mp4,768,1,1482,74174,2007,1169,2368,1566,2007,1169,2368,1566,168.9,143317,ml/output/tracks/best_frames/26_12-20/track_0768_r1.jpg,ml/output/tracks/best_frames_hires/26_12-20/track_0768_r1.jpg
26_12-20.mp4,770,1,1482,74174,158,865,366,1158,158,865,366,1158,1592.2,60944,ml/output/tracks/best_frames/26_12-20/track_0770_r1.jpg,ml/output/tracks/best_frames_hires/26_12-20/track_0770_r1.jpg
26_12-20.mp4,764,1,1482,74174,2043,124,2419,536,2043,124,2419,536,240.2,154912,ml/output/tracks/best_frames/26_12-20/track_0764_r1.jpg,ml/output/tracks/best_frames_hires/26_12-20/track_0764_r1.jpg
26_12-20.mp4,772,0,1482,74174,244,1542,458,1808,244,1542,458,1808,1270.7,56924,ml/output/tracks/best_frames/26_12-20/track_0772_r0.jpg,ml/output/tracks/best_frames_hires/26_12-20/track_0772_r0.jpg
26_12-20.mp4,774,0,1482,74174,216,6,439,322,216,6,439,322,596.0,70468,ml/output/tracks/best_frames/26_12-20/track_0774_r0.jpg,ml/output/tracks/best_frames_hires/26_12-20/track_0774_r0.jpg
26_12-20.mp4,758,2,1482,74174,193,137,414,436,193,137,414,436,889.5,66079,ml/output/tracks/best_frames/26_12-20/track_0758_r2.jpg,ml/output/tracks/best_frames_hires/26_12-20/track_0758_r2.jpg
26_12-20.mp4,777,2,1482,74174,165,984,378,1294,165,984,378,1294,1102.1,66030,ml/output/tracks/best_frames/26_12-20/track_0777_r2.jpg,ml/output/tracks/best_frames_hires/26_12-20/track_0777_r2.jpg
26_12-20.mp4,779,2,1485,74324,164,1047,389,1367,164,1047,389,1367,1120.2,72000,ml/output/tracks/best_frames/26_12-20/track_0779_r2.jpg,ml/output/tracks/best_frames_hires/26_12-20/track_0779_r2.jpg
26_12-20.mp4,764,0,1485,74324,2037,228,2413,629,2037,228,2413,629,325.5,150776,ml/output/tracks/best_frames/26_12-20/track_0764_r0.jpg,ml/output/tracks/best_frames_hires/26_12-20/track_0764_r0.jpg
26_12-20.mp4,772,2,1485,74324,258,1607,486,1886,258,1607,486,1886,1086.1,63612,ml/output/tracks/best_frames/26_12-20/track_0772_r2.jpg,ml/output/tracks/best_frames_hires/26_12-20/track_0772_r2.jpg
26_12-20.mp4,758,1,1485,74324,181,211,410,515,181,211,410,515,914.6,69616,ml/output/tracks/best_frames/26_12-20/track_0758_r1.jpg,ml/output/tracks/best_frames_hires/26_12-20/track_0758_r1.jpg
26_12-20.mp4,777,0,1485,74324,163,936,371,1238,163,936,371,1238,1523.4,62816,ml/output/tracks/best_frames/26_12-20/track_0777_r0.jpg,ml/output/tracks/best_frames_hires/26_12-20/track_0777_r0.jpg
26_12-20.mp4,768,2,1485,74324,1995,1271,2352,1663,1995,1271,2352,1663,168.9,139944,ml/output/tracks/best_frames/26_12-20/track_0768_r2.jpg,ml/output/tracks/best_frames_hires/26_12-20/track_0768_r2.jpg
26_12-20.mp4,779,0,1488,74474,172,1062,388,1360,172,1062,388,1360,1359.3,64368,ml/output/tracks/best_frames/26_12-20/track_0779_r0.jpg,ml/output/tracks/best_frames_hires/26_12-20/track_0779_r0.jpg
26_12-20.mp4,775,1,1488,74474,1983,1448,2326,1809,1983,1448,2326,1809,186.5,123823,ml/output/tracks/best_frames/26_12-20/track_0775_r1.jpg,ml/output/tracks/best_frames_hires/26_12-20/track_0775_r1.jpg
26_12-20.mp4,776,0,1488,74474,2032,365,2408,779,2032,365,2408,779,349.4,155664,ml/output/tracks/best_frames/26_12-20/track_0776_r0.jpg,ml/output/tracks/best_frames_hires/26_12-20/track_0776_r0.jpg
26_12-20.mp4,782,0,1488,74474,301,1780,529,2080,301,1780,529,2080,1121.7,68400,ml/output/tracks/best_frames/26_12-20/track_0782_r0.jpg,ml/output/tracks/best_frames_hires/26_12-20/track_0782_r0.jpg
26_12-20.mp4,767,2,1488,74474,173,324,389,628,173,324,389,628,739.2,65664,ml/output/tracks/best_frames/26_12-20/track_0767_r2.jpg,ml/output/tracks/best_frames_hires/26_12-20/track_0767_r2.jpg
26_12-20.mp4,786,2,1491,74624,2032,864,2380,1200,2032,864,2380,1200,44.5,116928,ml/output/tracks/best_frames/26_12-20/track_0786_r2.jpg,ml/output/tracks/best_frames_hires/26_12-20/track_0786_r2.jpg
26_12-20.mp4,785,0,1491,74624,175,1132,383,1296,175,1132,383,1296,1275.5,34112,ml/output/tracks/best_frames/26_12-20/track_0785_r0.jpg,ml/output/tracks/best_frames_hires/26_12-20/track_0785_r0.jpg
26_12-20.mp4,779,1,1491,74624,183,1144,401,1446,183,1144,401,1446,1307.0,65836,ml/output/tracks/best_frames/26_12-20/track_0779_r1.jpg,ml/output/tracks/best_frames_hires/26_12-20/track_0779_r1.jpg
26_12-20.mp4,776,1,1491,74624,2024,499,2390,946,2024,499,2390,946,306.7,163602,ml/output/tracks/best_frames/26_12-20/track_0776_r1.jpg,ml/output/tracks/best_frames_hires/26_12-20/track_0776_r1.jpg
26_12-20.mp4,787,2,1491,74624,198,1273,417,1580,198,1273,417,1580,974.5,67233,ml/output/tracks/best_frames/26_12-20/track_0787_r2.jpg,ml/output/tracks/best_frames_hires/26_12-20/track_0787_r2.jpg
26_12-20.mp4,786,0,1494,74775,2022,864,2380,1247,2022,864,2380,1247,148.6,137114,ml/output/tracks/best_frames/26_12-20/track_0786_r0.jpg,ml/output/tracks/best_frames_hires/26_12-20/track_0786_r0.jpg
26_12-20.mp4,787,1,1494,74775,191,1233,414,1515,191,1233,414,1515,1247.8,62886,ml/output/tracks/best_frames/26_12-20/track_0787_r1.jpg,ml/output/tracks/best_frames_hires/26_12-20/track_0787_r1.jpg
26_12-20.mp4,785,1,1494,74775,175,1068,395,1284,175,1068,395,1284,402.3,47520,ml/output/tracks/best_frames/26_12-20/track_0785_r1.jpg,ml/output/tracks/best_frames_hires/26_12-20/track_0785_r1.jpg
26_12-20.mp4,789,1,1494,74775,1965,1874,2301,2159,1965,1874,2301,2159,177.4,95760,ml/output/tracks/best_frames/26_12-20/track_0789_r1.jpg,ml/output/tracks/best_frames_hires/26_12-20/track_0789_r1.jpg
26_12-20.mp4,790,2,1494,74775,209,1351,420,1652,209,1351,420,1652,931.4,63511,ml/output/tracks/best_frames/26_12-20/track_0790_r2.jpg,ml/output/tracks/best_frames_hires/26_12-20/track_0790_r2.jpg
26_12-20.mp4,787,0,1497,74925,194,1283,418,1558,194,1283,418,1558,1328.5,61600,ml/output/tracks/best_frames/26_12-20/track_0787_r0.jpg,ml/output/tracks/best_frames_hires/26_12-20/track_0787_r0.jpg
26_12-20.mp4,786,1,1497,74925,2018,864,2304,1162,2018,864,2304,1162,236.2,85228,ml/output/tracks/best_frames/26_12-20/track_0786_r1.jpg,ml/output/tracks/best_frames_hires/26_12-20/track_0786_r1.jpg
26_12-20.mp4,792,0,1497,74925,158,706,362,1007,158,706,362,1007,691.4,61404,ml/output/tracks/best_frames/26_12-20/track_0792_r0.jpg,ml/output/tracks/best_frames_hires/26_12-20/track_0792_r0.jpg
26_12-20.mp4,789,0,1497,74925,1966,1873,2303,2159,1966,1873,2303,2159,209.5,96382,ml/output/tracks/best_frames/26_12-20/track_0789_r0.jpg,ml/output/tracks/best_frames_hires/26_12-20/track_0789_r0.jpg
26_12-20.mp4,790,1,1497,74925,212,1383,424,1689,212,1383,424,1689,944.8,64872,ml/output/tracks/best_frames/26_12-20/track_0790_r1.jpg,ml/output/tracks/best_frames_hires/26_12-20/track_0790_r1.jpg
26_12-20.mp4,782,1,1497,74925,320,1868,555,2137,320,1868,555,2137,1091.0,63215,ml/output/tracks/best_frames/26_12-20/track_0782_r1.jpg,ml/output/tracks/best_frames_hires/26_12-20/track_0782_r1.jpg
26_12-20.mp4,780,2,1497,74925,159,549,370,876,159,549,370,876,874.7,68997,ml/output/tracks/best_frames/26_12-20/track_0780_r2.jpg,ml/output/tracks/best_frames_hires/26_12-20/track_0780_r2.jpg
26_12-20.mp4,775,2,1497,74925,1971,1693,2300,2032,1971,1693,2300,2032,200.0,111531,ml/output/tracks/best_frames/26_12-20/track_0775_r2.jpg,ml/output/tracks/best_frames_hires/26_12-20/track_0775_r2.jpg
26_12-20.mp4,792,1,1500,75075,169,864,356,1012,169,864,356,1012,905.7,27676,ml/output/tracks/best_frames/26_12-20/track_0792_r1.jpg,ml/output/tracks/best_frames_hires/26_12-20/track_0792_r1.jpg
26_12-20.mp4,783,0,1500,75075,2050,0,2423,409,2050,0,2423,409,386.9,152557,ml/output/tracks/best_frames/26_12-20/track_0783_r0.jpg,ml/output/tracks/best_frames_hires/26_12-20/track_0783_r0.jpg
26_12-20.mp4,782,2,1500,75075,328,1926,565,2147,328,1926,565,2147,1300.8,52377,ml/output/tracks/best_frames/26_12-20/track_0782_r2.jpg,ml/output/tracks/best_frames_hires/26_12-20/track_0782_r2.jpg
26_12-20.mp4,794,2,1500,75075,221,1457,430,1767,221,1457,430,1767,1051.5,64790,ml/output/tracks/best_frames/26_12-20/track_0794_r2.jpg,ml/output/tracks/best_frames_hires/26_12-20/track_0794_r2.jpg
26_12-20.mp4,776,2,1500,75075,2022,766,2386,1187,2022,766,2386,1187,312.8,153244,ml/output/tracks/best_frames/26_12-20/track_0776_r2.jpg,ml/output/tracks/best_frames_hires/26_12-20/track_0776_r2.jpg
26_12-20.mp4,775,0,1500,75075,1971,1770,2307,2099,1971,1770,2307,2099,243.5,110544,ml/output/tracks/best_frames/26_12-20/track_0775_r0.jpg,ml/output/tracks/best_frames_hires/26_12-20/track_0775_r0.jpg
26_12-20.mp4,780,0,1500,75075,157,624,369,948,157,624,369,948,1098.4,68688,ml/output/tracks/best_frames/26_12-20/track_0780_r0.jpg,ml/output/tracks/best_frames_hires/26_12-20/track_0780_r0.jpg
26_12-20.mp4,790,0,1500,75075,200,1355,427,1637,200,1355,427,1637,1438.0,64014,ml/output/tracks/best_frames/26_12-20/track_0790_r0.jpg,ml/output/tracks/best_frames_hires/26_12-20/track_0790_r0.jpg
26_12-20.mp4,794,0,1503,75225,219,1410,433,1745,219,1410,433,1745,1131.3,71690,ml/output/tracks/best_frames/26_12-20/track_0794_r0.jpg,ml/output/tracks/best_frames_hires/26_12-20/track_0794_r0.jpg
26_12-20.mp4,783,1,1503,75225,2055,66,2419,472,2055,66,2419,472,363.8,147784,ml/output/tracks/best_frames/26_12-20/track_0783_r1.jpg,ml/output/tracks/best_frames_hires/26_12-20/track_0783_r1.jpg
26_12-20.mp4,797,1,1503,75225,1973,2007,2313,2159,1973,2007,2313,2159,253.8,51680,ml/output/tracks/best_frames/26_12-20/track_0797_r1.jpg,ml/output/tracks/best_frames_hires/26_12-20/track_0797_r1.jpg
26_12-20.mp4,780,1,1503,75225,155,698,370,1019,155,698,370,1019,978.3,69015,ml/output/tracks/best_frames/26_12-20/track_0780_r1.jpg,ml/output/tracks/best_frames_hires/26_12-20/track_0780_r1.jpg
26_12-20.mp4,797,0,1506,75375,1974,1927,2304,2159,1974,1927,2304,2159,191.7,76560,ml/output/tracks/best_frames/26_12-20/track_0797_r0.jpg,ml/output/tracks/best_frames_hires/26_12-20/track_0797_r0.jpg
26_12-20.mp4,793,2,1506,75375,2017,1201,2372,1574,2017,1201,2372,1574,151.8,132415,ml/output/tracks/best_frames/26_12-20/track_0793_r2.jpg,ml/output/tracks/best_frames_hires/26_12-20/track_0793_r2.jpg
26_12-20.mp4,800,2,1506,75375,253,1643,463,1934,253,1643,463,1934,897.0,61110,ml/output/tracks/best_frames/26_12-20/track_0800_r2.jpg,ml/output/tracks/best_frames_hires/26_12-20/track_0800_r2.jpg
26_12-20.mp4,794,1,1506,75375,233,1508,451,1834,233,1508,451,1834,985.9,71068,ml/output/tracks/best_frames/26_12-20/track_0794_r1.jpg,ml/output/tracks/best_frames_hires/26_12-20/track_0794_r1.jpg
26_12-20.mp4,791,0,1506,75375,155,811,366,1128,155,811,366,1128,907.6,66887,ml/output/tracks/best_frames/26_12-20/track_0791_r0.jpg,ml/output/tracks/best_frames_hires/26_12-20/track_0791_r0.jpg
26_12-20.mp4,783,2,1506,75375,2053,185,2427,593,2053,185,2427,593,293.9,152592,ml/output/tracks/best_frames/26_12-20/track_0783_r2.jpg,ml/output/tracks/best_frames_hires/26_12-20/track_0783_r2.jpg
26_12-20.mp4,793,1,1509,75525,2018,1106,2381,1510,2018,1106,2381,1510,231.3,146652,ml/output/tracks/best_frames/26_12-20/track_0793_r1.jpg,ml/output/tracks/best_frames_hires/26_12-20/track_0793_r1.jpg
26_12-20.mp4,791,1,1509,75525,151,892,370,1217,151,892,370,1217,836.1,71175,ml/output/tracks/best_frames/26_12-20/track_0791_r1.jpg,ml/output/tracks/best_frames_hires/26_12-20/track_0791_r1.jpg
26_12-20.mp4,797,2,1509,75525,1989,1879,2327,2141,1989,1879,2327,2141,79.0,88556,ml/output/tracks/best_frames/26_12-20/track_0797_r2.jpg,ml/output/tracks/best_frames_hires/26_12-20/track_0797_r2.jpg
26_12-20.mp4,801,2,1509,75525,165,1099,371,1400,165,1099,371,1400,639.8,62006,ml/output/tracks/best_frames/26_12-20/track_0801_r2.jpg,ml/output/tracks/best_frames_hires/26_12-20/track_0801_r2.jpg
26_12-20.mp4,804,1,1509,75525,156,770,352,1101,156,770,352,1101,466.3,64876,ml/output/tracks/best_frames/26_12-20/track_0804_r1.jpg,ml/output/tracks/best_frames_hires/26_12-20/track_0804_r1.jpg
26_12-20.mp4,800,0,1509,75525,235,1606,458,1891,235,1606,458,1891,1115.0,63555,ml/output/tracks/best_frames/26_12-20/track_0800_r0.jpg,ml/output/tracks/best_frames_hires/26_12-20/track_0800_r0.jpg
26_12-20.mp4,804,0,1512,75675,148,864,366,1140,148,864,366,1140,510.8,60168,ml/output/tracks/best_frames/26_12-20/track_0804_r0.jpg,ml/output/tracks/best_frames_hires/26_12-20/track_0804_r0.jpg
26_12-20.mp4,801,1,1512,75675,160,1127,365,1422,160,1127,365,1422,682.0,60475,ml/output/tracks/best_frames/26_12-20/track_0801_r1.jpg,ml/output/tracks/best_frames_hires/26_12-20/track_0801_r1.jpg
26_12-20.mp4,800,1,1512,75675,244,1651,473,1929,244,1651,473,1929,1101.1,63662,ml/output/tracks/best_frames/26_12-20/track_0800_r1.jpg,ml/output/tracks/best_frames_hires/26_12-20/track_0800_r1.jpg
26_12-20.mp4,793,0,1512,75675,2019,1187,2381,1583,2019,1187,2381,1583,244.4,143352,ml/output/tracks/best_frames/26_12-20/track_0793_r0.jpg,ml/output/tracks/best_frames_hires/26_12-20/track_0793_r0.jpg
26_12-20.mp4,791,2,1512,75675,152,962,376,1270,152,962,376,1270,832.5,68992,ml/output/tracks/best_frames/26_12-20/track_0791_r2.jpg,ml/output/tracks/best_frames_hires/26_12-20/track_0791_r2.jpg
26_12-20.mp4,801,0,1515,75826,156,1089,380,1402,156,1089,380,1402,875.7,70112,ml/output/tracks/best_frames/26_12-20/track_0801_r0.jpg,ml/output/tracks/best_frames_hires/26_12-20/track_0801_r0.jpg
26_12-20.mp4,805,2,1515,75826,278,1775,493,2061,278,1775,493,2061,1113.4,61490,ml/output/tracks/best_frames/26_12-20/track_0805_r2.jpg,ml/output/tracks/best_frames_hires/26_12-20/track_0805_r2.jpg
26_12-20.mp4,803,0,1518,75976,2010,1456,2369,1829,2010,1456,2369,1829,308.0,133907,ml/output/tracks/best_frames/26_12-20/track_0803_r0.jpg,ml/output/tracks/best_frames_hires/26_12-20/track_0803_r0.jpg
26_12-20.mp4,805,0,1518,75976,286,1833,513,2125,286,1833,513,2125,1340.0,66284,ml/output/tracks/best_frames/26_12-20/track_0805_r0.jpg,ml/output/tracks/best_frames_hires/26_12-20/track_0805_r0.jpg
26_12-20.mp4,810,0,1518,75976,207,1427,420,1735,207,1427,420,1735,823.1,65604,ml/output/tracks/best_frames/26_12-20/track_0810_r0.jpg,ml/output/tracks/best_frames_hires/26_12-20/track_0810_r0.jpg
26_12-20.mp4,805,1,1521,76126,306,1878,535,2159,306,1878,535,2159,1174.5,64349,ml/output/tracks/best_frames/26_12-20/track_0805_r1.jpg,ml/output/tracks/best_frames_hires/26_12-20/track_0805_r1.jpg
26_12-20.mp4,811,0,1521,76126,2059,781,2301,1136,2059,781,2301,1136,300.1,85910,ml/output/tracks/best_frames/26_12-20/track_0811_r0.jpg,ml/output/tracks/best_frames_hires/26_12-20/track_0811_r0.jpg
26_12-20.mp4,810,1,1521,76126,222,1507,423,1797,222,1507,423,1797,812.6,58290,ml/output/tracks/best_frames/26_12-20/track_0810_r1.jpg,ml/output/tracks/best_frames_hires/26_12-20/track_0810_r1.jpg
26_12-20.mp4,803,1,1524,76276,2001,1640,2356,1997,2001,1640,2356,1997,301.2,126735,ml/output/tracks/best_frames/26_12-20/track_0803_r1.jpg,ml/output/tracks/best_frames_hires/26_12-20/track_0803_r1.jpg
26_12-20.mp4,817,1,1524,76276,163,864,356,1100,163,864,356,1100,658.8,45548,ml/output/tracks/best_frames/26_12-20/track_0817_r1.jpg,ml/output/tracks/best_frames_hires/26_12-20/track_0817_r1.jpg
26_12-20.mp4,811,1,1524,76276,2048,691,2442,1147,2048,691,2442,1147,136.2,179664,ml/output/tracks/best_frames/26_12-20/track_0811_r1.jpg,ml/output/tracks/best_frames_hires/26_12-20/track_0811_r1.jpg
26_12-20.mp4,817,0,1527,76426,167,873,360,1121,167,873,360,1121,1137.3,47864,ml/output/tracks/best_frames/26_12-20/track_0817_r0.jpg,ml/output/tracks/best_frames_hires/26_12-20/track_0817_r0.jpg
26_12-20.mp4,803,2,1527,76426,1995,1711,2337,2047,1995,1711,2337,2047,315.0,114912,ml/output/tracks/best_frames/26_12-20/track_0803_r2.jpg,ml/output/tracks/best_frames_hires/26_12-20/track_0803_r2.jpg
26_12-20.mp4,811,2,1527,76426,2041,864,2304,1210,2041,864,2304,1210,184.8,90998,ml/output/tracks/best_frames/26_12-20/track_0811_r2.jpg,ml/output/tracks/best_frames_hires/26_12-20/track_0811_r2.jpg
26_12-20.mp4,822,1,1533,76727,2073,0,2302,285,2073,0,2302,285,196.5,65265,ml/output/tracks/best_frames/26_12-20/track_0822_r1.jpg,ml/output/tracks/best_frames_hires/26_12-20/track_0822_r1.jpg
26_12-20.mp4,822,0,1536,76877,2076,0,2301,278,2076,0,2301,278,860.2,62550,ml/output/tracks/best_frames/26_12-20/track_0822_r0.jpg,ml/output/tracks/best_frames_hires/26_12-20/track_0822_r0.jpg
26_12-20.mp4,825,1,1536,76877,295,1915,551,2136,295,1915,551,2136,666.3,56576,ml/output/tracks/best_frames/26_12-20/track_0825_r1.jpg,ml/output/tracks/best_frames_hires/26_12-20/track_0825_r1.jpg
26_12-20.mp4,825,0,1539,77027,293,1916,552,2137,293,1916,552,2137,1109.6,57239,ml/output/tracks/best_frames/26_12-20/track_0825_r0.jpg,ml/output/tracks/best_frames_hires/26_12-20/track_0825_r0.jpg
26_12-20.mp4,819,2,1548,77477,2025,1420,2366,1785,2025,1420,2366,1785,582.1,124465,ml/output/tracks/best_frames/26_12-20/track_0819_r2.jpg,ml/output/tracks/best_frames_hires/26_12-20/track_0819_r2.jpg
26_12-20.mp4,824,2,1548,77477,2058,349,2433,778,2058,349,2433,778,542.2,160875,ml/output/tracks/best_frames/26_12-20/track_0824_r2.jpg,ml/output/tracks/best_frames_hires/26_12-20/track_0824_r2.jpg
26_12-20.mp4,824,1,1551,77627,2058,349,2432,777,2058,349,2432,777,566.9,160072,ml/output/tracks/best_frames/26_12-20/track_0824_r1.jpg,ml/output/tracks/best_frames_hires/26_12-20/track_0824_r1.jpg
26_12-20.mp4,819,1,1551,77627,2025,1420,2365,1784,2025,1420,2365,1784,667.1,123760,ml/output/tracks/best_frames/26_12-20/track_0819_r1.jpg,ml/output/tracks/best_frames_hires/26_12-20/track_0819_r1.jpg
26_12-20.mp4,819,0,1554,77778,2026,1419,2365,1782,2026,1419,2365,1782,731.2,123057,ml/output/tracks/best_frames/26_12-20/track_0819_r0.jpg,ml/output/tracks/best_frames_hires/26_12-20/track_0819_r0.jpg
26_12-20.mp4,824,0,1554,77778,2060,352,2432,776,2060,352,2432,776,607.5,157728,ml/output/tracks/best_frames/26_12-20/track_0824_r0.jpg,ml/output/tracks/best_frames_hires/26_12-20/track_0824_r0.jpg
26_12-20.mp4,816,2,1560,78078,2025,1196,2376,1557,2025,1196,2376,1557,2169.9,126711,ml/output/tracks/best_frames/26_12-20/track_0816_r2.jpg,ml/output/tracks/best_frames_hires/26_12-20/track_0816_r2.jpg
26_12-20.mp4,815,2,1560,78078,233,9,471,313,233,9,471,313,4761.2,72352,ml/output/tracks/best_frames/26_12-20/track_0815_r2.jpg,ml/output/tracks/best_frames_hires/26_12-20/track_0815_r2.jpg
26_12-20.mp4,812,0,1560,78078,2064,126,2427,485,2064,126,2427,485,3086.3,130317,ml/output/tracks/best_frames/26_12-20/track_0812_r0.jpg,ml/output/tracks/best_frames_hires/26_12-20/track_0812_r0.jpg
26_12-20.mp4,788,2,1560,78078,169,827,359,1130,169,827,359,1130,7112.9,57570,ml/output/tracks/best_frames/26_12-20/track_0788_r2.jpg,ml/output/tracks/best_frames_hires/26_12-20/track_0788_r2.jpg
26_12-20.mp4,806,2,1560,78078,1972,1882,2309,2159,1972,1882,2309,2159,2640.2,93349,ml/output/tracks/best_frames/26_12-20/track_0806_r2.jpg,ml/output/tracks/best_frames_hires/26_12-20/track_0806_r2.jpg
26_12-20.mp4,809,2,1560,78078,236,1549,456,1835,236,1549,456,1835,4573.8,62920,ml/output/tracks/best_frames/26_12-20/track_0809_r2.jpg,ml/output/tracks/best_frames_hires/26_12-20/track_0809_r2.jpg
26_12-20.mp4,816,0,1563,78228,2025,1195,2376,1557,2025,1195,2376,1557,2269.0,127062,ml/output/tracks/best_frames/26_12-20/track_0816_r0.jpg,ml/output/tracks/best_frames_hires/26_12-20/track_0816_r0.jpg
26_12-20.mp4,815,1,1563,78228,234,9,474,312,234,9,474,312,4813.3,72720,ml/output/tracks/best_frames/26_12-20/track_0815_r1.jpg,ml/output/tracks/best_frames_hires/26_12-20/track_0815_r1.jpg
26_12-20.mp4,788,0,1563,78228,168,826,360,1131,168,826,360,1131,7446.9,58560,ml/output/tracks/best_frames/26_12-20/track_0788_r0.jpg,ml/output/tracks/best_frames_hires/26_12-20/track_0788_r0.jpg
26_12-20.mp4,806,0,1563,78228,1972,1882,2309,2159,1972,1882,2309,2159,2834.8,93349,ml/output/tracks/best_frames/26_12-20/track_0806_r0.jpg,ml/output/tracks/best_frames_hires/26_12-20/track_0806_r0.jpg
26_12-20.mp4,812,1,1563,78228,2064,126,2425,485,2064,126,2425,485,3096.2,129599,ml/output/tracks/best_frames/26_12-20/track_0812_r1.jpg,ml/output/tracks/best_frames_hires/26_12-20/track_0812_r1.jpg
26_12-20.mp4,809,1,1563,78228,236,1549,455,1835,236,1549,455,1835,4850.7,62634,ml/output/tracks/best_frames/26_12-20/track_0809_r1.jpg,ml/output/tracks/best_frames_hires/26_12-20/track_0809_r1.jpg
26_12-20.mp4,809,0,1566,78378,236,1549,455,1835,236,1549,455,1835,4953.1,62634,ml/output/tracks/best_frames/26_12-20/track_0809_r0.jpg,ml/output/tracks/best_frames_hires/26_12-20/track_0809_r0.jpg
26_12-20.mp4,806,1,1566,78378,1977,1890,2310,2159,1977,1890,2310,2159,2949.3,89577,ml/output/tracks/best_frames/26_12-20/track_0806_r1.jpg,ml/output/tracks/best_frames_hires/26_12-20/track_0806_r1.jpg
26_12-20.mp4,812,2,1566,78378,2064,126,2425,485,2064,126,2425,485,3034.8,129599,ml/output/tracks/best_frames/26_12-20/track_0812_r2.jpg,ml/output/tracks/best_frames_hires/26_12-20/track_0812_r2.jpg
26_12-20.mp4,788,1,1566,78378,168,826,359,1132,168,826,359,1132,7310.7,58446,ml/output/tracks/best_frames/26_12-20/track_0788_r1.jpg,ml/output/tracks/best_frames_hires/26_12-20/track_0788_r1.jpg
26_12-20.mp4,815,0,1566,78378,234,9,470,311,234,9,470,311,5001.8,71272,ml/output/tracks/best_frames/26_12-20/track_0815_r0.jpg,ml/output/tracks/best_frames_hires/26_12-20/track_0815_r0.jpg
26_12-20.mp4,816,1,1566,78378,2025,1196,2377,1558,2025,1196,2377,1558,2181.1,127424,ml/output/tracks/best_frames/26_12-20/track_0816_r1.jpg,ml/output/tracks/best_frames_hires/26_12-20/track_0816_r1.jpg
26_12-20.mp4,828,0,1569,78528,2027,1423,2366,1787,2027,1423,2366,1787,755.1,123396,ml/output/tracks/best_frames/26_12-20/track_0828_r0.jpg,ml/output/tracks/best_frames_hires/26_12-20/track_0828_r0.jpg
26_12-20.mp4,828,2,1572,78678,2021,1503,2359,1844,2021,1503,2359,1844,260.1,115258,ml/output/tracks/best_frames/26_12-20/track_0828_r2.jpg,ml/output/tracks/best_frames_hires/26_12-20/track_0828_r2.jpg
26_12-20.mp4,828,1,1575,78829,2025,1531,2362,1889,2025,1531,2362,1889,277.3,120646,ml/output/tracks/best_frames/26_12-20/track_0828_r1.jpg,ml/output/tracks/best_frames_hires/26_12-20/track_0828_r1.jpg
26_12-20.mp4,831,0,1575,78829,2052,461,2426,896,2052,461,2426,896,305.5,162690,ml/output/tracks/best_frames/26_12-20/track_0831_r0.jpg,ml/output/tracks/best_frames_hires/26_12-20/track_0831_r0.jpg
26_12-20.mp4,831,1,1578,78979,2052,533,2423,964,2052,533,2423,964,297.0,159901,ml/output/tracks/best_frames/26_12-20/track_0831_r1.jpg,ml/output/tracks/best_frames_hires/26_12-20/track_0831_r1.jpg
26_12-20.mp4,833,0,1578,78979,193,325,403,648,193,325,403,648,1562.1,67830,ml/output/tracks/best_frames/26_12-20/track_0833_r0.jpg,ml/output/tracks/best_frames_hires/26_12-20/track_0833_r0.jpg
26_12-20.mp4,833,2,1581,79129,181,433,393,699,181,433,393,699,934.7,56392,ml/output/tracks/best_frames/26_12-20/track_0833_r2.jpg,ml/output/tracks/best_frames_hires/26_12-20/track_0833_r2.jpg
26_12-20.mp4,831,2,1581,79129,2054,641,2427,1034,2054,641,2427,1034,201.6,146589,ml/output/tracks/best_frames/26_12-20/track_0831_r2.jpg,ml/output/tracks/best_frames_hires/26_12-20/track_0831_r2.jpg
26_12-20.mp4,833,1,1587,79429,168,553,375,813,168,553,375,813,1144.7,53820,ml/output/tracks/best_frames/26_12-20/track_0833_r1.jpg,ml/output/tracks/best_frames_hires/26_12-20/track_0833_r1.jpg
26_12-20.mp4,834,1,1587,79429,2077,0,2431,278,2077,0,2431,278,881.2,98412,ml/output/tracks/best_frames/26_12-20/track_0834_r1.jpg,ml/output/tracks/best_frames_hires/26_12-20/track_0834_r1.jpg
26_12-20.mp4,837,1,1587,79429,2046,864,2304,1138,2046,864,2304,1138,169.2,70692,ml/output/tracks/best_frames/26_12-20/track_0837_r1.jpg,ml/output/tracks/best_frames_hires/26_12-20/track_0837_r1.jpg
26_12-20.mp4,837,0,1590,79579,2051,864,2304,1087,2051,864,2304,1087,299.8,56419,ml/output/tracks/best_frames/26_12-20/track_0837_r0.jpg,ml/output/tracks/best_frames_hires/26_12-20/track_0837_r0.jpg
26_12-20.mp4,834,0,1590,79579,2076,0,2439,368,2076,0,2439,368,697.0,133584,ml/output/tracks/best_frames/26_12-20/track_0834_r0.jpg,ml/output/tracks/best_frames_hires/26_12-20/track_0834_r0.jpg
26_12-20.mp4,835,0,1590,79579,2008,1740,2365,2070,2008,1740,2365,2070,512.0,117810,ml/output/tracks/best_frames/26_12-20/track_0835_r0.jpg,ml/output/tracks/best_frames_hires/26_12-20/track_0835_r0.jpg
26_12-20.mp4,834,2,1593,79730,2069,75,2447,485,2069,75,2447,485,540.7,154980,ml/output/tracks/best_frames/26_12-20/track_0834_r2.jpg,ml/output/tracks/best_frames_hires/26_12-20/track_0834_r2.jpg
26_12-20.mp4,835,1,1593,79730,2007,1845,2350,2159,2007,1845,2350,2159,476.4,107702,ml/output/tracks/best_frames/26_12-20/track_0835_r1.jpg,ml/output/tracks/best_frames_hires/26_12-20/track_0835_r1.jpg
26_12-20.mp4,840,0,1593,79730,2046,1056,2421,1488,2046,1056,2421,1488,115.0,162000,ml/output/tracks/best_frames/26_12-20/track_0840_r0.jpg,ml/output/tracks/best_frames_hires/26_12-20/track_0840_r0.jpg
26_12-20.mp4,841,1,1596,79880,166,864,361,996,166,864,361,996,732.6,25740,ml/output/tracks/best_frames/26_12-20/track_0841_r1.jpg,ml/output/tracks/best_frames_hires/26_12-20/track_0841_r1.jpg
26_12-20.mp4,835,2,1596,79880,2006,1906,2346,2159,2006,1906,2346,2159,547.1,86020,ml/output/tracks/best_frames/26_12-20/track_0835_r2.jpg,ml/output/tracks/best_frames_hires/26_12-20/track_0835_r2.jpg
26_12-20.mp4,840,1,1596,79880,2041,1164,2409,1586,2041,1164,2409,1586,107.3,155296,ml/output/tracks/best_frames/26_12-20/track_0840_r1.jpg,ml/output/tracks/best_frames_hires/26_12-20/track_0840_r1.jpg
26_12-20.mp4,841,0,1599,80030,165,864,366,1021,165,864,366,1021,2319.5,31557,ml/output/tracks/best_frames/26_12-20/track_0841_r0.jpg,ml/output/tracks/best_frames_hires/26_12-20/track_0841_r0.jpg
26_12-20.mp4,843,2,1605,80330,2055,542,2437,969,2055,542,2437,969,333.3,163114,ml/output/tracks/best_frames/26_12-20/track_0843_r2.jpg,ml/output/tracks/best_frames_hires/26_12-20/track_0843_r2.jpg
26_12-20.mp4,843,0,1608,80480,2050,607,2427,1030,2050,607,2427,1030,472.2,159471,ml/output/tracks/best_frames/26_12-20/track_0843_r0.jpg,ml/output/tracks/best_frames_hires/26_12-20/track_0843_r0.jpg
26_12-20.mp4,843,1,1611,80630,2048,702,2423,1127,2048,702,2423,1127,446.7,159375,ml/output/tracks/best_frames/26_12-20/track_0843_r1.jpg,ml/output/tracks/best_frames_hires/26_12-20/track_0843_r1.jpg
26_12-20.mp4,855,1,1620,81081,161,864,380,1120,161,864,380,1120,644.8,56064,ml/output/tracks/best_frames/26_12-20/track_0855_r1.jpg,ml/output/tracks/best_frames_hires/26_12-20/track_0855_r1.jpg
26_12-20.mp4,857,0,1620,81081,2077,547,2435,929,2077,547,2435,929,28.7,136756,ml/output/tracks/best_frames/26_12-20/track_0857_r0.jpg,ml/output/tracks/best_frames_hires/26_12-20/track_0857_r0.jpg
26_12-20.mp4,854,1,1620,81081,1997,1864,2350,2159,1997,1864,2350,2159,290.0,104135,ml/output/tracks/best_frames/26_12-20/track_0854_r1.jpg,ml/output/tracks/best_frames_hires/26_12-20/track_0854_r1.jpg
26_12-20.mp4,856,1,1620,81081,2033,864,2304,1161,2033,864,2304,1161,471.8,80487,ml/output/tracks/best_frames/26_12-20/track_0856_r1.jpg,ml/output/tracks/best_frames_hires/26_12-20/track_0856_r1.jpg
26_12-20.mp4,830,1,1620,81081,2007,1622,2359,1972,2007,1622,2359,1972,496.3,123200,ml/output/tracks/best_frames/26_12-20/track_0830_r1.jpg,ml/output/tracks/best_frames_hires/26_12-20/track_0830_r1.jpg
26_12-20.mp4,855,0,1623,81231,161,864,370,1035,161,864,370,1035,1879.4,35739,ml/output/tracks/best_frames/26_12-20/track_0855_r0.jpg,ml/output/tracks/best_frames_hires/26_12-20/track_0855_r0.jpg
26_12-20.mp4,856,2,1623,81231,2037,864,2304,1157,2037,864,2304,1157,389.9,78231,ml/output/tracks/best_frames/26_12-20/track_0856_r2.jpg,ml/output/tracks/best_frames_hires/26_12-20/track_0856_r2.jpg
26_12-20.mp4,857,1,1623,81231,2067,645,2431,1015,2067,645,2431,1015,25.7,134680,ml/output/tracks/best_frames/26_12-20/track_0857_r1.jpg,ml/output/tracks/best_frames_hires/26_12-20/track_0857_r1.jpg
26_12-20.mp4,854,0,1623,81231,1996,1880,2346,2159,1996,1880,2346,2159,435.0,97650,ml/output/tracks/best_frames/26_12-20/track_0854_r0.jpg,ml/output/tracks/best_frames_hires/26_12-20/track_0854_r0.jpg
26_12-20.mp4,830,0,1623,81231,2007,1688,2356,2018,2007,1688,2356,2018,607.2,115170,ml/output/tracks/best_frames/26_12-20/track_0830_r0.jpg,ml/output/tracks/best_frames_hires/26_12-20/track_0830_r0.jpg
26_12-20.mp4,859,1,1626,81381,228,1445,462,1761,228,1445,462,1761,1144.5,73944,ml/output/tracks/best_frames/26_12-20/track_0859_r1.jpg,ml/output/tracks/best_frames_hires/26_12-20/track_0859_r1.jpg
26_12-20.mp4,830,2,1626,81381,2008,1751,2353,2076,2008,1751,2353,2076,533.9,112125,ml/output/tracks/best_frames/26_12-20/track_0830_r2.jpg,ml/output/tracks/best_frames_hires/26_12-20/track_0830_r2.jpg
26_12-20.mp4,856,0,1626,81381,2035,939,2304,1367,2035,939,2304,1367,331.4,115132,ml/output/tracks/best_frames/26_12-20/track_0856_r0.jpg,ml/output/tracks/best_frames_hires/26_12-20/track_0856_r0.jpg
26_12-20.mp4,859,0,1629,81531,218,1406,459,1700,218,1406,459,1700,1691.9,70854,ml/output/tracks/best_frames/26_12-20/track_0859_r0.jpg,ml/output/tracks/best_frames_hires/26_12-20/track_0859_r0.jpg
26_12-20.mp4,858,2,1629,81531,2090,0,2457,291,2090,0,2457,291,480.4,106797,ml/output/tracks/best_frames/26_12-20/track_0858_r2.jpg,ml/output/tracks/best_frames_hires/26_12-20/track_0858_r2.jpg
26_12-20.mp4,858,1,1632,81681,2094,4,2452,394,2094,4,2452,394,396.8,139620,ml/output/tracks/best_frames/26_12-20/track_0858_r1.jpg,ml/output/tracks/best_frames_hires/26_12-20/track_0858_r1.jpg
26_12-20.mp4,861,1,1632,81681,235,1487,461,1774,235,1487,461,1774,1603.0,64862,ml/output/tracks/best_frames/26_12-20/track_0861_r1.jpg,ml/output/tracks/best_frames_hires/26_12-20/track_0861_r1.jpg
26_12-20.mp4,852,2,1632,81681,2256,30,2303,409,2256,30,2303,409,789.1,17813,ml/output/tracks/best_frames/26_12-20/track_0852_r2.jpg,ml/output/tracks/best_frames_hires/26_12-20/track_0852_r2.jpg
26_12-20.mp4,852,1,1635,81832,2250,119,2303,493,2250,119,2303,493,786.5,19822,ml/output/tracks/best_frames/26_12-20/track_0852_r1.jpg,ml/output/tracks/best_frames_hires/26_12-20/track_0852_r1.jpg
26_12-20.mp4,852,0,1638,81982,2251,218,2303,610,2251,218,2303,610,889.0,20384,ml/output/tracks/best_frames/26_12-20/track_0852_r0.jpg,ml/output/tracks/best_frames_hires/26_12-20/track_0852_r0.jpg
26_12-20.mp4,861,0,1638,81982,254,1629,498,1905,254,1629,498,1905,1752.9,67344,ml/output/tracks/best_frames/26_12-20/track_0861_r0.jpg,ml/output/tracks/best_frames_hires/26_12-20/track_0861_r0.jpg
26_12-20.mp4,861,2,1641,82132,266,1708,520,2006,266,1708,520,2006,1292.5,75692,ml/output/tracks/best_frames/26_12-20/track_0861_r2.jpg,ml/output/tracks/best_frames_hires/26_12-20/track_0861_r2.jpg
26_12-20.mp4,865,1,1641,82132,297,1816,528,2091,297,1816,528,2091,1026.2,63525,ml/output/tracks/best_frames/26_12-20/track_0865_r1.jpg,ml/output/tracks/best_frames_hires/26_12-20/track_0865_r1.jpg
26_12-20.mp4,858,0,1641,82132,2089,123,2474,545,2089,123,2474,545,358.1,162470,ml/output/tracks/best_frames/26_12-20/track_0858_r0.jpg,ml/output/tracks/best_frames_hires/26_12-20/track_0858_r0.jpg
26_12-20.mp4,876,1,1644,82282,188,864,377,1091,188,864,377,1091,1254.2,42903,ml/output/tracks/best_frames/26_12-20/track_0876_r1.jpg,ml/output/tracks/best_frames_hires/26_12-20/track_0876_r1.jpg
26_12-20.mp4,870,1,1644,82282,256,3,473,273,256,3,473,273,1496.3,58590,ml/output/tracks/best_frames/26_12-20/track_0870_r1.jpg,ml/output/tracks/best_frames_hires/26_12-20/track_0870_r1.jpg
26_12-20.mp4,865,0,1644,82282,294,1783,525,2050,294,1783,525,2050,1374.0,61677,ml/output/tracks/best_frames/26_12-20/track_0865_r0.jpg,ml/output/tracks/best_frames_hires/26_12-20/track_0865_r0.jpg
26_12-20.mp4,878,1,1647,82432,2075,864,2447,1204,2075,864,2447,1204,110.5,126480,ml/output/tracks/best_frames/26_12-20/track_0878_r1.jpg,ml/output/tracks/best_frames_hires/26_12-20/track_0878_r1.jpg
26_12-20.mp4,876,0,1647,82432,189,864,375,1026,189,864,375,1026,2991.4,30132,ml/output/tracks/best_frames/26_12-20/track_0876_r0.jpg,ml/output/tracks/best_frames_hires/26_12-20/track_0876_r0.jpg
26_12-20.mp4,870,0,1647,82432,243,1,459,331,243,1,459,331,1576.4,71280,ml/output/tracks/best_frames/26_12-20/track_0870_r0.jpg,ml/output/tracks/best_frames_hires/26_12-20/track_0870_r0.jpg
26_12-20.mp4,878,0,1650,82582,2076,864,2445,1211,2076,864,2445,1211,149.3,128043,ml/output/tracks/best_frames/26_12-20/track_0878_r0.jpg,ml/output/tracks/best_frames_hires/26_12-20/track_0878_r0.jpg
26_12-20.mp4,881,2,1653,82732,2255,864,2303,915,2255,864,2303,915,906.1,2448,ml/output/tracks/best_frames/26_12-20/track_0881_r2.jpg,ml/output/tracks/best_frames_hires/26_12-20/track_0881_r2.jpg
26_12-20.mp4,881,1,1656,82883,2254,864,2303,916,2254,864,2303,916,1066.9,2548,ml/output/tracks/best_frames/26_12-20/track_0881_r1.jpg,ml/output/tracks/best_frames_hires/26_12-20/track_0881_r1.jpg
26_12-20.mp4,881,0,1659,83033,2254,864,2303,918,2254,864,2303,918,1270.7,2646,ml/output/tracks/best_frames/26_12-20/track_0881_r0.jpg,ml/output/tracks/best_frames_hires/26_12-20/track_0881_r0.jpg
26_12-20.mp4,879,0,1659,83033,2100,0,2445,236,2100,0,2445,236,2716.6,81420,ml/output/tracks/best_frames/26_12-20/track_0879_r0.jpg,ml/output/tracks/best_frames_hires/26_12-20/track_0879_r0.jpg
26_12-20.mp4,879,2,1662,83183,2100,0,2445,235,2100,0,2445,235,2401.4,81075,ml/output/tracks/best_frames/26_12-20/track_0879_r2.jpg,ml/output/tracks/best_frames_hires/26_12-20/track_0879_r2.jpg
26_12-20.mp4,887,1,1665,83333,2255,864,2303,915,2255,864,2303,915,1213.9,2448,ml/output/tracks/best_frames/26_12-20/track_0887_r1.jpg,ml/output/tracks/best_frames_hires/26_12-20/track_0887_r1.jpg
26_12-20.mp4,883,2,1665,83333,2268,0,2442,66,2268,0,2442,66,2468.6,11484,ml/output/tracks/best_frames/26_12-20/track_0883_r2.jpg,ml/output/tracks/best_frames_hires/26_12-20/track_0883_r2.jpg
26_12-20.mp4,887,0,1668,83483,2255,864,2303,915,2255,864,2303,915,1446.0,2448,ml/output/tracks/best_frames/26_12-20/track_0887_r0.jpg,ml/output/tracks/best_frames_hires/26_12-20/track_0887_r0.jpg
26_12-20.mp4,883,1,1671,83633,2270,0,2442,66,2270,0,2442,66,2904.1,11352,ml/output/tracks/best_frames/26_12-20/track_0883_r1.jpg,ml/output/tracks/best_frames_hires/26_12-20/track_0883_r1.jpg
26_12-20.mp4,879,1,1674,83784,2266,0,2440,175,2266,0,2440,175,6433.4,30450,ml/output/tracks/best_frames/26_12-20/track_0879_r1.jpg,ml/output/tracks/best_frames_hires/26_12-20/track_0879_r1.jpg
26_12-20.mp4,883,0,1674,83784,2270,0,2442,66,2270,0,2442,66,2998.2,11352,ml/output/tracks/best_frames/26_12-20/track_0883_r0.jpg,ml/output/tracks/best_frames_hires/26_12-20/track_0883_r0.jpg
26_12-20.mp4,844,1,1677,83934,181,723,369,1029,181,723,369,1029,8841.8,57528,ml/output/tracks/best_frames/26_12-20/track_0844_r1.jpg,ml/output/tracks/best_frames_hires/26_12-20/track_0844_r1.jpg
26_12-20.mp4,888,2,1677,83934,2037,1576,2423,2002,2037,1576,2423,2002,1555.4,164436,ml/output/tracks/best_frames/26_12-20/track_0888_r2.jpg,ml/output/tracks/best_frames_hires/26_12-20/track_0888_r2.jpg
26_12-20.mp4,838,2,1677,83934,201,1325,436,1623,201,1325,436,1623,6527.6,70030,ml/output/tracks/best_frames/26_12-20/track_0838_r2.jpg,ml/output/tracks/best_frames_hires/26_12-20/track_0838_r2.jpg
26_12-20.mp4,869,2,1677,83934,2244,530,2303,923,2244,530,2303,923,1231.0,23187,ml/output/tracks/best_frames/26_12-20/track_0869_r2.jpg,ml/output/tracks/best_frames_hires/26_12-20/track_0869_r2.jpg
26_12-20.mp4,847,2,1677,83934,2024,1772,2365,2077,2024,1772,2365,2077,3262.6,104005,ml/output/tracks/best_frames/26_12-20/track_0847_r2.jpg,ml/output/tracks/best_frames_hires/26_12-20/track_0847_r2.jpg
26_12-20.mp4,847,1,1680,84084,2022,1773,2364,2077,2022,1773,2364,2077,3580.0,103968,ml/output/tracks/best_frames/26_12-20/track_0847_r1.jpg,ml/output/tracks/best_frames_hires/26_12-20/track_0847_r1.jpg
26_12-20.mp4,885,2,1680,84084,3738,1749,3839,2090,3738,1749,3839,2090,514.9,34441,ml/output/tracks/best_frames/26_12-20/track_0885_r2.jpg,ml/output/tracks/best_frames_hires/26_12-20/track_0885_r2.jpg
26_12-20.mp4,888,1,1680,84084,2037,1579,2414,2001,2037,1579,2414,2001,1760.5,159094,ml/output/tracks/best_frames/26_12-20/track_0888_r1.jpg,ml/output/tracks/best_frames_hires/26_12-20/track_0888_r1.jpg
26_12-20.mp4,873,1,1680,84084,313,1841,555,2104,313,1841,555,2104,5233.8,63646,ml/output/tracks/best_frames/26_12-20/track_0873_r1.jpg,ml/output/tracks/best_frames_hires/26_12-20/track_0873_r1.jpg
26_12-20.mp4,867,2,1680,84084,2259,0,2303,159,2259,0,2303,159,4302.0,6996,ml/output/tracks/best_frames/26_12-20/track_0867_r2.jpg,ml/output/tracks/best_frames_hires/26_12-20/track_0867_r2.jpg
26_12-20.mp4,872,2,1680,84084,264,0,478,165,264,0,478,165,8041.3,35310,ml/output/tracks/best_frames/26_12-20/track_0872_r2.jpg,ml/output/tracks/best_frames_hires/26_12-20/track_0872_r2.jpg
26_12-20.mp4,844,2,1680,84084,182,722,368,1029,182,722,368,1029,8807.3,57102,ml/output/tracks/best_frames/26_12-20/track_0844_r2.jpg,ml/output/tracks/best_frames_hires/26_12-20/track_0844_r2.jpg
26_12-20.mp4,838,1,1680,84084,201,1325,434,1621,201,1325,434,1621,6981.1,68968,ml/output/tracks/best_frames/26_12-20/track_0838_r1.jpg,ml/output/tracks/best_frames_hires/26_12-20/track_0838_r1.jpg
26_12-20.mp4,862,1,1680,84084,213,180,413,485,213,180,413,485,6693.2,61000,ml/output/tracks/best_frames/26_12-20/track_0862_r1.jpg,ml/output/tracks/best_frames_hires/26_12-20/track_0862_r1.jpg
26_12-20.mp4,889,2,1680,84084,2085,381,2304,784,2085,381,2304,784,973.0,88257,ml/output/tracks/best_frames/26_12-20/track_0889_r2.jpg,ml/output/tracks/best_frames_hires/26_12-20/track_0889_r2.jpg
26_12-20.mp4,864,1,1680,84084,2081,516,2457,921,2081,516,2457,921,1293.7,152280,ml/output/tracks/best_frames/26_12-20/track_0864_r1.jpg,ml/output/tracks/best_frames_hires/26_12-20/track_0864_r1.jpg
26_12-20.mp4,886,2,1680,84084,2099,0,2439,168,2099,0,2439,168,6374.6,57120,ml/output/tracks/best_frames/26_12-20/track_0886_r2.jpg,ml/output/tracks/best_frames_hires/26_12-20/track_0886_r2.jpg
26_12-20.mp4,869,0,1680,84084,2249,530,2303,922,2249,530,2303,922,1420.4,21168,ml/output/tracks/best_frames/26_12-20/track_0869_r0.jpg,ml/output/tracks/best_frames_hires/26_12-20/track_0869_r0.jpg
26_12-20.mp4,872,1,1683,84234,265,0,479,165,265,0,479,165,8194.9,35310,ml/output/tracks/best_frames/26_12-20/track_0872_r1.jpg,ml/output/tracks/best_frames_hires/26_12-20/track_0872_r1.jpg
26_12-20.mp4,844,0,1683,84234,182,722,368,1029,182,722,368,1029,8937.6,57102,ml/output/tracks/best_frames/26_12-20/track_0844_r0.jpg,ml/output/tracks/best_frames_hires/26_12-20/track_0844_r0.jpg
26_12-20.mp4,885,1,1683,84234,3738,1750,3839,2092,3738,1750,3839,2092,526.2,34542,ml/output/tracks/best_frames/26_12-20/track_0885_r1.jpg,ml/output/tracks/best_frames_hires/26_12-20/track_0885_r1.jpg
26_12-20.mp4,889,0,1683,84234,2085,381,2304,785,2085,381,2304,785,991.5,88476,ml/output/tracks/best_frames/26_12-20/track_0889_r0.jpg,ml/output/tracks/best_frames_hires/26_12-20/track_0889_r0.jpg
26_12-20.mp4,838,0,1683,84234,201,1325,433,1621,201,1325,433,1621,7139.5,68672,ml/output/tracks/best_frames/26_12-20/track_0838_r0.jpg,ml/output/tracks/best_frames_hires/26_12-20/track_0838_r0.jpg
26_12-20.mp4,847,0,1683,84234,2022,1773,2364,2077,2022,1773,2364,2077,3664.2,103968,ml/output/tracks/best_frames/26_12-20/track_0847_r0.jpg,ml/output/tracks/best_frames_hires/26_12-20/track_0847_r0.jpg
26_12-20.mp4,862,0,1683,84234,213,179,413,486,213,179,413,486,6793.8,61400,ml/output/tracks/best_frames/26_12-20/track_0862_r0.jpg,ml/output/tracks/best_frames_hires/26_12-20/track_0862_r0.jpg
26_12-20.mp4,888,0,1683,84234,2037,1579,2412,2001,2037,1579,2412,2001,1810.8,158250,ml/output/tracks/best_frames/26_12-20/track_0888_r0.jpg,ml/output/tracks/best_frames_hires/26_12-20/track_0888_r0.jpg
26_12-20.mp4,864,0,1683,84234,2081,516,2457,920,2081,516,2457,920,1328.5,151904,ml/output/tracks/best_frames/26_12-20/track_0864_r0.jpg,ml/output/tracks/best_frames_hires/26_12-20/track_0864_r0.jpg
26_12-20.mp4,873,0,1683,84234,313,1840,555,2104,313,1840,555,2104,5352.4,63888,ml/output/tracks/best_frames/26_12-20/track_0873_r0.jpg,ml/output/tracks/best_frames_hires/26_12-20/track_0873_r0.jpg
26_12-20.mp4,867,1,1683,84234,2257,0,2303,159,2257,0,2303,159,4287.5,7314,ml/output/tracks/best_frames/26_12-20/track_0867_r1.jpg,ml/output/tracks/best_frames_hires/26_12-20/track_0867_r1.jpg
26_12-20.mp4,886,1,1683,84234,2099,0,2439,168,2099,0,2439,168,6488.0,57120,ml/output/tracks/best_frames/26_12-20/track_0886_r1.jpg,ml/output/tracks/best_frames_hires/26_12-20/track_0886_r1.jpg
26_12-20.mp4,877,1,1683,84234,2254,864,2441,918,2254,864,2441,918,1514.5,10098,ml/output/tracks/best_frames/26_12-20/track_0877_r1.jpg,ml/output/tracks/best_frames_hires/26_12-20/track_0877_r1.jpg
26_12-20.mp4,869,1,1683,84234,2254,530,2303,922,2254,530,2303,922,1561.9,19208,ml/output/tracks/best_frames/26_12-20/track_0869_r1.jpg,ml/output/tracks/best_frames_hires/26_12-20/track_0869_r1.jpg
26_12-20.mp4,890,2,1686,84384,2255,864,2303,914,2255,864,2303,914,1483.3,2400,ml/output/tracks/best_frames/26_12-20/track_0890_r2.jpg,ml/output/tracks/best_frames_hires/26_12-20/track_0890_r2.jpg
26_12-20.mp4,889,1,1686,84384,2085,382,2304,785,2085,382,2304,785,980.7,88257,ml/output/tracks/best_frames/26_12-20/track_0889_r1.jpg,ml/output/tracks/best_frames_hires/26_12-20/track_0889_r1.jpg
26_12-20.mp4,873,2,1686,84384,314,1842,556,2104,314,1842,556,2104,4923.2,63404,ml/output/tracks/best_frames/26_12-20/track_0873_r2.jpg,ml/output/tracks/best_frames_hires/26_12-20/track_0873_r2.jpg
26_12-20.mp4,885,0,1686,84384,3742,1751,3839,2092,3742,1751,3839,2092,552.5,33077,ml/output/tracks/best_frames/26_12-20/track_0885_r0.jpg,ml/output/tracks/best_frames_hires/26_12-20/track_0885_r0.jpg
26_12-20.mp4,877,2,1686,84384,2253,864,2441,919,2253,864,2441,919,1474.0,10340,ml/output/tracks/best_frames/26_12-20/track_0877_r2.jpg,ml/output/tracks/best_frames_hires/26_12-20/track_0877_r2.jpg
26_12-20.mp4,872,0,1686,84384,264,0,478,165,264,0,478,165,8251.1,35310,ml/output/tracks/best_frames/26_12-20/track_0872_r0.jpg,ml/output/tracks/best_frames_hires/26_12-20/track_0872_r0.jpg
26_12-20.mp4,867,0,1686,84384,2202,0,2303,161,2202,0,2303,161,4794.9,16261,ml/output/tracks/best_frames/26_12-20/track_0867_r0.jpg,ml/output/tracks/best_frames_hires/26_12-20/track_0867_r0.jpg
26_12-20.mp4,864,2,1686,84384,2081,516,2458,921,2081,516,2458,921,1277.0,152685,ml/output/tracks/best_frames/26_12-20/track_0864_r2.jpg,ml/output/tracks/best_frames_hires/26_12-20/track_0864_r2.jpg
26_12-20.mp4,862,2,1686,84384,213,179,413,486,213,179,413,486,6593.8,61400,ml/output/tracks/best_frames/26_12-20/track_0862_r2.jpg,ml/output/tracks/best_frames_hires/26_12-20/track_0862_r2.jpg
26_12-20.mp4,886,0,1686,84384,2099,0,2439,168,2099,0,2439,168,6533.1,57120,ml/output/tracks/best_frames/26_12-20/track_0886_r0.jpg,ml/output/tracks/best_frames_hires/26_12-20/track_0886_r0.jpg
26_12-20.mp4,890,1,1689,84534,2254,864,2303,918,2254,864,2303,918,1380.4,2646,ml/output/tracks/best_frames/26_12-20/track_0890_r1.jpg,ml/output/tracks/best_frames_hires/26_12-20/track_0890_r1.jpg
26_12-20.mp4,877,0,1692,84684,2252,864,2443,964,2252,864,2443,964,960.2,19100,ml/output/tracks/best_frames/26_12-20/track_0877_r0.jpg,ml/output/tracks/best_frames_hires/26_12-20/track_0877_r0.jpg
26_12-20.mp4,890,0,1692,84684,2254,864,2303,962,2254,864,2303,962,849.3,4802,ml/output/tracks/best_frames/26_12-20/track_0890_r0.jpg,ml/output/tracks/best_frames_hires/26_12-20/track_0890_r0.jpg
26_12-20.mp4,899,2,1701,85135,249,0,478,278,249,0,478,278,1100.7,63662,ml/output/tracks/best_frames/26_12-20/track_0899_r2.jpg,ml/output/tracks/best_frames_hires/26_12-20/track_0899_r2.jpg
26_12-20.mp4,896,2,1701,85135,2080,715,2304,1060,2080,715,2304,1060,269.1,77280,ml/output/tracks/best_frames/26_12-20/track_0896_r2.jpg,ml/output/tracks/best_frames_hires/26_12-20/track_0896_r2.jpg
26_12-20.mp4,900,2,1704,85285,2394,1612,2591,1899,2394,1612,2591,1899,76.3,56539,ml/output/tracks/best_frames/26_12-20/track_0900_r2.jpg,ml/output/tracks/best_frames_hires/26_12-20/track_0900_r2.jpg
26_12-20.mp4,899,1,1704,85285,242,3,472,333,242,3,472,333,1183.6,75900,ml/output/tracks/best_frames/26_12-20/track_0899_r1.jpg,ml/output/tracks/best_frames_hires/26_12-20/track_0899_r1.jpg
26_12-20.mp4,896,0,1704,85285,2061,729,2459,1161,2061,729,2459,1161,282.1,171936,ml/output/tracks/best_frames/26_12-20/track_0896_r0.jpg,ml/output/tracks/best_frames_hires/26_12-20/track_0896_r0.jpg
26_12-20.mp4,902,0,1704,85285,2087,0,2455,386,2087,0,2455,386,434.1,142048,ml/output/tracks/best_frames/26_12-20/track_0902_r0.jpg,ml/output/tracks/best_frames_hires/26_12-20/track_0902_r0.jpg
26_12-20.mp4,896,1,1707,85435,2058,811,2444,1238,2058,811,2444,1238,267.7,164822,ml/output/tracks/best_frames/26_12-20/track_0896_r1.jpg,ml/output/tracks/best_frames_hires/26_12-20/track_0896_r1.jpg
26_12-20.mp4,899,0,1707,85435,226,80,457,438,226,80,457,438,1466.4,82698,ml/output/tracks/best_frames/26_12-20/track_0899_r0.jpg,ml/output/tracks/best_frames_hires/26_12-20/track_0899_r0.jpg
26_12-20.mp4,902,1,1707,85435,2080,106,2446,477,2080,106,2446,477,447.9,135786,ml/output/tracks/best_frames/26_12-20/track_0902_r1.jpg,ml/output/tracks/best_frames_hires/26_12-20/track_0902_r1.jpg
26_12-20.mp4,908,0,1710,85585,189,1038,415,1262,189,1038,415,1262,1160.6,50624,ml/output/tracks/best_frames/26_12-20/track_0908_r0.jpg,ml/output/tracks/best_frames_hires/26_12-20/track_0908_r0.jpg
26_12-20.mp4,907,1,1710,85585,183,864,388,1114,183,864,388,1114,1191.4,51250,ml/output/tracks/best_frames/26_12-20/track_0907_r1.jpg,ml/output/tracks/best_frames_hires/26_12-20/track_0907_r1.jpg
26_12-20.mp4,900,0,1710,85585,2363,1693,2561,2057,2363,1693,2561,2057,94.8,72072,ml/output/tracks/best_frames/26_12-20/track_0900_r0.jpg,ml/output/tracks/best_frames_hires/26_12-20/track_0900_r0.jpg
26_12-20.mp4,902,2,1710,85585,2071,188,2440,566,2071,188,2440,566,393.7,139482,ml/output/tracks/best_frames/26_12-20/track_0902_r2.jpg,ml/output/tracks/best_frames_hires/26_12-20/track_0902_r2.jpg
26_12-20.mp4,907,0,1713,85735,196,864,372,1021,196,864,372,1021,2803.8,27632,ml/output/tracks/best_frames/26_12-20/track_0907_r0.jpg,ml/output/tracks/best_frames_hires/26_12-20/track_0907_r0.jpg
26_12-20.mp4,900,1,1713,85735,2342,1795,2548,2078,2342,1795,2548,2078,99.5,58298,ml/output/tracks/best_frames/26_12-20/track_0900_r1.jpg,ml/output/tracks/best_frames_hires/26_12-20/track_0900_r1.jpg
26_12-20.mp4,908,1,1713,85735,189,1056,417,1279,189,1056,417,1279,631.3,50844,ml/output/tracks/best_frames/26_12-20/track_0908_r1.jpg,ml/output/tracks/best_frames_hires/26_12-20/track_0908_r1.jpg
26_12-20.mp4,920,1,1722,86186,3785,1702,3839,1994,3785,1702,3839,1994,418.0,15768,ml/output/tracks/best_frames/26_12-20/track_0920_r1.jpg,ml/output/tracks/best_frames_hires/26_12-20/track_0920_r1.jpg
26_12-20.mp4,920,2,1725,86336,3781,1701,3839,1992,3781,1701,3839,1992,383.1,16878,ml/output/tracks/best_frames/26_12-20/track_0920_r2.jpg,ml/output/tracks/best_frames_hires/26_12-20/track_0920_r2.jpg
26_12-20.mp4,923,1,1725,86336,2004,1459,2303,1825,2004,1459,2303,1825,250.9,109434,ml/output/tracks/best_frames/26_12-20/track_0923_r1.jpg,ml/output/tracks/best_frames_hires/26_12-20/track_0923_r1.jpg
26_12-20.mp4,919,2,1725,86336,2044,868,2399,1247,2044,868,2399,1247,802.9,134545,ml/output/tracks/best_frames/26_12-20/track_0919_r2.jpg,ml/output/tracks/best_frames_hires/26_12-20/track_0919_r2.jpg
26_12-20.mp4,922,0,1725,86336,213,346,424,633,213,346,424,633,943.2,60557,ml/output/tracks/best_frames/26_12-20/track_0922_r0.jpg,ml/output/tracks/best_frames_hires/26_12-20/track_0922_r0.jpg
26_12-20.mp4,921,2,1725,86336,203,864,382,1011,203,864,382,1011,4942.2,26313,ml/output/tracks/best_frames/26_12-20/track_0921_r2.jpg,ml/output/tracks/best_frames_hires/26_12-20/track_0921_r2.jpg
26_12-20.mp4,920,0,1728,86486,3781,1698,3839,1990,3781,1698,3839,1990,394.6,16936,ml/output/tracks/best_frames/26_12-20/track_0920_r0.jpg,ml/output/tracks/best_frames_hires/26_12-20/track_0920_r0.jpg
26_12-20.mp4,922,1,1728,86486,209,420,413,703,209,420,413,703,929.6,57732,ml/output/tracks/best_frames/26_12-20/track_0922_r1.jpg,ml/output/tracks/best_frames_hires/26_12-20/track_0922_r1.jpg
26_12-20.mp4,923,0,1728,86486,2003,1514,2304,1906,2003,1514,2304,1906,344.1,117992,ml/output/tracks/best_frames/26_12-20/track_0923_r0.jpg,ml/output/tracks/best_frames_hires/26_12-20/track_0923_r0.jpg
26_12-20.mp4,919,1,1728,86486,2043,960,2394,1335,2043,960,2394,1335,918.2,131625,ml/output/tracks/best_frames/26_12-20/track_0919_r1.jpg,ml/output/tracks/best_frames_hires/26_12-20/track_0919_r1.jpg
26_12-20.mp4,921,1,1728,86486,195,864,397,1095,195,864,397,1095,4169.2,46662,ml/output/tracks/best_frames/26_12-20/track_0921_r1.jpg,ml/output/tracks/best_frames_hires/26_12-20/track_0921_r1.jpg
26_12-20.mp4,921,0,1731,86636,202,834,399,1165,202,834,399,1165,3590.9,65207,ml/output/tracks/best_frames/26_12-20/track_0921_r0.jpg,ml/output/tracks/best_frames_hires/26_12-20/track_0921_r0.jpg
26_12-20.mp4,928,1,1731,86636,2069,634,2303,875,2069,634,2303,875,108.2,56394,ml/output/tracks/best_frames/26_12-20/track_0928_r1.jpg,ml/output/tracks/best_frames_hires/26_12-20/track_0928_r1.jpg
26_12-20.mp4,930,0,1734,86787,199,929,399,1248,199,929,399,1248,3458.4,63800,ml/output/tracks/best_frames/26_12-20/track_0930_r0.jpg,ml/output/tracks/best_frames_hires/26_12-20/track_0930_r0.jpg
26_12-20.mp4,928,0,1734,86787,2058,693,2397,1019,2058,693,2397,1019,60.6,110514,ml/output/tracks/best_frames/26_12-20/track_0928_r0.jpg,ml/output/tracks/best_frames_hires/26_12-20/track_0928_r0.jpg
26_12-20.mp4,930,1,1737,86937,189,880,405,1181,189,880,405,1181,1555.1,65016,ml/output/tracks/best_frames/26_12-20/track_0930_r1.jpg,ml/output/tracks/best_frames_hires/26_12-20/track_0930_r1.jpg
26_12-20.mp4,936,0,1737,86937,211,1025,410,1340,211,1025,410,1340,3592.5,62685,ml/output/tracks/best_frames/26_12-20/track_0936_r0.jpg,ml/output/tracks/best_frames_hires/26_12-20/track_0936_r0.jpg
26_12-20.mp4,939,1,1740,87087,292,1692,522,1966,292,1692,522,1966,975.7,63020,ml/output/tracks/best_frames/26_12-20/track_0939_r1.jpg,ml/output/tracks/best_frames_hires/26_12-20/track_0939_r1.jpg
26_12-20.mp4,936,1,1740,87087,210,1086,415,1392,210,1086,415,1392,3569.4,62730,ml/output/tracks/best_frames/26_12-20/track_0936_r1.jpg,ml/output/tracks/best_frames_hires/26_12-20/track_0936_r1.jpg
26_12-20.mp4,939,0,1743,87237,297,1711,526,2006,297,1711,526,2006,1186.3,67555,ml/output/tracks/best_frames/26_12-20/track_0939_r0.jpg,ml/output/tracks/best_frames_hires/26_12-20/track_0939_r0.jpg
26_12-20.mp4,946,2,1746,87387,1989,1442,2344,1820,1989,1442,2344,1820,428.0,134190,ml/output/tracks/best_frames/26_12-20/track_0946_r2.jpg,ml/output/tracks/best_frames_hires/26_12-20/track_0946_r2.jpg
26_12-20.mp4,939,2,1746,87387,311,1829,552,2096,311,1829,552,2096,936.5,64347,ml/output/tracks/best_frames/26_12-20/track_0939_r2.jpg,ml/output/tracks/best_frames_hires/26_12-20/track_0939_r2.jpg
26_12-20.mp4,948,1,1746,87387,351,1935,576,2159,351,1935,576,2159,1283.1,50400,ml/output/tracks/best_frames/26_12-20/track_0948_r1.jpg,ml/output/tracks/best_frames_hires/26_12-20/track_0948_r1.jpg
26_12-20.mp4,945,2,1749,87537,182,633,416,963,182,633,416,963,2034.3,77220,ml/output/tracks/best_frames/26_12-20/track_0945_r2.jpg,ml/output/tracks/best_frames_hires/26_12-20/track_0945_r2.jpg
26_12-20.mp4,948,2,1749,87537,306,1913,562,2135,306,1913,562,2135,617.8,56832,ml/output/tracks/best_frames/26_12-20/track_0948_r2.jpg,ml/output/tracks/best_frames_hires/26_12-20/track_0948_r2.jpg
26_12-20.mp4,948,0,1752,87687,317,1903,577,2159,317,1903,577,2159,1017.0,66560,ml/output/tracks/best_frames/26_12-20/track_0948_r0.jpg,ml/output/tracks/best_frames_hires/26_12-20/track_0948_r0.jpg
26_12-20.mp4,946,0,1752,87687,1977,1625,2344,2002,1977,1625,2344,2002,475.9,138359,ml/output/tracks/best_frames/26_12-20/track_0946_r0.jpg,ml/output/tracks/best_frames_hires/26_12-20/track_0946_r0.jpg
26_12-20.mp4,946,1,1755,87838,1972,1699,2338,2081,1972,1699,2338,2081,439.7,139812,ml/output/tracks/best_frames/26_12-20/track_0946_r1.jpg,ml/output/tracks/best_frames_hires/26_12-20/track_0946_r1.jpg
26_12-20.mp4,955,0,1758,87988,2021,1249,2373,1296,2021,1249,2373,1296,1508.4,16544,ml/output/tracks/best_frames/26_12-20/track_0955_r0.jpg,ml/output/tracks/best_frames_hires/26_12-20/track_0955_r0.jpg
26_12-20.mp4,956,1,1758,87988,2028,1064,2304,1278,2028,1064,2304,1278,260.0,59064,ml/output/tracks/best_frames/26_12-20/track_0956_r1.jpg,ml/output/tracks/best_frames_hires/26_12-20/track_0956_r1.jpg
26_12-20.mp4,919,0,1758,87988,1984,1940,2312,2157,1984,1940,2312,2157,1861.6,71176,ml/output/tracks/best_frames/26_12-20/track_0919_r0.jpg,ml/output/tracks/best_frames_hires/26_12-20/track_0919_r0.jpg
26_12-20.mp4,913,1,1758,87988,2020,1243,2367,1577,2020,1243,2367,1577,1681.5,115898,ml/output/tracks/best_frames/26_12-20/track_0913_r1.jpg,ml/output/tracks/best_frames_hires/26_12-20/track_0913_r1.jpg
26_12-20.mp4,936,2,1761,88138,248,1559,473,1844,248,1559,473,1844,3431.5,64125,ml/output/tracks/best_frames/26_12-20/track_0936_r2.jpg,ml/output/tracks/best_frames_hires/26_12-20/track_0936_r2.jpg
26_12-20.mp4,955,2,1761,88138,2193,1253,2380,1295,2193,1253,2380,1295,1251.9,7854,ml/output/tracks/best_frames/26_12-20/track_0955_r2.jpg,ml/output/tracks/best_frames_hires/26_12-20/track_0955_r2.jpg
26_12-20.mp4,960,1,1764,88288,1974,1777,2337,2159,1974,1777,2337,2159,754.1,138666,ml/output/tracks/best_frames/26_12-20/track_0960_r1.jpg,ml/output/tracks/best_frames_hires/26_12-20/track_0960_r1.jpg
26_12-20.mp4,959,0,1764,88288,2031,1265,2377,1296,2031,1265,2377,1296,1528.3,10726,ml/output/tracks/best_frames/26_12-20/track_0959_r0.jpg,ml/output/tracks/best_frames_hires/26_12-20/track_0959_r0.jpg
26_12-20.mp4,952,2,1767,88438,267,3,489,272,267,3,489,272,2706.0,59718,ml/output/tracks/best_frames/26_12-20/track_0952_r2.jpg,ml/output/tracks/best_frames_hires/26_12-20/track_0952_r2.jpg
26_12-20.mp4,949,1,1767,88438,2060,1,2402,377,2060,1,2402,377,1623.3,128592,ml/output/tracks/best_frames/26_12-20/track_0949_r1.jpg,ml/output/tracks/best_frames_hires/26_12-20/track_0949_r1.jpg
26_12-20.mp4,958,1,1767,88438,964,1238,1164,1296,964,1238,1164,1296,20829.5,11600,ml/output/tracks/best_frames/26_12-20/track_0958_r1.jpg,ml/output/tracks/best_frames_hires/26_12-20/track_0958_r1.jpg
26_12-20.mp4,954,2,1767,88438,287,2,497,122,287,2,497,122,1393.7,25200,ml/output/tracks/best_frames/26_12-20/track_0954_r2.jpg,ml/output/tracks/best_frames_hires/26_12-20/track_0954_r2.jpg
26_12-20.mp4,959,1,1767,88438,2066,1268,2304,1296,2066,1268,2304,1296,1364.2,6664,ml/output/tracks/best_frames/26_12-20/track_0959_r1.jpg,ml/output/tracks/best_frames_hires/26_12-20/track_0959_r1.jpg
26_12-20.mp4,960,0,1767,88438,1974,1778,2336,2159,1974,1778,2336,2159,799.6,137922,ml/output/tracks/best_frames/26_12-20/track_0960_r0.jpg,ml/output/tracks/best_frames_hires/26_12-20/track_0960_r0.jpg
26_12-20.mp4,953,1,1767,88438,2066,10,2404,129,2066,10,2404,129,4450.4,40222,ml/output/tracks/best_frames/26_12-20/track_0953_r1.jpg,ml/output/tracks/best_frames_hires/26_12-20/track_0953_r1.jpg
26_12-20.mp4,957,1,1767,88438,1067,864,1221,895,1067,864,1221,895,4794.9,4774,ml/output/tracks/best_frames/26_12-20/track_0957_r1.jpg,ml/output/tracks/best_frames_hires/26_12-20/track_0957_r1.jpg
26_12-20.mp4,944,2,1767,88438,234,98,460,404,234,98,460,404,4034.7,69156,ml/output/tracks/best_frames/26_12-20/track_0944_r2.jpg,ml/output/tracks/best_frames_hires/26_12-20/track_0944_r2.jpg
26_12-20.mp4,912,2,1767,88438,200,1013,396,1310,200,1013,396,1310,5435.8,58212,ml/output/tracks/best_frames/26_12-20/track_0912_r2.jpg,ml/output/tracks/best_frames_hires/26_12-20/track_0912_r2.jpg
26_12-20.mp4,935,2,1767,88438,3809,1494,3839,1648,3809,1494,3839,1648,1008.7,4620,ml/output/tracks/best_frames/26_12-20/track_0935_r2.jpg,ml/output/tracks/best_frames_hires/26_12-20/track_0935_r2.jpg
26_12-20.mp4,945,1,1770,88588,184,864,380,1124,184,864,380,1124,3172.3,50960,ml/output/tracks/best_frames/26_12-20/track_0945_r1.jpg,ml/output/tracks/best_frames_hires/26_12-20/track_0945_r1.jpg
26_12-20.mp4,912,1,1770,88588,196,1014,400,1310,196,1014,400,1310,5722.8,60384,ml/output/tracks/best_frames/26_12-20/track_0912_r1.jpg,ml/output/tracks/best_frames_hires/26_12-20/track_0912_r1.jpg
26_12-20.mp4,958,2,1770,88588,966,1239,1163,1296,966,1239,1163,1296,20692.7,11229,ml/output/tracks/best_frames/26_12-20/track_0958_r2.jpg,ml/output/tracks/best_frames_hires/26_12-20/track_0958_r2.jpg
26_12-20.mp4,957,2,1770,88588,1067,864,1220,897,1067,864,1220,897,4291.8,5049,ml/output/tracks/best_frames/26_12-20/track_0957_r2.jpg,ml/output/tracks/best_frames_hires/26_12-20/track_0957_r2.jpg
26_12-20.mp4,913,2,1770,88588,2016,1256,2372,1591,2016,1256,2372,1591,1500.0,119260,ml/output/tracks/best_frames/26_12-20/track_0913_r2.jpg,ml/output/tracks/best_frames_hires/26_12-20/track_0913_r2.jpg
26_12-20.mp4,956,2,1770,88588,2030,1081,2303,1281,2030,1081,2303,1281,261.4,54600,ml/output/tracks/best_frames/26_12-20/track_0956_r2.jpg,ml/output/tracks/best_frames_hires/26_12-20/track_0956_r2.jpg
26_12-20.mp4,935,1,1770,88588,3809,1495,3839,1649,3809,1495,3839,1649,1227.2,4620,ml/output/tracks/best_frames/26_12-20/track_0935_r1.jpg,ml/output/tracks/best_frames_hires/26_12-20/track_0935_r1.jpg
26_12-20.mp4,962,1,1770,88588,230,1474,454,1783,230,1474,454,1783,2547.2,69216,ml/output/tracks/best_frames/26_12-20/track_0962_r1.jpg,ml/output/tracks/best_frames_hires/26_12-20/track_0962_r1.jpg
26_12-20.mp4,953,2,1770,88588,2066,10,2404,129,2066,10,2404,129,4072.4,40222,ml/output/tracks/best_frames/26_12-20/track_0953_r2.jpg,ml/output/tracks/best_frames_hires/26_12-20/track_0953_r2.jpg
26_12-20.mp4,949,2,1770,88588,2060,1,2402,376,2060,1,2402,376,1475.3,128250,ml/output/tracks/best_frames/26_12-20/track_0949_r2.jpg,ml/output/tracks/best_frames_hires/26_12-20/track_0949_r2.jpg
26_12-20.mp4,944,1,1770,88588,235,97,459,402,235,97,459,402,4144.0,68320,ml/output/tracks/best_frames/26_12-20/track_0944_r1.jpg,ml/output/tracks/best_frames_hires/26_12-20/track_0944_r1.jpg
26_12-20.mp4,952,1,1770,88588,268,3,489,271,268,3,489,271,2804.6,59228,ml/output/tracks/best_frames/26_12-20/track_0952_r1.jpg,ml/output/tracks/best_frames_hires/26_12-20/track_0952_r1.jpg
26_12-20.mp4,954,1,1770,88588,287,2,497,122,287,2,497,122,1426.9,25200,ml/output/tracks/best_frames/26_12-20/track_0954_r1.jpg,ml/output/tracks/best_frames_hires/26_12-20/track_0954_r1.jpg
26_12-20.mp4,944,0,1773,88738,235,98,459,402,235,98,459,402,4725.7,68096,ml/output/tracks/best_frames/26_12-20/track_0944_r0.jpg,ml/output/tracks/best_frames_hires/26_12-20/track_0944_r0.jpg
26_12-20.mp4,962,0,1773,88738,230,1475,454,1783,230,1475,454,1783,2891.7,68992,ml/output/tracks/best_frames/26_12-20/track_0962_r0.jpg,ml/output/tracks/best_frames_hires/26_12-20/track_0962_r0.jpg
26_12-20.mp4,912,0,1773,88738,196,1013,397,1309,196,1013,397,1309,6448.3,59496,ml/output/tracks/best_frames/26_12-20/track_0912_r0.jpg,ml/output/tracks/best_frames_hires/26_12-20/track_0912_r0.jpg
26_12-20.mp4,952,0,1773,88738,268,3,489,271,268,3,489,271,3086.1,59228,ml/output/tracks/best_frames/26_12-20/track_0952_r0.jpg,ml/output/tracks/best_frames_hires/26_12-20/track_0952_r0.jpg
26_12-20.mp4,913,0,1773,88738,2015,1257,2372,1592,2015,1257,2372,1592,1725.7,119595,ml/output/tracks/best_frames/26_12-20/track_0913_r0.jpg,ml/output/tracks/best_frames_hires/26_12-20/track_0913_r0.jpg
26_12-20.mp4,945,0,1773,88738,184,864,380,1122,184,864,380,1122,3502.3,50568,ml/output/tracks/best_frames/26_12-20/track_0945_r0.jpg,ml/output/tracks/best_frames_hires/26_12-20/track_0945_r0.jpg
26_12-20.mp4,953,0,1773,88738,2066,10,2404,129,2066,10,2404,129,5136.2,40222,ml/output/tracks/best_frames/26_12-20/track_0953_r0.jpg,ml/output/tracks/best_frames_hires/26_12-20/track_0953_r0.jpg
26_12-20.mp4,957,0,1773,88738,1067,864,1220,898,1067,864,1220,898,4604.8,5202,ml/output/tracks/best_frames/26_12-20/track_0957_r0.jpg,ml/output/tracks/best_frames_hires/26_12-20/track_0957_r0.jpg
26_12-20.mp4,935,0,1773,88738,3809,1494,3839,1649,3809,1494,3839,1649,1618.2,4650,ml/output/tracks/best_frames/26_12-20/track_0935_r0.jpg,ml/output/tracks/best_frames_hires/26_12-20/track_0935_r0.jpg
26_12-20.mp4,949,0,1773,88738,2060,1,2402,375,2060,1,2402,375,1849.6,127908,ml/output/tracks/best_frames/26_12-20/track_0949_r0.jpg,ml/output/tracks/best_frames_hires/26_12-20/track_0949_r0.jpg
26_12-20.mp4,955,1,1773,88738,2193,1267,2378,1296,2193,1267,2378,1296,1835.9,5365,ml/output/tracks/best_frames/26_12-20/track_0955_r1.jpg,ml/output/tracks/best_frames_hires/26_12-20/track_0955_r1.jpg
26_12-20.mp4,954,0,1773,88738,287,2,497,122,287,2,497,122,1478.3,25200,ml/output/tracks/best_frames/26_12-20/track_0954_r0.jpg,ml/output/tracks/best_frames_hires/26_12-20/track_0954_r0.jpg
26_12-20.mp4,958,0,1773,88738,967,1239,1166,1296,967,1239,1166,1296,22573.3,11343,ml/output/tracks/best_frames/26_12-20/track_0958_r0.jpg,ml/output/tracks/best_frames_hires/26_12-20/track_0958_r0.jpg
26_12-20.mp4,956,0,1773,88738,2030,1082,2303,1281,2030,1082,2303,1281,309.0,54327,ml/output/tracks/best_frames/26_12-20/track_0956_r0.jpg,ml/output/tracks/best_frames_hires/26_12-20/track_0956_r0.jpg
