video,track_id,rank,frame_idx,frame_ts_ms,x_min,y_min,x_max,y_max,x_min_orig,y_min_orig,x_max_orig,y_max_orig,sharpness,area,crop_path
43_15.mp4,0,0,33,1654,2213,1887,2412,2066,2213,1887,2412,2066,5028.3,35621,ml/output/tracks/best_frames/43_15/track_0000_r0.jpg
43_15.mp4,0,1,36,1805,2213,1887,2412,2066,2213,1887,2412,2066,5015.5,35621,ml/output/tracks/best_frames/43_15/track_0000_r1.jpg
43_15.mp4,0,2,39,1955,2214,1887,2412,2066,2214,1887,2412,2066,5033.9,35442,ml/output/tracks/best_frames/43_15/track_0000_r2.jpg
43_15.mp4,1,0,36,1805,1096,948,1296,1385,1096,948,1296,1385,7054.2,87400,ml/output/tracks/best_frames/43_15/track_0001_r0.jpg
43_15.mp4,1,1,39,1955,1096,948,1296,1385,1096,948,1296,1385,7032.7,87400,ml/output/tracks/best_frames/43_15/track_0001_r1.jpg
43_15.mp4,1,2,33,1654,1096,948,1296,1384,1096,948,1296,1384,7024.7,87200,ml/output/tracks/best_frames/43_15/track_0001_r2.jpg
43_15.mp4,2,0,39,1955,1112,1434,1310,1646,1112,1434,1310,1646,7312.6,41976,ml/output/tracks/best_frames/43_15/track_0002_r0.jpg
43_15.mp4,2,1,33,1654,1112,1434,1310,1646,1112,1434,1310,1646,7282.0,41976,ml/output/tracks/best_frames/43_15/track_0002_r1.jpg
43_15.mp4,2,2,36,1805,1112,1434,1310,1646,1112,1434,1310,1646,7272.2,41976,ml/output/tracks/best_frames/43_15/track_0002_r2.jpg
43_15.mp4,3,0,33,1654,1125,90,1326,302,1125,90,1326,302,7315.4,42612,ml/output/tracks/best_frames/43_15/track_0003_r0.jpg
43_15.mp4,3,1,36,1805,1125,90,1326,302,1125,90,1326,302,7295.4,42612,ml/output/tracks/best_frames/43_15/track_0003_r1.jpg
43_15.mp4,3,2,39,1955,1125,90,1326,303,1125,90,1326,303,7248.7,42813,ml/output/tracks/best_frames/43_15/track_0003_r2.jpg
43_15.mp4,4,0,36,1805,1138,1688,1343,1893,1138,1688,1343,1893,7987.5,42025,ml/output/tracks/best_frames/43_15/track_0004_r0.jpg
43_15.mp4,4,1,39,1955,1138,1688,1343,1893,1138,1688,1343,1893,7976.2,42025,ml/output/tracks/best_frames/43_15/track_0004_r1.jpg
43_15.mp4,4,2,33,1654,1135,1698,1338,1889,1135,1698,1338,1889,8545.8,38773,ml/output/tracks/best_frames/43_15/track_0004_r2.jpg
43_15.mp4,5,0,27,1354,3273,1294,3360,1488,3273,1294,3360,1488,2322.6,16878,ml/output/tracks/best_frames/43_15/track_0005_r0.jpg
43_15.mp4,5,1,9,451,3274,1294,3360,1487,3274,1294,3360,1487,2352.2,16598,ml/output/tracks/best_frames/43_15/track_0005_r1.jpg
43_15.mp4,5,2,39,1955,3273,1294,3359,1488,3273,1294,3359,1488,2320.7,16684,ml/output/tracks/best_frames/43_15/track_0005_r2.jpg
43_15.mp4,6,0,33,1654,286,510,436,711,286,510,436,711,3450.8,30150,ml/output/tracks/best_frames/43_15/track_0006_r0.jpg
43_15.mp4,6,1,39,1955,286,510,436,711,286,510,436,711,3446.3,30150,ml/output/tracks/best_frames/43_15/track_0006_r1.jpg
43_15.mp4,6,2,36,1805,286,510,436,711,286,510,436,711,3445.1,30150,ml/output/tracks/best_frames/43_15/track_0006_r2.jpg
43_15.mp4,7,0,33,1654,1095,708,1290,919,1095,708,1290,919,11384.9,41145,ml/output/tracks/best_frames/43_15/track_0007_r0.jpg
43_15.mp4,7,1,27,1354,1097,710,1288,921,1097,710,1288,921,11074.0,40301,ml/output/tracks/best_frames/43_15/track_0007_r1.jpg
43_15.mp4,7,2,30,1504,1097,706,1288,921,1097,706,1288,921,10838.9,41065,ml/output/tracks/best_frames/43_15/track_0007_r2.jpg
43_15.mp4,8,0,39,1955,341,105,502,288,341,105,502,288,2635.0,29463,ml/output/tracks/best_frames/43_15/track_0008_r0.jpg
43_15.mp4,8,1,36,1805,341,105,503,288,341,105,503,288,2606.9,29646,ml/output/tracks/best_frames/43_15/track_0008_r1.jpg
43_15.mp4,8,2,33,1654,341,105,503,288,341,105,503,288,2600.5,29646,ml/output/tracks/best_frames/43_15/track_0008_r2.jpg
43_15.mp4,9,0,18,902,2271,0,2463,133,2271,0,2463,133,5800.6,25536,ml/output/tracks/best_frames/43_15/track_0009_r0.jpg
43_15.mp4,9,1,39,1955,2270,0,2463,133,2270,0,2463,133,5757.4,25669,ml/output/tracks/best_frames/43_15/track_0009_r1.jpg
43_15.mp4,9,2,27,1354,2270,0,2463,133,2270,0,2463,133,5736.5,25669,ml/output/tracks/best_frames/43_15/track_0009_r2.jpg
43_15.mp4,10,0,39,1955,279,916,428,1106,279,916,428,1106,5357.2,28310,ml/output/tracks/best_frames/43_15/track_0010_r0.jpg
43_15.mp4,10,1,36,1805,279,916,428,1106,279,916,428,1106,5312.7,28310,ml/output/tracks/best_frames/43_15/track_0010_r1.jpg
43_15.mp4,10,2,33,1654,279,916,428,1106,279,916,428,1106,5305.5,28310,ml/output/tracks/best_frames/43_15/track_0010_r2.jpg
43_15.mp4,11,0,30,1504,2250,1266,2469,1508,2250,1266,2469,1508,4592.8,52998,ml/output/tracks/best_frames/43_15/track_0011_r0.jpg
43_15.mp4,11,1,33,1654,2250,1266,2469,1508,2250,1266,2469,1508,4589.0,52998,ml/output/tracks/best_frames/43_15/track_0011_r1.jpg
43_15.mp4,11,2,36,1805,2250,1266,2469,1508,2250,1266,2469,1508,4580.5,52998,ml/output/tracks/best_frames/43_15/track_0011_r2.jpg
43_15.mp4,12,0,6,301,3285,287,3378,500,3285,287,3378,500,2437.8,19809,ml/output/tracks/best_frames/43_15/track_0012_r0.jpg
43_15.mp4,12,1,9,451,3286,287,3378,500,3286,287,3378,500,2455.4,19596,ml/output/tracks/best_frames/43_15/track_0012_r1.jpg
43_15.mp4,12,2,3,150,3285,287,3378,500,3285,287,3378,500,2426.9,19809,ml/output/tracks/best_frames/43_15/track_0012_r2.jpg
43_15.mp4,13,0,21,1053,3317,778,3400,970,3317,778,3400,970,3758.0,15936,ml/output/tracks/best_frames/43_15/track_0013_r0.jpg
43_15.mp4,13,1,30,1504,3317,778,3399,969,3317,778,3399,969,3813.0,15662,ml/output/tracks/best_frames/43_15/track_0013_r1.jpg
43_15.mp4,13,2,39,1955,3317,778,3399,969,3317,778,3399,969,3809.3,15662,ml/output/tracks/best_frames/43_15/track_0013_r2.jpg
43_15.mp4,14,0,36,1805,2278,395,2486,622,2278,395,2486,622,7691.6,47216,ml/output/tracks/best_frames/43_15/track_0014_r0.jpg
43_15.mp4,14,1,39,1955,2278,395,2485,622,2278,395,2485,622,7707.2,46989,ml/output/tracks/best_frames/43_15/track_0014_r1.jpg
43_15.mp4,14,2,30,1504,2278,394,2485,622,2278,394,2485,622,7628.8,47196,ml/output/tracks/best_frames/43_15/track_0014_r2.jpg
43_15.mp4,16,0,42,2106,3216,1676,3330,1855,3216,1676,3330,1855,1166.5,20406,ml/output/tracks/best_frames/43_15/track_0016_r0.jpg
43_15.mp4,16,1,24,1203,3204,1687,3304,1869,3204,1687,3304,1869,1157.4,18200,ml/output/tracks/best_frames/43_15/track_0016_r1.jpg
43_15.mp4,16,2,21,1053,3204,1687,3304,1869,3204,1687,3304,1869,1155.4,18200,ml/output/tracks/best_frames/43_15/track_0016_r2.jpg
43_15.mp4,17,0,39,1955,3325,865,3392,963,3325,865,3392,963,4400.3,6566,ml/output/tracks/best_frames/43_15/track_0017_r0.jpg
43_15.mp4,17,1,42,2106,3325,865,3392,966,3325,865,3392,966,4237.2,6767,ml/output/tracks/best_frames/43_15/track_0017_r1.jpg
43_15.mp4,17,2,36,1805,3325,865,3392,963,3325,865,3392,963,4343.6,6566,ml/output/tracks/best_frames/43_15/track_0017_r2.jpg
43_15.mp4,18,0,36,1805,2254,1380,2456,1621,2254,1380,2456,1621,2856.4,48682,ml/output/tracks/best_frames/43_15/track_0018_r0.jpg
43_15.mp4,18,1,33,1654,2254,1380,2455,1621,2254,1380,2455,1621,2865.1,48441,ml/output/tracks/best_frames/43_15/track_0018_r1.jpg
43_15.mp4,18,2,27,1354,2255,1381,2455,1620,2255,1381,2455,1620,2894.1,47800,ml/output/tracks/best_frames/43_15/track_0018_r2.jpg
43_15.mp4,20,0,6,301,282,981,429,1190,282,981,429,1190,3506.3,30723,ml/output/tracks/best_frames/43_15/track_0020_r0.jpg
43_15.mp4,20,1,0,0,282,981,429,1190,282,981,429,1190,3466.3,30723,ml/output/tracks/best_frames/43_15/track_0020_r1.jpg
43_15.mp4,20,2,39,1955,283,981,429,1189,283,981,429,1189,3238.9,30368,ml/output/tracks/best_frames/43_15/track_0020_r2.jpg
43_15.mp4,22,0,39,1955,2274,490,2482,724,2274,490,2482,724,5164.3,48672,ml/output/tracks/best_frames/43_15/track_0022_r0.jpg
43_15.mp4,22,1,36,1805,2274,490,2482,724,2274,490,2482,724,5155.4,48672,ml/output/tracks/best_frames/43_15/track_0022_r1.jpg
43_15.mp4,22,2,33,1654,2274,490,2482,724,2274,490,2482,724,5118.4,48672,ml/output/tracks/best_frames/43_15/track_0022_r2.jpg
43_15.mp4,24,0,15,752,284,865,426,934,284,865,426,934,2467.5,9798,ml/output/tracks/best_frames/43_15/track_0024_r0.jpg
43_15.mp4,24,1,18,902,284,865,426,934,284,865,426,934,2454.8,9798,ml/output/tracks/best_frames/43_15/track_0024_r1.jpg
43_15.mp4,24,2,12,602,284,865,427,934,284,865,427,934,2424.8,9867,ml/output/tracks/best_frames/43_15/track_0024_r2.jpg
43_15.mp4,25,0,3,150,1119,168,1318,401,1119,168,1318,401,4530.9,46367,ml/output/tracks/best_frames/43_15/track_0025_r0.jpg
43_15.mp4,25,1,0,0,1119,168,1318,401,1119,168,1318,401,4520.7,46367,ml/output/tracks/best_frames/43_15/track_0025_r1.jpg
43_15.mp4,26,0,0,0,3292,1255,3358,1425,3292,1255,3358,1425,2600.8,11220,ml/output/tracks/best_frames/43_15/track_0026_r0.jpg
43_15.mp4,26,1,3,150,3292,1255,3358,1425,3292,1255,3358,1425,2599.8,11220,ml/output/tracks/best_frames/43_15/track_0026_r1.jpg
43_15.mp4,29,0,9,451,3292,1255,3358,1425,3292,1255,3358,1425,2639.2,11220,ml/output/tracks/best_frames/43_15/track_0029_r0.jpg
43_15.mp4,29,1,12,602,3292,1255,3358,1425,3292,1255,3358,1425,2607.6,11220,ml/output/tracks/best_frames/43_15/track_0029_r1.jpg
43_15.mp4,29,2,15,752,3292,1255,3358,1425,3292,1255,3358,1425,2589.0,11220,ml/output/tracks/best_frames/43_15/track_0029_r2.jpg
43_15.mp4,31,0,24,1203,1118,168,1318,400,1118,168,1318,400,4795.0,46400,ml/output/tracks/best_frames/43_15/track_0031_r0.jpg
43_15.mp4,31,1,21,1053,1118,168,1318,400,1118,168,1318,400,4775.0,46400,ml/output/tracks/best_frames/43_15/track_0031_r1.jpg
43_15.mp4,31,2,18,902,1118,168,1318,400,1118,168,1318,400,4750.9,46400,ml/output/tracks/best_frames/43_15/track_0031_r2.jpg
43_15.mp4,33,0,30,1504,3292,1255,3358,1425,3292,1255,3358,1425,2667.9,11220,ml/output/tracks/best_frames/43_15/track_0033_r0.jpg
43_15.mp4,33,1,39,1955,3292,1255,3358,1425,3292,1255,3358,1425,2665.8,11220,ml/output/tracks/best_frames/43_15/track_0033_r1.jpg
43_15.mp4,33,2,33,1654,3292,1255,3358,1425,3292,1255,3358,1425,2656.6,11220,ml/output/tracks/best_frames/43_15/track_0033_r2.jpg
43_15.mp4,34,0,36,1805,1636,1039,1945,1214,1636,1039,1945,1214,12952.1,54075,ml/output/tracks/best_frames/43_15/track_0034_r0.jpg
43_15.mp4,34,1,33,1654,1636,1039,1945,1214,1636,1039,1945,1214,12914.2,54075,ml/output/tracks/best_frames/43_15/track_0034_r1.jpg
43_15.mp4,34,2,30,1504,1635,1040,1944,1214,1635,1040,1944,1214,12978.3,53766,ml/output/tracks/best_frames/43_15/track_0034_r2.jpg
43_15.mp4,35,0,39,1955,1118,167,1318,400,1118,167,1318,400,4831.5,46600,ml/output/tracks/best_frames/43_15/track_0035_r0.jpg
43_15.mp4,35,1,33,1654,1118,167,1318,400,1118,167,1318,400,4827.9,46600,ml/output/tracks/best_frames/43_15/track_0035_r1.jpg
43_15.mp4,35,2,36,1805,1118,167,1318,400,1118,167,1318,400,4824.5,46600,ml/output/tracks/best_frames/43_15/track_0035_r2.jpg
43_15.mp4,37,0,42,2106,285,864,425,1023,285,864,425,1023,2547.2,22260,ml/output/tracks/best_frames/43_15/track_0037_r0.jpg
43_15.mp4,37,1,45,2256,284,864,424,1036,284,864,424,1036,1192.1,24080,ml/output/tracks/best_frames/43_15/track_0037_r1.jpg
43_15.mp4,38,0,45,2256,3272,1390,3350,1577,3272,1390,3350,1577,1085.4,14586,ml/output/tracks/best_frames/43_15/track_0038_r0.jpg
43_15.mp4,38,1,48,2406,3266,1355,3352,1549,3266,1355,3352,1549,721.5,16684,ml/output/tracks/best_frames/43_15/track_0038_r1.jpg
43_15.mp4,38,2,51,2557,3265,1355,3339,1516,3265,1355,3339,1516,443.2,11914,ml/output/tracks/best_frames/43_15/track_0038_r2.jpg
43_15.mp4,39,0,45,2256,302,444,446,644,302,444,446,644,1132.8,28800,ml/output/tracks/best_frames/43_15/track_0039_r0.jpg
43_15.mp4,39,1,48,2406,298,476,448,681,298,476,448,681,745.7,30750,ml/output/tracks/best_frames/43_15/track_0039_r1.jpg
43_15.mp4,39,2,51,2557,296,516,445,716,296,516,445,716,550.9,29800,ml/output/tracks/best_frames/43_15/track_0039_r2.jpg
43_15.mp4,40,0,45,2256,286,1014,431,1222,286,1014,431,1222,973.0,30160,ml/output/tracks/best_frames/43_15/track_0040_r0.jpg
43_15.mp4,40,1,51,2557,278,1015,427,1214,278,1015,427,1214,760.6,29651,ml/output/tracks/best_frames/43_15/track_0040_r1.jpg
43_15.mp4,40,2,48,2406,288,1041,435,1264,288,1041,435,1264,611.3,32781,ml/output/tracks/best_frames/43_15/track_0040_r2.jpg
43_15.mp4,41,0,48,2406,3202,1717,3304,1905,3202,1717,3304,1905,357.8,19176,ml/output/tracks/best_frames/43_15/track_0041_r0.jpg
43_15.mp4,41,1,45,2256,3196,1758,3293,1929,3196,1758,3293,1929,384.7,16587,ml/output/tracks/best_frames/43_15/track_0041_r1.jpg
43_15.mp4,41,2,51,2557,3175,1755,3292,1950,3175,1755,3292,1950,210.9,22815,ml/output/tracks/best_frames/43_15/track_0041_r2.jpg
43_15.mp4,42,0,45,2256,3292,362,3384,595,3292,362,3384,595,2447.7,21436,ml/output/tracks/best_frames/43_15/track_0042_r0.jpg
43_15.mp4,42,1,51,2557,3300,454,3388,615,3300,454,3388,615,1088.5,14168,ml/output/tracks/best_frames/43_15/track_0042_r1.jpg
43_15.mp4,42,2,48,2406,3300,413,3386,569,3300,413,3386,569,1041.2,13416,ml/output/tracks/best_frames/43_15/track_0042_r2.jpg
43_15.mp4,47,0,54,2707,3251,1404,3344,1585,3251,1404,3344,1585,576.9,16833,ml/output/tracks/best_frames/43_15/track_0047_r0.jpg
43_15.mp4,47,1,51,2557,3248,1387,3343,1600,3248,1387,3343,1600,417.2,20235,ml/output/tracks/best_frames/43_15/track_0047_r1.jpg
43_15.mp4,47,2,48,2406,3267,1426,3346,1618,3267,1426,3346,1618,545.5,15168,ml/output/tracks/best_frames/43_15/track_0047_r2.jpg
43_15.mp4,51,0,54,2707,2263,103,2449,304,2263,103,2449,304,1422.5,37386,ml/output/tracks/best_frames/43_15/track_0051_r0.jpg
43_15.mp4,51,1,51,2557,2279,103,2455,313,2279,103,2455,313,952.6,36960,ml/output/tracks/best_frames/43_15/track_0051_r1.jpg
43_15.mp4,52,0,54,2707,2267,573,2467,805,2267,573,2467,805,1115.6,46400,ml/output/tracks/best_frames/43_15/track_0052_r0.jpg
43_15.mp4,52,1,51,2557,2274,597,2474,840,2274,597,2474,840,881.9,48600,ml/output/tracks/best_frames/43_15/track_0052_r1.jpg
43_15.mp4,53,0,51,2557,1127,1616,1326,1842,1127,1616,1326,1842,919.0,44974,ml/output/tracks/best_frames/43_15/track_0053_r0.jpg
43_15.mp4,53,1,54,2707,1118,1585,1321,1798,1118,1585,1321,1798,482.5,43239,ml/output/tracks/best_frames/43_15/track_0053_r1.jpg
43_15.mp4,54,0,54,2707,283,1057,434,1252,283,1057,434,1252,707.6,29445,ml/output/tracks/best_frames/43_15/track_0054_r0.jpg
43_15.mp4,54,1,51,2557,292,1080,439,1301,292,1080,439,1301,460.2,32487,ml/output/tracks/best_frames/43_15/track_0054_r1.jpg
43_15.mp4,55,0,57,2858,2183,2079,2386,2159,2183,2079,2386,2159,424.9,16240,ml/output/tracks/best_frames/43_15/track_0055_r0.jpg
43_15.mp4,55,1,54,2707,2180,2078,2384,2159,2180,2078,2384,2159,386.1,16524,ml/output/tracks/best_frames/43_15/track_0055_r1.jpg
43_15.mp4,55,2,51,2557,2192,2073,2390,2159,2192,2073,2390,2159,277.4,17028,ml/output/tracks/best_frames/43_15/track_0055_r2.jpg
43_15.mp4,57,0,54,2707,3234,1451,3334,1657,3234,1451,3334,1657,476.0,20600,ml/output/tracks/best_frames/43_15/track_0057_r0.jpg
43_15.mp4,57,1,51,2557,3248,1483,3336,1639,3248,1483,3336,1639,335.6,13728,ml/output/tracks/best_frames/43_15/track_0057_r1.jpg
43_15.mp4,58,0,63,3158,1093,1160,1296,1571,1093,1160,1296,1571,900.3,83433,ml/output/tracks/best_frames/43_15/track_0058_r0.jpg
43_15.mp4,58,1,60,3008,1099,1153,1295,1491,1099,1153,1295,1491,1079.2,66248,ml/output/tracks/best_frames/43_15/track_0058_r1.jpg
43_15.mp4,58,2,51,2557,1098,1058,1294,1257,1098,1058,1294,1257,1768.5,39004,ml/output/tracks/best_frames/43_15/track_0058_r2.jpg
43_15.mp4,59,0,66,3309,1104,117,1318,333,1104,117,1318,333,1006.4,46224,ml/output/tracks/best_frames/43_15/track_0059_r0.jpg
43_15.mp4,59,1,69,3459,1100,169,1313,388,1100,169,1313,388,993.6,46647,ml/output/tracks/best_frames/43_15/track_0059_r1.jpg
43_15.mp4,59,2,60,3008,1120,6,1331,226,1120,6,1331,226,996.0,46420,ml/output/tracks/best_frames/43_15/track_0059_r2.jpg
43_15.mp4,60,0,57,2858,2212,1515,2427,1735,2212,1515,2427,1735,130.3,47300,ml/output/tracks/best_frames/43_15/track_0060_r0.jpg
43_15.mp4,60,1,54,2707,2226,1529,2435,1777,2226,1529,2435,1777,116.9,51832,ml/output/tracks/best_frames/43_15/track_0060_r1.jpg
43_15.mp4,61,0,54,2707,2276,168,2458,386,2276,168,2458,386,853.4,39676,ml/output/tracks/best_frames/43_15/track_0061_r0.jpg
43_15.mp4,61,1,57,2858,2267,189,2450,367,2267,189,2450,367,803.7,32574,ml/output/tracks/best_frames/43_15/track_0061_r1.jpg
43_15.mp4,62,0,57,2858,286,1110,438,1310,286,1110,438,1310,619.7,30400,ml/output/tracks/best_frames/43_15/track_0062_r0.jpg
43_15.mp4,62,1,54,2707,294,1113,441,1345,294,1113,441,1345,407.0,34104,ml/output/tracks/best_frames/43_15/track_0062_r1.jpg
43_15.mp4,63,0,60,3008,2255,726,2463,946,2255,726,2463,946,974.2,45760,ml/output/tracks/best_frames/43_15/track_0063_r0.jpg
43_15.mp4,63,1,54,2707,2270,668,2469,909,2270,668,2469,909,833.2,47959,ml/output/tracks/best_frames/43_15/track_0063_r1.jpg
43_15.mp4,63,2,57,2858,2263,656,2469,888,2263,656,2469,888,776.8,47792,ml/output/tracks/best_frames/43_15/track_0063_r2.jpg
43_15.mp4,64,0,54,2707,355,136,501,307,355,136,501,307,457.0,24966,ml/output/tracks/best_frames/43_15/track_0064_r0.jpg
43_15.mp4,64,1,57,2858,341,205,489,385,341,205,489,385,426.0,26640,ml/output/tracks/best_frames/43_15/track_0064_r1.jpg
43_15.mp4,65,0,63,3158,3206,165,3341,440,3206,165,3341,440,272.4,37125,ml/output/tracks/best_frames/43_15/track_0065_r0.jpg
43_15.mp4,65,1,60,3008,3206,88,3332,298,3206,88,3332,298,141.0,26460,ml/output/tracks/best_frames/43_15/track_0065_r1.jpg
43_15.mp4,65,2,69,3459,3206,238,3334,463,3206,238,3334,463,124.0,28800,ml/output/tracks/best_frames/43_15/track_0065_r2.jpg
43_15.mp4,66,0,57,2858,3288,1015,3373,1215,3288,1015,3373,1215,1285.2,17000,ml/output/tracks/best_frames/43_15/track_0066_r0.jpg
43_15.mp4,66,1,54,2707,3304,1043,3373,1147,3304,1043,3373,1147,1519.4,7176,ml/output/tracks/best_frames/43_15/track_0066_r1.jpg
43_15.mp4,67,0,54,2707,1126,1660,1325,1885,1126,1660,1325,1885,559.2,44775,ml/output/tracks/best_frames/43_15/track_0067_r0.jpg
43_15.mp4,67,1,57,2858,1120,1648,1321,1854,1120,1648,1321,1854,409.2,41406,ml/output/tracks/best_frames/43_15/track_0067_r1.jpg
43_15.mp4,68,0,57,2858,3219,1500,3323,1718,3219,1500,3323,1718,497.0,22672,ml/output/tracks/best_frames/43_15/track_0068_r0.jpg
43_15.mp4,68,1,60,3008,3209,1528,3302,1734,3209,1528,3302,1734,546.9,19158,ml/output/tracks/best_frames/43_15/track_0068_r1.jpg
43_15.mp4,68,2,63,3158,3208,1573,3294,1732,3208,1573,3294,1732,658.2,13674,ml/output/tracks/best_frames/43_15/track_0068_r2.jpg
43_15.mp4,70,0,60,3008,276,766,428,968,276,766,428,968,543.8,30704,ml/output/tracks/best_frames/43_15/track_0070_r0.jpg
43_15.mp4,70,1,63,3158,278,818,427,1013,278,818,427,1013,495.0,29055,ml/output/tracks/best_frames/43_15/track_0070_r1.jpg
43_15.mp4,70,2,66,3309,278,863,427,1051,278,863,427,1051,485.9,28012,ml/output/tracks/best_frames/43_15/track_0070_r2.jpg
43_15.mp4,71,0,72,3610,2239,864,2456,1107,2239,864,2456,1107,1157.4,52731,ml/output/tracks/best_frames/43_15/track_0071_r0.jpg
43_15.mp4,71,1,69,3459,2238,891,2438,1118,2238,891,2438,1118,996.5,45400,ml/output/tracks/best_frames/43_15/track_0071_r1.jpg
43_15.mp4,71,2,66,3309,2242,842,2445,1069,2242,842,2445,1069,874.1,46081,ml/output/tracks/best_frames/43_15/track_0071_r2.jpg
43_15.mp4,72,0,63,3158,2251,293,2444,497,2251,293,2444,497,1429.1,39372,ml/output/tracks/best_frames/43_15/track_0072_r0.jpg
43_15.mp4,72,1,60,3008,2262,235,2457,446,2262,235,2457,446,1084.6,41145,ml/output/tracks/best_frames/43_15/track_0072_r1.jpg
43_15.mp4,72,2,66,3309,2251,356,2438,560,2251,356,2438,560,1058.2,38148,ml/output/tracks/best_frames/43_15/track_0072_r2.jpg
43_15.mp4,74,0,60,3008,295,1165,444,1364,295,1165,444,1364,918.1,29651,ml/output/tracks/best_frames/43_15/track_0074_r0.jpg
43_15.mp4,74,1,63,3158,295,1212,453,1409,295,1212,453,1409,782.6,31126,ml/output/tracks/best_frames/43_15/track_0074_r1.jpg
43_15.mp4,74,2,57,2858,297,1182,446,1406,297,1182,446,1406,396.9,33376,ml/output/tracks/best_frames/43_15/track_0074_r2.jpg
43_15.mp4,75,0,63,3158,3268,1115,3359,1317,3268,1115,3359,1317,1435.8,18382,ml/output/tracks/best_frames/43_15/track_0075_r0.jpg
43_15.mp4,75,1,60,3008,3272,1080,3360,1283,3272,1080,3360,1283,1365.6,17864,ml/output/tracks/best_frames/43_15/track_0075_r1.jpg
43_15.mp4,75,2,57,2858,3289,1100,3362,1251,3289,1100,3362,1251,1615.0,11023,ml/output/tracks/best_frames/43_15/track_0075_r2.jpg
43_15.mp4,76,0,69,3459,2184,1723,2387,1926,2184,1723,2387,1926,264.7,41209,ml/output/tracks/best_frames/43_15/track_0076_r0.jpg
43_15.mp4,76,1,66,3309,2187,1703,2394,1934,2187,1703,2394,1934,210.3,47817,ml/output/tracks/best_frames/43_15/track_0076_r1.jpg
43_15.mp4,76,2,63,3158,2199,1628,2392,1834,2199,1628,2392,1834,242.0,39758,ml/output/tracks/best_frames/43_15/track_0076_r2.jpg
43_15.mp4,77,0,63,3158,3273,600,3374,813,3273,600,3374,813,953.3,21513,ml/output/tracks/best_frames/43_15/track_0077_r0.jpg
43_15.mp4,77,1,60,3008,3278,566,3374,777,3278,566,3374,777,906.0,20256,ml/output/tracks/best_frames/43_15/track_0077_r1.jpg
43_15.mp4,77,2,57,2858,3297,579,3385,746,3297,579,3385,746,1193.3,14696,ml/output/tracks/best_frames/43_15/track_0077_r2.jpg
43_15.mp4,78,0,81,4061,2226,651,2304,856,2226,651,2304,856,2536.5,15990,ml/output/tracks/best_frames/43_15/track_0078_r0.jpg
43_15.mp4,78,1,93,4662,2212,870,2304,1095,2212,870,2304,1095,1847.6,20700,ml/output/tracks/best_frames/43_15/track_0078_r1.jpg
43_15.mp4,78,2,90,4512,2221,835,2304,1055,2221,835,2304,1055,2053.5,18260,ml/output/tracks/best_frames/43_15/track_0078_r2.jpg
43_15.mp4,80,0,57,2858,1130,1725,1326,1953,1130,1725,1326,1953,536.4,44688,ml/output/tracks/best_frames/43_15/track_0080_r0.jpg
43_15.mp4,80,1,60,3008,1123,1699,1321,1900,1123,1699,1321,1900,590.0,39798,ml/output/tracks/best_frames/43_15/track_0080_r1.jpg
43_15.mp4,81,0,60,3008,1084,1020,1289,1233,1084,1020,1289,1233,1318.2,43665,ml/output/tracks/best_frames/43_15/track_0081_r0.jpg
43_15.mp4,81,1,63,3158,1085,1071,1287,1287,1085,1071,1287,1287,1076.2,43632,ml/output/tracks/best_frames/43_15/track_0081_r1.jpg
43_15.mp4,81,2,66,3309,1080,1126,1282,1340,1080,1126,1282,1340,1003.2,43228,ml/output/tracks/best_frames/43_15/track_0081_r2.jpg
43_15.mp4,82,0,60,3008,276,870,429,961,276,870,429,961,715.9,13923,ml/output/tracks/best_frames/43_15/track_0082_r0.jpg
43_15.mp4,82,1,57,2858,276,797,428,984,276,797,428,984,330.0,28424,ml/output/tracks/best_frames/43_15/track_0082_r1.jpg
43_15.mp4,83,0,63,3158,311,377,464,566,311,377,464,566,736.4,28917,ml/output/tracks/best_frames/43_15/track_0083_r0.jpg
43_15.mp4,83,1,60,3008,316,336,460,529,316,336,460,529,660.2,27792,ml/output/tracks/best_frames/43_15/track_0083_r1.jpg
43_15.mp4,83,2,57,2858,314,373,462,540,314,373,462,540,418.0,24716,ml/output/tracks/best_frames/43_15/track_0083_r2.jpg
43_15.mp4,84,0,63,3158,3189,1618,3285,1813,3189,1618,3285,1813,566.7,18720,ml/output/tracks/best_frames/43_15/track_0084_r0.jpg
43_15.mp4,84,1,60,3008,3198,1592,3294,1805,3198,1592,3294,1805,497.0,20448,ml/output/tracks/best_frames/43_15/track_0084_r1.jpg
43_15.mp4,84,2,66,3309,3189,1619,3281,1774,3189,1619,3281,1774,579.2,14260,ml/output/tracks/best_frames/43_15/track_0084_r2.jpg
43_15.mp4,85,0,63,3158,363,93,502,271,363,93,502,271,612.7,24742,ml/output/tracks/best_frames/43_15/track_0085_r0.jpg
43_15.mp4,85,1,60,3008,368,47,511,231,368,47,511,231,570.9,26312,ml/output/tracks/best_frames/43_15/track_0085_r1.jpg
43_15.mp4,85,2,66,3309,351,164,489,330,351,164,489,330,580.4,22908,ml/output/tracks/best_frames/43_15/track_0085_r2.jpg
43_15.mp4,86,0,63,3158,3109,1941,3210,2128,3109,1941,3210,2128,247.0,18887,ml/output/tracks/best_frames/43_15/track_0086_r0.jpg
43_15.mp4,86,1,60,3008,3110,1910,3217,2109,3110,1910,3217,2109,161.2,21293,ml/output/tracks/best_frames/43_15/track_0086_r1.jpg
43_15.mp4,86,2,72,3610,3084,2047,3174,2154,3084,2047,3174,2154,196.5,9630,ml/output/tracks/best_frames/43_15/track_0086_r2.jpg
43_15.mp4,87,0,60,3008,1133,1772,1325,1993,1133,1772,1325,1993,709.1,42432,ml/output/tracks/best_frames/43_15/track_0087_r0.jpg
43_15.mp4,87,1,63,3158,1124,1755,1320,1945,1124,1755,1320,1945,631.1,37240,ml/output/tracks/best_frames/43_15/track_0087_r1.jpg
43_15.mp4,87,2,72,3610,1138,1904,1335,2084,1138,1904,1335,2084,588.9,35460,ml/output/tracks/best_frames/43_15/track_0087_r2.jpg
43_15.mp4,89,0,69,3459,3242,1228,3338,1431,3242,1228,3338,1431,1459.2,19488,ml/output/tracks/best_frames/43_15/track_0089_r0.jpg
43_15.mp4,89,1,66,3309,3251,1170,3346,1374,3251,1170,3346,1374,1390.7,19380,ml/output/tracks/best_frames/43_15/track_0089_r1.jpg
43_15.mp4,89,2,72,3610,3240,1268,3327,1461,3240,1268,3327,1461,1433.4,16791,ml/output/tracks/best_frames/43_15/track_0089_r2.jpg
43_15.mp4,91,0,72,3610,3150,1741,3254,1950,3150,1741,3254,1950,607.2,21736,ml/output/tracks/best_frames/43_15/track_0091_r0.jpg
43_15.mp4,91,1,69,3459,3160,1707,3262,1907,3160,1707,3262,1907,586.8,20400,ml/output/tracks/best_frames/43_15/track_0091_r1.jpg
43_15.mp4,91,2,75,3760,3138,1786,3240,1978,3138,1786,3240,1978,530.8,19584,ml/output/tracks/best_frames/43_15/track_0091_r2.jpg
43_15.mp4,92,0,66,3309,3271,666,3367,870,3271,666,3367,870,1053.1,19584,ml/output/tracks/best_frames/43_15/track_0092_r0.jpg
43_15.mp4,92,1,63,3158,3281,694,3369,876,3281,694,3369,876,1129.7,16016,ml/output/tracks/best_frames/43_15/track_0092_r1.jpg
43_15.mp4,93,0,63,3158,3270,1245,3346,1296,3270,1245,3346,1296,2133.7,3876,ml/output/tracks/best_frames/43_15/track_0093_r0.jpg
43_15.mp4,93,1,69,3459,3259,1251,3335,1295,3259,1251,3335,1295,1620.8,3344,ml/output/tracks/best_frames/43_15/track_0093_r1.jpg
43_15.mp4,93,2,66,3309,3261,1251,3334,1295,3261,1251,3334,1295,1669.3,3212,ml/output/tracks/best_frames/43_15/track_0093_r2.jpg
43_15.mp4,94,0,66,3309,300,1256,452,1449,300,1256,452,1449,673.8,29336,ml/output/tracks/best_frames/43_15/track_0094_r0.jpg
43_15.mp4,94,1,63,3158,303,1288,454,1487,303,1288,454,1487,601.5,30049,ml/output/tracks/best_frames/43_15/track_0094_r1.jpg
43_15.mp4,95,0,66,3309,305,424,456,617,305,424,456,617,778.1,29143,ml/output/tracks/best_frames/43_15/track_0095_r0.jpg
43_15.mp4,95,1,69,3459,312,416,461,598,312,416,461,598,691.0,27118,ml/output/tracks/best_frames/43_15/track_0095_r1.jpg
43_15.mp4,95,2,63,3158,309,466,450,640,309,466,450,640,412.6,24534,ml/output/tracks/best_frames/43_15/track_0095_r2.jpg
43_15.mp4,97,0,66,3309,1094,509,1290,715,1094,509,1290,715,1272.7,40376,ml/output/tracks/best_frames/43_15/track_0097_r0.jpg
43_15.mp4,97,1,63,3158,1096,530,1294,761,1096,530,1294,761,996.1,45738,ml/output/tracks/best_frames/43_15/track_0097_r1.jpg
43_15.mp4,98,0,75,3760,2243,1,2434,202,2243,1,2434,202,891.1,38391,ml/output/tracks/best_frames/43_15/track_0098_r0.jpg
43_15.mp4,98,1,72,3610,2243,6,2435,153,2243,6,2435,153,842.1,28224,ml/output/tracks/best_frames/43_15/track_0098_r1.jpg
43_15.mp4,98,2,69,3459,2255,0,2437,150,2255,0,2437,150,452.7,27300,ml/output/tracks/best_frames/43_15/track_0098_r2.jpg
43_15.mp4,99,0,69,3459,299,1301,461,1498,299,1301,461,1498,718.4,31914,ml/output/tracks/best_frames/43_15/track_0099_r0.jpg
43_15.mp4,99,1,66,3309,305,1325,461,1533,305,1325,461,1533,646.3,32448,ml/output/tracks/best_frames/43_15/track_0099_r1.jpg
43_15.mp4,100,0,69,3459,2235,983,2437,1238,2235,983,2437,1238,940.3,51510,ml/output/tracks/best_frames/43_15/track_0100_r0.jpg
43_15.mp4,100,1,66,3309,2238,940,2440,1193,2238,940,2440,1193,925.7,51106,ml/output/tracks/best_frames/43_15/track_0100_r1.jpg
43_15.mp4,100,2,72,3610,2237,955,2434,1182,2237,955,2434,1182,922.1,44719,ml/output/tracks/best_frames/43_15/track_0100_r2.jpg
43_15.mp4,101,0,69,3459,3270,727,3364,922,3270,727,3364,922,1381.6,18330,ml/output/tracks/best_frames/43_15/track_0101_r0.jpg
43_15.mp4,101,1,66,3309,3276,760,3365,932,3276,760,3365,932,1207.2,15308,ml/output/tracks/best_frames/43_15/track_0101_r1.jpg
43_15.mp4,101,2,72,3610,3271,726,3359,916,3271,726,3359,916,1005.0,16720,ml/output/tracks/best_frames/43_15/track_0101_r2.jpg
43_15.mp4,102,0,69,3459,1085,556,1283,783,1085,556,1283,783,1422.9,44946,ml/output/tracks/best_frames/43_15/track_0102_r0.jpg
43_15.mp4,102,1,66,3309,1090,590,1289,820,1090,590,1289,820,976.5,45770,ml/output/tracks/best_frames/43_15/track_0102_r1.jpg
43_15.mp4,103,0,69,3459,300,479,447,670,300,479,447,670,750.8,28077,ml/output/tracks/best_frames/43_15/track_0103_r0.jpg
43_15.mp4,103,1,75,3760,308,497,452,673,308,497,452,673,776.8,25344,ml/output/tracks/best_frames/43_15/track_0103_r1.jpg
43_15.mp4,103,2,72,3610,309,459,457,631,309,459,457,631,711.2,25456,ml/output/tracks/best_frames/43_15/track_0103_r2.jpg
43_15.mp4,104,0,69,3459,2248,403,2440,612,2248,403,2440,612,1148.2,40128,ml/output/tracks/best_frames/43_15/track_0104_r0.jpg
43_15.mp4,104,1,66,3309,2257,449,2450,653,2257,449,2450,653,952.4,39372,ml/output/tracks/best_frames/43_15/track_0104_r1.jpg
43_15.mp4,106,0,75,3760,334,267,474,450,334,267,474,450,781.7,25620,ml/output/tracks/best_frames/43_15/track_0106_r0.jpg
43_15.mp4,106,1,72,3610,339,226,481,412,339,226,481,412,722.5,26412,ml/output/tracks/best_frames/43_15/track_0106_r1.jpg
43_15.mp4,106,2,69,3459,346,205,479,375,346,205,479,375,620.2,22610,ml/output/tracks/best_frames/43_15/track_0106_r2.jpg
43_15.mp4,107,0,72,3610,276,950,436,1152,276,950,436,1152,544.6,32320,ml/output/tracks/best_frames/43_15/track_0107_r0.jpg
43_15.mp4,107,1,69,3459,278,926,428,1105,278,926,428,1105,503.6,26850,ml/output/tracks/best_frames/43_15/track_0107_r1.jpg
43_15.mp4,107,2,66,3309,281,932,432,1141,281,932,432,1141,319.5,31559,ml/output/tracks/best_frames/43_15/track_0107_r2.jpg
43_15.mp4,109,0,72,3610,3171,0,3306,133,3171,0,3306,133,180.9,17955,ml/output/tracks/best_frames/43_15/track_0109_r0.jpg
43_15.mp4,109,1,69,3459,3175,0,3307,117,3175,0,3307,117,207.4,15444,ml/output/tracks/best_frames/43_15/track_0109_r1.jpg
43_15.mp4,109,2,75,3760,3168,1,3294,160,3168,1,3294,160,128.0,20034,ml/output/tracks/best_frames/43_15/track_0109_r2.jpg
43_15.mp4,110,0,249,12483,2216,1365,2303,1579,2216,1365,2303,1579,7781.0,18618,ml/output/tracks/best_frames/43_15/track_0110_r0.jpg
43_15.mp4,110,1,246,12333,2216,1365,2303,1579,2216,1365,2303,1579,7780.1,18618,ml/output/tracks/best_frames/43_15/track_0110_r1.jpg
43_15.mp4,110,2,273,13687,2217,1365,2303,1580,2217,1365,2303,1580,7810.5,18490,ml/output/tracks/best_frames/43_15/track_0110_r2.jpg
43_15.mp4,111,0,69,3459,1083,1077,1300,1277,1083,1077,1300,1277,697.3,43400,ml/output/tracks/best_frames/43_15/track_0111_r0.jpg
43_15.mp4,111,1,72,3610,1084,1096,1304,1287,1084,1096,1304,1287,617.1,42020,ml/output/tracks/best_frames/43_15/track_0111_r1.jpg
43_15.mp4,112,0,72,3610,2240,451,2439,666,2240,451,2439,666,1536.7,42785,ml/output/tracks/best_frames/43_15/track_0112_r0.jpg
43_15.mp4,112,1,69,3459,2256,490,2442,698,2256,490,2442,698,956.5,38688,ml/output/tracks/best_frames/43_15/track_0112_r1.jpg
43_15.mp4,113,0,75,3760,309,1385,474,1582,309,1385,474,1582,763.1,32505,ml/output/tracks/best_frames/43_15/track_0113_r0.jpg
43_15.mp4,113,1,72,3610,313,1361,459,1546,313,1361,459,1546,706.5,27010,ml/output/tracks/best_frames/43_15/track_0113_r1.jpg
43_15.mp4,113,2,69,3459,309,1390,459,1575,309,1390,459,1575,674.9,27750,ml/output/tracks/best_frames/43_15/track_0113_r2.jpg
43_15.mp4,114,0,75,3760,296,571,440,766,296,571,440,766,769.2,28080,ml/output/tracks/best_frames/43_15/track_0114_r0.jpg
43_15.mp4,114,1,72,3610,297,523,444,720,297,523,444,720,716.4,28959,ml/output/tracks/best_frames/43_15/track_0114_r1.jpg
43_15.mp4,114,2,78,3910,300,562,446,743,300,562,446,743,781.5,26426,ml/output/tracks/best_frames/43_15/track_0114_r2.jpg
43_15.mp4,115,0,72,3610,1096,223,1308,443,1096,223,1308,443,997.5,46640,ml/output/tracks/best_frames/43_15/track_0115_r0.jpg
43_15.mp4,115,1,69,3459,1090,250,1305,462,1090,250,1305,462,863.7,45580,ml/output/tracks/best_frames/43_15/track_0115_r1.jpg
43_15.mp4,116,0,72,3610,1082,610,1281,835,1082,610,1281,835,1369.4,44775,ml/output/tracks/best_frames/43_15/track_0116_r0.jpg
43_15.mp4,116,1,69,3459,1093,646,1291,887,1093,646,1291,887,554.7,47718,ml/output/tracks/best_frames/43_15/track_0116_r1.jpg
43_15.mp4,118,0,72,3610,2182,1766,2383,1974,2182,1766,2383,1974,286.7,41808,ml/output/tracks/best_frames/43_15/track_0118_r0.jpg
43_15.mp4,118,1,69,3459,2181,1801,2382,2023,2181,1801,2382,2023,151.6,44622,ml/output/tracks/best_frames/43_15/track_0118_r1.jpg
43_15.mp4,119,0,75,3760,3263,823,3355,1012,3263,823,3355,1012,1113.6,17388,ml/output/tracks/best_frames/43_15/track_0119_r0.jpg
43_15.mp4,119,1,69,3459,3276,812,3353,940,3276,812,3353,940,1357.6,9856,ml/output/tracks/best_frames/43_15/track_0119_r1.jpg
43_15.mp4,119,2,72,3610,3276,864,3357,969,3276,864,3357,969,1201.1,8505,ml/output/tracks/best_frames/43_15/track_0119_r2.jpg
43_15.mp4,120,0,69,3459,3251,1164,3347,1352,3251,1164,3347,1352,1423.5,18048,ml/output/tracks/best_frames/43_15/track_0120_r0.jpg
43_15.mp4,120,1,72,3610,3249,1216,3335,1376,3249,1216,3335,1376,1403.7,13760,ml/output/tracks/best_frames/43_15/track_0120_r1.jpg
43_15.mp4,123,0,75,3760,2239,531,2442,728,2239,531,2442,728,1031.6,39991,ml/output/tracks/best_frames/43_15/track_0123_r0.jpg
43_15.mp4,123,1,72,3610,2252,542,2438,740,2252,542,2438,740,1030.9,36828,ml/output/tracks/best_frames/43_15/track_0123_r1.jpg
43_15.mp4,124,0,75,3760,1090,275,1302,501,1090,275,1302,501,1121.9,47912,ml/output/tracks/best_frames/43_15/track_0124_r0.jpg
43_15.mp4,124,1,72,3610,1087,313,1293,517,1087,313,1293,517,924.3,42024,ml/output/tracks/best_frames/43_15/track_0124_r1.jpg
43_15.mp4,125,0,75,3760,280,1012,431,1208,280,1012,431,1208,483.6,29596,ml/output/tracks/best_frames/43_15/track_0125_r0.jpg
43_15.mp4,125,1,78,3910,282,1059,432,1248,282,1059,432,1248,435.4,28350,ml/output/tracks/best_frames/43_15/track_0125_r1.jpg
43_15.mp4,125,2,72,3610,283,1036,435,1240,283,1036,435,1240,352.0,31008,ml/output/tracks/best_frames/43_15/track_0125_r2.jpg
43_15.mp4,126,0,75,3760,2229,1010,2434,1241,2229,1010,2434,1241,947.0,47355,ml/output/tracks/best_frames/43_15/track_0126_r0.jpg
43_15.mp4,126,1,72,3610,2237,1047,2433,1304,2237,1047,2433,1304,740.9,50372,ml/output/tracks/best_frames/43_15/track_0126_r1.jpg
43_15.mp4,127,0,78,3910,315,1432,481,1628,315,1432,481,1628,731.7,32536,ml/output/tracks/best_frames/43_15/track_0127_r0.jpg
43_15.mp4,127,1,72,3610,322,1414,471,1626,322,1414,471,1626,540.6,31588,ml/output/tracks/best_frames/43_15/track_0127_r1.jpg
43_15.mp4,127,2,75,3760,331,1469,480,1661,331,1469,480,1661,529.4,28608,ml/output/tracks/best_frames/43_15/track_0127_r2.jpg
43_15.mp4,128,0,78,3910,330,315,468,495,330,315,468,495,830.9,24840,ml/output/tracks/best_frames/43_15/track_0128_r0.jpg
43_15.mp4,128,1,72,3610,335,322,465,478,335,322,465,478,760.4,20280,ml/output/tracks/best_frames/43_15/track_0128_r1.jpg
43_15.mp4,128,2,75,3760,335,353,465,533,335,353,465,533,592.9,23400,ml/output/tracks/best_frames/43_15/track_0128_r2.jpg
43_15.mp4,129,0,75,3760,1079,670,1279,891,1079,670,1279,891,1405.2,44200,ml/output/tracks/best_frames/43_15/track_0129_r0.jpg
43_15.mp4,129,1,78,3910,1078,723,1279,947,1078,723,1279,947,1379.4,45024,ml/output/tracks/best_frames/43_15/track_0129_r1.jpg
43_15.mp4,129,2,72,3610,1083,706,1284,940,1083,706,1284,940,903.6,47034,ml/output/tracks/best_frames/43_15/track_0129_r2.jpg
43_15.mp4,130,0,72,3610,3643,1614,3698,1717,3643,1614,3698,1717,1072.3,5665,ml/output/tracks/best_frames/43_15/track_0130_r0.jpg
43_15.mp4,130,1,75,3760,3644,1643,3700,1748,3644,1643,3700,1748,960.7,5880,ml/output/tracks/best_frames/43_15/track_0130_r1.jpg
43_15.mp4,131,0,81,4061,2159,1913,2355,2106,2159,1913,2355,2106,251.5,37828,ml/output/tracks/best_frames/43_15/track_0131_r0.jpg
43_15.mp4,131,1,78,3910,2170,1884,2366,2079,2170,1884,2366,2079,231.7,38220,ml/output/tracks/best_frames/43_15/track_0131_r1.jpg
43_15.mp4,131,2,75,3760,2173,1830,2375,2038,2173,1830,2375,2038,192.9,42016,ml/output/tracks/best_frames/43_15/track_0131_r2.jpg
43_15.mp4,132,0,78,3910,2218,1071,2428,1294,2218,1071,2428,1294,1253.8,46830,ml/output/tracks/best_frames/43_15/track_0132_r0.jpg
43_15.mp4,132,1,75,3760,2230,1114,2424,1325,2230,1114,2424,1325,696.9,40934,ml/output/tracks/best_frames/43_15/track_0132_r1.jpg
43_15.mp4,133,0,78,3910,2228,584,2437,793,2228,584,2437,793,1309.8,43681,ml/output/tracks/best_frames/43_15/track_0133_r0.jpg
43_15.mp4,133,1,75,3760,2254,612,2439,815,2254,612,2439,815,503.6,37555,ml/output/tracks/best_frames/43_15/track_0133_r1.jpg
43_15.mp4,134,0,81,4061,1078,790,1275,1016,1078,790,1275,1016,1678.7,44522,ml/output/tracks/best_frames/43_15/track_0134_r0.jpg
43_15.mp4,134,1,78,3910,1089,807,1282,1048,1089,807,1282,1048,624.8,46513,ml/output/tracks/best_frames/43_15/track_0134_r1.jpg
43_15.mp4,134,2,75,3760,1081,864,1289,1007,1081,864,1289,1007,540.7,29744,ml/output/tracks/best_frames/43_15/track_0134_r2.jpg
43_15.mp4,135,0,75,3760,3266,898,3350,1063,3266,898,3350,1063,1450.4,13860,ml/output/tracks/best_frames/43_15/track_0135_r0.jpg
43_15.mp4,135,1,81,4061,3258,898,3344,1056,3258,898,3344,1056,1331.6,13588,ml/output/tracks/best_frames/43_15/track_0135_r1.jpg
43_15.mp4,135,2,78,3910,3255,867,3348,1062,3255,867,3348,1062,986.1,18135,ml/output/tracks/best_frames/43_15/track_0135_r2.jpg
43_15.mp4,136,0,78,3910,293,622,439,821,293,622,439,821,720.0,29054,ml/output/tracks/best_frames/43_15/track_0136_r0.jpg
43_15.mp4,136,1,75,3760,303,643,436,843,303,643,436,843,430.4,26600,ml/output/tracks/best_frames/43_15/track_0136_r1.jpg
43_15.mp4,137,0,75,3760,1096,1379,1295,1755,1096,1379,1295,1755,707.3,74824,ml/output/tracks/best_frames/43_15/track_0137_r0.jpg
43_15.mp4,137,1,78,3910,1094,1430,1293,1659,1094,1430,1293,1659,809.9,45571,ml/output/tracks/best_frames/43_15/track_0137_r1.jpg
43_15.mp4,137,2,81,4061,1090,1405,1284,1611,1090,1405,1284,1611,799.8,39964,ml/output/tracks/best_frames/43_15/track_0137_r2.jpg
43_15.mp4,138,0,87,4362,2238,10,2434,213,2238,10,2434,213,855.5,39788,ml/output/tracks/best_frames/43_15/track_0138_r0.jpg
43_15.mp4,138,1,78,3910,2237,37,2428,253,2237,37,2428,253,791.8,41256,ml/output/tracks/best_frames/43_15/track_0138_r1.jpg
43_15.mp4,138,2,75,3760,2246,80,2432,299,2246,80,2432,299,660.1,40734,ml/output/tracks/best_frames/43_15/track_0138_r2.jpg
43_15.mp4,139,0,78,3910,1085,333,1293,556,1085,333,1293,556,1144.3,46384,ml/output/tracks/best_frames/43_15/track_0139_r0.jpg
43_15.mp4,139,1,81,4061,1080,396,1281,615,1080,396,1281,615,1185.8,44019,ml/output/tracks/best_frames/43_15/track_0139_r1.jpg
43_15.mp4,139,2,75,3760,1088,378,1288,570,1088,378,1288,570,1090.3,38400,ml/output/tracks/best_frames/43_15/track_0139_r2.jpg
43_15.mp4,140,0,93,4662,377,105,520,293,377,105,520,293,597.9,26884,ml/output/tracks/best_frames/43_15/track_0140_r0.jpg
43_15.mp4,140,1,90,4512,381,81,529,269,381,81,529,269,552.4,27824,ml/output/tracks/best_frames/43_15/track_0140_r1.jpg
43_15.mp4,140,2,87,4362,392,16,540,191,392,16,540,191,517.3,25900,ml/output/tracks/best_frames/43_15/track_0140_r2.jpg
43_15.mp4,142,0,81,4061,3176,84,3315,285,3176,84,3315,285,281.3,27939,ml/output/tracks/best_frames/43_15/track_0142_r0.jpg
43_15.mp4,142,1,75,3760,3176,40,3318,237,3176,40,3318,237,197.8,27974,ml/output/tracks/best_frames/43_15/track_0142_r1.jpg
43_15.mp4,142,2,78,3910,3176,38,3302,218,3176,38,3302,218,162.1,22680,ml/output/tracks/best_frames/43_15/track_0142_r2.jpg
43_15.mp4,143,0,75,3760,3209,328,3337,585,3209,328,3337,585,126.5,32896,ml/output/tracks/best_frames/43_15/track_0143_r0.jpg
43_15.mp4,143,1,78,3910,3210,394,3335,609,3210,394,3335,609,101.2,26875,ml/output/tracks/best_frames/43_15/track_0143_r1.jpg
43_15.mp4,145,0,87,4362,1133,17,1321,218,1133,17,1321,218,830.2,37788,ml/output/tracks/best_frames/43_15/track_0145_r0.jpg
43_15.mp4,145,1,78,3910,1140,0,1344,134,1140,0,1344,134,984.8,27336,ml/output/tracks/best_frames/43_15/track_0145_r1.jpg
43_15.mp4,145,2,84,4211,1135,0,1327,163,1135,0,1327,163,752.3,31296,ml/output/tracks/best_frames/43_15/track_0145_r2.jpg
43_15.mp4,146,0,81,4061,287,1104,438,1304,287,1104,438,1304,491.0,30200,ml/output/tracks/best_frames/43_15/track_0146_r0.jpg
43_15.mp4,146,1,78,3910,292,1115,441,1344,292,1115,441,1344,398.1,34121,ml/output/tracks/best_frames/43_15/track_0146_r1.jpg
43_15.mp4,147,0,81,4061,2235,120,2430,319,2235,120,2430,319,903.8,38805,ml/output/tracks/best_frames/43_15/track_0147_r0.jpg
43_15.mp4,147,1,78,3910,2245,132,2430,332,2245,132,2430,332,620.7,37000,ml/output/tracks/best_frames/43_15/track_0147_r1.jpg
43_15.mp4,148,0,81,4061,290,672,436,870,290,672,436,870,710.0,28908,ml/output/tracks/best_frames/43_15/track_0148_r0.jpg
43_15.mp4,148,1,84,4211,296,670,437,843,296,670,437,843,567.9,24393,ml/output/tracks/best_frames/43_15/track_0148_r1.jpg
43_15.mp4,148,2,78,3910,302,690,433,894,302,690,433,894,361.9,26724,ml/output/tracks/best_frames/43_15/track_0148_r2.jpg
43_15.mp4,149,0,84,4211,2215,1081,2433,1284,2215,1081,2433,1284,1621.0,44254,ml/output/tracks/best_frames/43_15/track_0149_r0.jpg
43_15.mp4,149,1,81,4061,2212,1151,2411,1358,2212,1151,2411,1358,1329.6,41193,ml/output/tracks/best_frames/43_15/track_0149_r1.jpg
43_15.mp4,149,2,78,3910,2219,1166,2418,1407,2219,1166,2418,1407,843.2,47959,ml/output/tracks/best_frames/43_15/track_0149_r2.jpg
43_15.mp4,150,0,81,4061,3205,1415,3297,1614,3205,1415,3297,1614,1063.2,18308,ml/output/tracks/best_frames/43_15/track_0150_r0.jpg
43_15.mp4,150,1,84,4211,3209,1431,3295,1585,3209,1431,3295,1585,1432.7,13244,ml/output/tracks/best_frames/43_15/track_0150_r1.jpg
43_15.mp4,150,2,78,3910,3212,1456,3296,1612,3212,1456,3296,1612,734.1,13104,ml/output/tracks/best_frames/43_15/track_0150_r2.jpg
43_15.mp4,151,0,81,4061,2220,648,2435,861,2220,648,2435,861,1326.5,45795,ml/output/tracks/best_frames/43_15/track_0151_r0.jpg
43_15.mp4,151,1,78,3910,2236,667,2429,878,2236,667,2429,878,1137.8,40723,ml/output/tracks/best_frames/43_15/track_0151_r1.jpg
43_15.mp4,152,0,81,4061,320,1477,490,1674,320,1477,490,1674,624.7,33490,ml/output/tracks/best_frames/43_15/track_0152_r0.jpg
43_15.mp4,152,1,102,5114,358,1687,541,1900,358,1687,541,1900,385.9,38979,ml/output/tracks/best_frames/43_15/track_0152_r1.jpg
43_15.mp4,152,2,84,4211,338,1542,490,1728,338,1542,490,1728,524.0,28272,ml/output/tracks/best_frames/43_15/track_0152_r2.jpg
43_15.mp4,153,0,84,4211,3254,952,3343,1118,3254,952,3343,1118,1456.0,14774,ml/output/tracks/best_frames/43_15/track_0153_r0.jpg
43_15.mp4,153,1,81,4061,3245,934,3341,1133,3245,934,3341,1133,1067.2,19104,ml/output/tracks/best_frames/43_15/track_0153_r1.jpg
43_15.mp4,153,2,78,3910,3260,950,3341,1113,3260,950,3341,1113,1304.9,13203,ml/output/tracks/best_frames/43_15/track_0153_r2.jpg
43_15.mp4,154,0,81,4061,328,373,460,553,328,373,460,553,842.7,23760,ml/output/tracks/best_frames/43_15/track_0154_r0.jpg
43_15.mp4,154,1,78,3910,327,392,453,562,327,392,453,562,725.6,21420,ml/output/tracks/best_frames/43_15/track_0154_r1.jpg
43_15.mp4,156,0,87,4362,2158,1992,2354,2159,2158,1992,2354,2159,353.4,32732,ml/output/tracks/best_frames/43_15/track_0156_r0.jpg
43_15.mp4,156,1,84,4211,2159,1966,2356,2146,2159,1966,2356,2146,281.4,35460,ml/output/tracks/best_frames/43_15/track_0156_r1.jpg
43_15.mp4,156,2,93,4662,2146,1998,2351,2151,2146,1998,2351,2151,244.4,31365,ml/output/tracks/best_frames/43_15/track_0156_r2.jpg
43_15.mp4,157,0,93,4662,3665,238,3839,401,3665,238,3839,401,433.7,28362,ml/output/tracks/best_frames/43_15/track_0157_r0.jpg
43_15.mp4,157,1,81,4061,3657,164,3839,342,3657,164,3839,342,368.6,32396,ml/output/tracks/best_frames/43_15/track_0157_r1.jpg
43_15.mp4,157,2,84,4211,3665,157,3839,377,3665,157,3839,377,287.5,38280,ml/output/tracks/best_frames/43_15/track_0157_r2.jpg
43_15.mp4,158,0,87,4362,3219,648,3336,825,3219,648,3336,825,341.4,20709,ml/output/tracks/best_frames/43_15/track_0158_r0.jpg
43_15.mp4,158,1,84,4211,3218,585,3337,766,3218,585,3337,766,306.7,21539,ml/output/tracks/best_frames/43_15/track_0158_r1.jpg
43_15.mp4,158,2,90,4512,3218,713,3334,876,3218,713,3334,876,246.5,18908,ml/output/tracks/best_frames/43_15/track_0158_r2.jpg
43_15.mp4,159,0,87,4362,3182,1533,3278,1729,3182,1533,3278,1729,865.1,18816,ml/output/tracks/best_frames/43_15/track_0159_r0.jpg
43_15.mp4,159,1,84,4211,3195,1490,3284,1695,3195,1490,3284,1695,865.4,18245,ml/output/tracks/best_frames/43_15/track_0159_r1.jpg
43_15.mp4,159,2,81,4061,3202,1496,3281,1689,3202,1496,3281,1689,668.9,15247,ml/output/tracks/best_frames/43_15/track_0159_r2.jpg
43_15.mp4,160,0,81,4061,294,1181,445,1387,294,1181,445,1387,414.8,31106,ml/output/tracks/best_frames/43_15/track_0160_r0.jpg
43_15.mp4,160,1,84,4211,291,1159,441,1357,291,1159,441,1357,410.9,29700,ml/output/tracks/best_frames/43_15/track_0160_r1.jpg
43_15.mp4,161,0,84,4211,1078,462,1280,678,1078,462,1280,678,1103.0,43632,ml/output/tracks/best_frames/43_15/track_0161_r0.jpg
43_15.mp4,161,1,81,4061,1071,494,1275,697,1071,494,1275,697,1029.2,41412,ml/output/tracks/best_frames/43_15/track_0161_r1.jpg
43_15.mp4,162,0,84,4211,1080,862,1275,1078,1080,862,1275,1078,840.9,42120,ml/output/tracks/best_frames/43_15/track_0162_r0.jpg
43_15.mp4,162,1,81,4061,1086,894,1280,1120,1086,894,1280,1120,544.5,43844,ml/output/tracks/best_frames/43_15/track_0162_r1.jpg
43_15.mp4,163,0,84,4211,2221,721,2430,928,2221,721,2430,928,1404.4,43263,ml/output/tracks/best_frames/43_15/track_0163_r0.jpg
43_15.mp4,163,1,81,4061,2228,724,2423,937,2228,724,2423,937,1443.2,41535,ml/output/tracks/best_frames/43_15/track_0163_r1.jpg
43_15.mp4,164,0,87,4362,2241,106,2431,295,2241,106,2431,295,1030.9,35910,ml/output/tracks/best_frames/43_15/track_0164_r0.jpg
43_15.mp4,164,1,84,4211,2236,174,2429,379,2236,174,2429,379,862.9,39565,ml/output/tracks/best_frames/43_15/track_0164_r1.jpg
43_15.mp4,164,2,90,4512,2238,55,2434,263,2238,55,2434,263,800.9,40768,ml/output/tracks/best_frames/43_15/track_0164_r2.jpg
43_15.mp4,165,0,285,14288,2231,1145,2304,1288,2231,1145,2304,1288,6566.1,10439,ml/output/tracks/best_frames/43_15/track_0165_r0.jpg
43_15.mp4,165,1,294,14740,2231,1145,2304,1288,2231,1145,2304,1288,6539.8,10439,ml/output/tracks/best_frames/43_15/track_0165_r1.jpg
43_15.mp4,165,2,288,14439,2231,1145,2304,1288,2231,1145,2304,1288,6539.1,10439,ml/output/tracks/best_frames/43_15/track_0165_r2.jpg
43_15.mp4,166,0,99,4963,307,670,438,839,307,670,438,839,954.4,22139,ml/output/tracks/best_frames/43_15/track_0166_r0.jpg
43_15.mp4,166,1,93,4662,299,783,438,936,299,783,438,936,926.7,21267,ml/output/tracks/best_frames/43_15/track_0166_r1.jpg
43_15.mp4,166,2,84,4211,290,727,433,918,290,727,433,918,623.6,27313,ml/output/tracks/best_frames/43_15/track_0166_r2.jpg
43_15.mp4,167,0,81,4061,1099,1482,1294,1705,1099,1482,1294,1705,729.5,43485,ml/output/tracks/best_frames/43_15/track_0167_r0.jpg
43_15.mp4,167,1,84,4211,1096,1467,1289,1664,1096,1467,1289,1664,639.3,38021,ml/output/tracks/best_frames/43_15/track_0167_r1.jpg
43_15.mp4,168,0,81,4061,3190,150,3320,377,3190,150,3320,377,282.3,29510,ml/output/tracks/best_frames/43_15/track_0168_r0.jpg
43_15.mp4,168,1,84,4211,3181,125,3311,343,3181,125,3311,343,257.1,28340,ml/output/tracks/best_frames/43_15/track_0168_r1.jpg
43_15.mp4,169,0,84,4211,2211,1204,2412,1424,2211,1204,2412,1424,1161.5,44220,ml/output/tracks/best_frames/43_15/track_0169_r0.jpg
43_15.mp4,169,1,87,4362,2212,1257,2303,1482,2212,1257,2303,1482,1888.9,20475,ml/output/tracks/best_frames/43_15/track_0169_r1.jpg
43_15.mp4,169,2,81,4061,2214,1236,2413,1477,2214,1236,2413,1477,778.3,47959,ml/output/tracks/best_frames/43_15/track_0169_r2.jpg
43_15.mp4,170,0,84,4211,3243,993,3336,1202,3243,993,3336,1202,1311.8,19437,ml/output/tracks/best_frames/43_15/track_0170_r0.jpg
43_15.mp4,170,1,87,4362,3240,1052,3330,1258,3240,1052,3330,1258,1270.8,18540,ml/output/tracks/best_frames/43_15/track_0170_r1.jpg
43_15.mp4,170,2,90,4512,3237,1076,3322,1273,3237,1076,3322,1273,1150.7,16745,ml/output/tracks/best_frames/43_15/track_0170_r2.jpg
43_15.mp4,171,0,84,4211,321,421,453,603,321,421,453,603,783.2,24024,ml/output/tracks/best_frames/43_15/track_0171_r0.jpg
43_15.mp4,171,1,81,4061,320,442,448,619,320,442,448,619,764.2,22656,ml/output/tracks/best_frames/43_15/track_0171_r1.jpg
43_15.mp4,172,0,93,4662,290,864,436,1058,290,864,436,1058,745.1,28324,ml/output/tracks/best_frames/43_15/track_0172_r0.jpg
43_15.mp4,172,1,90,4512,290,830,438,1022,290,830,438,1022,659.5,28416,ml/output/tracks/best_frames/43_15/track_0172_r1.jpg
43_15.mp4,172,2,96,4813,296,855,441,1023,296,855,441,1023,539.1,24360,ml/output/tracks/best_frames/43_15/track_0172_r2.jpg
43_15.mp4,173,0,87,4362,2207,1272,2406,1487,2207,1272,2406,1487,1132.1,42785,ml/output/tracks/best_frames/43_15/track_0173_r0.jpg
43_15.mp4,173,1,84,4211,2214,1282,2412,1518,2214,1282,2412,1518,745.1,46728,ml/output/tracks/best_frames/43_15/track_0173_r1.jpg
43_15.mp4,174,0,93,4662,1069,628,1272,845,1069,628,1272,845,1564.2,44051,ml/output/tracks/best_frames/43_15/track_0174_r0.jpg
43_15.mp4,174,1,87,4362,1074,528,1277,748,1074,528,1277,748,1213.3,44660,ml/output/tracks/best_frames/43_15/track_0174_r1.jpg
43_15.mp4,174,2,90,4512,1073,589,1277,803,1073,589,1277,803,1202.1,43656,ml/output/tracks/best_frames/43_15/track_0174_r2.jpg
43_15.mp4,175,0,99,4963,2221,222,2421,439,2221,222,2421,439,1266.7,43400,ml/output/tracks/best_frames/43_15/track_0175_r0.jpg
43_15.mp4,175,1,96,4813,2223,166,2421,381,2223,166,2421,381,1169.1,42570,ml/output/tracks/best_frames/43_15/track_0175_r1.jpg
43_15.mp4,175,2,93,4662,2231,117,2422,325,2231,117,2422,325,922.4,39728,ml/output/tracks/best_frames/43_15/track_0175_r2.jpg
43_15.mp4,176,0,87,4362,294,1207,452,1410,294,1207,452,1410,491.6,32074,ml/output/tracks/best_frames/43_15/track_0176_r0.jpg
43_15.mp4,176,1,84,4211,302,1226,446,1433,302,1226,446,1433,306.0,29808,ml/output/tracks/best_frames/43_15/track_0176_r1.jpg
43_15.mp4,177,0,87,4362,1079,928,1276,1150,1079,928,1276,1150,1950.1,43734,ml/output/tracks/best_frames/43_15/track_0177_r0.jpg
43_15.mp4,177,1,90,4512,1076,864,1283,1094,1076,864,1283,1094,905.2,47610,ml/output/tracks/best_frames/43_15/track_0177_r1.jpg
43_15.mp4,177,2,84,4211,1084,960,1281,1185,1084,960,1281,1185,758.0,44325,ml/output/tracks/best_frames/43_15/track_0177_r2.jpg
43_15.mp4,179,0,84,4211,1102,1539,1298,1767,1102,1539,1298,1767,705.9,44688,ml/output/tracks/best_frames/43_15/track_0179_r0.jpg
43_15.mp4,179,1,87,4362,1103,1530,1290,1714,1103,1530,1290,1714,651.2,34408,ml/output/tracks/best_frames/43_15/track_0179_r1.jpg
43_15.mp4,180,0,84,4211,3195,194,3321,416,3195,194,3321,416,312.7,27972,ml/output/tracks/best_frames/43_15/track_0180_r0.jpg
43_15.mp4,180,1,96,4813,3185,315,3317,533,3185,315,3317,533,299.9,28776,ml/output/tracks/best_frames/43_15/track_0180_r1.jpg
43_15.mp4,180,2,93,4662,3195,310,3320,527,3195,310,3320,527,270.4,27125,ml/output/tracks/best_frames/43_15/track_0180_r2.jpg
43_15.mp4,181,0,93,4662,312,563,441,744,312,563,441,744,930.4,23349,ml/output/tracks/best_frames/43_15/track_0181_r0.jpg
43_15.mp4,181,1,87,4362,318,484,446,660,318,484,446,660,760.8,22528,ml/output/tracks/best_frames/43_15/track_0181_r1.jpg
43_15.mp4,181,2,90,4512,315,542,442,712,315,542,442,712,733.9,21590,ml/output/tracks/best_frames/43_15/track_0181_r2.jpg
43_15.mp4,184,0,87,4362,2224,797,2427,993,2224,797,2427,993,1427.4,39788,ml/output/tracks/best_frames/43_15/track_0184_r0.jpg
43_15.mp4,184,1,84,4211,2233,864,2423,1011,2233,864,2423,1011,1147.4,27930,ml/output/tracks/best_frames/43_15/track_0184_r1.jpg
43_15.mp4,186,0,87,4362,1123,89,1329,308,1123,89,1329,308,781.5,45114,ml/output/tracks/best_frames/43_15/track_0186_r0.jpg
43_15.mp4,186,1,93,4662,1121,117,1313,317,1121,117,1313,317,843.9,38400,ml/output/tracks/best_frames/43_15/track_0186_r1.jpg
43_15.mp4,186,2,90,4512,1128,94,1318,279,1128,94,1318,279,786.2,35150,ml/output/tracks/best_frames/43_15/track_0186_r2.jpg
43_15.mp4,187,0,96,4813,2219,396,2411,608,2219,396,2411,608,1735.7,40704,ml/output/tracks/best_frames/43_15/track_0187_r0.jpg
43_15.mp4,187,1,93,4662,2226,325,2421,555,2226,325,2421,555,1168.1,44850,ml/output/tracks/best_frames/43_15/track_0187_r1.jpg
43_15.mp4,187,2,87,4362,2232,325,2430,541,2232,325,2430,541,1224.6,42768,ml/output/tracks/best_frames/43_15/track_0187_r2.jpg
43_15.mp4,188,0,93,4662,3214,1153,3308,1338,3214,1153,3308,1338,1081.2,17390,ml/output/tracks/best_frames/43_15/track_0188_r0.jpg
43_15.mp4,188,1,96,4813,3209,1218,3296,1399,3209,1218,3296,1399,1150.2,15747,ml/output/tracks/best_frames/43_15/track_0188_r1.jpg
43_15.mp4,188,2,90,4512,3231,1152,3316,1331,3231,1152,3316,1331,1177.5,15215,ml/output/tracks/best_frames/43_15/track_0188_r2.jpg
43_15.mp4,189,0,90,4512,2219,857,2413,1064,2219,857,2413,1064,1464.1,40158,ml/output/tracks/best_frames/43_15/track_0189_r0.jpg
43_15.mp4,189,1,93,4662,2209,906,2405,1092,2209,906,2405,1092,1577.9,36456,ml/output/tracks/best_frames/43_15/track_0189_r1.jpg
43_15.mp4,189,2,87,4362,2234,857,2417,1080,2234,857,2417,1080,1078.7,40809,ml/output/tracks/best_frames/43_15/track_0189_r2.jpg
43_15.mp4,190,0,90,4512,297,1255,463,1455,297,1255,463,1455,488.7,33200,ml/output/tracks/best_frames/43_15/track_0190_r0.jpg
43_15.mp4,190,1,93,4662,306,1280,467,1488,306,1280,467,1488,443.6,33488,ml/output/tracks/best_frames/43_15/track_0190_r1.jpg
43_15.mp4,190,2,96,4813,310,1332,478,1532,310,1332,478,1532,419.4,33600,ml/output/tracks/best_frames/43_15/track_0190_r2.jpg
43_15.mp4,191,0,93,4662,1079,1025,1273,1245,1079,1025,1273,1245,2080.0,42680,ml/output/tracks/best_frames/43_15/track_0191_r0.jpg
43_15.mp4,191,1,90,4512,1078,982,1276,1203,1078,982,1276,1203,1396.6,43758,ml/output/tracks/best_frames/43_15/track_0191_r1.jpg
43_15.mp4,191,2,87,4362,1087,1015,1280,1250,1087,1015,1280,1250,542.5,45355,ml/output/tracks/best_frames/43_15/track_0191_r2.jpg
43_15.mp4,192,0,90,4512,3168,1599,3265,1799,3168,1599,3265,1799,697.0,19400,ml/output/tracks/best_frames/43_15/track_0192_r0.jpg
43_15.mp4,192,1,96,4813,3142,1636,3234,1831,3142,1636,3234,1831,610.9,17940,ml/output/tracks/best_frames/43_15/track_0192_r1.jpg
43_15.mp4,192,2,99,4963,3141,1658,3224,1842,3141,1658,3224,1842,671.5,15272,ml/output/tracks/best_frames/43_15/track_0192_r2.jpg
43_15.mp4,193,0,87,4362,3217,554,3335,756,3217,554,3335,756,130.4,23836,ml/output/tracks/best_frames/43_15/track_0193_r0.jpg
43_15.mp4,193,1,90,4512,3218,640,3329,814,3218,640,3329,814,129.1,19314,ml/output/tracks/best_frames/43_15/track_0193_r1.jpg
43_15.mp4,194,0,90,4512,2205,1335,2399,1542,2205,1335,2399,1542,777.2,40158,ml/output/tracks/best_frames/43_15/track_0194_r0.jpg
43_15.mp4,194,1,87,4362,2209,1350,2407,1587,2209,1350,2407,1587,662.4,46926,ml/output/tracks/best_frames/43_15/track_0194_r1.jpg
43_15.mp4,194,2,93,4662,2195,1367,2376,1572,2195,1367,2376,1572,686.1,37105,ml/output/tracks/best_frames/43_15/track_0194_r2.jpg
43_15.mp4,196,0,87,4362,1106,1609,1306,1844,1106,1609,1306,1844,705.2,47000,ml/output/tracks/best_frames/43_15/track_0196_r0.jpg
43_15.mp4,196,1,93,4662,1110,1615,1302,1828,1110,1615,1302,1828,727.3,40896,ml/output/tracks/best_frames/43_15/track_0196_r1.jpg
43_15.mp4,196,2,90,4512,1107,1580,1296,1793,1107,1580,1296,1793,695.5,40257,ml/output/tracks/best_frames/43_15/track_0196_r2.jpg
43_15.mp4,201,0,96,4813,1069,689,1270,903,1069,689,1270,903,1285.3,43014,ml/output/tracks/best_frames/43_15/track_0201_r0.jpg
43_15.mp4,201,1,93,4662,1082,712,1265,900,1082,712,1265,900,1385.6,34404,ml/output/tracks/best_frames/43_15/track_0201_r1.jpg
43_15.mp4,201,2,90,4512,1076,678,1279,898,1076,678,1279,898,1024.5,44660,ml/output/tracks/best_frames/43_15/track_0201_r2.jpg
43_15.mp4,202,0,96,4813,297,919,435,1109,297,919,435,1109,633.4,26220,ml/output/tracks/best_frames/43_15/track_0202_r0.jpg
43_15.mp4,202,1,93,4662,304,944,436,1146,304,944,436,1146,418.2,26664,ml/output/tracks/best_frames/43_15/track_0202_r1.jpg
43_15.mp4,202,2,90,4512,302,905,433,1113,302,905,433,1113,371.4,27248,ml/output/tracks/best_frames/43_15/track_0202_r2.jpg
43_15.mp4,203,0,96,4813,1079,1082,1274,1293,1079,1082,1274,1293,1536.4,41145,ml/output/tracks/best_frames/43_15/track_0203_r0.jpg
43_15.mp4,203,1,93,4662,1085,1099,1281,1337,1085,1099,1281,1337,835.9,46648,ml/output/tracks/best_frames/43_15/track_0203_r1.jpg
43_15.mp4,203,2,90,4512,1087,1073,1282,1319,1087,1073,1282,1319,729.4,47970,ml/output/tracks/best_frames/43_15/track_0203_r2.jpg
43_15.mp4,205,0,90,4512,1113,173,1319,403,1113,173,1319,403,737.7,47380,ml/output/tracks/best_frames/43_15/track_0205_r0.jpg
43_15.mp4,205,1,93,4662,1111,186,1314,408,1111,186,1314,408,774.2,45066,ml/output/tracks/best_frames/43_15/track_0205_r1.jpg
43_15.mp4,205,2,99,4963,1110,227,1300,435,1110,227,1300,435,846.9,39520,ml/output/tracks/best_frames/43_15/track_0205_r2.jpg
43_15.mp4,206,0,96,4813,3215,1182,3303,1296,3215,1182,3303,1296,1119.3,10032,ml/output/tracks/best_frames/43_15/track_0206_r0.jpg
43_15.mp4,206,1,90,4512,3233,1241,3322,1296,3233,1241,3322,1296,1481.4,4895,ml/output/tracks/best_frames/43_15/track_0206_r1.jpg
43_15.mp4,206,2,99,4963,3211,1250,3300,1296,3211,1250,3300,1296,1079.7,4094,ml/output/tracks/best_frames/43_15/track_0206_r2.jpg
43_15.mp4,207,0,96,4813,308,616,438,786,308,616,438,786,989.3,22100,ml/output/tracks/best_frames/43_15/track_0207_r0.jpg
43_15.mp4,207,1,90,4512,312,608,439,768,312,608,439,768,753.5,20320,ml/output/tracks/best_frames/43_15/track_0207_r1.jpg
43_15.mp4,207,2,93,4662,319,631,436,800,319,631,436,800,565.8,19773,ml/output/tracks/best_frames/43_15/track_0207_r2.jpg
43_15.mp4,208,0,93,4662,3182,254,3311,446,3182,254,3311,446,212.9,24768,ml/output/tracks/best_frames/43_15/track_0208_r0.jpg
43_15.mp4,208,1,90,4512,3188,205,3290,385,3188,205,3290,385,141.8,18360,ml/output/tracks/best_frames/43_15/track_0208_r1.jpg
43_15.mp4,209,0,93,4662,2146,2084,2339,2159,2146,2084,2339,2159,310.2,14475,ml/output/tracks/best_frames/43_15/track_0209_r0.jpg
43_15.mp4,209,1,90,4512,2151,2082,2348,2159,2151,2082,2348,2159,271.0,15169,ml/output/tracks/best_frames/43_15/track_0209_r1.jpg
43_15.mp4,210,0,99,4963,364,195,508,379,364,195,508,379,611.5,26496,ml/output/tracks/best_frames/43_15/track_0210_r0.jpg
43_15.mp4,210,1,90,4512,368,161,514,344,368,161,514,344,471.5,26718,ml/output/tracks/best_frames/43_15/track_0210_r1.jpg
43_15.mp4,210,2,93,4662,368,185,510,349,368,185,510,349,512.9,23288,ml/output/tracks/best_frames/43_15/track_0210_r2.jpg
43_15.mp4,214,0,99,4963,3147,0,3281,116,3147,0,3281,116,632.4,15544,ml/output/tracks/best_frames/43_15/track_0214_r0.jpg
43_15.mp4,214,1,96,4813,3148,0,3279,118,3148,0,3279,118,612.8,15458,ml/output/tracks/best_frames/43_15/track_0214_r1.jpg
43_15.mp4,214,2,93,4662,3151,0,3279,110,3151,0,3279,110,641.9,14080,ml/output/tracks/best_frames/43_15/track_0214_r2.jpg
43_15.mp4,215,0,96,4813,2210,940,2416,1155,2210,940,2416,1155,1178.7,44290,ml/output/tracks/best_frames/43_15/track_0215_r0.jpg
43_15.mp4,215,1,93,4662,2218,963,2416,1186,2218,963,2416,1186,1008.5,44154,ml/output/tracks/best_frames/43_15/track_0215_r1.jpg
43_15.mp4,216,0,99,4963,3126,1714,3218,1902,3126,1714,3218,1902,522.2,17296,ml/output/tracks/best_frames/43_15/track_0216_r0.jpg
43_15.mp4,216,1,96,4813,3137,1714,3228,1912,3137,1714,3228,1912,466.5,18018,ml/output/tracks/best_frames/43_15/track_0216_r1.jpg
43_15.mp4,216,2,102,5114,3107,1749,3205,1948,3107,1749,3205,1948,378.5,19502,ml/output/tracks/best_frames/43_15/track_0216_r2.jpg
43_15.mp4,217,0,96,4813,1120,1721,1314,1949,1120,1721,1314,1949,664.5,44232,ml/output/tracks/best_frames/43_15/track_0217_r0.jpg
43_15.mp4,217,1,99,4963,1122,1721,1313,1935,1122,1721,1313,1935,631.4,40874,ml/output/tracks/best_frames/43_15/track_0217_r1.jpg
43_15.mp4,218,0,99,4963,2205,1008,2392,1215,2205,1008,2392,1215,1456.0,38709,ml/output/tracks/best_frames/43_15/track_0218_r0.jpg
43_15.mp4,218,1,96,4813,2209,1032,2393,1261,2209,1032,2393,1261,1066.5,42136,ml/output/tracks/best_frames/43_15/track_0218_r1.jpg
43_15.mp4,219,0,99,4963,298,964,444,1158,298,964,444,1158,645.6,28324,ml/output/tracks/best_frames/43_15/track_0219_r0.jpg
43_15.mp4,219,1,108,5415,305,840,431,1001,305,840,431,1001,731.8,20286,ml/output/tracks/best_frames/43_15/track_0219_r1.jpg
43_15.mp4,219,2,105,5264,313,843,435,1037,313,843,435,1037,507.5,23668,ml/output/tracks/best_frames/43_15/track_0219_r2.jpg
43_15.mp4,220,0,99,4963,1082,1145,1274,1353,1082,1145,1274,1353,1306.7,39936,ml/output/tracks/best_frames/43_15/track_0220_r0.jpg
43_15.mp4,220,1,96,4813,1081,1169,1281,1410,1081,1169,1281,1410,1061.4,48200,ml/output/tracks/best_frames/43_15/track_0220_r1.jpg
43_15.mp4,221,0,99,4963,314,1381,486,1578,314,1381,486,1578,393.3,33884,ml/output/tracks/best_frames/43_15/track_0221_r0.jpg
43_15.mp4,221,1,105,5264,337,1496,488,1670,337,1496,488,1670,472.2,26274,ml/output/tracks/best_frames/43_15/track_0221_r1.jpg
43_15.mp4,221,2,108,5415,341,1538,495,1710,341,1538,495,1710,459.8,26488,ml/output/tracks/best_frames/43_15/track_0221_r2.jpg
43_15.mp4,222,0,99,4963,2215,461,2412,669,2215,461,2412,669,1884.8,40976,ml/output/tracks/best_frames/43_15/track_0222_r0.jpg
43_15.mp4,222,1,105,5264,2222,353,2421,571,2222,353,2421,571,1129.6,43382,ml/output/tracks/best_frames/43_15/track_0222_r1.jpg
43_15.mp4,222,2,102,5114,2223,383,2422,615,2223,383,2422,615,1030.7,46168,ml/output/tracks/best_frames/43_15/track_0222_r2.jpg
43_15.mp4,223,0,96,4813,354,249,495,437,354,249,495,437,639.9,26508,ml/output/tracks/best_frames/43_15/track_0223_r0.jpg
43_15.mp4,223,1,108,5415,347,375,482,549,347,375,482,549,715.2,23490,ml/output/tracks/best_frames/43_15/track_0223_r1.jpg
43_15.mp4,223,2,99,4963,354,296,490,442,354,296,490,442,686.8,19856,ml/output/tracks/best_frames/43_15/track_0223_r2.jpg
43_15.mp4,224,0,99,4963,1066,750,1270,967,1066,750,1270,967,1467.5,44268,ml/output/tracks/best_frames/43_15/track_0224_r0.jpg
43_15.mp4,224,1,102,5114,1063,808,1270,1027,1063,808,1270,1027,1137.6,45333,ml/output/tracks/best_frames/43_15/track_0224_r1.jpg
43_15.mp4,224,2,96,4813,1118,776,1261,960,1118,776,1261,960,1120.0,26312,ml/output/tracks/best_frames/43_15/track_0224_r2.jpg
43_15.mp4,225,0,99,4963,2186,1472,2367,1683,2186,1472,2367,1683,343.7,38191,ml/output/tracks/best_frames/43_15/track_0225_r0.jpg
43_15.mp4,225,1,96,4813,2187,1497,2382,1728,2187,1497,2382,1728,259.0,45045,ml/output/tracks/best_frames/43_15/track_0225_r1.jpg
43_15.mp4,226,0,96,4813,3203,829,3311,1011,3203,829,3311,1011,610.8,19656,ml/output/tracks/best_frames/43_15/track_0226_r0.jpg
43_15.mp4,226,1,99,4963,3199,818,3311,1023,3199,818,3311,1023,392.6,22960,ml/output/tracks/best_frames/43_15/track_0226_r1.jpg
43_15.mp4,228,0,99,4963,2184,1545,2381,1773,2184,1545,2381,1773,408.0,44916,ml/output/tracks/best_frames/43_15/track_0228_r0.jpg
43_15.mp4,228,1,105,5264,2178,1507,2303,1719,2178,1507,2303,1719,606.7,26500,ml/output/tracks/best_frames/43_15/track_0228_r1.jpg
43_15.mp4,228,2,102,5114,2179,1543,2353,1740,2179,1543,2353,1740,200.9,34278,ml/output/tracks/best_frames/43_15/track_0228_r2.jpg
43_15.mp4,229,0,117,5866,310,972,440,1159,310,972,440,1159,1067.5,24310,ml/output/tracks/best_frames/43_15/track_0229_r0.jpg
43_15.mp4,229,1,102,5114,299,1018,442,1214,299,1018,442,1214,499.9,28028,ml/output/tracks/best_frames/43_15/track_0229_r1.jpg
43_15.mp4,229,2,114,5715,316,992,437,1173,316,992,437,1173,630.1,21901,ml/output/tracks/best_frames/43_15/track_0229_r2.jpg
43_15.mp4,230,0,102,5114,1080,1209,1273,1423,1080,1209,1273,1423,1045.0,41302,ml/output/tracks/best_frames/43_15/track_0230_r0.jpg
43_15.mp4,230,1,99,4963,1090,1227,1285,1465,1090,1227,1285,1465,598.8,46410,ml/output/tracks/best_frames/43_15/track_0230_r1.jpg
43_15.mp4,231,0,99,4963,1133,1800,1324,2025,1133,1800,1324,2025,568.7,42975,ml/output/tracks/best_frames/43_15/track_0231_r0.jpg
43_15.mp4,231,1,105,5264,1135,1879,1321,2095,1135,1879,1321,2095,440.2,40176,ml/output/tracks/best_frames/43_15/track_0231_r1.jpg
43_15.mp4,231,2,108,5415,1134,1873,1319,2085,1134,1873,1319,2085,433.0,39220,ml/output/tracks/best_frames/43_15/track_0231_r2.jpg
43_15.mp4,232,0,102,5114,3191,440,3326,631,3191,440,3326,631,311.6,25785,ml/output/tracks/best_frames/43_15/track_0232_r0.jpg
43_15.mp4,232,1,99,4963,3192,466,3326,639,3192,466,3326,639,295.5,23182,ml/output/tracks/best_frames/43_15/track_0232_r1.jpg
43_15.mp4,232,2,108,5415,3192,531,3315,711,3192,531,3315,711,211.3,22140,ml/output/tracks/best_frames/43_15/track_0232_r2.jpg
43_15.mp4,233,0,102,5114,306,725,434,890,306,725,434,890,903.5,21120,ml/output/tracks/best_frames/43_15/track_0233_r0.jpg
43_15.mp4,233,1,105,5264,305,778,433,948,305,778,433,948,868.5,21760,ml/output/tracks/best_frames/43_15/track_0233_r1.jpg
43_15.mp4,233,2,99,4963,316,737,437,924,316,737,437,924,692.8,22627,ml/output/tracks/best_frames/43_15/track_0233_r2.jpg
43_15.mp4,234,0,105,5264,2197,1132,2403,1294,2197,1132,2403,1294,1279.4,33372,ml/output/tracks/best_frames/43_15/track_0234_r0.jpg
43_15.mp4,234,1,102,5114,2203,1088,2404,1284,2203,1088,2404,1284,992.7,39396,ml/output/tracks/best_frames/43_15/track_0234_r1.jpg
43_15.mp4,234,2,99,4963,2210,1119,2407,1296,2210,1119,2407,1296,962.1,34869,ml/output/tracks/best_frames/43_15/track_0234_r2.jpg
43_15.mp4,235,0,99,4963,3205,903,3310,1098,3205,903,3310,1098,807.0,20475,ml/output/tracks/best_frames/43_15/track_0235_r0.jpg
43_15.mp4,235,1,105,5264,3194,930,3307,1143,3194,930,3307,1143,365.2,24069,ml/output/tracks/best_frames/43_15/track_0235_r1.jpg
43_15.mp4,235,2,102,5114,3195,883,3309,1096,3195,883,3309,1096,325.9,24282,ml/output/tracks/best_frames/43_15/track_0235_r2.jpg
43_15.mp4,236,0,102,5114,1103,297,1304,557,1103,297,1304,557,738.8,52260,ml/output/tracks/best_frames/43_15/track_0236_r0.jpg
43_15.mp4,236,1,105,5264,1100,370,1304,572,1100,370,1304,572,850.1,41208,ml/output/tracks/best_frames/43_15/track_0236_r1.jpg
43_15.mp4,236,2,99,4963,1103,332,1301,555,1103,332,1301,555,791.9,44154,ml/output/tracks/best_frames/43_15/track_0236_r2.jpg
43_15.mp4,237,0,108,5415,2209,664,2406,883,2209,664,2406,883,1669.1,43143,ml/output/tracks/best_frames/43_15/track_0237_r0.jpg
43_15.mp4,237,1,105,5264,2216,623,2417,874,2216,623,2417,874,1272.3,50451,ml/output/tracks/best_frames/43_15/track_0237_r1.jpg
43_15.mp4,237,2,102,5114,2218,514,2418,754,2218,514,2418,754,1298.8,48000,ml/output/tracks/best_frames/43_15/track_0237_r2.jpg
43_15.mp4,239,0,111,5565,2230,9,2416,213,2230,9,2416,213,1224.7,37944,ml/output/tracks/best_frames/43_15/track_0239_r0.jpg
43_15.mp4,239,1,108,5415,2228,7,2417,161,2228,7,2417,161,904.0,29106,ml/output/tracks/best_frames/43_15/track_0239_r1.jpg
43_15.mp4,239,2,105,5264,2233,0,2424,133,2233,0,2424,133,683.8,25403,ml/output/tracks/best_frames/43_15/track_0239_r2.jpg
43_15.mp4,240,0,102,5114,2172,1621,2367,1839,2172,1621,2367,1839,539.5,42510,ml/output/tracks/best_frames/43_15/track_0240_r0.jpg
43_15.mp4,240,1,120,6016,2166,1793,2303,2006,2166,1793,2303,2006,720.4,29181,ml/output/tracks/best_frames/43_15/track_0240_r1.jpg
43_15.mp4,240,2,123,6167,2168,1834,2303,2045,2168,1834,2303,2045,727.8,28485,ml/output/tracks/best_frames/43_15/track_0240_r2.jpg
43_15.mp4,241,0,105,5264,1064,883,1266,1095,1064,883,1266,1095,997.4,42824,ml/output/tracks/best_frames/43_15/track_0241_r0.jpg
43_15.mp4,241,1,102,5114,1064,915,1258,1113,1064,915,1258,1113,993.6,38412,ml/output/tracks/best_frames/43_15/track_0241_r1.jpg
43_15.mp4,242,0,105,5264,1082,1273,1275,1480,1082,1273,1275,1480,1113.0,39951,ml/output/tracks/best_frames/43_15/track_0242_r0.jpg
43_15.mp4,242,1,102,5114,1086,1280,1284,1528,1086,1280,1284,1528,582.9,49104,ml/output/tracks/best_frames/43_15/track_0242_r1.jpg
43_15.mp4,243,0,105,5264,3091,1817,3194,2020,3091,1817,3194,2020,402.6,20909,ml/output/tracks/best_frames/43_15/track_0243_r0.jpg
43_15.mp4,243,1,102,5114,3101,1816,3198,2039,3101,1816,3198,2039,338.0,21631,ml/output/tracks/best_frames/43_15/track_0243_r1.jpg
43_15.mp4,244,0,111,5565,309,1171,461,1375,309,1171,461,1375,672.5,31008,ml/output/tracks/best_frames/43_15/track_0244_r0.jpg
43_15.mp4,244,1,108,5415,301,1123,449,1296,301,1123,449,1296,498.5,25604,ml/output/tracks/best_frames/43_15/track_0244_r1.jpg
43_15.mp4,244,2,105,5264,303,1086,445,1262,303,1086,445,1262,401.1,24992,ml/output/tracks/best_frames/43_15/track_0244_r2.jpg
43_15.mp4,245,0,114,5715,3152,1527,3253,1734,3152,1527,3253,1734,898.5,20907,ml/output/tracks/best_frames/43_15/track_0245_r0.jpg
43_15.mp4,245,1,105,5264,3178,1379,3259,1580,3178,1379,3259,1580,1063.6,16281,ml/output/tracks/best_frames/43_15/track_0245_r1.jpg
43_15.mp4,245,2,108,5415,3165,1422,3251,1616,3165,1422,3251,1616,981.5,16684,ml/output/tracks/best_frames/43_15/track_0245_r2.jpg
43_15.mp4,246,0,105,5264,3196,535,3324,751,3196,535,3324,751,448.7,27648,ml/output/tracks/best_frames/43_15/track_0246_r0.jpg
43_15.mp4,246,1,111,5565,3194,601,3329,800,3194,601,3329,800,367.4,26865,ml/output/tracks/best_frames/43_15/track_0246_r1.jpg
43_15.mp4,246,2,102,5114,3196,517,3327,732,3196,517,3327,732,288.5,28165,ml/output/tracks/best_frames/43_15/track_0246_r2.jpg
43_15.mp4,248,0,105,5264,407,1835,554,1989,407,1835,554,1989,656.1,22638,ml/output/tracks/best_frames/43_15/track_0248_r0.jpg
43_15.mp4,248,1,102,5114,400,1790,548,1950,400,1790,548,1950,589.7,23680,ml/output/tracks/best_frames/43_15/track_0248_r1.jpg
43_15.mp4,248,2,108,5415,415,1874,557,2025,415,1874,557,2025,623.8,21442,ml/output/tracks/best_frames/43_15/track_0248_r2.jpg
43_15.mp4,249,0,111,5565,1146,0,1345,173,1146,0,1345,173,857.5,34427,ml/output/tracks/best_frames/43_15/track_0249_r0.jpg
43_15.mp4,249,1,108,5415,1148,0,1348,174,1148,0,1348,174,701.4,34800,ml/output/tracks/best_frames/43_15/track_0249_r1.jpg
43_15.mp4,249,2,105,5264,1153,0,1351,130,1153,0,1351,130,686.6,25740,ml/output/tracks/best_frames/43_15/track_0249_r2.jpg
43_15.mp4,251,0,105,5264,1093,439,1298,668,1093,439,1298,668,818.6,46945,ml/output/tracks/best_frames/43_15/track_0251_r0.jpg
43_15.mp4,251,1,108,5415,1098,426,1295,623,1098,426,1295,623,862.7,38809,ml/output/tracks/best_frames/43_15/track_0251_r1.jpg
43_15.mp4,252,0,105,5264,2219,464,2417,659,2219,464,2417,659,1268.9,38610,ml/output/tracks/best_frames/43_15/track_0252_r0.jpg
43_15.mp4,252,1,108,5415,2223,427,2420,646,2223,427,2420,646,1040.3,43143,ml/output/tracks/best_frames/43_15/track_0252_r1.jpg
43_15.mp4,255,0,111,5565,1086,1391,1277,1603,1086,1391,1277,1603,1005.7,40492,ml/output/tracks/best_frames/43_15/track_0255_r0.jpg
43_15.mp4,255,1,108,5415,1084,1336,1273,1540,1084,1336,1273,1540,1043.6,38556,ml/output/tracks/best_frames/43_15/track_0255_r1.jpg
43_15.mp4,255,2,105,5264,1090,1353,1285,1595,1090,1353,1285,1595,449.8,47190,ml/output/tracks/best_frames/43_15/track_0255_r2.jpg
43_15.mp4,256,0,108,5415,1063,947,1268,1159,1063,947,1268,1159,1023.3,43460,ml/output/tracks/best_frames/43_15/track_0256_r0.jpg
43_15.mp4,256,1,105,5264,1071,980,1258,1173,1071,980,1258,1173,925.0,36091,ml/output/tracks/best_frames/43_15/track_0256_r1.jpg
43_15.mp4,257,0,105,5264,2169,1682,2360,1896,2169,1682,2360,1896,566.1,40874,ml/output/tracks/best_frames/43_15/track_0257_r0.jpg
43_15.mp4,257,1,111,5565,2164,1750,2344,1935,2164,1750,2344,1935,454.2,33300,ml/output/tracks/best_frames/43_15/track_0257_r1.jpg
43_15.mp4,257,2,117,5866,2162,1824,2341,2007,2162,1824,2341,2007,425.2,32757,ml/output/tracks/best_frames/43_15/track_0257_r2.jpg
43_15.mp4,258,0,105,5264,2194,1178,2396,1418,2194,1178,2396,1418,1204.1,48480,ml/output/tracks/best_frames/43_15/track_0258_r0.jpg
43_15.mp4,258,1,111,5565,2190,1280,2353,1476,2190,1280,2353,1476,1127.3,31948,ml/output/tracks/best_frames/43_15/track_0258_r1.jpg
43_15.mp4,258,2,108,5415,2194,1235,2367,1423,2194,1235,2367,1423,935.6,32524,ml/output/tracks/best_frames/43_15/track_0258_r2.jpg
43_15.mp4,259,0,105,5264,3082,1886,3189,2126,3082,1886,3189,2126,368.1,25680,ml/output/tracks/best_frames/43_15/track_0259_r0.jpg
43_15.mp4,259,1,108,5415,3081,1862,3175,2048,3081,1862,3175,2048,357.3,17484,ml/output/tracks/best_frames/43_15/track_0259_r1.jpg
43_15.mp4,259,2,111,5565,3067,1897,3171,2089,3067,1897,3171,2089,305.6,19968,ml/output/tracks/best_frames/43_15/track_0259_r2.jpg
43_15.mp4,261,0,108,5415,2215,523,2415,718,2215,523,2415,718,1311.0,39000,ml/output/tracks/best_frames/43_15/track_0261_r0.jpg
43_15.mp4,261,1,111,5565,2223,482,2420,702,2223,482,2420,702,1074.5,43340,ml/output/tracks/best_frames/43_15/track_0261_r1.jpg
43_15.mp4,262,0,117,5866,2214,829,2408,1070,2214,829,2408,1070,1238.8,46754,ml/output/tracks/best_frames/43_15/track_0262_r0.jpg
43_15.mp4,262,1,114,5715,2214,864,2406,1019,2214,864,2406,1019,1051.7,29760,ml/output/tracks/best_frames/43_15/track_0262_r1.jpg
43_15.mp4,262,2,111,5565,2211,864,2410,1012,2211,864,2410,1012,895.2,29452,ml/output/tracks/best_frames/43_15/track_0262_r2.jpg
43_15.mp4,263,0,108,5415,341,448,473,609,341,448,473,609,819.4,21252,ml/output/tracks/best_frames/43_15/track_0263_r0.jpg
43_15.mp4,263,1,111,5565,349,426,475,595,349,426,475,595,664.7,21294,ml/output/tracks/best_frames/43_15/track_0263_r1.jpg
43_15.mp4,264,0,111,5565,1066,1007,1264,1223,1066,1007,1264,1223,1009.4,42768,ml/output/tracks/best_frames/43_15/track_0264_r0.jpg
43_15.mp4,264,1,108,5415,1071,1038,1268,1255,1071,1038,1268,1255,958.5,42749,ml/output/tracks/best_frames/43_15/track_0264_r1.jpg
43_15.mp4,265,0,111,5565,2209,730,2407,940,2209,730,2407,940,1717.1,41580,ml/output/tracks/best_frames/43_15/track_0265_r0.jpg
43_15.mp4,265,1,114,5715,2222,636,2421,864,2222,636,2421,864,1258.9,45372,ml/output/tracks/best_frames/43_15/track_0265_r1.jpg
43_15.mp4,265,2,117,5866,2223,602,2421,827,2223,602,2421,827,1227.2,44550,ml/output/tracks/best_frames/43_15/track_0265_r2.jpg
43_15.mp4,266,0,111,5565,1096,477,1295,690,1096,477,1295,690,967.4,42387,ml/output/tracks/best_frames/43_15/track_0266_r0.jpg
43_15.mp4,266,1,108,5415,1095,495,1293,728,1095,495,1293,728,826.3,46134,ml/output/tracks/best_frames/43_15/track_0266_r1.jpg
43_15.mp4,267,0,114,5715,312,865,444,1036,312,865,444,1036,806.5,22572,ml/output/tracks/best_frames/43_15/track_0267_r0.jpg
43_15.mp4,267,1,111,5565,309,888,434,1059,309,888,434,1059,738.6,21375,ml/output/tracks/best_frames/43_15/track_0267_r1.jpg
43_15.mp4,267,2,108,5415,312,898,437,1082,312,898,437,1082,516.9,23000,ml/output/tracks/best_frames/43_15/track_0267_r2.jpg
43_15.mp4,270,0,108,5415,3181,1094,3273,1201,3181,1094,3273,1201,202.5,9844,ml/output/tracks/best_frames/43_15/track_0270_r0.jpg
43_15.mp4,270,1,111,5565,3181,1131,3268,1243,3181,1131,3268,1243,128.4,9744,ml/output/tracks/best_frames/43_15/track_0270_r1.jpg
43_15.mp4,272,0,111,5565,1149,2078,1338,2159,1149,2078,1338,2159,460.2,15309,ml/output/tracks/best_frames/43_15/track_0272_r0.jpg
43_15.mp4,272,1,108,5415,1156,2081,1325,2159,1156,2081,1325,2159,487.3,13182,ml/output/tracks/best_frames/43_15/track_0272_r1.jpg
43_15.mp4,273,0,114,5715,2236,67,2429,270,2236,67,2429,270,926.4,39179,ml/output/tracks/best_frames/43_15/track_0273_r0.jpg
43_15.mp4,273,1,117,5866,2234,119,2428,329,2234,119,2428,329,834.5,40740,ml/output/tracks/best_frames/43_15/track_0273_r1.jpg
43_15.mp4,273,2,111,5565,2238,84,2425,298,2238,84,2425,298,684.6,40018,ml/output/tracks/best_frames/43_15/track_0273_r2.jpg
43_15.mp4,274,0,114,5715,1093,539,1292,751,1093,539,1292,751,1211.9,42188,ml/output/tracks/best_frames/43_15/track_0274_r0.jpg
43_15.mp4,274,1,111,5565,1088,567,1290,777,1088,567,1290,777,887.9,42420,ml/output/tracks/best_frames/43_15/track_0274_r1.jpg
43_15.mp4,275,0,111,5565,3739,437,3839,534,3739,437,3839,534,628.3,9700,ml/output/tracks/best_frames/43_15/track_0275_r0.jpg
43_15.mp4,275,1,114,5715,3774,463,3839,552,3774,463,3839,552,825.5,5785,ml/output/tracks/best_frames/43_15/track_0275_r1.jpg
43_15.mp4,276,0,114,5715,1093,1451,1282,1650,1093,1451,1282,1650,854.2,37611,ml/output/tracks/best_frames/43_15/track_0276_r0.jpg
43_15.mp4,276,1,117,5866,1101,1522,1282,1704,1101,1522,1282,1704,688.0,32942,ml/output/tracks/best_frames/43_15/track_0276_r1.jpg
43_15.mp4,276,2,111,5565,1098,1463,1286,1712,1098,1463,1286,1712,397.8,46812,ml/output/tracks/best_frames/43_15/track_0276_r2.jpg
43_15.mp4,277,0,117,5866,1147,12,1344,233,1147,12,1344,233,904.1,43537,ml/output/tracks/best_frames/43_15/track_0277_r0.jpg
43_15.mp4,277,1,114,5715,1139,23,1334,224,1139,23,1334,224,1001.4,39195,ml/output/tracks/best_frames/43_15/track_0277_r1.jpg
43_15.mp4,277,2,111,5565,1150,54,1338,270,1150,54,1338,270,546.2,40608,ml/output/tracks/best_frames/43_15/track_0277_r2.jpg
43_15.mp4,278,0,114,5715,3199,674,3320,856,3199,674,3320,856,299.7,22022,ml/output/tracks/best_frames/43_15/track_0278_r0.jpg
43_15.mp4,278,1,111,5565,3199,689,3324,854,3199,689,3324,854,49.6,20625,ml/output/tracks/best_frames/43_15/track_0278_r1.jpg
43_15.mp4,279,0,114,5715,357,1631,508,1802,357,1631,508,1802,547.0,25821,ml/output/tracks/best_frames/43_15/track_0279_r0.jpg
43_15.mp4,279,1,117,5866,373,1695,525,1899,373,1695,525,1899,448.8,31008,ml/output/tracks/best_frames/43_15/track_0279_r1.jpg
43_15.mp4,279,2,111,5565,363,1625,513,1839,363,1625,513,1839,280.0,32100,ml/output/tracks/best_frames/43_15/track_0279_r2.jpg
43_15.mp4,280,0,111,5565,336,506,467,676,336,506,467,676,920.4,22270,ml/output/tracks/best_frames/43_15/track_0280_r0.jpg
43_15.mp4,280,1,114,5715,345,459,471,648,345,459,471,648,796.3,23814,ml/output/tracks/best_frames/43_15/track_0280_r1.jpg
43_15.mp4,281,0,111,5565,1066,1099,1258,1295,1066,1099,1258,1295,1089.2,37632,ml/output/tracks/best_frames/43_15/track_0281_r0.jpg
43_15.mp4,281,1,114,5715,1068,1065,1264,1275,1068,1065,1264,1275,980.2,41160,ml/output/tracks/best_frames/43_15/track_0281_r1.jpg
43_15.mp4,282,0,111,5565,3169,1146,3296,1308,3169,1146,3296,1308,608.5,20574,ml/output/tracks/best_frames/43_15/track_0282_r0.jpg
43_15.mp4,282,1,114,5715,3182,1121,3302,1324,3182,1121,3302,1324,457.9,24360,ml/output/tracks/best_frames/43_15/track_0282_r1.jpg
43_15.mp4,282,2,120,6016,3183,1158,3300,1286,3183,1158,3300,1286,354.4,14976,ml/output/tracks/best_frames/43_15/track_0282_r2.jpg
43_15.mp4,283,0,114,5715,2191,1350,2366,1529,2191,1350,2366,1529,956.8,31325,ml/output/tracks/best_frames/43_15/track_0283_r0.jpg
43_15.mp4,283,1,111,5565,2191,1377,2379,1573,2191,1377,2379,1573,770.4,36848,ml/output/tracks/best_frames/43_15/track_0283_r1.jpg
43_15.mp4,284,0,114,5715,311,936,435,1102,311,936,435,1102,797.3,20584,ml/output/tracks/best_frames/43_15/track_0284_r0.jpg
43_15.mp4,284,1,111,5565,312,946,435,1135,312,946,435,1135,524.2,23247,ml/output/tracks/best_frames/43_15/track_0284_r1.jpg
43_15.mp4,286,0,114,5715,318,1244,457,1415,318,1244,457,1415,620.8,23769,ml/output/tracks/best_frames/43_15/track_0286_r0.jpg
43_15.mp4,286,1,111,5565,315,1250,452,1430,315,1250,452,1430,488.6,24660,ml/output/tracks/best_frames/43_15/track_0286_r1.jpg
43_15.mp4,287,0,117,5866,3188,1103,3303,1268,3188,1103,3303,1268,174.0,18975,ml/output/tracks/best_frames/43_15/track_0287_r0.jpg
43_15.mp4,287,1,114,5715,3185,1104,3257,1231,3185,1104,3257,1231,335.9,9144,ml/output/tracks/best_frames/43_15/track_0287_r1.jpg
43_15.mp4,287,2,111,5565,3184,1095,3260,1202,3184,1095,3260,1202,283.2,8132,ml/output/tracks/best_frames/43_15/track_0287_r2.jpg
43_15.mp4,288,0,117,5866,1092,589,1288,804,1092,589,1288,804,1310.9,42140,ml/output/tracks/best_frames/43_15/track_0288_r0.jpg
43_15.mp4,288,1,114,5715,1088,632,1288,833,1088,632,1288,833,1040.7,40200,ml/output/tracks/best_frames/43_15/track_0288_r1.jpg
43_15.mp4,289,0,117,5866,2188,1392,2362,1597,2188,1392,2362,1597,1172.5,35670,ml/output/tracks/best_frames/43_15/track_0289_r0.jpg
43_15.mp4,289,1,114,5715,2193,1422,2377,1615,2193,1422,2377,1615,747.7,35512,ml/output/tracks/best_frames/43_15/track_0289_r1.jpg
43_15.mp4,290,0,120,6016,338,576,467,746,338,576,467,746,892.3,21930,ml/output/tracks/best_frames/43_15/track_0290_r0.jpg
43_15.mp4,290,1,117,5866,337,522,463,692,337,522,463,692,838.5,21420,ml/output/tracks/best_frames/43_15/track_0290_r1.jpg
43_15.mp4,290,2,114,5715,346,532,475,713,346,532,475,713,393.1,23349,ml/output/tracks/best_frames/43_15/track_0290_r2.jpg
43_15.mp4,291,0,120,6016,1133,131,1332,338,1133,131,1332,338,1160.3,41193,ml/output/tracks/best_frames/43_15/track_0291_r0.jpg
43_15.mp4,291,1,117,5866,1133,83,1336,327,1133,83,1336,327,848.8,49532,ml/output/tracks/best_frames/43_15/track_0291_r1.jpg
43_15.mp4,291,2,114,5715,1144,93,1332,313,1144,93,1332,313,653.8,41360,ml/output/tracks/best_frames/43_15/track_0291_r2.jpg
43_15.mp4,292,0,117,5866,1070,1127,1269,1335,1070,1127,1269,1335,1015.1,41392,ml/output/tracks/best_frames/43_15/track_0292_r0.jpg
43_15.mp4,292,1,114,5715,1066,1159,1258,1354,1066,1159,1258,1354,1108.7,37440,ml/output/tracks/best_frames/43_15/track_0292_r1.jpg
43_15.mp4,292,2,120,6016,1074,1153,1275,1296,1074,1153,1275,1296,1283.6,28743,ml/output/tracks/best_frames/43_15/track_0292_r2.jpg
43_15.mp4,294,0,120,6016,3204,732,3328,905,3204,732,3328,905,485.6,21452,ml/output/tracks/best_frames/43_15/track_0294_r0.jpg
43_15.mp4,294,1,114,5715,3199,741,3330,933,3199,741,3330,933,270.1,25152,ml/output/tracks/best_frames/43_15/track_0294_r1.jpg
43_15.mp4,294,2,117,5866,3195,710,3329,901,3195,710,3329,901,236.0,25594,ml/output/tracks/best_frames/43_15/track_0294_r2.jpg
43_15.mp4,295,0,120,6016,3167,1257,3289,1423,3167,1257,3289,1423,632.6,20252,ml/output/tracks/best_frames/43_15/track_0295_r0.jpg
43_15.mp4,295,1,114,5715,3168,1200,3289,1369,3168,1200,3289,1369,606.6,20449,ml/output/tracks/best_frames/43_15/track_0295_r1.jpg
43_15.mp4,295,2,126,6317,3164,1373,3286,1543,3164,1373,3286,1543,530.0,20740,ml/output/tracks/best_frames/43_15/track_0295_r2.jpg
43_15.mp4,297,0,120,6016,2214,893,2412,1127,2214,893,2412,1127,1503.4,46332,ml/output/tracks/best_frames/43_15/track_0297_r0.jpg
43_15.mp4,297,1,123,6167,2225,819,2425,1041,2225,819,2425,1041,1183.3,44400,ml/output/tracks/best_frames/43_15/track_0297_r1.jpg
43_15.mp4,297,2,114,5715,2207,899,2411,1119,2207,899,2411,1119,1059.8,44880,ml/output/tracks/best_frames/43_15/track_0297_r2.jpg
43_15.mp4,298,0,117,5866,324,1310,461,1465,324,1310,461,1465,576.9,21235,ml/output/tracks/best_frames/43_15/track_0298_r0.jpg
43_15.mp4,298,1,114,5715,321,1309,456,1481,321,1309,456,1481,510.5,23220,ml/output/tracks/best_frames/43_15/track_0298_r1.jpg
43_15.mp4,299,0,120,6016,2239,178,2434,384,2239,178,2434,384,978.4,40170,ml/output/tracks/best_frames/43_15/track_0299_r0.jpg
43_15.mp4,299,1,117,5866,2233,209,2429,416,2233,209,2429,416,908.9,40572,ml/output/tracks/best_frames/43_15/track_0299_r1.jpg
43_15.mp4,299,2,123,6167,2241,225,2439,442,2241,225,2439,442,774.4,42966,ml/output/tracks/best_frames/43_15/track_0299_r2.jpg
43_15.mp4,300,0,135,6768,3181,116,3328,310,3181,116,3328,310,742.4,28518,ml/output/tracks/best_frames/43_15/track_0300_r0.jpg
43_15.mp4,300,1,132,6618,3177,91,3315,302,3177,91,3315,302,673.5,29118,ml/output/tracks/best_frames/43_15/track_0300_r1.jpg
43_15.mp4,300,2,129,6467,3163,50,3307,229,3163,50,3307,229,748.3,25776,ml/output/tracks/best_frames/43_15/track_0300_r2.jpg
43_15.mp4,302,0,120,6016,1091,652,1288,870,1091,652,1288,870,1515.7,42946,ml/output/tracks/best_frames/43_15/track_0302_r0.jpg
43_15.mp4,302,1,117,5866,1089,676,1287,896,1089,676,1287,896,1042.4,43560,ml/output/tracks/best_frames/43_15/track_0302_r1.jpg
43_15.mp4,303,0,117,5866,2219,706,2426,951,2219,706,2426,951,1296.7,50715,ml/output/tracks/best_frames/43_15/track_0303_r0.jpg
43_15.mp4,303,1,120,6016,2224,671,2422,888,2224,671,2422,888,1499.5,42966,ml/output/tracks/best_frames/43_15/track_0303_r1.jpg
43_15.mp4,303,2,123,6167,2227,729,2427,950,2227,729,2427,950,1246.4,44200,ml/output/tracks/best_frames/43_15/track_0303_r2.jpg
43_15.mp4,304,0,126,6317,3205,860,3336,1068,3205,860,3336,1068,262.5,27248,ml/output/tracks/best_frames/43_15/track_0304_r0.jpg
43_15.mp4,304,1,123,6167,3207,865,3339,1011,3207,865,3339,1011,297.8,19272,ml/output/tracks/best_frames/43_15/track_0304_r1.jpg
43_15.mp4,304,2,120,6016,3202,864,3331,982,3202,864,3331,982,234.3,15222,ml/output/tracks/best_frames/43_15/track_0304_r2.jpg
43_15.mp4,306,0,120,6016,1072,1188,1272,1401,1072,1188,1272,1401,1475.2,42600,ml/output/tracks/best_frames/43_15/track_0306_r0.jpg
43_15.mp4,306,1,123,6167,1078,1250,1274,1457,1078,1250,1274,1457,1076.2,40572,ml/output/tracks/best_frames/43_15/track_0306_r1.jpg
43_15.mp4,306,2,117,5866,1074,1218,1273,1433,1074,1218,1273,1433,947.3,42785,ml/output/tracks/best_frames/43_15/track_0306_r2.jpg
43_15.mp4,307,0,120,6016,2189,1454,2349,1644,2189,1454,2349,1644,1102.5,30400,ml/output/tracks/best_frames/43_15/track_0307_r0.jpg
43_15.mp4,307,1,123,6167,2191,1526,2357,1701,2191,1526,2357,1701,997.2,29050,ml/output/tracks/best_frames/43_15/track_0307_r1.jpg
43_15.mp4,307,2,117,5866,2193,1467,2377,1664,2193,1467,2377,1664,763.7,36248,ml/output/tracks/best_frames/43_15/track_0307_r2.jpg
43_15.mp4,309,0,120,6016,1101,1557,1288,1758,1101,1557,1288,1758,1012.5,37587,ml/output/tracks/best_frames/43_15/track_0309_r0.jpg
43_15.mp4,309,1,117,5866,1102,1578,1300,1814,1102,1578,1300,1814,515.6,46728,ml/output/tracks/best_frames/43_15/track_0309_r1.jpg
43_15.mp4,310,0,120,6016,327,1325,475,1523,327,1325,475,1523,955.6,29304,ml/output/tracks/best_frames/43_15/track_0310_r0.jpg
43_15.mp4,310,1,129,6467,333,1411,486,1597,333,1411,486,1597,600.6,28458,ml/output/tracks/best_frames/43_15/track_0310_r1.jpg
43_15.mp4,310,2,126,6317,329,1347,476,1514,329,1347,476,1514,695.8,24549,ml/output/tracks/best_frames/43_15/track_0310_r2.jpg
43_15.mp4,311,0,123,6167,316,1097,441,1259,316,1097,441,1259,1212.2,20250,ml/output/tracks/best_frames/43_15/track_0311_r0.jpg
43_15.mp4,311,1,126,6317,318,1130,443,1286,318,1130,443,1286,960.0,19500,ml/output/tracks/best_frames/43_15/track_0311_r1.jpg
43_15.mp4,311,2,117,5866,316,1044,442,1230,316,1044,442,1230,675.5,23436,ml/output/tracks/best_frames/43_15/track_0311_r2.jpg
43_15.mp4,312,0,123,6167,3056,2110,3160,2159,3056,2110,3160,2159,306.5,5096,ml/output/tracks/best_frames/43_15/track_0312_r0.jpg
43_15.mp4,312,1,120,6016,3056,2084,3146,2159,3056,2084,3146,2159,190.7,6750,ml/output/tracks/best_frames/43_15/track_0312_r1.jpg
43_15.mp4,312,2,126,6317,3064,2114,3158,2159,3064,2114,3158,2159,143.8,4230,ml/output/tracks/best_frames/43_15/track_0312_r2.jpg
43_15.mp4,313,0,123,6167,1131,190,1326,391,1131,190,1326,391,986.3,39195,ml/output/tracks/best_frames/43_15/track_0313_r0.jpg
43_15.mp4,313,1,120,6016,1125,216,1325,413,1125,216,1325,413,882.6,39400,ml/output/tracks/best_frames/43_15/track_0313_r1.jpg
43_15.mp4,315,0,126,6317,2183,1589,2384,1827,2183,1589,2384,1827,839.2,47838,ml/output/tracks/best_frames/43_15/track_0315_r0.jpg
43_15.mp4,315,1,129,6467,2187,1630,2352,1802,2187,1630,2352,1802,1079.4,28380,ml/output/tracks/best_frames/43_15/track_0315_r1.jpg
43_15.mp4,315,2,120,6016,2194,1517,2377,1718,2194,1517,2377,1718,743.8,36783,ml/output/tracks/best_frames/43_15/track_0315_r2.jpg
43_15.mp4,316,0,123,6167,2217,969,2416,1200,2217,969,2416,1200,1130.8,45969,ml/output/tracks/best_frames/43_15/track_0316_r0.jpg
43_15.mp4,316,1,120,6016,2217,986,2409,1244,2217,986,2409,1244,597.9,49536,ml/output/tracks/best_frames/43_15/track_0316_r1.jpg
43_15.mp4,318,0,120,6016,332,650,458,805,332,650,458,805,1031.2,19530,ml/output/tracks/best_frames/43_15/track_0318_r0.jpg
43_15.mp4,318,1,123,6167,338,622,464,796,338,622,464,796,777.6,21924,ml/output/tracks/best_frames/43_15/track_0318_r1.jpg
43_15.mp4,319,0,126,6317,335,1428,492,1623,335,1428,492,1623,862.6,30615,ml/output/tracks/best_frames/43_15/track_0319_r0.jpg
43_15.mp4,319,1,129,6467,342,1469,502,1666,342,1469,502,1666,772.6,31520,ml/output/tracks/best_frames/43_15/track_0319_r1.jpg
43_15.mp4,319,2,123,6167,332,1376,483,1569,332,1376,483,1569,797.1,29143,ml/output/tracks/best_frames/43_15/track_0319_r2.jpg
43_15.mp4,320,0,123,6167,1109,1626,1295,1807,1109,1626,1295,1807,824.6,33666,ml/output/tracks/best_frames/43_15/track_0320_r0.jpg
43_15.mp4,320,1,120,6016,1110,1627,1301,1853,1110,1627,1301,1853,551.7,43166,ml/output/tracks/best_frames/43_15/track_0320_r1.jpg
43_15.mp4,321,0,123,6167,3181,1210,3291,1395,3181,1210,3291,1395,303.6,20350,ml/output/tracks/best_frames/43_15/track_0321_r0.jpg
43_15.mp4,321,1,126,6317,3177,1307,3289,1485,3177,1307,3289,1485,251.9,19936,ml/output/tracks/best_frames/43_15/track_0321_r1.jpg
43_15.mp4,321,2,129,6467,3180,1297,3276,1482,3180,1297,3276,1482,272.9,17760,ml/output/tracks/best_frames/43_15/track_0321_r2.jpg
43_15.mp4,322,0,123,6167,1092,714,1288,934,1092,714,1288,934,1258.7,43120,ml/output/tracks/best_frames/43_15/track_0322_r0.jpg
43_15.mp4,322,1,120,6016,1089,772,1287,994,1089,772,1287,994,1044.7,43956,ml/output/tracks/best_frames/43_15/track_0322_r1.jpg
43_15.mp4,324,0,129,6467,2247,349,2438,562,2247,349,2438,562,1255.5,40683,ml/output/tracks/best_frames/43_15/track_0324_r0.jpg
43_15.mp4,324,1,135,6768,2252,447,2444,668,2252,447,2444,668,1108.1,42432,ml/output/tracks/best_frames/43_15/track_0324_r1.jpg
43_15.mp4,324,2,132,6618,2249,396,2441,617,2249,396,2441,617,979.3,42432,ml/output/tracks/best_frames/43_15/track_0324_r2.jpg
43_15.mp4,326,0,129,6467,3511,2082,3564,2158,3511,2082,3564,2158,3255.2,4028,ml/output/tracks/best_frames/43_15/track_0326_r0.jpg
43_15.mp4,326,1,135,6768,3511,2116,3563,2159,3511,2116,3563,2159,5343.1,2236,ml/output/tracks/best_frames/43_15/track_0326_r1.jpg
43_15.mp4,326,2,132,6618,3513,2103,3559,2156,3513,2103,3559,2156,4414.3,2438,ml/output/tracks/best_frames/43_15/track_0326_r2.jpg
43_15.mp4,327,0,129,6467,1122,292,1326,509,1122,292,1326,509,1276.4,44268,ml/output/tracks/best_frames/43_15/track_0327_r0.jpg
43_15.mp4,327,1,135,6768,1118,389,1324,617,1118,389,1324,617,1154.7,46968,ml/output/tracks/best_frames/43_15/track_0327_r1.jpg
43_15.mp4,327,2,132,6618,1119,339,1325,564,1119,339,1325,564,1137.6,46350,ml/output/tracks/best_frames/43_15/track_0327_r2.jpg
43_15.mp4,328,0,129,6467,1093,833,1286,1054,1093,833,1286,1054,1612.8,42653,ml/output/tracks/best_frames/43_15/track_0328_r0.jpg
43_15.mp4,328,1,126,6317,1089,864,1295,1010,1089,864,1295,1010,1301.8,30076,ml/output/tracks/best_frames/43_15/track_0328_r1.jpg
43_15.mp4,328,2,123,6167,1093,864,1283,1018,1093,864,1283,1018,994.5,29260,ml/output/tracks/best_frames/43_15/track_0328_r2.jpg
43_15.mp4,329,0,123,6167,332,692,458,850,332,692,458,850,963.4,19908,ml/output/tracks/best_frames/43_15/track_0329_r0.jpg
43_15.mp4,329,1,126,6317,332,698,458,846,332,698,458,846,931.8,18648,ml/output/tracks/best_frames/43_15/track_0329_r1.jpg
43_15.mp4,330,0,126,6317,2159,1985,2351,2158,2159,1985,2351,2158,316.9,33216,ml/output/tracks/best_frames/43_15/track_0330_r0.jpg
43_15.mp4,330,1,129,6467,2166,2014,2356,2151,2166,2014,2356,2151,371.9,26030,ml/output/tracks/best_frames/43_15/track_0330_r1.jpg
43_15.mp4,330,2,132,6618,2169,2020,2296,2147,2169,2020,2296,2147,534.9,16129,ml/output/tracks/best_frames/43_15/track_0330_r2.jpg
43_15.mp4,331,0,135,6768,333,1285,461,1463,333,1285,461,1463,912.4,22784,ml/output/tracks/best_frames/43_15/track_0331_r0.jpg
43_15.mp4,331,1,132,6618,330,1225,457,1409,330,1225,457,1409,799.3,23368,ml/output/tracks/best_frames/43_15/track_0331_r1.jpg
43_15.mp4,331,2,126,6317,326,1194,453,1392,326,1194,453,1392,719.9,25146,ml/output/tracks/best_frames/43_15/track_0331_r2.jpg
43_15.mp4,332,0,126,6317,1080,1312,1278,1527,1080,1312,1278,1527,1430.7,42570,ml/output/tracks/best_frames/43_15/track_0332_r0.jpg
43_15.mp4,332,1,123,6167,1079,1328,1280,1553,1079,1328,1280,1553,862.8,45225,ml/output/tracks/best_frames/43_15/track_0332_r1.jpg
43_15.mp4,333,0,276,13837,2232,1134,2429,1296,2232,1134,2429,1296,7090.6,31914,ml/output/tracks/best_frames/43_15/track_0333_r0.jpg
43_15.mp4,333,1,270,13536,2232,1134,2429,1296,2232,1134,2429,1296,7055.7,31914,ml/output/tracks/best_frames/43_15/track_0333_r1.jpg
43_15.mp4,333,2,267,13386,2232,1134,2429,1296,2232,1134,2429,1296,7016.1,31914,ml/output/tracks/best_frames/43_15/track_0333_r2.jpg
43_15.mp4,334,0,126,6317,1112,1672,1299,1872,1112,1672,1299,1872,914.8,37400,ml/output/tracks/best_frames/43_15/track_0334_r0.jpg
43_15.mp4,334,1,123,6167,1112,1681,1306,1922,1112,1681,1306,1922,498.7,46754,ml/output/tracks/best_frames/43_15/track_0334_r1.jpg
43_15.mp4,337,0,135,6768,2257,0,2445,182,2257,0,2445,182,767.5,34216,ml/output/tracks/best_frames/43_15/track_0337_r0.jpg
43_15.mp4,337,1,132,6618,2256,0,2453,152,2256,0,2453,152,720.4,29944,ml/output/tracks/best_frames/43_15/track_0337_r1.jpg
43_15.mp4,337,2,129,6467,2256,0,2440,131,2256,0,2440,131,664.1,24104,ml/output/tracks/best_frames/43_15/track_0337_r2.jpg
43_15.mp4,338,0,294,14740,2228,1223,2428,1437,2228,1223,2428,1437,6999.7,42800,ml/output/tracks/best_frames/43_15/track_0338_r0.jpg
43_15.mp4,338,1,297,14890,2228,1223,2428,1437,2228,1223,2428,1437,6997.6,42800,ml/output/tracks/best_frames/43_15/track_0338_r1.jpg
43_15.mp4,338,2,288,14439,2228,1223,2429,1437,2228,1223,2429,1437,6945.8,43014,ml/output/tracks/best_frames/43_15/track_0338_r2.jpg
43_15.mp4,339,0,132,6618,3208,958,3336,1156,3208,958,3336,1156,284.4,25344,ml/output/tracks/best_frames/43_15/track_0339_r0.jpg
43_15.mp4,339,1,129,6467,3204,912,3333,1111,3204,912,3333,1111,260.9,25671,ml/output/tracks/best_frames/43_15/track_0339_r1.jpg
43_15.mp4,339,2,135,6768,3221,970,3343,1149,3221,970,3343,1149,303.9,21838,ml/output/tracks/best_frames/43_15/track_0339_r2.jpg
43_15.mp4,340,0,129,6467,327,721,461,891,327,721,461,891,1015.3,22780,ml/output/tracks/best_frames/43_15/track_0340_r0.jpg
43_15.mp4,340,1,132,6618,329,776,455,941,329,776,455,941,984.7,20790,ml/output/tracks/best_frames/43_15/track_0340_r1.jpg
43_15.mp4,340,2,126,6317,331,751,454,906,331,751,454,906,1012.5,19065,ml/output/tracks/best_frames/43_15/track_0340_r2.jpg
43_15.mp4,341,0,129,6467,1086,1368,1279,1568,1086,1368,1279,1568,1167.6,38600,ml/output/tracks/best_frames/43_15/track_0341_r0.jpg
43_15.mp4,341,1,126,6317,1083,1397,1284,1625,1083,1397,1284,1625,888.3,45828,ml/output/tracks/best_frames/43_15/track_0341_r1.jpg
43_15.mp4,343,0,129,6467,2155,2085,2351,2159,2155,2085,2351,2159,234.4,14504,ml/output/tracks/best_frames/43_15/track_0343_r0.jpg
43_15.mp4,343,1,126,6317,2149,2079,2349,2159,2149,2079,2349,2159,161.2,16000,ml/output/tracks/best_frames/43_15/track_0343_r1.jpg
43_15.mp4,344,0,129,6467,1122,1728,1302,1909,1122,1728,1302,1909,754.5,32580,ml/output/tracks/best_frames/43_15/track_0344_r0.jpg
43_15.mp4,344,1,126,6317,1122,1746,1317,1986,1122,1746,1317,1986,457.1,46800,ml/output/tracks/best_frames/43_15/track_0344_r1.jpg
43_15.mp4,344,2,132,6618,1131,1786,1309,1957,1131,1786,1309,1957,693.4,30438,ml/output/tracks/best_frames/43_15/track_0344_r2.jpg
43_15.mp4,345,0,132,6618,1093,889,1290,1111,1093,889,1290,1111,1460.8,43734,ml/output/tracks/best_frames/43_15/track_0345_r0.jpg
43_15.mp4,345,1,129,6467,1090,938,1288,1128,1090,938,1288,1128,1138.4,37620,ml/output/tracks/best_frames/43_15/track_0345_r1.jpg
43_15.mp4,345,2,126,6317,1094,898,1290,1113,1094,898,1290,1113,942.6,42140,ml/output/tracks/best_frames/43_15/track_0345_r2.jpg
43_15.mp4,348,0,129,6467,2247,442,2451,673,2247,442,2451,673,956.5,47124,ml/output/tracks/best_frames/43_15/track_0348_r0.jpg
43_15.mp4,348,1,126,6317,2247,407,2445,610,2247,407,2445,610,887.1,40194,ml/output/tracks/best_frames/43_15/track_0348_r1.jpg
43_15.mp4,349,0,294,14740,1162,83,1361,282,1162,83,1361,282,7794.7,39601,ml/output/tracks/best_frames/43_15/track_0349_r0.jpg
43_15.mp4,349,1,297,14890,1162,83,1361,282,1162,83,1361,282,7793.8,39601,ml/output/tracks/best_frames/43_15/track_0349_r1.jpg
43_15.mp4,349,2,285,14288,1162,83,1361,281,1162,83,1361,281,7778.1,39402,ml/output/tracks/best_frames/43_15/track_0349_r2.jpg
43_15.mp4,350,0,147,7370,332,864,462,1025,332,864,462,1025,936.4,20930,ml/output/tracks/best_frames/43_15/track_0350_r0.jpg
43_15.mp4,350,1,138,6919,328,864,461,1042,328,864,461,1042,821.4,23674,ml/output/tracks/best_frames/43_15/track_0350_r1.jpg
43_15.mp4,350,2,141,7069,332,864,460,1024,332,864,460,1024,823.6,20480,ml/output/tracks/best_frames/43_15/track_0350_r2.jpg
43_15.mp4,351,0,294,14740,2180,1901,2370,2061,2180,1901,2370,2061,2900.4,30400,ml/output/tracks/best_frames/43_15/track_0351_r0.jpg
43_15.mp4,351,1,297,14890,2181,1901,2370,2061,2181,1901,2370,2061,2907.8,30240,ml/output/tracks/best_frames/43_15/track_0351_r1.jpg
43_15.mp4,351,2,291,14589,2180,1900,2370,2061,2180,1900,2370,2061,2873.8,30590,ml/output/tracks/best_frames/43_15/track_0351_r2.jpg
43_15.mp4,352,0,297,14890,377,1676,521,1852,377,1676,521,1852,3933.2,25344,ml/output/tracks/best_frames/43_15/track_0352_r0.jpg
43_15.mp4,352,1,291,14589,377,1675,521,1852,377,1675,521,1852,3901.5,25488,ml/output/tracks/best_frames/43_15/track_0352_r1.jpg
43_15.mp4,352,2,288,14439,377,1675,521,1851,377,1675,521,1851,3912.6,25344,ml/output/tracks/best_frames/43_15/track_0352_r2.jpg
43_15.mp4,353,0,135,6768,1134,1827,1316,2006,1134,1827,1316,2006,770.5,32578,ml/output/tracks/best_frames/43_15/track_0353_r0.jpg
43_15.mp4,353,1,132,6618,1135,1828,1322,2068,1135,1828,1322,2068,449.9,44880,ml/output/tracks/best_frames/43_15/track_0353_r1.jpg
43_15.mp4,353,2,129,6467,1130,1787,1316,2025,1130,1787,1316,2025,439.1,44268,ml/output/tracks/best_frames/43_15/track_0353_r2.jpg
43_15.mp4,354,0,132,6618,1091,1430,1287,1633,1091,1430,1287,1633,1122.2,39788,ml/output/tracks/best_frames/43_15/track_0354_r0.jpg
43_15.mp4,354,1,135,6768,1094,1473,1286,1681,1094,1473,1286,1681,1076.4,39936,ml/output/tracks/best_frames/43_15/track_0354_r1.jpg
43_15.mp4,354,2,129,6467,1087,1436,1280,1665,1087,1436,1280,1665,940.0,44197,ml/output/tracks/best_frames/43_15/track_0354_r2.jpg
43_15.mp4,357,0,129,6467,3156,1461,3276,1637,3156,1461,3276,1637,678.0,21120,ml/output/tracks/best_frames/43_15/track_0357_r0.jpg
43_15.mp4,357,1,135,6768,3159,1490,3277,1667,3159,1490,3277,1667,438.1,20886,ml/output/tracks/best_frames/43_15/track_0357_r1.jpg
43_15.mp4,357,2,132,6618,3162,1429,3279,1615,3162,1429,3279,1615,396.5,21762,ml/output/tracks/best_frames/43_15/track_0357_r2.jpg
43_15.mp4,358,0,132,6618,2231,1002,2430,1217,2231,1002,2430,1217,826.6,42785,ml/output/tracks/best_frames/43_15/track_0358_r0.jpg
43_15.mp4,358,1,135,6768,2239,973,2436,1182,2239,973,2436,1182,731.4,41173,ml/output/tracks/best_frames/43_15/track_0358_r1.jpg
43_15.mp4,359,0,138,6919,3208,1084,3334,1272,3208,1084,3334,1272,307.7,23688,ml/output/tracks/best_frames/43_15/track_0359_r0.jpg
43_15.mp4,359,1,132,6618,3214,1033,3341,1222,3214,1033,3341,1222,301.8,24003,ml/output/tracks/best_frames/43_15/track_0359_r1.jpg
43_15.mp4,359,2,135,6768,3216,1038,3338,1212,3216,1038,3338,1212,295.9,21228,ml/output/tracks/best_frames/43_15/track_0359_r2.jpg
43_15.mp4,363,0,135,6768,1097,956,1291,1163,1097,956,1291,1163,1345.5,40158,ml/output/tracks/best_frames/43_15/track_0363_r0.jpg
43_15.mp4,363,1,132,6618,1093,987,1290,1215,1093,987,1290,1215,991.9,44916,ml/output/tracks/best_frames/43_15/track_0363_r1.jpg
43_15.mp4,364,0,138,6919,1119,468,1311,693,1119,468,1311,693,1277.7,43200,ml/output/tracks/best_frames/43_15/track_0364_r0.jpg
43_15.mp4,364,1,135,6768,1118,483,1318,690,1118,483,1318,690,879.6,41400,ml/output/tracks/best_frames/43_15/track_0364_r1.jpg
43_15.mp4,365,0,138,6919,2255,526,2451,749,2255,526,2451,749,1068.9,43708,ml/output/tracks/best_frames/43_15/track_0365_r0.jpg
43_15.mp4,365,1,135,6768,2254,526,2456,756,2254,526,2456,756,879.9,46460,ml/output/tracks/best_frames/43_15/track_0365_r1.jpg
43_15.mp4,366,0,135,6768,3176,1415,3298,1632,3176,1415,3298,1632,198.2,26474,ml/output/tracks/best_frames/43_15/track_0366_r0.jpg
43_15.mp4,366,1,138,6919,3166,1474,3275,1640,3166,1474,3275,1640,209.2,18094,ml/output/tracks/best_frames/43_15/track_0366_r1.jpg
43_15.mp4,367,0,138,6919,1098,1543,1293,1746,1098,1543,1293,1746,905.7,39585,ml/output/tracks/best_frames/43_15/track_0367_r0.jpg
43_15.mp4,367,1,135,6768,1100,1548,1289,1777,1100,1548,1289,1777,752.6,43281,ml/output/tracks/best_frames/43_15/track_0367_r1.jpg
43_15.mp4,368,0,138,6919,2212,1285,2417,1501,2212,1285,2417,1501,1095.4,44280,ml/output/tracks/best_frames/43_15/track_0368_r0.jpg
43_15.mp4,368,1,135,6768,2220,1285,2415,1522,2220,1285,2415,1522,713.1,46215,ml/output/tracks/best_frames/43_15/track_0368_r1.jpg
43_15.mp4,370,0,138,6919,1095,1016,1294,1237,1095,1016,1294,1237,1205.9,43979,ml/output/tracks/best_frames/43_15/track_0370_r0.jpg
43_15.mp4,370,1,135,6768,1097,1051,1298,1263,1097,1051,1298,1263,891.5,42612,ml/output/tracks/best_frames/43_15/track_0370_r1.jpg
43_15.mp4,371,0,138,6919,339,1330,466,1512,339,1330,466,1512,803.4,23114,ml/output/tracks/best_frames/43_15/track_0371_r0.jpg
43_15.mp4,371,1,135,6768,340,1367,465,1524,340,1367,465,1524,717.3,19625,ml/output/tracks/best_frames/43_15/track_0371_r1.jpg
43_15.mp4,373,0,135,6768,2257,57,2456,297,2257,57,2456,297,817.7,47760,ml/output/tracks/best_frames/43_15/track_0373_r0.jpg
43_15.mp4,373,1,138,6919,2261,32,2447,243,2261,32,2447,243,767.3,39246,ml/output/tracks/best_frames/43_15/track_0373_r1.jpg
43_15.mp4,374,0,294,14740,1101,1104,1285,1320,1101,1104,1285,1320,12223.1,39744,ml/output/tracks/best_frames/43_15/track_0374_r0.jpg
43_15.mp4,374,1,297,14890,1101,1104,1285,1320,1101,1104,1285,1320,12222.9,39744,ml/output/tracks/best_frames/43_15/track_0374_r1.jpg
43_15.mp4,374,2,291,14589,1101,1104,1286,1320,1101,1104,1286,1320,12110.2,39960,ml/output/tracks/best_frames/43_15/track_0374_r2.jpg
43_15.mp4,375,0,267,13386,447,1,571,113,447,1,571,113,1612.8,13888,ml/output/tracks/best_frames/43_15/track_0375_r0.jpg
43_15.mp4,375,1,264,13235,447,1,572,114,447,1,572,114,1576.2,14125,ml/output/tracks/best_frames/43_15/track_0375_r1.jpg
43_15.mp4,375,2,270,13536,447,1,571,114,447,1,571,114,1586.8,14012,ml/output/tracks/best_frames/43_15/track_0375_r2.jpg
43_15.mp4,376,0,273,13687,3206,255,3334,433,3206,255,3334,433,2113.0,22784,ml/output/tracks/best_frames/43_15/track_0376_r0.jpg
43_15.mp4,376,1,270,13536,3206,255,3333,433,3206,255,3333,433,2117.4,22606,ml/output/tracks/best_frames/43_15/track_0376_r1.jpg
43_15.mp4,376,2,294,14740,3206,255,3333,433,3206,255,3333,433,2103.3,22606,ml/output/tracks/best_frames/43_15/track_0376_r2.jpg
43_15.mp4,377,0,252,12634,2212,1365,2414,1582,2212,1365,2414,1582,6882.3,43834,ml/output/tracks/best_frames/43_15/track_0377_r0.jpg
43_15.mp4,377,1,249,12483,2212,1365,2414,1582,2212,1365,2414,1582,6872.0,43834,ml/output/tracks/best_frames/43_15/track_0377_r1.jpg
43_15.mp4,377,2,246,12333,2212,1365,2414,1583,2212,1365,2414,1583,6819.6,44036,ml/output/tracks/best_frames/43_15/track_0377_r2.jpg
43_15.mp4,378,0,297,14890,2275,125,2456,336,2275,125,2456,336,8357.8,38191,ml/output/tracks/best_frames/43_15/track_0378_r0.jpg
43_15.mp4,378,1,294,14740,2275,124,2456,336,2275,124,2456,336,8272.3,38372,ml/output/tracks/best_frames/43_15/track_0378_r1.jpg
43_15.mp4,378,2,291,14589,2275,124,2456,336,2275,124,2456,336,8250.6,38372,ml/output/tracks/best_frames/43_15/track_0378_r2.jpg
43_15.mp4,379,0,285,14288,2254,613,2454,842,2254,613,2454,842,9868.8,45800,ml/output/tracks/best_frames/43_15/track_0379_r0.jpg
43_15.mp4,379,1,282,14138,2254,613,2454,842,2254,613,2454,842,9841.4,45800,ml/output/tracks/best_frames/43_15/track_0379_r1.jpg
43_15.mp4,379,2,279,13987,2254,613,2453,842,2254,613,2453,842,9838.6,45571,ml/output/tracks/best_frames/43_15/track_0379_r2.jpg
43_15.mp4,380,0,285,14288,1113,558,1312,775,1113,558,1312,775,11399.2,43183,ml/output/tracks/best_frames/43_15/track_0380_r0.jpg
43_15.mp4,380,1,282,14138,1113,558,1312,775,1113,558,1312,775,11387.0,43183,ml/output/tracks/best_frames/43_15/track_0380_r1.jpg
43_15.mp4,380,2,288,14439,1113,558,1312,775,1113,558,1312,775,11375.8,43183,ml/output/tracks/best_frames/43_15/track_0380_r2.jpg
43_15.mp4,381,0,297,14890,1101,1619,1293,1821,1101,1619,1293,1821,7735.9,38784,ml/output/tracks/best_frames/43_15/track_0381_r0.jpg
43_15.mp4,381,1,294,14740,1102,1619,1292,1821,1102,1619,1292,1821,7802.8,38380,ml/output/tracks/best_frames/43_15/track_0381_r1.jpg
43_15.mp4,381,2,291,14589,1102,1619,1292,1821,1102,1619,1292,1821,7802.0,38380,ml/output/tracks/best_frames/43_15/track_0381_r2.jpg
43_15.mp4,382,0,270,13536,335,932,453,1116,335,932,453,1116,5443.8,21712,ml/output/tracks/best_frames/43_15/track_0382_r0.jpg
43_15.mp4,382,1,276,13837,335,933,453,1116,335,933,453,1116,5465.7,21594,ml/output/tracks/best_frames/43_15/track_0382_r1.jpg
43_15.mp4,382,2,294,14740,335,933,453,1116,335,933,453,1116,5465.7,21594,ml/output/tracks/best_frames/43_15/track_0382_r2.jpg
43_15.mp4,383,0,276,13837,346,1393,475,1577,346,1393,475,1577,4246.1,23736,ml/output/tracks/best_frames/43_15/track_0383_r0.jpg
43_15.mp4,383,1,297,14890,346,1393,474,1576,346,1393,474,1576,4292.8,23424,ml/output/tracks/best_frames/43_15/track_0383_r1.jpg
43_15.mp4,383,2,273,13687,346,1393,475,1577,346,1393,475,1577,4236.3,23736,ml/output/tracks/best_frames/43_15/track_0383_r2.jpg
43_15.mp4,384,0,156,7821,3088,1975,3204,2159,3088,1975,3204,2159,769.1,21344,ml/output/tracks/best_frames/43_15/track_0384_r0.jpg
43_15.mp4,384,1,153,7671,3088,1976,3204,2159,3088,1976,3204,2159,673.3,21228,ml/output/tracks/best_frames/43_15/track_0384_r1.jpg
43_15.mp4,384,2,150,7520,3088,1974,3204,2159,3088,1974,3204,2159,497.3,21460,ml/output/tracks/best_frames/43_15/track_0384_r2.jpg
43_15.mp4,385,0,204,10227,3207,1185,3332,1362,3207,1185,3332,1362,934.2,22125,ml/output/tracks/best_frames/43_15/track_0385_r0.jpg
43_15.mp4,385,1,201,10077,3207,1185,3332,1362,3207,1185,3332,1362,929.1,22125,ml/output/tracks/best_frames/43_15/track_0385_r1.jpg
43_15.mp4,385,2,288,14439,3207,1206,3331,1379,3207,1206,3331,1379,958.1,21452,ml/output/tracks/best_frames/43_15/track_0385_r2.jpg
43_15.mp4,386,0,297,14890,1137,1937,1323,2129,1137,1937,1323,2129,5463.3,35712,ml/output/tracks/best_frames/43_15/track_0386_r0.jpg
43_15.mp4,386,1,294,14740,1137,1937,1323,2128,1137,1937,1323,2128,5480.5,35526,ml/output/tracks/best_frames/43_15/track_0386_r1.jpg
43_15.mp4,386,2,285,14288,1137,1936,1323,2128,1137,1936,1323,2128,5426.6,35712,ml/output/tracks/best_frames/43_15/track_0386_r2.jpg
43_15.mp4,387,0,240,12032,1096,1188,1290,1386,1096,1188,1290,1386,8168.7,38412,ml/output/tracks/best_frames/43_15/track_0387_r0.jpg
43_15.mp4,387,1,237,11882,1096,1189,1290,1386,1096,1189,1290,1386,8155.7,38218,ml/output/tracks/best_frames/43_15/track_0387_r1.jpg
43_15.mp4,387,2,234,11731,1095,1189,1290,1386,1095,1189,1290,1386,8102.4,38415,ml/output/tracks/best_frames/43_15/track_0387_r2.jpg
43_15.mp4,388,0,273,13687,1115,642,1311,859,1115,642,1311,859,7090.5,42532,ml/output/tracks/best_frames/43_15/track_0388_r0.jpg
43_15.mp4,388,1,294,14740,1116,642,1310,858,1116,642,1310,858,7195.2,41904,ml/output/tracks/best_frames/43_15/track_0388_r1.jpg
43_15.mp4,388,2,291,14589,1116,642,1310,858,1116,642,1310,858,7190.9,41904,ml/output/tracks/best_frames/43_15/track_0388_r2.jpg
43_15.mp4,389,0,297,14890,2216,1465,2409,1689,2216,1465,2409,1689,3564.2,43232,ml/output/tracks/best_frames/43_15/track_0389_r0.jpg
43_15.mp4,389,1,288,14439,2216,1465,2409,1688,2216,1465,2409,1688,3566.5,43039,ml/output/tracks/best_frames/43_15/track_0389_r1.jpg
43_15.mp4,389,2,291,14589,2216,1465,2409,1688,2216,1465,2409,1688,3564.1,43039,ml/output/tracks/best_frames/43_15/track_0389_r2.jpg
43_15.mp4,390,0,144,7219,2262,202,2463,426,2262,202,2463,426,1896.9,45024,ml/output/tracks/best_frames/43_15/track_0390_r0.jpg
43_15.mp4,390,1,147,7370,2264,200,2459,428,2264,200,2459,428,1436.0,44460,ml/output/tracks/best_frames/43_15/track_0390_r1.jpg
43_15.mp4,390,2,141,7069,2269,188,2460,403,2269,188,2460,403,689.7,41065,ml/output/tracks/best_frames/43_15/track_0390_r2.jpg
43_15.mp4,391,0,294,14740,1107,1701,1305,1918,1107,1701,1305,1918,4812.7,42966,ml/output/tracks/best_frames/43_15/track_0391_r0.jpg
43_15.mp4,391,1,291,14589,1107,1701,1305,1918,1107,1701,1305,1918,4803.5,42966,ml/output/tracks/best_frames/43_15/track_0391_r1.jpg
43_15.mp4,391,2,297,14890,1107,1701,1305,1918,1107,1701,1305,1918,4794.8,42966,ml/output/tracks/best_frames/43_15/track_0391_r2.jpg
43_15.mp4,392,0,279,13987,338,1005,461,1190,338,1005,461,1190,2806.0,22755,ml/output/tracks/best_frames/43_15/track_0392_r0.jpg
43_15.mp4,392,1,276,13837,338,1005,461,1190,338,1005,461,1190,2798.4,22755,ml/output/tracks/best_frames/43_15/track_0392_r1.jpg
43_15.mp4,392,2,288,14439,338,1005,461,1190,338,1005,461,1190,2795.1,22755,ml/output/tracks/best_frames/43_15/track_0392_r2.jpg
43_15.mp4,393,0,291,14589,3155,1580,3267,1776,3155,1580,3267,1776,592.3,21952,ml/output/tracks/best_frames/43_15/track_0393_r0.jpg
43_15.mp4,393,1,294,14740,3155,1580,3267,1776,3155,1580,3267,1776,589.4,21952,ml/output/tracks/best_frames/43_15/track_0393_r1.jpg
43_15.mp4,393,2,252,12634,3156,1580,3268,1776,3156,1580,3268,1776,587.8,21952,ml/output/tracks/best_frames/43_15/track_0393_r2.jpg
43_15.mp4,396,0,144,7219,363,1602,516,1776,363,1602,516,1776,539.4,26622,ml/output/tracks/best_frames/43_15/track_0396_r0.jpg
43_15.mp4,396,1,141,7069,363,1597,516,1777,363,1597,516,1777,466.7,27540,ml/output/tracks/best_frames/43_15/track_0396_r1.jpg
43_15.mp4,398,0,270,13536,3165,0,3297,107,3165,0,3297,107,1481.9,14124,ml/output/tracks/best_frames/43_15/track_0398_r0.jpg
43_15.mp4,398,1,264,13235,3166,0,3298,107,3166,0,3298,107,1470.3,14124,ml/output/tracks/best_frames/43_15/track_0398_r1.jpg
43_15.mp4,398,2,267,13386,3166,0,3297,108,3166,0,3297,108,1467.2,14148,ml/output/tracks/best_frames/43_15/track_0398_r2.jpg
43_15.mp4,399,0,297,14890,1157,160,1350,372,1157,160,1350,372,5233.3,40916,ml/output/tracks/best_frames/43_15/track_0399_r0.jpg
43_15.mp4,399,1,294,14740,1157,160,1350,372,1157,160,1350,372,5227.4,40916,ml/output/tracks/best_frames/43_15/track_0399_r1.jpg
43_15.mp4,399,2,291,14589,1157,160,1350,372,1157,160,1350,372,5179.8,40916,ml/output/tracks/best_frames/43_15/track_0399_r2.jpg
43_15.mp4,400,0,156,7821,450,1,591,58,450,1,591,58,900.8,8037,ml/output/tracks/best_frames/43_15/track_0400_r0.jpg
43_15.mp4,400,1,153,7671,449,1,589,58,449,1,589,58,799.1,7980,ml/output/tracks/best_frames/43_15/track_0400_r1.jpg
43_15.mp4,400,2,150,7520,448,0,588,60,448,0,588,60,682.5,8400,ml/output/tracks/best_frames/43_15/track_0400_r2.jpg
43_15.mp4,401,0,156,7821,2259,703,2455,934,2259,703,2455,934,3479.2,45276,ml/output/tracks/best_frames/43_15/track_0401_r0.jpg
43_15.mp4,401,1,153,7671,2259,705,2456,935,2259,705,2456,935,2974.9,45310,ml/output/tracks/best_frames/43_15/track_0401_r1.jpg
43_15.mp4,401,2,150,7520,2258,705,2457,935,2258,705,2457,935,2210.5,45770,ml/output/tracks/best_frames/43_15/track_0401_r2.jpg
43_15.mp4,403,0,198,9927,3215,1135,3338,1318,3215,1135,3338,1318,1021.4,22509,ml/output/tracks/best_frames/43_15/track_0403_r0.jpg
43_15.mp4,403,1,195,9776,3215,1135,3338,1319,3215,1135,3338,1319,1014.2,22632,ml/output/tracks/best_frames/43_15/track_0403_r1.jpg
43_15.mp4,403,2,189,9475,3215,1135,3338,1318,3215,1135,3338,1318,1017.1,22509,ml/output/tracks/best_frames/43_15/track_0403_r2.jpg
43_15.mp4,404,0,144,7219,3211,1247,3351,1296,3211,1247,3351,1296,316.9,6860,ml/output/tracks/best_frames/43_15/track_0404_r0.jpg
43_15.mp4,404,1,147,7370,3206,1252,3349,1295,3206,1252,3349,1295,289.8,6149,ml/output/tracks/best_frames/43_15/track_0404_r1.jpg
43_15.mp4,405,0,153,7671,352,1486,480,1648,352,1486,480,1648,973.6,20736,ml/output/tracks/best_frames/43_15/track_0405_r0.jpg
43_15.mp4,405,1,150,7520,352,1485,481,1650,352,1485,481,1650,722.4,21285,ml/output/tracks/best_frames/43_15/track_0405_r1.jpg
43_15.mp4,405,2,147,7370,351,1484,481,1651,351,1484,481,1651,492.6,21710,ml/output/tracks/best_frames/43_15/track_0405_r2.jpg
43_15.mp4,406,0,150,7520,2172,2048,2303,2159,2172,2048,2303,2159,509.2,14541,ml/output/tracks/best_frames/43_15/track_0406_r0.jpg
43_15.mp4,406,1,147,7370,2173,2047,2303,2159,2173,2047,2303,2159,451.0,14560,ml/output/tracks/best_frames/43_15/track_0406_r1.jpg
43_15.mp4,408,0,150,7520,3205,1249,3328,1432,3205,1249,3328,1432,292.8,22509,ml/output/tracks/best_frames/43_15/track_0408_r0.jpg
43_15.mp4,408,1,147,7370,3205,1248,3330,1434,3205,1248,3330,1434,278.8,23250,ml/output/tracks/best_frames/43_15/track_0408_r1.jpg
43_15.mp4,409,0,177,8874,3146,1650,3259,1800,3146,1650,3259,1800,1175.9,16950,ml/output/tracks/best_frames/43_15/track_0409_r0.jpg
43_15.mp4,409,1,171,8573,3145,1650,3259,1800,3145,1650,3259,1800,1163.5,17100,ml/output/tracks/best_frames/43_15/track_0409_r1.jpg
43_15.mp4,409,2,174,8723,3145,1650,3259,1800,3145,1650,3259,1800,1163.2,17100,ml/output/tracks/best_frames/43_15/track_0409_r2.jpg
43_15.mp4,410,0,177,8874,2267,205,2457,420,2267,205,2457,420,4914.7,40850,ml/output/tracks/best_frames/43_15/track_0410_r0.jpg
43_15.mp4,410,1,174,8723,2267,205,2457,421,2267,205,2457,421,4784.0,41040,ml/output/tracks/best_frames/43_15/track_0410_r1.jpg
43_15.mp4,410,2,171,8573,2267,205,2457,421,2267,205,2457,421,4687.3,41040,ml/output/tracks/best_frames/43_15/track_0410_r2.jpg
43_15.mp4,414,0,177,8874,2260,708,2450,934,2260,708,2450,934,5143.5,42940,ml/output/tracks/best_frames/43_15/track_0414_r0.jpg
43_15.mp4,414,1,174,8723,2260,708,2451,934,2260,708,2451,934,5067.8,43166,ml/output/tracks/best_frames/43_15/track_0414_r1.jpg
43_15.mp4,414,2,171,8573,2260,707,2451,933,2260,707,2451,933,5013.2,43166,ml/output/tracks/best_frames/43_15/track_0414_r2.jpg
43_15.mp4,417,0,177,8874,3169,1522,3278,1685,3169,1522,3278,1685,456.4,17767,ml/output/tracks/best_frames/43_15/track_0417_r0.jpg
43_15.mp4,417,1,174,8723,3169,1521,3278,1685,3169,1521,3278,1685,452.6,17876,ml/output/tracks/best_frames/43_15/track_0417_r1.jpg
43_15.mp4,420,0,198,9927,2176,1957,2371,2150,2176,1957,2371,2150,1793.6,37635,ml/output/tracks/best_frames/43_15/track_0420_r0.jpg
43_15.mp4,420,1,195,9776,2176,1957,2371,2151,2176,1957,2371,2151,1779.8,37830,ml/output/tracks/best_frames/43_15/track_0420_r1.jpg
43_15.mp4,420,2,192,9626,2176,1957,2371,2151,2176,1957,2371,2151,1757.6,37830,ml/output/tracks/best_frames/43_15/track_0420_r2.jpg
43_15.mp4,421,0,192,9626,2256,714,2456,934,2256,714,2456,934,5346.4,44000,ml/output/tracks/best_frames/43_15/track_0421_r0.jpg
43_15.mp4,421,1,189,9475,2257,714,2456,934,2257,714,2456,934,5251.8,43780,ml/output/tracks/best_frames/43_15/track_0421_r1.jpg
43_15.mp4,424,0,225,11280,3792,953,3838,1011,3792,953,3838,1011,2252.4,2668,ml/output/tracks/best_frames/43_15/track_0424_r0.jpg
43_15.mp4,424,1,216,10829,3792,951,3838,1012,3792,951,3838,1012,1899.3,2806,ml/output/tracks/best_frames/43_15/track_0424_r1.jpg
43_15.mp4,424,2,210,10528,3792,951,3838,1012,3792,951,3838,1012,1870.9,2806,ml/output/tracks/best_frames/43_15/track_0424_r2.jpg
43_15.mp4,426,0,201,10077,3203,1251,3329,1432,3203,1251,3329,1432,746.8,22806,ml/output/tracks/best_frames/43_15/track_0426_r0.jpg
43_15.mp4,426,1,204,10227,3203,1251,3329,1432,3203,1251,3329,1432,745.1,22806,ml/output/tracks/best_frames/43_15/track_0426_r1.jpg
43_15.mp4,428,0,216,10829,2256,714,2455,933,2256,714,2455,933,5584.2,43581,ml/output/tracks/best_frames/43_15/track_0428_r0.jpg
43_15.mp4,428,1,213,10679,2256,714,2455,933,2256,714,2455,933,5534.8,43581,ml/output/tracks/best_frames/43_15/track_0428_r1.jpg
43_15.mp4,428,2,210,10528,2256,714,2455,933,2256,714,2455,933,5532.0,43581,ml/output/tracks/best_frames/43_15/track_0428_r2.jpg
43_15.mp4,430,0,210,10528,3145,1650,3260,1800,3145,1650,3260,1800,1191.6,17250,ml/output/tracks/best_frames/43_15/track_0430_r0.jpg
43_15.mp4,430,1,207,10378,3145,1650,3260,1800,3145,1650,3260,1800,1190.2,17250,ml/output/tracks/best_frames/43_15/track_0430_r1.jpg
43_15.mp4,430,2,213,10679,3145,1650,3260,1800,3145,1650,3260,1800,1188.8,17250,ml/output/tracks/best_frames/43_15/track_0430_r2.jpg
43_15.mp4,432,0,213,10679,2175,1955,2371,2150,2175,1955,2371,2150,1870.6,38220,ml/output/tracks/best_frames/43_15/track_0432_r0.jpg
43_15.mp4,432,1,210,10528,2175,1955,2371,2150,2175,1955,2371,2150,1864.3,38220,ml/output/tracks/best_frames/43_15/track_0432_r1.jpg
43_15.mp4,432,2,216,10829,2175,1956,2371,2150,2175,1956,2371,2150,1868.8,38024,ml/output/tracks/best_frames/43_15/track_0432_r2.jpg
43_15.mp4,433,0,285,14288,3214,1136,3337,1319,3214,1136,3337,1319,1283.9,22509,ml/output/tracks/best_frames/43_15/track_0433_r0.jpg
43_15.mp4,433,1,255,12784,3214,1136,3337,1319,3214,1136,3337,1319,1250.7,22509,ml/output/tracks/best_frames/43_15/track_0433_r1.jpg
43_15.mp4,433,2,282,14138,3215,1136,3338,1319,3215,1136,3338,1319,1240.5,22509,ml/output/tracks/best_frames/43_15/track_0433_r2.jpg
43_15.mp4,434,0,234,11731,2256,714,2456,934,2256,714,2456,934,5750.8,44000,ml/output/tracks/best_frames/43_15/track_0434_r0.jpg
43_15.mp4,434,1,228,11431,2256,714,2457,934,2256,714,2457,934,5711.8,44220,ml/output/tracks/best_frames/43_15/track_0434_r1.jpg
43_15.mp4,434,2,231,11581,2256,714,2456,934,2256,714,2456,934,5726.6,44000,ml/output/tracks/best_frames/43_15/track_0434_r2.jpg
43_15.mp4,437,0,252,12634,2261,605,2304,716,2261,605,2304,716,11841.8,4773,ml/output/tracks/best_frames/43_15/track_0437_r0.jpg
43_15.mp4,437,1,255,12784,2261,605,2304,716,2261,605,2304,716,11804.3,4773,ml/output/tracks/best_frames/43_15/track_0437_r1.jpg
43_15.mp4,437,2,270,13536,2261,605,2304,714,2261,605,2304,714,11587.2,4687,ml/output/tracks/best_frames/43_15/track_0437_r2.jpg
43_15.mp4,438,0,255,12784,1096,1188,1290,1386,1096,1188,1290,1386,8235.0,38412,ml/output/tracks/best_frames/43_15/track_0438_r0.jpg
43_15.mp4,438,1,270,13536,1096,1188,1289,1385,1096,1188,1289,1385,8290.2,38021,ml/output/tracks/best_frames/43_15/track_0438_r1.jpg
43_15.mp4,438,2,258,12935,1096,1187,1289,1386,1096,1187,1289,1386,8188.0,38407,ml/output/tracks/best_frames/43_15/track_0438_r2.jpg
43_15.mp4,440,0,273,13687,2176,1957,2371,2151,2176,1957,2371,2151,1937.8,37830,ml/output/tracks/best_frames/43_15/track_0440_r0.jpg
43_15.mp4,440,1,276,13837,2175,1958,2371,2151,2175,1958,2371,2151,1916.1,37828,ml/output/tracks/best_frames/43_15/track_0440_r1.jpg
43_15.mp4,440,2,267,13386,2175,1957,2371,2151,2175,1957,2371,2151,1897.7,38024,ml/output/tracks/best_frames/43_15/track_0440_r2.jpg
43_15.mp4,441,0,288,14439,2256,714,2457,934,2256,714,2457,934,5958.5,44220,ml/output/tracks/best_frames/43_15/track_0441_r0.jpg
43_15.mp4,441,1,285,14288,2256,714,2456,934,2256,714,2456,934,5920.6,44000,ml/output/tracks/best_frames/43_15/track_0441_r1.jpg
43_15.mp4,441,2,282,14138,2256,714,2456,934,2256,714,2456,934,5911.0,44000,ml/output/tracks/best_frames/43_15/track_0441_r2.jpg
43_15.mp4,444,0,297,14890,2256,714,2456,934,2256,714,2456,934,5983.9,44000,ml/output/tracks/best_frames/43_15/track_0444_r0.jpg
43_15.mp4,444,1,294,14740,2256,714,2456,934,2256,714,2456,934,5975.6,44000,ml/output/tracks/best_frames/43_15/track_0444_r1.jpg
